{"type":"FeatureCollection","features":[{"type":"Feature","properties":{"現象の種類":"急傾斜地の崩壊","区域区分":"土砂災害警戒区域","区域名":"-","所在地":"新宿区下落合四丁目","告示日":"2021/9/15"},"geometry":{"type":"Polygon","coordinates":[[[139.69833184338242,35.717834602832944],[139.69843677158505,35.71766763812067],[139.69833003934554,35.71755410679277],[139.6982187711585,35.71776118581602],[139.69805454916838,35.71778145500804],[139.6980502377563,35.71785323813382],[139.6982489274493,35.717968997671356],[139.69837820135956,35.71792613379699],[139.69833184338242,35.717834602832944]]]}},{"type":"Feature","properties":{"現象の種類":"急傾斜地の崩壊","区域区分":"土砂災害警戒区域","区域名":"-","所在地":"世田谷区成城四丁目","告示日":"2016/3/9"},"geometry":{"type":"Polygon","coordinates":[[[139.5896706790097,35.64424696213441],[139.5896456526777,35.6443363345667],[139.58992391072175,35.64447799459802],[139.5899850047066,35.644407935072536],[139.5896706790097,35.64424696213441]]]}},{"type":"Feature","properties":{"現象の種類":"急傾斜地の崩壊","区域区分":"土砂災害警戒区域","区域名":"-","所在地":"大田区田園調布一丁目","告示日":"2017/3/13"},"geometry":{"type":"Polygon","coordinates":[[[139.67054402714012,35.58849016469449],[139.67040490458123,35.58832658638678],[139.67019462561126,35.58841143545264],[139.6703645535887,35.58859572534324],[139.67054402714012,35.58849016469449]]]}},{"type":"Feature","properties":{"現象の種類":"急傾斜地の崩壊","区域区分":"土砂災害警戒区域","区域名":"-","所在地":"世田谷区成城四丁目","告示日":"2016/3/9"},"geometry":{"type":"Polygon","coordinates":[[[139.58997245885203,35.6442410732199],[139.58968284238946,35.64414015601751],[139.58996101575323,35.644266066683414],[139.58997245885203,35.6442410732199]]]}},{"type":"Feature","properties":{"現象の種類":"急傾斜地の崩壊","区域区分":"土砂災害警戒区域","区域名":"-","所在地":"北区赤羽西二丁目","告示日":"2016/3/9"},"geometry":{"type":"Polygon","coordinates":[[[139.72041649026608,35.77436056863944],[139.7202598352483,35.77436943441146],[139.7205674176497,35.774388786922884],[139.72041649026608,35.77436056863944]]]}},{"type":"Feature","properties":{"現象の種類":"急傾斜地の崩壊","区域区分":"土砂災害警戒区域","区域名":"-","所在地":"文京区小日向二丁目","告示日":"2019/9/26"},"geometry":{"type":"Polygon","coordinates":[[[139.73496819056317,35.71087732064586],[139.73488488078243,35.710838574873335],[139.73473223977714,35.711043774999936],[139.73498549810833,35.71100118080522],[139.73496819056317,35.71087732064586]]]}},{"type":"Feature","properties":{"現象の種類":"急傾斜地の崩壊","区域区分":"土砂災害警戒区域","区域名":"-","所在地":"文京区白山五丁目","告示日":"2019/9/26"},"geometry":{"type":"Polygon","coordinates":[[[139.75121651103268,35.72248533897888],[139.75093590270387,35.72243055327621],[139.750912634696,35.722516908873295],[139.7511861039684,35.722572686666595],[139.75121651103268,35.72248533897888]]]}},{"type":"Feature","properties":{"現象の種類":"急傾斜地の崩壊","区域区分":"土砂災害警戒区域","区域名":"-","所在地":"北区赤羽北四丁目","告示日":"2016/3/9"},"geometry":{"type":"Polygon","coordinates":[[[139.7174754273051,35.78335735844644],[139.71758059403845,35.78310779756612],[139.7171487363116,35.78312838293748],[139.71717365204745,35.78329505814039],[139.7174754273051,35.78335735844644]]]}},{"type":"Feature","properties":{"現象の種類":"急傾斜地の崩壊","区域区分":"土砂災害警戒区域","区域名":"-","所在地":"北区赤羽北三丁目・四丁目","告示日":"2016/3/9"},"geometry":{"type":"Polygon","coordinates":[[[139.7176831495186,35.783606842314484],[139.71767243072804,35.78326613749948],[139.7172154248241,35.783483551439396],[139.71721522656063,35.783566025703166],[139.7176831495186,35.783606842314484]]]}},{"type":"Feature","properties":{"現象の種類":"急傾斜地の崩壊","区域区分":"土砂災害警戒区域","区域名":"-","所在地":"北区赤羽西一丁目","告示日":"2016/3/9"},"geometry":{"type":"Polygon","coordinates":[[[139.72003253315287,35.77604047098388],[139.71955158438587,35.77583706487409],[139.71948413001482,35.77601201424994],[139.71964513676022,35.77623497464939],[139.72003253315287,35.77604047098388]]]}},{"type":"Feature","properties":{"現象の種類":"急傾斜地の崩壊","区域区分":"土砂災害警戒区域","区域名":"-","所在地":"北区赤羽西一丁目","告示日":"2016/3/9"},"geometry":{"type":"Polygon","coordinates":[[[139.7198116777468,35.77584882962729],[139.7197706115812,35.77577459000547],[139.71943041515988,35.77573306377525],[139.71949702234468,35.77587944223925],[139.7198116777468,35.77584882962729]]]}},{"type":"Feature","properties":{"現象の種類":"急傾斜地の崩壊","区域区分":"土砂災害警戒区域","区域名":"-","所在地":"世田谷区大蔵四丁目","告示日":"2016/3/9"},"geometry":{"type":"Polygon","coordinates":[[[139.6094667482173,35.63071380823181],[139.60918944547936,35.630480099197655],[139.60900336143908,35.63068777281773],[139.60927327225045,35.630821572675735],[139.6094667482173,35.63071380823181]]]}},{"type":"Feature","properties":{"現象の種類":"急傾斜地の崩壊","区域区分":"土砂災害警戒区域","区域名":"-","所在地":"世田谷区大蔵四丁目","告示日":"2016/3/9"},"geometry":{"type":"Polygon","coordinates":[[[139.60963551002226,35.63029138398146],[139.6093725371418,35.630271327450274],[139.6093153856122,35.630389121518114],[139.60965713522816,35.63040736408444],[139.60963551002226,35.63029138398146]]]}},{"type":"Feature","properties":{"現象の種類":"急傾斜地の崩壊","区域区分":"土砂災害警戒区域","区域名":"-","所在地":"世田谷区成城四丁目","告示日":"2016/3/9"},"geometry":{"type":"Polygon","coordinates":[[[139.58997496488453,35.64295729893689],[139.5896909277386,35.642901582915364],[139.58956615109412,35.643059735177665],[139.58998476180963,35.643130345982506],[139.58997496488453,35.64295729893689]]]}},{"type":"Feature","properties":{"現象の種類":"急傾斜地の崩壊","区域区分":"土砂災害警戒区域","区域名":"-","所在地":"荒川区西日暮里三丁目","告示日":"2018/1/30"},"geometry":{"type":"Polygon","coordinates":[[[139.76756782517816,35.72861154945936],[139.76715951116486,35.72849584701118],[139.7671123745304,35.7287137760456],[139.7674310920694,35.72882586416547],[139.76756782517816,35.72861154945936]]]}},{"type":"Feature","properties":{"現象の種類":"急傾斜地の崩壊","区域区分":"土砂災害警戒区域","区域名":"-","所在地":"世田谷区成城四丁目","告示日":"2016/3/9"},"geometry":{"type":"Polygon","coordinates":[[[139.59019739545633,35.64267806799259],[139.58986250812583,35.64266363648487],[139.59018506287705,35.64272448845696],[139.59019739545633,35.64267806799259]]]}},{"type":"Feature","properties":{"現象の種類":"急傾斜地の崩壊","区域区分":"土砂災害警戒区域","区域名":"-","所在地":"世田谷区成城四丁目","告示日":"2016/3/9"},"geometry":{"type":"Polygon","coordinates":[[[139.59107916712912,35.64020375742802],[139.5910074683541,35.64052776861315],[139.5911021906667,35.64059275332548],[139.5912274570467,35.640358736705856],[139.59107916712912,35.64020375742802]]]}},{"type":"Feature","properties":{"現象の種類":"急傾斜地の崩壊","区域区分":"土砂災害警戒区域","区域名":"-","所在地":"世田谷区中町一丁目","告示日":"2016/3/9"},"geometry":{"type":"Polygon","coordinates":[[[139.64626578765134,35.60831525841798],[139.64652754431245,35.607897066394756],[139.64629291684344,35.60793701537529],[139.6463071603278,35.608025949629685],[139.64616673878197,35.608156594024706],[139.64570482233265,35.60817077089465],[139.64526938182243,35.60845132674544],[139.64541437955776,35.608588178467265],[139.6454748424383,35.60849215127545],[139.64588894730272,35.60830704920518],[139.64626578765134,35.60831525841798]]]}},{"type":"Feature","properties":{"現象の種類":"急傾斜地の崩壊","区域区分":"土砂災害警戒区域","区域名":"-","所在地":"世田谷区成城四丁目","告示日":"2016/3/9"},"geometry":{"type":"Polygon","coordinates":[[[139.590371915679,35.64236842932072],[139.5898198170993,35.642307470438475],[139.58988492659816,35.64243471290096],[139.5902825824815,35.64251041483483],[139.590371915679,35.64236842932072]]]}},{"type":"Feature","properties":{"現象の種類":"急傾斜地の崩壊","区域区分":"土砂災害警戒区域","区域名":"-","所在地":"世田谷区岡本一丁目・二丁目","告示日":"2016/3/9"},"geometry":{"type":"Polygon","coordinates":[[[139.61944818895702,35.62325675966994],[139.61963636838968,35.62324523078425],[139.61978438056715,35.62313712746251],[139.61992277171842,35.623204323650356],[139.62002982860955,35.62308522235331],[139.61996685577918,35.623035868698004],[139.620216287678,35.622825529232095],[139.6198242149706,35.62256601746809],[139.61943551626285,35.62281955150051],[139.61952008305937,35.62291904032025],[139.61926512606783,35.62306427170343],[139.61944818895702,35.62325675966994]]]}},{"type":"Feature","properties":{"現象の種類":"急傾斜地の崩壊","区域区分":"土砂災害警戒区域","区域名":"-","所在地":"世田谷区岡本二丁目","告示日":"2016/3/9"},"geometry":{"type":"Polygon","coordinates":[[[139.61567427020796,35.62352607807786],[139.61545674777992,35.62333178719967],[139.61560051559118,35.62354699941273],[139.61567427020796,35.62352607807786]]]}},{"type":"Feature","properties":{"現象の種類":"急傾斜地の崩壊","区域区分":"土砂災害警戒区域","区域名":"-","所在地":"世田谷区岡本二丁目","告示日":"2016/3/9"},"geometry":{"type":"Polygon","coordinates":[[[139.61620048101983,35.623073967717495],[139.61582483747313,35.623183929878714],[139.61583083888024,35.623230229007525],[139.6160131864621,35.62315314421721],[139.61620048101983,35.623073967717495]]]}},{"type":"Feature","properties":{"現象の種類":"急傾斜地の崩壊","区域区分":"土砂災害警戒区域","区域名":"-","所在地":"世田谷区岡本二丁目","告示日":"2016/3/9"},"geometry":{"type":"Polygon","coordinates":[[[139.6161133059283,35.62308712586099],[139.61618277423406,35.62314817312346],[139.61673533657776,35.622969935390806],[139.61664873411166,35.6227351791475],[139.61617836669453,35.622783133741486],[139.6161133059283,35.62308712586099]]]}},{"type":"Feature","properties":{"現象の種類":"急傾斜地の崩壊","区域区分":"土砂災害警戒区域","区域名":"-","所在地":"世田谷区成城四丁目・調布市入間町三丁目","告示日":"2016/3/9"},"geometry":{"type":"Polygon","coordinates":[[[139.58896076359875,35.64513713006903],[139.58846114516015,35.64521318329041],[139.5882498261078,35.64542310233372],[139.58822218977693,35.6456111015378],[139.5884287437123,35.6457972865977],[139.58910440830925,35.64536030978797],[139.58896076359875,35.64513713006903]]]}},{"type":"Feature","properties":{"現象の種類":"急傾斜地の崩壊","区域区分":"土砂災害警戒区域","区域名":"-","所在地":"世田谷区成城四丁目","告示日":"2016/3/9"},"geometry":{"type":"Polygon","coordinates":[[[139.59056586356695,35.64153877730871],[139.5901532328276,35.64143892109258],[139.59014627382476,35.64167961233064],[139.58997767724136,35.6420127920481],[139.58993918063027,35.642277781522104],[139.5902891245812,35.64237464343109],[139.59044555423714,35.641922730138305],[139.59040751683705,35.641712363665896],[139.59056586356695,35.64153877730871]]]}},{"type":"Feature","properties":{"現象の種類":"急傾斜地の崩壊","区域区分":"土砂災害警戒区域","区域名":"-","所在地":"世田谷区野毛一丁目","告示日":"2016/3/9"},"geometry":{"type":"Polygon","coordinates":[[[139.64574457860718,35.603479816384066],[139.6461967577882,35.60343065927787],[139.64616460656467,35.60320714930785],[139.64589406699614,35.60309297802608],[139.6457204431404,35.60339835810793],[139.64574457860718,35.603479816384066]]]}},{"type":"Feature","properties":{"現象の種類":"急傾斜地の崩壊","区域区分":"土砂災害警戒区域","区域名":"-","所在地":"世田谷区成城四丁目","告示日":"2016/3/9"},"geometry":{"type":"Polygon","coordinates":[[[139.59152853387943,35.64000215122344],[139.59120188447602,35.639964063395965],[139.59091688788752,35.64030669052829],[139.59148960572182,35.64054317619275],[139.59173574405682,35.640298900560566],[139.59168042445538,35.640097968995704],[139.59152853387943,35.64000215122344]]]}},{"type":"Feature","properties":{"現象の種類":"急傾斜地の崩壊","区域区分":"土砂災害警戒区域","区域名":"-","所在地":"世田谷区成城四丁目","告示日":"2016/3/9"},"geometry":{"type":"Polygon","coordinates":[[[139.5917005524729,35.6400486811361],[139.59200442369297,35.64027235413819],[139.59266509441395,35.640432503955296],[139.592585512288,35.639985993653376],[139.59229990567988,35.639741187251],[139.5917005524729,35.6400486811361]]]}},{"type":"Feature","properties":{"現象の種類":"急傾斜地の崩壊","区域区分":"土砂災害警戒区域","区域名":"-","所在地":"世田谷区大蔵五丁目","告示日":"2016/3/9"},"geometry":{"type":"Polygon","coordinates":[[[139.6070795534391,35.62769415493706],[139.6070435139742,35.627609240712275],[139.6064712689153,35.627829342254635],[139.6065256725617,35.62791221721473],[139.6070795534391,35.62769415493706]]]}},{"type":"Feature","properties":{"現象の種類":"急傾斜地の崩壊","区域区分":"土砂災害警戒区域","区域名":"-","所在地":"世田谷区大蔵三丁目","告示日":"2016/3/9"},"geometry":{"type":"Polygon","coordinates":[[[139.6069170028085,35.6339914156633],[139.60706700351915,35.63395294632472],[139.60692364974963,35.63362143994961],[139.60685287932645,35.63371510902464],[139.60674398246044,35.63371138810533],[139.6069170028085,35.6339914156633]]]}},{"type":"Feature","properties":{"現象の種類":"急傾斜地の崩壊","区域区分":"土砂災害警戒区域","区域名":"-","所在地":"世田谷区大蔵三丁目","告示日":"2016/3/9"},"geometry":{"type":"Polygon","coordinates":[[[139.60970430001197,35.631919743593414],[139.6092915992908,35.63193275752698],[139.60920235410526,35.6320918246341],[139.60933174400841,35.63210745904697],[139.60930374949282,35.63217907495745],[139.60917704011214,35.632203414671025],[139.60955679050912,35.632712375766445],[139.60984432773625,35.632458331471284],[139.60985478223694,35.63212718446113],[139.60970430001197,35.631919743593414]]]}},{"type":"Feature","properties":{"現象の種類":"急傾斜地の崩壊","区域区分":"土砂災害警戒区域","区域名":"-","所在地":"世田谷区大蔵三丁目・四丁目","告示日":"2016/3/9"},"geometry":{"type":"Polygon","coordinates":[[[139.60910989120518,35.63155223609299],[139.60975403562023,35.63187602970085],[139.60982005617066,35.632007441047605],[139.61012117198996,35.63195475053679],[139.61005769276088,35.631755442742254],[139.6095959993081,35.631190099035834],[139.60910989120518,35.63155223609299]]]}},{"type":"Feature","properties":{"現象の種類":"急傾斜地の崩壊","区域区分":"土砂災害警戒区域","区域名":"-","所在地":"世田谷区大蔵四丁目","告示日":"2016/3/9"},"geometry":{"type":"Polygon","coordinates":[[[139.60936198955193,35.6299027407482],[139.6094399603183,35.63021685151503],[139.60975360269597,35.63022813040768],[139.60979725177216,35.63014216158965],[139.6100378156574,35.63009930815004],[139.60998225296007,35.63000652803344],[139.6100508273637,35.62974337255998],[139.61050552249526,35.62936344759872],[139.6104107677205,35.62916629777718],[139.610008231442,35.62920351211805],[139.60941017249513,35.629549138973275],[139.60936198955193,35.6299027407482]]]}},{"type":"Feature","properties":{"現象の種類":"急傾斜地の崩壊","区域区分":"土砂災害警戒区域","区域名":"-","所在地":"世田谷区大蔵四丁目","告示日":"2016/3/9"},"geometry":{"type":"Polygon","coordinates":[[[139.6111691657964,35.629093089432715],[139.6114559028116,35.62875895333786],[139.61114452227625,35.628503815794325],[139.61091090727888,35.62856114178908],[139.61080639028987,35.628883765753],[139.61072345722206,35.62887118476065],[139.61072704417703,35.62897766220088],[139.6103796959695,35.62929980881382],[139.61063152898953,35.629516988133695],[139.61117763199425,35.62920407962992],[139.6111691657964,35.629093089432715]]]}},{"type":"Feature","properties":{"現象の種類":"急傾斜地の崩壊","区域区分":"土砂災害警戒区域","区域名":"-","所在地":"世田谷区野毛一丁目・等々力一丁目","告示日":"2016/3/9"},"geometry":{"type":"Polygon","coordinates":[[[139.64603750122834,35.60439578540619],[139.64543125532307,35.60411799260788],[139.6453499110225,35.6042679849055],[139.64539904581724,35.60459674629805],[139.64528726646813,35.604813784083554],[139.64567783001797,35.6048618716847],[139.64598226943545,35.60469043999468],[139.64603750122834,35.60439578540619]]]}},{"type":"Feature","properties":{"現象の種類":"急傾斜地の崩壊","区域区分":"土砂災害警戒区域","区域名":"-","所在地":"世田谷区野毛一丁目・等々力一丁目","告示日":"2016/3/9"},"geometry":{"type":"Polygon","coordinates":[[[139.6457839562213,35.60506254906151],[139.64574839897145,35.604902040578104],[139.64527866837085,35.60492776126937],[139.64532593548594,35.60516971741779],[139.64525957134936,35.60518204514889],[139.6454825958003,35.6053230930102],[139.6457839562213,35.60506254906151]]]}},{"type":"Feature","properties":{"現象の種類":"急傾斜地の崩壊","区域区分":"土砂災害警戒区域","区域名":"-","所在地":"世田谷区野毛一丁目・等々力一丁目","告示日":"2016/3/9"},"geometry":{"type":"Polygon","coordinates":[[[139.64550282196944,35.60545374178324],[139.64546561882398,35.60526149710688],[139.6451540060718,35.60530274008054],[139.6451897200591,35.605539243455716],[139.64550282196944,35.60545374178324]]]}},{"type":"Feature","properties":{"現象の種類":"急傾斜地の崩壊","区域区分":"土砂災害警戒区域","区域名":"-","所在地":"世田谷区中町一丁目・等々力二丁目","告示日":"2016/3/9"},"geometry":{"type":"Polygon","coordinates":[[[139.64560516775447,35.605762403390045],[139.6451920997242,35.605884856313025],[139.64538308587785,35.606229359788685],[139.64542446729686,35.606546018940605],[139.64565748531805,35.60680149987191],[139.64597618335208,35.60663714754264],[139.64560516775447,35.605762403390045]]]}},{"type":"Feature","properties":{"現象の種類":"急傾斜地の崩壊","区域区分":"土砂災害警戒区域","区域名":"-","所在地":"世田谷区中町一丁目・等々力二丁目","告示日":"2016/3/9"},"geometry":{"type":"Polygon","coordinates":[[[139.64622196456224,35.607783657942456],[139.64658701793041,35.60770101339325],[139.64646897297598,35.607273012656336],[139.64604895432126,35.60671043411144],[139.64574310465474,35.606905055792076],[139.64589112394788,35.60699035910375],[139.64622196456224,35.607783657942456]]]}},{"type":"Feature","properties":{"現象の種類":"急傾斜地の崩壊","区域区分":"土砂災害警戒区域","区域名":"-","所在地":"世田谷区尾山台二丁目","告示日":"2016/3/9"},"geometry":{"type":"Polygon","coordinates":[[[139.65520700766703,35.60105783303967],[139.6554177289201,35.60076917092622],[139.65482550006038,35.60058012814106],[139.65453052603644,35.60068165363994],[139.65465442475664,35.600972481138264],[139.65496802860415,35.60107328450182],[139.65520700766703,35.60105783303967]]]}},{"type":"Feature","properties":{"現象の種類":"急傾斜地の崩壊","区域区分":"土砂災害警戒区域","区域名":"-","所在地":"世田谷区成城四丁目","告示日":"2016/3/9"},"geometry":{"type":"Polygon","coordinates":[[[139.5900352960323,35.64370823094363],[139.58956264275758,35.643606219070385],[139.5896438982591,35.64370601861722],[139.5899990896023,35.64380716877931],[139.5900352960323,35.64370823094363]]]}},{"type":"Feature","properties":{"現象の種類":"急傾斜地の崩壊","区域区分":"土砂災害警戒区域","区域名":"-","所在地":"世田谷区成城四丁目","告示日":"2016/3/9"},"geometry":{"type":"Polygon","coordinates":[[[139.5900131574481,35.64336939043064],[139.58942016688698,35.64327449618473],[139.58941004009137,35.64347392688937],[139.58999153588493,35.64356481012601],[139.5900131574481,35.64336939043064]]]}},{"type":"Feature","properties":{"現象の種類":"急傾斜地の崩壊","区域区分":"土砂災害警戒区域","区域名":"-","所在地":"世田谷区等々力一丁目・野毛一丁目","告示日":"2016/3/9"},"geometry":{"type":"Polygon","coordinates":[[[139.64612117087043,35.60369584957245],[139.64628377112075,35.6037963557195],[139.64611307306578,35.60403326313417],[139.64612481002038,35.60430001477842],[139.64601992956383,35.60425484259033],[139.64594137795126,35.60455210170063],[139.6456669876589,35.60460452347541],[139.64633203548743,35.60477946493154],[139.6465538441426,35.604511739684],[139.64650172998617,35.6044828680567],[139.64681208302733,35.604202343536386],[139.64694965724155,35.603921368096245],[139.64674363763234,35.603364506928315],[139.6460610494985,35.60275301286466],[139.6460098504271,35.60246434835178],[139.64567185057209,35.60246457633437],[139.64570510447206,35.602910092888166],[139.646216397315,35.60335991210213],[139.64612117087043,35.60369584957245]]]}},{"type":"Feature","properties":{"現象の種類":"急傾斜地の崩壊","区域区分":"土砂災害警戒区域","区域名":"-","所在地":"世田谷区等々力二丁目・中町一丁目","告示日":"2016/3/9"},"geometry":{"type":"Polygon","coordinates":[[[139.6465162342793,35.60789426710803],[139.6462864202274,35.608286088043485],[139.64657430544767,35.60842317489793],[139.64680138855735,35.60812671092311],[139.64685493532718,35.6079721549459],[139.6468011210606,35.60784665747441],[139.6465162342793,35.60789426710803]]]}},{"type":"Feature","properties":{"現象の種類":"急傾斜地の崩壊","区域区分":"土砂災害警戒区域","区域名":"-","所在地":"世田谷区等々力二丁目・中町一丁目","告示日":"2016/3/9"},"geometry":{"type":"Polygon","coordinates":[[[139.64542153405745,35.60581022038878],[139.6456885426471,35.60655890961332],[139.64621910869644,35.60714816277665],[139.64642555755054,35.60775739316916],[139.64649964297877,35.607845807084864],[139.64675410141783,35.60780692127669],[139.64658476648447,35.60693388850707],[139.64615427077985,35.606524377401925],[139.64598262147254,35.60592661114662],[139.64579323555714,35.60570802666708],[139.64542153405745,35.60581022038878]]]}},{"type":"Feature","properties":{"現象の種類":"急傾斜地の崩壊","区域区分":"土砂災害警戒区域","区域名":"-","所在地":"板橋区成増一丁目・練馬区旭町三丁目","告示日":"2016/3/9"},"geometry":{"type":"Polygon","coordinates":[[[139.6258770271539,35.7786560199997],[139.62572570040075,35.778377834941196],[139.6254196606325,35.77846194299959],[139.62550180064844,35.77875925729928],[139.62562589969903,35.77883231801956],[139.6258770271539,35.7786560199997]]]}},{"type":"Feature","properties":{"現象の種類":"急傾斜地の崩壊","区域区分":"土砂災害警戒区域","区域名":"-","所在地":"板橋区中台二丁目","告示日":"2016/3/9"},"geometry":{"type":"Polygon","coordinates":[[[139.68304174291714,35.77023535104344],[139.6829650125571,35.77016160020237],[139.68238489020516,35.77020331168725],[139.6823538887603,35.77041730559528],[139.68242928138406,35.77060640387316],[139.68268754959502,35.770583931199155],[139.68304174291714,35.77023535104344]]]}},{"type":"Feature","properties":{"現象の種類":"急傾斜地の崩壊","区域区分":"土砂災害警戒区域","区域名":"-","所在地":"板橋区赤塚五丁目・八丁目","告示日":"2016/3/9"},"geometry":{"type":"Polygon","coordinates":[[[139.6442642030806,35.78533684023176],[139.64420599466624,35.78551767166254],[139.64425996342126,35.78560930568631],[139.64453304710227,35.78564479270874],[139.6445893022316,35.78558723039622],[139.64465931776385,35.785425309791634],[139.6442642030806,35.78533684023176]]]}},{"type":"Feature","properties":{"現象の種類":"急傾斜地の崩壊","区域区分":"土砂災害警戒区域","区域名":"-","所在地":"板橋区西台三丁目","告示日":"2016/3/9"},"geometry":{"type":"Polygon","coordinates":[[[139.66768435247272,35.77712044715479],[139.6679811229285,35.77708113741299],[139.66803647073573,35.77704112263448],[139.667802502023,35.77682227256545],[139.6677943208717,35.77687982677882],[139.6675741491726,35.776913897113914],[139.66768435247272,35.77712044715479]]]}},{"type":"Feature","properties":{"現象の種類":"急傾斜地の崩壊","区域区分":"土砂災害警戒区域","区域名":"-","所在地":"板橋区西台三丁目","告示日":"2016/3/9"},"geometry":{"type":"Polygon","coordinates":[[[139.6671815296827,35.776944879433515],[139.66703946075737,35.77701606438524],[139.66732067868463,35.77715177727112],[139.66735298910476,35.77711394253306],[139.6671815296827,35.776944879433515]]]}},{"type":"Feature","properties":{"現象の種類":"急傾斜地の崩壊","区域区分":"土砂災害警戒区域","区域名":"-","所在地":"板橋区西台二丁目","告示日":"2016/3/9"},"geometry":{"type":"Polygon","coordinates":[[[139.6720577847638,35.77890994700205],[139.67191381816392,35.778712961300826],[139.6715714787793,35.7789413952664],[139.67174538928,35.77916819892651],[139.6717316049103,35.7793376382254],[139.67212052583568,35.77929514508806],[139.6720577847638,35.77890994700205]]]}},{"type":"Feature","properties":{"現象の種類":"急傾斜地の崩壊","区域区分":"土砂災害警戒区域","区域名":"-","所在地":"板橋区志村二丁目・三丁目・前野町四丁目","告示日":"2016/3/9"},"geometry":{"type":"Polygon","coordinates":[[[139.68736546571174,35.774512572558],[139.68786303033755,35.7746244527693],[139.687969697374,35.774298757950994],[139.68732140235642,35.77422236720361],[139.6870985867213,35.77439994345214],[139.6869859466362,35.7746831126238],[139.6872312168276,35.7747727768301],[139.68736546571174,35.774512572558]]]}},{"type":"Feature","properties":{"現象の種類":"急傾斜地の崩壊","区域区分":"土砂災害警戒区域","区域名":"-","所在地":"板橋区志村一丁目・二丁目","告示日":"2016/3/9"},"geometry":{"type":"Polygon","coordinates":[[[139.68872127545072,35.774754286672994],[139.6884745068874,35.774525328584524],[139.68831328638072,35.77444290962784],[139.68822693759122,35.77468624038294],[139.68852418405507,35.77488251670521],[139.68872127545072,35.774754286672994]]]}},{"type":"Feature","properties":{"現象の種類":"急傾斜地の崩壊","区域区分":"土砂災害警戒区域","区域名":"-","所在地":"板橋区徳丸八丁目","告示日":"2016/3/9"},"geometry":{"type":"Polygon","coordinates":[[[139.65877685970642,35.782281957396044],[139.65932174547984,35.78222858193256],[139.6594775288434,35.78205335698459],[139.65915418198028,35.78184890492758],[139.65892864820285,35.78186938280462],[139.65872724012402,35.78214934678517],[139.65877685970642,35.782281957396044]]]}},{"type":"Feature","properties":{"現象の種類":"急傾斜地の崩壊","区域区分":"土砂災害警戒区域","区域名":"-","所在地":"板橋区徳丸八丁目","告示日":"2016/3/9"},"geometry":{"type":"Polygon","coordinates":[[[139.6604678162702,35.7818452894086],[139.66021554305684,35.781582709096384],[139.6599213120747,35.78165603697462],[139.65976783532665,35.7819941566947],[139.66011795847027,35.782035126574236],[139.66035208617308,35.7819639790615],[139.6604678162702,35.7818452894086]]]}},{"type":"Feature","properties":{"現象の種類":"急傾斜地の崩壊","区域区分":"土砂災害警戒区域","区域名":"-","所在地":"板橋区徳丸七丁目","告示日":"2016/3/9"},"geometry":{"type":"Polygon","coordinates":[[[139.6632689502436,35.78145163963218],[139.6638331976582,35.78116319018473],[139.66364814255942,35.78087270527435],[139.66248002992313,35.78121366224973],[139.66097496924974,35.78142907593385],[139.66074969295454,35.7815583470926],[139.6607655484909,35.78179137260481],[139.66117980126288,35.781869461676926],[139.66234080825288,35.78172367245622],[139.6632689502436,35.78145163963218]]]}},{"type":"Feature","properties":{"現象の種類":"急傾斜地の崩壊","区域区分":"土砂災害警戒区域","区域名":"-","所在地":"板橋区徳丸三丁目","告示日":"2016/3/9"},"geometry":{"type":"Polygon","coordinates":[[[139.65813196609867,35.77541891886655],[139.65814205188207,35.775308714288514],[139.65788174836263,35.775474461970425],[139.6580788952337,35.77556977514624],[139.65826163487418,35.775514292003216],[139.65813196609867,35.77541891886655]]]}},{"type":"Feature","properties":{"現象の種類":"急傾斜地の崩壊","区域区分":"土砂災害警戒区域","区域名":"-","所在地":"板橋区中台二丁目","告示日":"2016/3/9"},"geometry":{"type":"Polygon","coordinates":[[[139.68188146472897,35.768987643071306],[139.68171724998467,35.768820490895756],[139.68145881079374,35.768869814035526],[139.6815207940887,35.76913333369525],[139.6817837067545,35.76916298180055],[139.68188146472897,35.768987643071306]]]}},{"type":"Feature","properties":{"現象の種類":"急傾斜地の崩壊","区域区分":"土砂災害警戒区域","区域名":"-","所在地":"板橋区中台三丁目","告示日":"2016/3/9"},"geometry":{"type":"Polygon","coordinates":[[[139.67757354693268,35.77156302391136],[139.6778573037287,35.77138486544898],[139.67770623237593,35.77116940940374],[139.6775366404932,35.77110120462772],[139.67723782715626,35.771454472835586],[139.67757354693268,35.77156302391136]]]}},{"type":"Feature","properties":{"現象の種類":"急傾斜地の崩壊","区域区分":"土砂災害警戒区域","区域名":"-","所在地":"板橋区中台三丁目","告示日":"2016/3/9"},"geometry":{"type":"Polygon","coordinates":[[[139.68086119495754,35.77237943925005],[139.68068554298023,35.77218875065836],[139.68044356170458,35.772346204481934],[139.68044654427584,35.77245648146559],[139.6806293716431,35.7725468453714],[139.68086119495754,35.77237943925005]]]}},{"type":"Feature","properties":{"現象の種類":"急傾斜地の崩壊","区域区分":"土砂災害警戒区域","区域名":"-","所在地":"板橋区中台三丁目","告示日":"2016/3/9"},"geometry":{"type":"Polygon","coordinates":[[[139.6811510695184,35.77306802645803],[139.6811182698398,35.77291141900192],[139.6806676809047,35.773039945575036],[139.68076749451384,35.77315799364461],[139.6811510695184,35.77306802645803]]]}},{"type":"Feature","properties":{"現象の種類":"急傾斜地の崩壊","区域区分":"土砂災害警戒区域","区域名":"-","所在地":"板橋区中台三丁目","告示日":"2016/3/9"},"geometry":{"type":"Polygon","coordinates":[[[139.67960659716582,35.77343869988936],[139.6792770980999,35.77328637001982],[139.6792031092059,35.773374632301255],[139.67888003884258,35.7733793518911],[139.67895311882194,35.7736371886431],[139.67928069121822,35.773684925634896],[139.67952421552823,35.77359060116959],[139.67960659716582,35.77343869988936]]]}},{"type":"Feature","properties":{"現象の種類":"急傾斜地の崩壊","区域区分":"土砂災害警戒区域","区域名":"-","所在地":"板橋区中台三丁目","告示日":"2016/3/9"},"geometry":{"type":"Polygon","coordinates":[[[139.67969440301633,35.772851496296234],[139.67934886856037,35.772795886334976],[139.67916192111733,35.772853991484496],[139.67909902648555,35.773002120591485],[139.67958963470122,35.77293420182374],[139.67969440301633,35.772851496296234]]]}},{"type":"Feature","properties":{"現象の種類":"急傾斜地の崩壊","区域区分":"土砂災害警戒区域","区域名":"-","所在地":"板橋区中台三丁目","告示日":"2016/3/9"},"geometry":{"type":"Polygon","coordinates":[[[139.68143728140822,35.77446056314359],[139.68157563854365,35.77417933102525],[139.68146754601315,35.77396696859109],[139.68119363602432,35.77416674549121],[139.68118651055127,35.77408122458344],[139.6810336771636,35.77418150120895],[139.68119490713528,35.77418200161093],[139.68122322799687,35.77452191032579],[139.68143728140822,35.77446056314359]]]}},{"type":"Feature","properties":{"現象の種類":"急傾斜地の崩壊","区域区分":"土砂災害警戒区域","区域名":"-","所在地":"板橋区中台三丁目","告示日":"2016/3/9"},"geometry":{"type":"Polygon","coordinates":[[[139.680796955753,35.77483901611771],[139.68090494549836,35.77513738398455],[139.68113262685148,35.77539994681831],[139.68132708207432,35.77538875859931],[139.68137987225674,35.775046206402386],[139.68145451060386,35.775023699560464],[139.68145307081133,35.77459336990728],[139.68121442233706,35.77450763564254],[139.680796955753,35.77483901611771]]]}},{"type":"Feature","properties":{"現象の種類":"急傾斜地の崩壊","区域区分":"土砂災害警戒区域","区域名":"-","所在地":"板橋区中台三丁目","告示日":"2016/3/9"},"geometry":{"type":"Polygon","coordinates":[[[139.6774099377513,35.775716888311486],[139.67701987281166,35.775783905053224],[139.67756965433392,35.7760746440298],[139.6778251691669,35.77606837381978],[139.6779002918882,35.775832795218484],[139.6774099377513,35.775716888311486]]]}},{"type":"Feature","properties":{"現象の種類":"急傾斜地の崩壊","区域区分":"土砂災害警戒区域","区域名":"-","所在地":"板橋区大門・高島平四丁目","告示日":"2016/3/9"},"geometry":{"type":"Polygon","coordinates":[[[139.64810704956716,35.785669016059494],[139.64942410313284,35.78532454187362],[139.64979012548054,35.785157993048394],[139.6493036962967,35.78456858519774],[139.64810728913443,35.78492849197827],[139.64667147761045,35.78518418572088],[139.64656853980708,35.78559104399548],[139.64701744796642,35.78558923033339],[139.64723922767357,35.78546579460183],[139.6477212159428,35.78564623019613],[139.64810704956716,35.785669016059494]]]}},{"type":"Feature","properties":{"現象の種類":"急傾斜地の崩壊","区域区分":"土砂災害警戒区域","区域名":"-","所在地":"板橋区前野町五丁目","告示日":"2016/3/9"},"geometry":{"type":"Polygon","coordinates":[[[139.68435684813193,35.771083662997334],[139.68438119445275,35.77092635778322],[139.6840896784776,35.770287382642046],[139.68349369232783,35.77063319710084],[139.6837275532379,35.770949406285524],[139.6840207763403,35.77117577918958],[139.68435684813193,35.771083662997334]]]}},{"type":"Feature","properties":{"現象の種類":"急傾斜地の崩壊","区域区分":"土砂災害警戒区域","区域名":"-","所在地":"板橋区赤塚八丁目","告示日":"2016/3/9"},"geometry":{"type":"Polygon","coordinates":[[[139.64519292113377,35.78455486109155],[139.6447715407532,35.78449768949471],[139.6447826344952,35.78463274925536],[139.64489522490524,35.784657094134246],[139.64453516582887,35.78500347825709],[139.64488784940883,35.78508040347627],[139.6450245018508,35.78500166378753],[139.6451959649994,35.784754039005406],[139.64519292113377,35.78455486109155]]]}},{"type":"Feature","properties":{"現象の種類":"急傾斜地の崩壊","区域区分":"土砂災害警戒区域","区域名":"-","所在地":"板橋区赤塚四丁目","告示日":"2016/3/9"},"geometry":{"type":"Polygon","coordinates":[[[139.64116662344256,35.783888833149724],[139.64100148019602,35.78364887378993],[139.6408258998035,35.78378902223916],[139.64067186667637,35.78379952778359],[139.64078151592125,35.78406430720404],[139.64116662344256,35.783888833149724]]]}},{"type":"Feature","properties":{"現象の種類":"急傾斜地の崩壊","区域区分":"土砂災害警戒区域","区域名":"-","所在地":"板橋区赤塚五丁目・三園一丁目","告示日":"2016/3/9"},"geometry":{"type":"Polygon","coordinates":[[[139.63995163400838,35.78771976819977],[139.6402080286706,35.78759587024418],[139.64015385041225,35.7874059024909],[139.64027343005617,35.78747151382412],[139.64051808032366,35.78737251782155],[139.64078768032314,35.787072580793144],[139.64082418293643,35.78711870412028],[139.6416343784141,35.78681267757284],[139.64166849637482,35.786871164129096],[139.64183448186918,35.786808988904575],[139.64162100552198,35.78641281253092],[139.63945428146027,35.78716934228104],[139.63999394392843,35.78776908793609],[139.63995163400838,35.78771976819977]]]}},{"type":"Feature","properties":{"現象の種類":"急傾斜地の崩壊","区域区分":"土砂災害警戒区域","区域名":"-","所在地":"板橋区赤塚五丁目","告示日":"2016/3/9"},"geometry":{"type":"Polygon","coordinates":[[[139.6444912607503,35.78414962112192],[139.644484985749,35.78384761885208],[139.64405029072836,35.78401769296469],[139.64386345660444,35.78450144454237],[139.64435994173948,35.784636640372355],[139.6444912607503,35.78414962112192]]]}},{"type":"Feature","properties":{"現象の種類":"急傾斜地の崩壊","区域区分":"土砂災害警戒区域","区域名":"-","所在地":"板橋区赤塚五丁目","告示日":"2016/3/9"},"geometry":{"type":"Polygon","coordinates":[[[139.6440714964503,35.78300814814204],[139.64391408760272,35.782988003421956],[139.64380490383067,35.78321158214471],[139.6439530425512,35.78325493057517],[139.6440714964503,35.78300814814204]]]}},{"type":"Feature","properties":{"現象の種類":"急傾斜地の崩壊","区域区分":"土砂災害警戒区域","区域名":"-","所在地":"板橋区赤塚四丁目・五丁目","告示日":"2016/3/9"},"geometry":{"type":"Polygon","coordinates":[[[139.64198447907467,35.78395319644939],[139.6418208241506,35.783750338173526],[139.6415278928336,35.78384527372303],[139.64161247747285,35.78410470529538],[139.6418868838897,35.7844015357042],[139.64203216071567,35.78417196990185],[139.64198447907467,35.78395319644939]]]}},{"type":"Feature","properties":{"現象の種類":"急傾斜地の崩壊","区域区分":"土砂災害警戒区域","区域名":"-","所在地":"板橋区赤塚五丁目","告示日":"2016/3/9"},"geometry":{"type":"Polygon","coordinates":[[[139.64258765239066,35.78495904965974],[139.64254179848768,35.78482508099423],[139.64213803992808,35.78492098158753],[139.64234739517389,35.78525078948559],[139.64258765239066,35.78495904965974]]]}},{"type":"Feature","properties":{"現象の種類":"急傾斜地の崩壊","区域区分":"土砂災害警戒区域","区域名":"-","所在地":"板橋区西台三丁目","告示日":"2016/3/9"},"geometry":{"type":"Polygon","coordinates":[[[139.66769815239854,35.776122859336375],[139.66752488137465,35.775919728307926],[139.66737726772465,35.77601911947378],[139.6671479360418,35.77630030615165],[139.66747779416542,35.77658486689379],[139.6675745093563,35.77623575467033],[139.66769815239854,35.776122859336375]]]}},{"type":"Feature","properties":{"現象の種類":"急傾斜地の崩壊","区域区分":"土砂災害警戒区域","区域名":"-","所在地":"板橋区西台一丁目","告示日":"2016/3/9"},"geometry":{"type":"Polygon","coordinates":[[[139.67262950137453,35.77392633630153],[139.67251930530205,35.773652278112166],[139.67225964367069,35.7736961584884],[139.67245718151085,35.77405460900444],[139.67262950137453,35.77392633630153]]]}},{"type":"Feature","properties":{"現象の種類":"急傾斜地の崩壊","区域区分":"土砂災害警戒区域","区域名":"-","所在地":"板橋区西台一丁目・若木三丁目","告示日":"2016/3/9"},"geometry":{"type":"Polygon","coordinates":[[[139.6746598899183,35.77522021629467],[139.67433285883303,35.77480608432838],[139.67402013709926,35.775044221366294],[139.674140680011,35.775196138169456],[139.67449307249,35.77538963591986],[139.6746598899183,35.77522021629467]]]}},{"type":"Feature","properties":{"現象の種類":"急傾斜地の崩壊","区域区分":"土砂災害警戒区域","区域名":"-","所在地":"板橋区西台一丁目","告示日":"2016/3/9"},"geometry":{"type":"Polygon","coordinates":[[[139.67337919419043,35.774527686484646],[139.6730409939468,35.7745867753172],[139.67318799298133,35.774834521469586],[139.67350170854965,35.774734711883454],[139.67337919419043,35.774527686484646]]]}},{"type":"Feature","properties":{"現象の種類":"急傾斜地の崩壊","区域区分":"土砂災害警戒区域","区域名":"-","所在地":"板橋区成増五丁目","告示日":"2016/3/9"},"geometry":{"type":"Polygon","coordinates":[[[139.63155993992942,35.78568501001912],[139.63099987803986,35.78538008794563],[139.63069749136497,35.78563905464168],[139.63132538887177,35.78596908516944],[139.63155993992942,35.78568501001912]]]}},{"type":"Feature","properties":{"現象の種類":"急傾斜地の崩壊","区域区分":"土砂災害警戒区域","区域名":"-","所在地":"板橋区成増一丁目・二丁目","告示日":"2016/3/9"},"geometry":{"type":"Polygon","coordinates":[[[139.62726849650352,35.778770185543564],[139.62709985932747,35.77849024858812],[139.62582871077163,35.77900126445114],[139.6258671964363,35.779075739163424],[139.62569131334618,35.779361792649546],[139.626233809501,35.77925063952816],[139.62726849650352,35.778770185543564]]]}},{"type":"Feature","properties":{"現象の種類":"急傾斜地の崩壊","区域区分":"土砂災害警戒区域","区域名":"-","所在地":"板橋区小豆沢四丁目","告示日":"2016/3/9"},"geometry":{"type":"Polygon","coordinates":[[[139.6985098601311,35.78027243096355],[139.69847161227773,35.780033528500226],[139.69752188313143,35.779767620268274],[139.6973538090771,35.77978849960985],[139.6972187742202,35.780030274224956],[139.69740534939373,35.78025259770018],[139.6981802635287,35.780565457866295],[139.69837238421337,35.780568849024704],[139.6985098601311,35.78027243096355]]]}},{"type":"Feature","properties":{"現象の種類":"急傾斜地の崩壊","区域区分":"土砂災害警戒区域","区域名":"-","所在地":"板橋区小豆沢四丁目","告示日":"2016/3/9"},"geometry":{"type":"Polygon","coordinates":[[[139.6999532191763,35.7810681199199],[139.7000667361442,35.7808313708462],[139.69960631806757,35.78045824545032],[139.69879990861517,35.78016005791641],[139.69861376998156,35.78037071174586],[139.6985161400129,35.78065612282109],[139.6988209991056,35.780904151399014],[139.69915052118756,35.78100677157512],[139.6995997668386,35.780900032995],[139.69965282972143,35.781025850202646],[139.6999532191763,35.7810681199199]]]}},{"type":"Feature","properties":{"現象の種類":"急傾斜地の崩壊","区域区分":"土砂災害警戒区域","区域名":"-","所在地":"板橋区小豆沢四丁目","告示日":"2016/3/9"},"geometry":{"type":"Polygon","coordinates":[[[139.70031749728912,35.780777547727595],[139.69985442429657,35.780576229459655],[139.69971766730632,35.78076163031944],[139.69998544447103,35.78106188313772],[139.70020586295394,35.78118626276618],[139.70031749728912,35.780777547727595]]]}},{"type":"Feature","properties":{"現象の種類":"急傾斜地の崩壊","区域区分":"土砂災害警戒区域","区域名":"-","所在地":"板橋区小豆沢四丁目","告示日":"2016/3/9"},"geometry":{"type":"Polygon","coordinates":[[[139.70174679911105,35.78132556858753],[139.70114173612242,35.78112132462001],[139.70098845408748,35.78099462278655],[139.70060191502645,35.78092635952417],[139.7004395297517,35.78080304571358],[139.70025758885672,35.781236278461726],[139.70043903234009,35.78129016066937],[139.70055855787282,35.781448155414495],[139.70158171062,35.78173580777724],[139.70174679911105,35.78132556858753]]]}},{"type":"Feature","properties":{"現象の種類":"急傾斜地の崩壊","区域区分":"土砂災害警戒区域","区域名":"-","所在地":"北区赤羽西三丁目","告示日":"2016/3/9"},"geometry":{"type":"Polygon","coordinates":[[[139.71706094138338,35.771357387207544],[139.7170942698655,35.7710669042836],[139.71676306191546,35.77112374015876],[139.7167574804039,35.77130708421835],[139.71706094138338,35.771357387207544]]]}},{"type":"Feature","properties":{"現象の種類":"急傾斜地の崩壊","区域区分":"土砂災害警戒区域","区域名":"-","所在地":"板橋区志村一丁目","告示日":"2016/3/9"},"geometry":{"type":"Polygon","coordinates":[[[139.69133401019954,35.77488969319096],[139.690919774553,35.77503641836404],[139.6911981973747,35.77539268208027],[139.69148683484119,35.77509150415123],[139.69133401019954,35.77488969319096]]]}},{"type":"Feature","properties":{"現象の種類":"急傾斜地の崩壊","区域区分":"土砂災害警戒区域","区域名":"-","所在地":"板橋区四葉二丁目","告示日":"2016/3/9"},"geometry":{"type":"Polygon","coordinates":[[[139.6511668138557,35.78335223935035],[139.65104762776835,35.783078213656495],[139.6507289146385,35.78326355017498],[139.65082917852018,35.783414704450976],[139.6511668138557,35.78335223935035]]]}},{"type":"Feature","properties":{"現象の種類":"急傾斜地の崩壊","区域区分":"土砂災害警戒区域","区域名":"-","所在地":"板橋区四葉二丁目","告示日":"2016/3/9"},"geometry":{"type":"Polygon","coordinates":[[[139.65275660811443,35.78245112617078],[139.65308834656219,35.78270385696875],[139.65326484661225,35.782392349374256],[139.6530842690514,35.78223464573923],[139.65275660811443,35.78245112617078]]]}},{"type":"Feature","properties":{"現象の種類":"急傾斜地の崩壊","区域区分":"土砂災害警戒区域","区域名":"-","所在地":"北区西ｹ原二丁目・栄町","告示日":"2016/3/9"},"geometry":{"type":"Polygon","coordinates":[[[139.74101735961239,35.750081274374594],[139.74101922733809,35.74957001119702],[139.74067105015723,35.74962147401624],[139.7404748879141,35.74978586389975],[139.74101735961239,35.750081274374594]]]}},{"type":"Feature","properties":{"現象の種類":"急傾斜地の崩壊","区域区分":"土砂災害警戒区域","区域名":"-","所在地":"北区王子一丁目","告示日":"2016/3/9"},"geometry":{"type":"Polygon","coordinates":[[[139.73741955973142,35.75279618387277],[139.73842289183347,35.75203223912322],[139.7379817380138,35.75161040442832],[139.73691465917702,35.75241346927137],[139.7370067345091,35.75293320226438],[139.73741955973142,35.75279618387277]]]}},{"type":"Feature","properties":{"現象の種類":"急傾斜地の崩壊","区域区分":"土砂災害警戒区域","区域名":"-","所在地":"北区岸町一丁目・王子本町二丁目","告示日":"2016/3/9"},"geometry":{"type":"Polygon","coordinates":[[[139.7315573491011,35.75781922523683],[139.7318035521788,35.757983868207766],[139.73204933995498,35.75797036557454],[139.7321243582806,35.75772327009831],[139.732436430457,35.7574374085054],[139.7324367651479,35.75727868750407],[139.73265866171153,35.757040106034125],[139.7328562705938,35.756954151041604],[139.73233005373956,35.756647475522634],[139.73159983437446,35.75741617012274],[139.7316690716475,35.75760536306763],[139.7315573491011,35.75781922523683]]]}},{"type":"Feature","properties":{"現象の種類":"急傾斜地の崩壊","区域区分":"土砂災害警戒区域","区域名":"-","所在地":"北区赤羽北二丁目","告示日":"2016/3/9"},"geometry":{"type":"Polygon","coordinates":[[[139.71075544944512,35.78272560197339],[139.71052759088175,35.782463507877864],[139.71018754878102,35.7825724501417],[139.70985739804055,35.78279398201641],[139.7101196682825,35.7830237757855],[139.71023208565117,35.782989940378854],[139.71075544944512,35.78272560197339]]]}},{"type":"Feature","properties":{"現象の種類":"急傾斜地の崩壊","区域区分":"土砂災害警戒区域","区域名":"-","所在地":"北区赤羽北一丁目・赤羽台四丁目","告示日":"2016/3/9"},"geometry":{"type":"Polygon","coordinates":[[[139.71552240789438,35.785307157352314],[139.71517259014627,35.78534699994963],[139.71527480709005,35.785684764411606],[139.71547427255945,35.78578245777038],[139.71549410779463,35.78551468417538],[139.71559565969292,35.78541520248133],[139.71552240789438,35.785307157352314]]]}},{"type":"Feature","properties":{"現象の種類":"急傾斜地の崩壊","区域区分":"土砂災害警戒区域","区域名":"-","所在地":"北区赤羽西二丁目","告示日":"2016/3/9"},"geometry":{"type":"Polygon","coordinates":[[[139.71943766849208,35.77374475257689],[139.71962808168755,35.77337895939397],[139.71925310386362,35.773638671150124],[139.71943766849208,35.77374475257689]]]}},{"type":"Feature","properties":{"現象の種類":"急傾斜地の崩壊","区域区分":"土砂災害警戒区域","区域名":"-","所在地":"北区赤羽西二丁目","告示日":"2016/3/9"},"geometry":{"type":"Polygon","coordinates":[[[139.7197746084418,35.77345509048592],[139.7196641824461,35.7734255697158],[139.71953001521982,35.773690209524595],[139.71959748957556,35.77371399455146],[139.7197746084418,35.77345509048592]]]}},{"type":"Feature","properties":{"現象の種類":"急傾斜地の崩壊","区域区分":"土砂災害警戒区域","区域名":"-","所在地":"北区赤羽西二丁目","告示日":"2016/3/9"},"geometry":{"type":"Polygon","coordinates":[[[139.72016064554867,35.77394146640598],[139.72030792681227,35.77387390870319],[139.72024024789846,35.77357268856722],[139.71976372081113,35.77357879906063],[139.71967006427718,35.773883057851776],[139.72016064554867,35.77394146640598]]]}},{"type":"Feature","properties":{"現象の種類":"急傾斜地の崩壊","区域区分":"土砂災害警戒区域","区域名":"-","所在地":"北区赤羽西五丁目","告示日":"2016/3/9"},"geometry":{"type":"Polygon","coordinates":[[[139.7126567313878,35.773530161910436],[139.7128683150126,35.7732315587626],[139.7123895437042,35.77304043206302],[139.71193191435998,35.772992039967505],[139.71159605635307,35.77307078308724],[139.71182586659685,35.773334652010334],[139.71233305534244,35.77339532430604],[139.7126567313878,35.773530161910436]]]}},{"type":"Feature","properties":{"現象の種類":"急傾斜地の崩壊","区域区分":"土砂災害警戒区域","区域名":"-","所在地":"北区赤羽北二丁目・三丁目","告示日":"2016/3/9"},"geometry":{"type":"Polygon","coordinates":[[[139.70468248050608,35.782530695506594],[139.70352898905296,35.782146012704494],[139.70339150431496,35.782351857135836],[139.70381181813485,35.782743226162104],[139.7043454421121,35.782980874588155],[139.70468248050608,35.782530695506594]]]}},{"type":"Feature","properties":{"現象の種類":"急傾斜地の崩壊","区域区分":"土砂災害警戒区域","区域名":"-","所在地":"北区赤羽西三丁目","告示日":"2016/3/9"},"geometry":{"type":"Polygon","coordinates":[[[139.71753147121026,35.77055438990525],[139.71737234388914,35.770027562419536],[139.71745868793118,35.76997548550923],[139.71781309260516,35.77014764925856],[139.71789859753292,35.77027901174522],[139.7182203095539,35.770386143631505],[139.7193231879652,35.77027063304943],[139.7190866820088,35.769939613531754],[139.71898154751494,35.769971237005166],[139.71892939483624,35.76990456659295],[139.71807492640048,35.770061504074235],[139.71791116144178,35.76983820590803],[139.71740886144823,35.76968220541253],[139.71714924350238,35.76978628941462],[139.71707100903723,35.76995852144753],[139.71710336125912,35.77038973812376],[139.71727364927574,35.77066994101567],[139.71753147121026,35.77055438990525]]]}},{"type":"Feature","properties":{"現象の種類":"急傾斜地の崩壊","区域区分":"土砂災害警戒区域","区域名":"-","所在地":"北区赤羽北三丁目","告示日":"2016/3/9"},"geometry":{"type":"Polygon","coordinates":[[[139.71259960994234,35.77764500084491],[139.71260818858502,35.77754082852682],[139.71243042508706,35.77734614921607],[139.712162599414,35.77754767903093],[139.71259960994234,35.77764500084491]]]}},{"type":"Feature","properties":{"現象の種類":"急傾斜地の崩壊","区域区分":"土砂災害警戒区域","区域名":"-","所在地":"北区赤羽北三丁目","告示日":"2016/3/9"},"geometry":{"type":"Polygon","coordinates":[[[139.7120259808324,35.77748101941413],[139.71216125052322,35.7774515240538],[139.71206127617413,35.77723568461364],[139.7118149200798,35.77733070606345],[139.7120259808324,35.77748101941413]]]}},{"type":"Feature","properties":{"現象の種類":"急傾斜地の崩壊","区域区分":"土砂災害警戒区域","区域名":"-","所在地":"北区赤羽北四丁目","告示日":"2016/3/9"},"geometry":{"type":"Polygon","coordinates":[[[139.71085072133073,35.78348931957465],[139.71135295732174,35.78342302673909],[139.71150260674818,35.783332644759746],[139.71136899940743,35.78310096649075],[139.71121943057514,35.783183327995324],[139.71060682884075,35.783227105265134],[139.71085072133073,35.78348931957465]]]}},{"type":"Feature","properties":{"現象の種類":"急傾斜地の崩壊","区域区分":"土砂災害警戒区域","区域名":"-","所在地":"北区赤羽北一丁目","告示日":"2016/3/9"},"geometry":{"type":"Polygon","coordinates":[[[139.71492404461873,35.78612019949782],[139.7147033333841,35.78609298428131],[139.71451311128615,35.78589365469083],[139.71426521375807,35.78607805636008],[139.71425906985803,35.78621778595416],[139.71435591483532,35.78632546258483],[139.714767821647,35.78647886670437],[139.71514953362652,35.78642362319086],[139.71492404461873,35.78612019949782]]]}},{"type":"Feature","properties":{"現象の種類":"急傾斜地の崩壊","区域区分":"土砂災害警戒区域","区域名":"-","所在地":"北区赤羽北一丁目・赤羽台四丁目","告示日":"2016/3/9"},"geometry":{"type":"Polygon","coordinates":[[[139.71305862593067,35.78591739433987],[139.71316392855755,35.785475219390946],[139.7129561720823,35.785403134885286],[139.71260126281862,35.78565092541533],[139.7126986128219,35.785777382845374],[139.71305862593067,35.78591739433987]]]}},{"type":"Feature","properties":{"現象の種類":"急傾斜地の崩壊","区域区分":"土砂災害警戒区域","区域名":"-","所在地":"北区赤羽北三丁目・四丁目","告示日":"2016/3/9"},"geometry":{"type":"Polygon","coordinates":[[[139.7177102768964,35.78287759502065],[139.71753033851854,35.78259198034686],[139.71720435023585,35.782933978711675],[139.71714940421694,35.783135543982084],[139.717739957509,35.78307076548798],[139.7177102768964,35.78287759502065]]]}},{"type":"Feature","properties":{"現象の種類":"急傾斜地の崩壊","区域区分":"土砂災害警戒区域","区域名":"-","所在地":"北区赤羽西二丁目","告示日":"2016/3/9"},"geometry":{"type":"Polygon","coordinates":[[[139.72017318487036,35.77390788047945],[139.72011750238724,35.774371146743164],[139.72037056947119,35.774437780721435],[139.72043360906542,35.77416901569876],[139.7205419857656,35.774151130968214],[139.7206720803574,35.77396899673801],[139.72059553053816,35.77392852876192],[139.72067422523887,35.77372755630305],[139.7204229161459,35.77361939273222],[139.72027306194454,35.77387189761952],[139.72017318487036,35.77390788047945]]]}},{"type":"Feature","properties":{"現象の種類":"急傾斜地の崩壊","区域区分":"土砂災害警戒区域","区域名":"-","所在地":"北区赤羽北二丁目・三丁目","告示日":"2016/3/9"},"geometry":{"type":"Polygon","coordinates":[[[139.7086455048999,35.78439315795055],[139.70871562059537,35.78408736136057],[139.70797374959363,35.783810002012565],[139.7077979508584,35.78415849370317],[139.7086455048999,35.78439315795055]]]}},{"type":"Feature","properties":{"現象の種類":"急傾斜地の崩壊","区域区分":"土砂災害警戒区域","区域名":"-","所在地":"目黒区下目黒一丁目","告示日":"2018/5/31"},"geometry":{"type":"Polygon","coordinates":[[[139.714710742237,35.62992485288022],[139.7142550277726,35.629787544109085],[139.7148264798891,35.62998016379734],[139.714710742237,35.62992485288022]]]}},{"type":"Feature","properties":{"現象の種類":"急傾斜地の崩壊","区域区分":"土砂災害警戒区域","区域名":"-","所在地":"北区赤羽西一丁目","告示日":"2018/5/31"},"geometry":{"type":"Polygon","coordinates":[[[139.71992802521558,35.77545565275232],[139.7196710019449,35.775382879552],[139.71959768915931,35.775539787094274],[139.71985235997025,35.775606824570296],[139.71992802521558,35.77545565275232]]]}},{"type":"Feature","properties":{"現象の種類":"急傾斜地の崩壊","区域区分":"土砂災害警戒区域","区域名":"-","所在地":"北区赤羽西一丁目","告示日":"2018/5/31"},"geometry":{"type":"Polygon","coordinates":[[[139.71998412718483,35.77492397280663],[139.71984196309728,35.77492384215716],[139.7200965656813,35.77495684543376],[139.71998412718483,35.77492397280663]]]}},{"type":"Feature","properties":{"現象の種類":"急傾斜地の崩壊","区域区分":"土砂災害警戒区域","区域名":"-","所在地":"北区赤羽西一丁目","告示日":"2018/5/31"},"geometry":{"type":"Polygon","coordinates":[[[139.7199552000484,35.77549211693464],[139.71978130675114,35.775468575094116],[139.7201074299179,35.77553603312992],[139.7199552000484,35.77549211693464]]]}},{"type":"Feature","properties":{"現象の種類":"急傾斜地の崩壊","区域区分":"土砂災害警戒区域","区域名":"-","所在地":"北区中十条三丁目、東十条四丁目","告示日":"2018/5/31"},"geometry":{"type":"Polygon","coordinates":[[[139.72538207562755,35.76496955841766],[139.72573282483881,35.76511407031122],[139.72579632208303,35.76500445303252],[139.72542313905925,35.764886708659496],[139.72538207562755,35.76496955841766]]]}},{"type":"Feature","properties":{"現象の種類":"急傾斜地の崩壊","区域区分":"土砂災害警戒区域","区域名":"-","所在地":"大田区田園調布一丁目","告示日":"2017/3/13"},"geometry":{"type":"Polygon","coordinates":[[[139.67127771809518,35.58774729302458],[139.67117305122798,35.58763752138809],[139.67090904950624,35.58773592271234],[139.6709218214544,35.587801009230205],[139.67100361617608,35.5878472524755],[139.67127771809518,35.58774729302458]]]}},{"type":"Feature","properties":{"現象の種類":"急傾斜地の崩壊","区域区分":"土砂災害警戒区域","区域名":"-","所在地":"新宿区下落合四丁目","告示日":"2017/3/13"},"geometry":{"type":"Polygon","coordinates":[[[139.6971907709198,35.717912627035766],[139.69713564287323,35.717871231626134],[139.69721004439538,35.717797911148985],[139.69717657008164,35.71771281383822],[139.69699782036108,35.717699296488355],[139.6966904224332,35.717900983772445],[139.69684266536197,35.718113041585895],[139.6971907709198,35.717912627035766]]]}},{"type":"Feature","properties":{"現象の種類":"急傾斜地の崩壊","区域区分":"土砂災害警戒区域","区域名":"-","所在地":"新宿区下落合四丁目","告示日":"2017/3/13"},"geometry":{"type":"Polygon","coordinates":[[[139.6974489809811,35.71810010105075],[139.69752489029653,35.718335179140944],[139.69765495909888,35.71829130850239],[139.6976672849248,35.71823322148833],[139.6974489809811,35.71810010105075]]]}},{"type":"Feature","properties":{"現象の種類":"急傾斜地の崩壊","区域区分":"土砂災害警戒区域","区域名":"-","所在地":"港区赤坂八丁目","告示日":"2017/3/13"},"geometry":{"type":"Polygon","coordinates":[[[139.72930192289786,35.669043542511396],[139.72956828610506,35.66891974314508],[139.72936403453284,35.66856773284357],[139.72873884519117,35.668671991772214],[139.72866426814423,35.66888242271978],[139.72918991384637,35.66893238903782],[139.72930192289786,35.669043542511396]]]}},{"type":"Feature","properties":{"現象の種類":"急傾斜地の崩壊","区域区分":"土砂災害警戒区域","区域名":"-","所在地":"港区六本木二丁目・赤坂六丁目","告示日":"2017/3/13"},"geometry":{"type":"Polygon","coordinates":[[[139.73735068099083,35.66827134125689],[139.73712875459378,35.66811901931879],[139.73694739817137,35.66826417529058],[139.73718258517818,35.66843276073048],[139.73735068099083,35.66827134125689]]]}},{"type":"Feature","properties":{"現象の種類":"急傾斜地の崩壊","区域区分":"土砂災害警戒区域","区域名":"-","所在地":"港区六本木二丁目・赤坂二丁目","告示日":"2017/3/13"},"geometry":{"type":"Polygon","coordinates":[[[139.73883948026702,35.66822734986194],[139.73904268333786,35.66796243281992],[139.73885772787074,35.66772489281894],[139.73853672195722,35.66748902516313],[139.73834605536186,35.667215672371476],[139.73800197138357,35.66711522245668],[139.7377086626278,35.66685101946848],[139.73763609576477,35.66664614208361],[139.73743400770763,35.66659859850982],[139.73725491013423,35.66677715019851],[139.73731456332993,35.667122045048416],[139.7378676343843,35.66745112276018],[139.73821769534314,35.667922361409204],[139.73848903540022,35.6680924990748],[139.73789191067797,35.66840724525895],[139.73803670166356,35.66858955567148],[139.73883948026702,35.66822734986194]]]}},{"type":"Feature","properties":{"現象の種類":"急傾斜地の崩壊","区域区分":"土砂災害警戒区域","区域名":"-","所在地":"港区六本木二丁目・四丁目","告示日":"2017/3/13"},"geometry":{"type":"Polygon","coordinates":[[[139.73560214194987,35.66682008543818],[139.73598433738348,35.66619394284926],[139.7367727822228,35.666543725608214],[139.73676308888966,35.666602754017575],[139.73718560306258,35.66681699461478],[139.73738740604983,35.6666671516272],[139.73719514644645,35.666355720390285],[139.73693173972285,35.66635073681901],[139.73639718279713,35.66595369522871],[139.73585810624348,35.66581511011962],[139.73553407334364,35.66608359082904],[139.73533822793303,35.6667397673051],[139.73560214194987,35.66682008543818]]]}},{"type":"Feature","properties":{"現象の種類":"急傾斜地の崩壊","区域区分":"土砂災害警戒区域","区域名":"-","所在地":"港区赤坂一丁目","告示日":"2017/3/13"},"geometry":{"type":"Polygon","coordinates":[[[139.74303303017564,35.66837341628967],[139.7434853082933,35.66813833104146],[139.74343701949712,35.66790550276709],[139.74327371644594,35.66785289858041],[139.74287647836528,35.66795249481025],[139.74283165942057,35.6680044712804],[139.7429330655024,35.66835451193163],[139.74303303017564,35.66837341628967]]]}},{"type":"Feature","properties":{"現象の種類":"急傾斜地の崩壊","区域区分":"土砂災害警戒区域","区域名":"-","所在地":"港区愛宕二丁目・虎ノ門三丁目","告示日":"2017/3/13"},"geometry":{"type":"Polygon","coordinates":[[[139.74808982066966,35.66280354048972],[139.7482325248546,35.66267789793011],[139.74850806136425,35.66265100017741],[139.74851189231308,35.66237627937495],[139.748626475222,35.66235619878064],[139.74859003901813,35.66213146797682],[139.74846423060956,35.66199775048235],[139.74824414006696,35.66205260583441],[139.74832857692402,35.662367733102435],[139.74798894688237,35.66240912015891],[139.74808982066966,35.66280354048972]]]}},{"type":"Feature","properties":{"現象の種類":"急傾斜地の崩壊","区域区分":"土砂災害警戒区域","区域名":"-","所在地":"港区麻布台二丁目・東麻布二丁目","告示日":"2017/3/13"},"geometry":{"type":"Polygon","coordinates":[[[139.74126411150402,35.658147516297994],[139.7415437607033,35.658036691036635],[139.74154750181384,35.65792408702438],[139.74169022863657,35.65779662972592],[139.74223206058358,35.657798913102326],[139.74213191113847,35.65715900906128],[139.74186582320263,35.65722289386587],[139.74156670424614,35.657535983934345],[139.74135403251137,35.657535808559224],[139.74126614926928,35.65744971996321],[139.74105172635913,35.657515763128664],[139.74099642511013,35.65766484083916],[139.74115413177293,35.65808642030852],[139.74126411150402,35.658147516297994]]]}},{"type":"Feature","properties":{"現象の種類":"急傾斜地の崩壊","区域区分":"土砂災害警戒区域","区域名":"-","所在地":"港区麻布台二丁目・東麻布二丁目","告示日":"2017/3/13"},"geometry":{"type":"Polygon","coordinates":[[[139.74260250277183,35.65805998030743],[139.74255166303288,35.65760611062642],[139.74238932212535,35.657556552016814],[139.74215988443248,35.657653702274274],[139.74228446358046,35.65796309179786],[139.7422382946879,35.658071233671244],[139.74260250277183,35.65805998030743]]]}},{"type":"Feature","properties":{"現象の種類":"急傾斜地の崩壊","区域区分":"土砂災害警戒区域","区域名":"-","所在地":"港区芝公園四丁目","告示日":"2017/3/13"},"geometry":{"type":"Polygon","coordinates":[[[139.7457763345512,35.657894510121395],[139.74629117121532,35.65844988615774],[139.74654609812686,35.658416221962575],[139.74647862046712,35.65799186829616],[139.74619825505147,35.65757207899339],[139.74594669957057,35.65746060626648],[139.74579620535053,35.657570662458795],[139.7457763345512,35.657894510121395]]]}},{"type":"Feature","properties":{"現象の種類":"急傾斜地の崩壊","区域区分":"土砂災害警戒区域","区域名":"-","所在地":"港区三田二丁目","告示日":"2017/3/13"},"geometry":{"type":"Polygon","coordinates":[[[139.74213369089014,35.64833439626207],[139.7424796833166,35.648302840015035],[139.74259340789177,35.648359576735714],[139.74283548473363,35.648227398211574],[139.74258460260307,35.647995603147116],[139.7421073202206,35.647915613746875],[139.74192023680047,35.647978036923575],[139.74169361445755,35.64824475503911],[139.7416994236296,35.64847803664019],[139.7416338161642,35.648547760990326],[139.74207000532752,35.648533005642825],[139.74213369089014,35.64833439626207]]]}},{"type":"Feature","properties":{"現象の種類":"急傾斜地の崩壊","区域区分":"土砂災害警戒区域","区域名":"-","所在地":"港区三田二丁目","告示日":"2017/3/13"},"geometry":{"type":"Polygon","coordinates":[[[139.74420972557152,35.64804342884629],[139.74380039566026,35.64794968667999],[139.7438028643863,35.6481787233694],[139.7442371183455,35.64821372989662],[139.74420972557152,35.64804342884629]]]}},{"type":"Feature","properties":{"現象の種類":"急傾斜地の崩壊","区域区分":"土砂災害警戒区域","区域名":"-","所在地":"港区三田三丁目・四丁目","告示日":"2017/3/13"},"geometry":{"type":"Polygon","coordinates":[[[139.74270342916705,35.6452678400208],[139.74248589246915,35.64481972974667],[139.74206907894663,35.645097096699665],[139.74232715879813,35.645487568128836],[139.74270342916705,35.6452678400208]]]}},{"type":"Feature","properties":{"現象の種類":"急傾斜地の崩壊","区域区分":"土砂災害警戒区域","区域名":"-","所在地":"港区三田三丁目・四丁目","告示日":"2017/3/13"},"geometry":{"type":"Polygon","coordinates":[[[139.74237832143197,35.643677720898644],[139.74228649377898,35.64347926519269],[139.7413754898925,35.64394420328484],[139.74155991900355,35.64414388369751],[139.7418224552223,35.644761826505665],[139.74207639370235,35.644648750301336],[139.7420146106854,35.64452864967929],[139.74230219121176,35.64414947441665],[139.74226658000023,35.64396498434796],[139.74237832143197,35.643677720898644]]]}},{"type":"Feature","properties":{"現象の種類":"急傾斜地の崩壊","区域区分":"土砂災害警戒区域","区域名":"-","所在地":"新宿区下落合四丁目","告示日":"2017/3/13"},"geometry":{"type":"Polygon","coordinates":[[[139.69768021386182,35.71819561747094],[139.69785452063869,35.71814708185974],[139.69774456796412,35.71784365762069],[139.69759295635174,35.7179541096227],[139.69768021386182,35.71819561747094]]]}},{"type":"Feature","properties":{"現象の種類":"急傾斜地の崩壊","区域区分":"土砂災害警戒区域","区域名":"-","所在地":"港区三田三丁目・四丁目","告示日":"2017/3/13"},"geometry":{"type":"Polygon","coordinates":[[[139.74118958319954,35.643532183938994],[139.74183129566092,35.64313879818703],[139.74174723280674,35.64305062418445],[139.74152895399502,35.64302168365558],[139.74155035968215,35.6429354076573],[139.74143749744522,35.64277517169608],[139.7412520558486,35.64268447533361],[139.74061630690346,35.64288447032384],[139.74094720508793,35.643091570016175],[139.74103560411066,35.64352442517653],[139.74118958319954,35.643532183938994]]]}},{"type":"Feature","properties":{"現象の種類":"急傾斜地の崩壊","区域区分":"土砂災害警戒区域","区域名":"-","所在地":"港区白金四丁目","告示日":"2017/3/13"},"geometry":{"type":"Polygon","coordinates":[[[139.72604352243175,35.64368700857791],[139.72641217493143,35.64351533205066],[139.726027464987,35.64301181153368],[139.72578890646088,35.64336872822632],[139.725877610706,35.64356201107964],[139.72604352243175,35.64368700857791]]]}},{"type":"Feature","properties":{"現象の種類":"急傾斜地の崩壊","区域区分":"土砂災害警戒区域","区域名":"-","所在地":"港区高輪三丁目","告示日":"2017/3/13"},"geometry":{"type":"Polygon","coordinates":[[[139.73493690117084,35.632920259265966],[139.7346989758851,35.63297360442364],[139.7349551943096,35.633220466307385],[139.73511885623645,35.63311283706433],[139.73493690117084,35.632920259265966]]]}},{"type":"Feature","properties":{"現象の種類":"急傾斜地の崩壊","区域区分":"土砂災害警戒区域","区域名":"-","所在地":"港区高輪三丁目","告示日":"2017/3/13"},"geometry":{"type":"Polygon","coordinates":[[[139.73488447398387,35.63254598695515],[139.73486149338473,35.63270973370617],[139.73522365336487,35.63270678019062],[139.73525760559374,35.632599811359746],[139.73488447398387,35.63254598695515]]]}},{"type":"Feature","properties":{"現象の種類":"急傾斜地の崩壊","区域区分":"土砂災害警戒区域","区域名":"-","所在地":"港区高輪三丁目","告示日":"2017/3/13"},"geometry":{"type":"Polygon","coordinates":[[[139.73545122754334,35.632712997178054],[139.7355199016797,35.63236748769071],[139.73520132547986,35.63229766537792],[139.7351780485393,35.63237846827459],[139.73507772048666,35.632367953480745],[139.73508428326855,35.63269420423917],[139.73545122754334,35.632712997178054]]]}},{"type":"Feature","properties":{"現象の種類":"急傾斜地の崩壊","区域区分":"土砂災害警戒区域","区域名":"-","所在地":"港区高輪三丁目","告示日":"2017/3/13"},"geometry":{"type":"Polygon","coordinates":[[[139.736093330252,35.63119448394434],[139.73579178887258,35.63137396857457],[139.73599747205267,35.63152289687165],[139.7360190063904,35.631631176164085],[139.73630598387365,35.63158475775335],[139.73627685718043,35.63140861330987],[139.736093330252,35.63119448394434]]]}},{"type":"Feature","properties":{"現象の種類":"急傾斜地の崩壊","区域区分":"土砂災害警戒区域","区域名":"-","所在地":"港区高輪四丁目","告示日":"2017/3/13"},"geometry":{"type":"Polygon","coordinates":[[[139.73513421778537,35.625114316531345],[139.7353244037806,35.625110188328684],[139.735349693887,35.6248188941818],[139.73498967923348,35.62484093986409],[139.7348270560285,35.62503849339774],[139.73514073849196,35.62519323793323],[139.73513421778537,35.625114316531345]]]}},{"type":"Feature","properties":{"現象の種類":"急傾斜地の崩壊","区域区分":"土砂災害警戒区域","区域名":"-","所在地":"新宿区中落合四丁目・西落合一丁目","告示日":"2017/3/13"},"geometry":{"type":"Polygon","coordinates":[[[139.67973207376107,35.717902009378314],[139.67957376460055,35.71785225853641],[139.67946976839914,35.7181626490402],[139.67969532173223,35.71823301788085],[139.67982826847611,35.71805188171342],[139.67973207376107,35.717902009378314]]]}},{"type":"Feature","properties":{"現象の種類":"急傾斜地の崩壊","区域区分":"土砂災害警戒区域","区域名":"-","所在地":"新宿区中落合四丁目・中井二丁目","告示日":"2017/3/13"},"geometry":{"type":"Polygon","coordinates":[[[139.6791886102806,35.71791418815507],[139.67960605263713,35.71788566354515],[139.6795744251303,35.717403770057395],[139.67967588220418,35.717164414859845],[139.6795014962637,35.71700933860156],[139.67917523859572,35.717125044663064],[139.67912159213247,35.71734786709949],[139.6792494718833,35.71748333273098],[139.67905285514405,35.71755472427498],[139.67903955497212,35.71779814349169],[139.6791886102806,35.71791418815507]]]}},{"type":"Feature","properties":{"現象の種類":"急傾斜地の崩壊","区域区分":"土砂災害警戒区域","区域名":"-","所在地":"新宿区中井二丁目・中野区上高田五丁目","告示日":"2017/3/13"},"geometry":{"type":"Polygon","coordinates":[[[139.67974937572959,35.71690794712613],[139.67977123288918,35.71643943196054],[139.6793597260163,35.7164620927635],[139.6794498553286,35.71685980140328],[139.67952428322997,35.7169359255312],[139.67974937572959,35.71690794712613]]]}},{"type":"Feature","properties":{"現象の種類":"急傾斜地の崩壊","区域区分":"土砂災害警戒区域","区域名":"-","所在地":"新宿区中落合二丁目","告示日":"2017/3/13"},"geometry":{"type":"Polygon","coordinates":[[[139.69368070297355,35.71754680758528],[139.69346376674056,35.71756589484742],[139.6934568068139,35.71760881777042],[139.69351048779444,35.717692673817034],[139.69372824634422,35.71766065567821],[139.69368070297355,35.71754680758528]]]}},{"type":"Feature","properties":{"現象の種類":"急傾斜地の崩壊","区域区分":"土砂災害警戒区域","区域名":"-","所在地":"新宿区下落合二丁目・四丁目","告示日":"2017/3/13"},"geometry":{"type":"Polygon","coordinates":[[[139.6986894451015,35.717939216583794],[139.6992041243544,35.71780078615536],[139.69904547405523,35.71763017247945],[139.6986378141509,35.71770047618586],[139.6986894451015,35.717939216583794]]]}},{"type":"Feature","properties":{"現象の種類":"急傾斜地の崩壊","区域区分":"土砂災害警戒区域","区域名":"-","所在地":"新宿区下落合二丁目・四丁目","告示日":"2017/3/13"},"geometry":{"type":"Polygon","coordinates":[[[139.69908254910925,35.71790702801443],[139.69913459019972,35.71796850960582],[139.69934711405813,35.7178947250896],[139.69930202467444,35.717816660415465],[139.69908254910925,35.71790702801443]]]}},{"type":"Feature","properties":{"現象の種類":"急傾斜地の崩壊","区域区分":"土砂災害警戒区域","区域名":"-","所在地":"新宿区下落合二丁目","告示日":"2017/3/13"},"geometry":{"type":"Polygon","coordinates":[[[139.70551478723166,35.71874013897336],[139.7053479876077,35.718397390183384],[139.70507697970834,35.718472559464225],[139.70517367725625,35.71872553825124],[139.70551478723166,35.71874013897336]]]}},{"type":"Feature","properties":{"現象の種類":"急傾斜地の崩壊","区域区分":"土砂災害警戒区域","区域名":"-","所在地":"新宿区下落合二丁目","告示日":"2017/3/13"},"geometry":{"type":"Polygon","coordinates":[[[139.70502897516602,35.7179580175883],[139.70526889387196,35.71789769979542],[139.70522261054458,35.717762060765075],[139.7049876132956,35.71781014908187],[139.70502897516602,35.7179580175883]]]}},{"type":"Feature","properties":{"現象の種類":"急傾斜地の崩壊","区域区分":"土砂災害警戒区域","区域名":"-","所在地":"新宿区西早稲田三丁目","告示日":"2017/3/13"},"geometry":{"type":"Polygon","coordinates":[[[139.71561073304886,35.71182896583012],[139.7155556224184,35.71154587457068],[139.71530011124872,35.71158978065041],[139.71533119485858,35.71182457045672],[139.71561073304886,35.71182896583012]]]}},{"type":"Feature","properties":{"現象の種類":"急傾斜地の崩壊","区域区分":"土砂災害警戒区域","区域名":"-","所在地":"新宿区戸山一丁目・三丁目","告示日":"2017/3/13"},"geometry":{"type":"Polygon","coordinates":[[[139.71642625463267,35.70546887069783],[139.71658534381942,35.70541598834686],[139.71667656965124,35.70517198381689],[139.71631938584076,35.705134364726334],[139.716286098071,35.70491089381522],[139.71606649643073,35.704931753090385],[139.71614446298832,35.70536360222177],[139.71642625463267,35.70546887069783]]]}},{"type":"Feature","properties":{"現象の種類":"急傾斜地の崩壊","区域区分":"土砂災害警戒区域","区域名":"-","所在地":"新宿区大久保三丁目","告示日":"2017/3/13"},"geometry":{"type":"Polygon","coordinates":[[[139.7044400444304,35.70483026848695],[139.70444031200674,35.704955328195155],[139.70444058202438,35.705081519353435],[139.70453142019625,35.70504358324009],[139.7045310034814,35.704848927968804],[139.7044400444304,35.70483026848695]]]}},{"type":"Feature","properties":{"現象の種類":"急傾斜地の崩壊","区域区分":"土砂災害警戒区域","区域名":"-","所在地":"新宿区大久保二丁目・三丁目","告示日":"2017/3/13"},"geometry":{"type":"Polygon","coordinates":[[[139.7039275754737,35.70461515742102],[139.7039353596634,35.70481511940636],[139.70452102583414,35.70487667443276],[139.7048085199187,35.70486680281378],[139.70482723408,35.70477333462182],[139.70481473607032,35.70467846135278],[139.70444933949292,35.70461320767838],[139.70416773240154,35.7046607707283],[139.70414373361572,35.70457988950412],[139.7039275754737,35.70461515742102]]]}},{"type":"Feature","properties":{"現象の種類":"急傾斜地の崩壊","区域区分":"土砂災害警戒区域","区域名":"-","所在地":"新宿区戸山二丁目","告示日":"2017/3/13"},"geometry":{"type":"Polygon","coordinates":[[[139.71038180634488,35.701146209413835],[139.71024181577056,35.70138669125878],[139.71046603005198,35.70141965792168],[139.7105233843183,35.70118638324119],[139.71038180634488,35.701146209413835]]]}},{"type":"Feature","properties":{"現象の種類":"急傾斜地の崩壊","区域区分":"土砂災害警戒区域","区域名":"-","所在地":"新宿区本塩町・千代田区五番町先","告示日":"2017/3/13"},"geometry":{"type":"Polygon","coordinates":[[[139.73091263932858,35.68924247130823],[139.73080011542405,35.688186559083086],[139.73031078552813,35.687337731034965],[139.73001482862696,35.68740463772982],[139.73037115885404,35.68820145420232],[139.7306150144737,35.68930811266468],[139.73091263932858,35.68924247130823]]]}},{"type":"Feature","properties":{"現象の種類":"急傾斜地の崩壊","区域区分":"土砂災害警戒区域","区域名":"-","所在地":"文京区大塚五丁目","告示日":"2017/3/13"},"geometry":{"type":"Polygon","coordinates":[[[139.72614870005097,35.720776728349485],[139.72600441315822,35.720764475241815],[139.72595128025063,35.720979161198194],[139.7261300554182,35.72102326173591],[139.72614870005097,35.720776728349485]]]}},{"type":"Feature","properties":{"現象の種類":"急傾斜地の崩壊","区域区分":"土砂災害警戒区域","区域名":"-","所在地":"文京区大塚五丁目","告示日":"2017/3/13"},"geometry":{"type":"Polygon","coordinates":[[[139.72929983525663,35.72138542479161],[139.7291007097085,35.72131633715386],[139.72886373027995,35.72145368536056],[139.7289026333218,35.72162040929924],[139.72909715962624,35.72182091924488],[139.72941151544546,35.7218037141028],[139.72929983525663,35.72138542479161]]]}},{"type":"Feature","properties":{"現象の種類":"急傾斜地の崩壊","区域区分":"土砂災害警戒区域","区域名":"-","所在地":"文京区大塚二丁目・音羽二丁目","告示日":"2017/3/13"},"geometry":{"type":"Polygon","coordinates":[[[139.72910388669135,35.71766525931485],[139.72887521951424,35.7175726750913],[139.72869896460676,35.71785726306227],[139.7289095801207,35.71796342650641],[139.72899138710548,35.717900212412275],[139.72910388669135,35.71766525931485]]]}},{"type":"Feature","properties":{"現象の種類":"急傾斜地の崩壊","区域区分":"土砂災害警戒区域","区域名":"-","所在地":"文京区大塚一丁目・二丁目・音羽一丁目・二丁目","告示日":"2017/3/13"},"geometry":{"type":"Polygon","coordinates":[[[139.72991904777768,35.71701878436959],[139.7289454495593,35.717193355236176],[139.72889761369066,35.71752309569434],[139.729269313508,35.71766645185016],[139.72941167853116,35.71742968393775],[139.72984820636864,35.717235287425474],[139.73001314909203,35.717237271837874],[139.72991904777768,35.71701878436959]]]}},{"type":"Feature","properties":{"現象の種類":"急傾斜地の崩壊","区域区分":"土砂災害警戒区域","区域名":"-","所在地":"文京区目白台一丁目","告示日":"2017/3/13"},"geometry":{"type":"Polygon","coordinates":[[[139.72078589834453,35.714761477581256],[139.72173182616078,35.71459351200006],[139.7220098770051,35.71433006752336],[139.72223773743562,35.71426049363609],[139.7220972063935,35.71405816906519],[139.7217981120562,35.71416392333358],[139.72157509113393,35.71411195375962],[139.72092036912494,35.714356784177],[139.7207403075912,35.71457351600799],[139.72078589834453,35.714761477581256]]]}},{"type":"Feature","properties":{"現象の種類":"急傾斜地の崩壊","区域区分":"土砂災害警戒区域","区域名":"-","所在地":"文京区関口二丁目","告示日":"2017/3/13"},"geometry":{"type":"Polygon","coordinates":[[[139.7241001742717,35.71199532935763],[139.72356479781817,35.7120442651655],[139.72355623653718,35.71215989177564],[139.72338586539374,35.71220211024459],[139.7236161272603,35.71264631397416],[139.7239749064904,35.712613768845664],[139.72417432752442,35.71241566255241],[139.72412813031835,35.71231930831727],[139.72421546199547,35.71223533305198],[139.7247647301406,35.71189173689554],[139.7246405663576,35.71167440426285],[139.72410134055102,35.71188665238829],[139.7241001742717,35.71199532935763]]]}},{"type":"Feature","properties":{"現象の種類":"急傾斜地の崩壊","区域区分":"土砂災害警戒区域","区域名":"-","所在地":"文京区関口二丁目","告示日":"2017/3/13"},"geometry":{"type":"Polygon","coordinates":[[[139.72435829150368,35.712096529934506],[139.7240238178689,35.71214999396899],[139.72418508243445,35.712411750661545],[139.72444931507272,35.7123743815913],[139.7245513166006,35.71227758655938],[139.72435829150368,35.712096529934506]]]}},{"type":"Feature","properties":{"現象の種類":"急傾斜地の崩壊","区域区分":"土砂災害警戒区域","区域名":"-","所在地":"文京区関口二丁目","告示日":"2017/3/13"},"geometry":{"type":"Polygon","coordinates":[[[139.72530775640666,35.71195630930999],[139.72500106145208,35.71179731886155],[139.72479840543042,35.7119558009443],[139.72474603145594,35.712188910605335],[139.7247979603051,35.71261517078827],[139.72495584264468,35.712829120890284],[139.72526241488058,35.71274060820639],[139.72531697047293,35.71251820672686],[139.72525434540935,35.71237604904729],[139.7253599476891,35.71233361239924],[139.72542431466135,35.71213467341801],[139.72530775640666,35.71195630930999]]]}},{"type":"Feature","properties":{"現象の種類":"急傾斜地の崩壊","区域区分":"土砂災害警戒区域","区域名":"-","所在地":"大田区南馬込二丁目","告示日":"2017/3/13"},"geometry":{"type":"Polygon","coordinates":[[[139.71569782307012,35.59048857432931],[139.71574174470135,35.590220035065805],[139.71557082793197,35.59013850868454],[139.7154787972333,35.5904291216174],[139.71569782307012,35.59048857432931]]]}},{"type":"Feature","properties":{"現象の種類":"急傾斜地の崩壊","区域区分":"土砂災害警戒区域","区域名":"-","所在地":"文京区音羽一丁目","告示日":"2017/3/13"},"geometry":{"type":"Polygon","coordinates":[[[139.73107898240664,35.71358870180529],[139.73135707428602,35.71277089011587],[139.73112812170518,35.71268295629877],[139.73103752269253,35.71284172334573],[139.7308554098163,35.71281939640738],[139.73059087168323,35.71294355854415],[139.73054260973242,35.71313770217086],[139.73036162339136,35.71326131814998],[139.73027616774297,35.7135093676312],[139.7303636763466,35.71353086867508],[139.73055471173396,35.713974029950606],[139.73083898292492,35.71403874809859],[139.73107898240664,35.71358870180529]]]}},{"type":"Feature","properties":{"現象の種類":"急傾斜地の崩壊","区域区分":"土砂災害警戒区域","区域名":"-","所在地":"文京区小日向一丁目・春日二丁目","告示日":"2017/3/13"},"geometry":{"type":"Polygon","coordinates":[[[139.74115015729677,35.71096690358289],[139.74102440847062,35.71072279746061],[139.74075561217296,35.71077269426611],[139.74030978227273,35.711037890794216],[139.7403924523758,35.71136207946972],[139.74062452337546,35.71177004046563],[139.74062317828358,35.71230286134984],[139.74092164123087,35.712344761463356],[139.74096828266468,35.712217079299506],[139.7410360746204,35.7117064664206],[139.74070347652005,35.71112909367793],[139.74115015729677,35.71096690358289]]]}},{"type":"Feature","properties":{"現象の種類":"急傾斜地の崩壊","区域区分":"土砂災害警戒区域","区域名":"-","所在地":"文京区千駄木三丁目","告示日":"2017/3/13"},"geometry":{"type":"Polygon","coordinates":[[[139.762076201749,35.72622904426139],[139.76197542756023,35.7264732517709],[139.7622682690107,35.72652491883068],[139.7623861853969,35.72627287292546],[139.762076201749,35.72622904426139]]]}},{"type":"Feature","properties":{"現象の種類":"急傾斜地の崩壊","区域区分":"土砂災害警戒区域","区域名":"-","所在地":"文京区弥生一丁目・二丁目","告示日":"2017/3/13"},"geometry":{"type":"Polygon","coordinates":[[[139.7619272981801,35.71812842751354],[139.76190797705414,35.717742539232674],[139.7616274841582,35.71775128503991],[139.76167207834936,35.71813500648617],[139.7619272981801,35.71812842751354]]]}},{"type":"Feature","properties":{"現象の種類":"急傾斜地の崩壊","区域区分":"土砂災害警戒区域","区域名":"-","所在地":"文京区湯島三丁目","告示日":"2017/3/13"},"geometry":{"type":"Polygon","coordinates":[[[139.76872954677938,35.7073647813755],[139.76837794937953,35.70739554407863],[139.76830425768864,35.70747767191162],[139.76833509173636,35.70764125805406],[139.76869760993318,35.70766419865925],[139.76872954677938,35.7073647813755]]]}},{"type":"Feature","properties":{"現象の種類":"急傾斜地の崩壊","区域区分":"土砂災害警戒区域","区域名":"-","所在地":"文京区本郷一丁目","告示日":"2017/3/13"},"geometry":{"type":"Polygon","coordinates":[[[139.75790351293637,35.701961862757],[139.75764756994568,35.70197242075302],[139.75752347337513,35.70218742009343],[139.7574852456651,35.7024611782414],[139.75758242678234,35.7026821775864],[139.75785537263235,35.702681515913646],[139.75790351293637,35.701961862757]]]}},{"type":"Feature","properties":{"現象の種類":"急傾斜地の崩壊","区域区分":"土砂災害警戒区域","区域名":"-","所在地":"大田区田園調布四丁目","告示日":"2017/3/13"},"geometry":{"type":"Polygon","coordinates":[[[139.66278818505907,35.59274679867754],[139.66270163998178,35.592694019720575],[139.66253479091293,35.59284183504808],[139.662618510889,35.59289733587748],[139.66278818505907,35.59274679867754]]]}},{"type":"Feature","properties":{"現象の種類":"急傾斜地の崩壊","区域区分":"土砂災害警戒区域","区域名":"-","所在地":"大田区田園調布四丁目","告示日":"2017/3/13"},"geometry":{"type":"Polygon","coordinates":[[[139.66309766853942,35.59277657918888],[139.66294105055968,35.592511680747364],[139.6626603771146,35.59255590198039],[139.66267743020362,35.59268543943073],[139.66261718321454,35.59266094920614],[139.6626006212782,35.59276268993904],[139.662870365878,35.59292715536861],[139.66309766853942,35.59277657918888]]]}},{"type":"Feature","properties":{"現象の種類":"急傾斜地の崩壊","区域区分":"土砂災害警戒区域","区域名":"-","所在地":"大田区田園調布四丁目","告示日":"2017/3/13"},"geometry":{"type":"Polygon","coordinates":[[[139.66362549872326,35.592095733154565],[139.66398357302464,35.59181615785666],[139.6637257269916,35.59158253368793],[139.66355995252545,35.59167054755854],[139.66340151851895,35.591919288185316],[139.66362549872326,35.592095733154565]]]}},{"type":"Feature","properties":{"現象の種類":"急傾斜地の崩壊","区域区分":"土砂災害警戒区域","区域名":"-","所在地":"大田区田園調布一丁目","告示日":"2017/3/13"},"geometry":{"type":"Polygon","coordinates":[[[139.66730538845036,35.58908510667349],[139.66708054319898,35.58890417424838],[139.6668648265387,35.588998995986024],[139.6668720394852,35.58913990710941],[139.66727647179098,35.589219383098744],[139.66730538845036,35.58908510667349]]]}},{"type":"Feature","properties":{"現象の種類":"急傾斜地の崩壊","区域区分":"土砂災害警戒区域","区域名":"-","所在地":"大田区田園調布一丁目","告示日":"2017/3/13"},"geometry":{"type":"Polygon","coordinates":[[[139.66820898738456,35.58794129026006],[139.66825439673067,35.58780057485766],[139.66801228872467,35.58763014199374],[139.66795376250892,35.58773044850738],[139.66758213485983,35.587869008002194],[139.66743256481286,35.58818282794974],[139.66744930844794,35.58831971473112],[139.66765805799236,35.58849460752057],[139.66820898738456,35.58794129026006]]]}},{"type":"Feature","properties":{"現象の種類":"急傾斜地の崩壊","区域区分":"土砂災害警戒区域","区域名":"-","所在地":"大田区田園調布一丁目","告示日":"2017/3/13"},"geometry":{"type":"Polygon","coordinates":[[[139.6681212216665,35.58886998274871],[139.66833041005376,35.5886851934245],[139.66840534352986,35.58847053326224],[139.6680073364227,35.58838489131411],[139.66759324131647,35.58887175060104],[139.66802636746453,35.58912396196112],[139.66816249612117,35.588949684500356],[139.6681212216665,35.58886998274871]]]}},{"type":"Feature","properties":{"現象の種類":"急傾斜地の崩壊","区域区分":"土砂災害警戒区域","区域名":"-","所在地":"大田区田園調布一丁目","告示日":"2017/3/13"},"geometry":{"type":"Polygon","coordinates":[[[139.67019453891635,35.58938355343919],[139.66994688416028,35.589121374280275],[139.6696757359715,35.58925813449851],[139.66958265053108,35.58938843549703],[139.66966429239332,35.589430576689985],[139.66915289959786,35.58974987711824],[139.6690869259144,35.590035219009046],[139.66926372958292,35.590223075877816],[139.66975449005884,35.590248896864644],[139.66980388230334,35.589921989506024],[139.66973086875964,35.5897465974294],[139.66988415621893,35.589729600052735],[139.6701403911355,35.589551910854844],[139.67012917117222,35.58940964246458],[139.67019453891635,35.58938355343919]]]}},{"type":"Feature","properties":{"現象の種類":"急傾斜地の崩壊","区域区分":"土砂災害警戒区域","区域名":"-","所在地":"大田区田園調布一丁目","告示日":"2017/3/13"},"geometry":{"type":"Polygon","coordinates":[[[139.6704748864995,35.58960591084494],[139.6707510885759,35.589482549281186],[139.67074313258288,35.588997892326184],[139.67058668550393,35.58885801814528],[139.67036284516414,35.58880090060492],[139.67017283959592,35.58899987071482],[139.67029695784933,35.58914141284213],[139.67013602023988,35.58938104609749],[139.67021501297597,35.589530291876535],[139.6704748864995,35.58960591084494]]]}},{"type":"Feature","properties":{"現象の種類":"急傾斜地の崩壊","区域区分":"土砂災害警戒区域","区域名":"-","所在地":"大田区田園調布一丁目","告示日":"2017/3/13"},"geometry":{"type":"Polygon","coordinates":[[[139.67039200148804,35.588570837250465],[139.66994714027987,35.5883444264099],[139.6698915784514,35.588540926539174],[139.67003022552208,35.588655301099436],[139.67033180832863,35.588705846235065],[139.67039200148804,35.588570837250465]]]}},{"type":"Feature","properties":{"現象の種類":"急傾斜地の崩壊","区域区分":"土砂災害警戒区域","区域名":"-","所在地":"大田区西嶺町","告示日":"2017/3/13"},"geometry":{"type":"Polygon","coordinates":[[[139.6778674537543,35.58112852424935],[139.67763059903356,35.58099759807494],[139.67754585202152,35.5812013037642],[139.67763765634345,35.58128191956689],[139.6778674537543,35.58112852424935]]]}},{"type":"Feature","properties":{"現象の種類":"急傾斜地の崩壊","区域区分":"土砂災害警戒区域","区域名":"-","所在地":"大田区西嶺町","告示日":"2017/3/13"},"geometry":{"type":"Polygon","coordinates":[[[139.67803833959957,35.58141615635956],[139.67792626254743,35.58134022817361],[139.67763938370314,35.58144312442365],[139.6777405906736,35.58162700536644],[139.67803339834228,35.5817171555951],[139.67803833959957,35.58141615635956]]]}},{"type":"Feature","properties":{"現象の種類":"急傾斜地の崩壊","区域区分":"土砂災害警戒区域","区域名":"-","所在地":"大田区西嶺町","告示日":"2017/3/13"},"geometry":{"type":"Polygon","coordinates":[[[139.67870347153706,35.58147416005351],[139.6785806746521,35.581465768823016],[139.6785563962685,35.58168935125427],[139.67866984492892,35.58171144592031],[139.67870347153706,35.58147416005351]]]}},{"type":"Feature","properties":{"現象の種類":"急傾斜地の崩壊","区域区分":"土砂災害警戒区域","区域名":"-","所在地":"大田区千鳥三丁目","告示日":"2017/3/13"},"geometry":{"type":"Polygon","coordinates":[[[139.68675802332834,35.573270755814015],[139.6865241573769,35.57325165466164],[139.68647856479285,35.57344292049181],[139.6867175224231,35.5734778426181],[139.68675802332834,35.573270755814015]]]}},{"type":"Feature","properties":{"現象の種類":"急傾斜地の崩壊","区域区分":"土砂災害警戒区域","区域名":"-","所在地":"大田区千鳥三丁目","告示日":"2017/3/13"},"geometry":{"type":"Polygon","coordinates":[[[139.68821982998028,35.573285741626435],[139.68826623821465,35.573044750432125],[139.68762517661975,35.57293441781054],[139.68691742954584,35.572943153619285],[139.68692524062055,35.573187328547796],[139.68821982998028,35.573285741626435]]]}},{"type":"Feature","properties":{"現象の種類":"急傾斜地の崩壊","区域区分":"土砂災害警戒区域","区域名":"-","所在地":"練馬区大泉町一丁目","告示日":"2017/3/13"},"geometry":{"type":"Polygon","coordinates":[[[139.6100543514717,35.765965226324454],[139.60954343961615,35.76573649043405],[139.60928583697165,35.76569501675463],[139.60908101988778,35.765785023805485],[139.60915511603656,35.76597202126046],[139.60941973184205,35.7659668795839],[139.60979492639098,35.76618475761837],[139.60994068711724,35.7662057542471],[139.6100543514717,35.765965226324454]]]}},{"type":"Feature","properties":{"現象の種類":"急傾斜地の崩壊","区域区分":"土砂災害警戒区域","区域名":"-","所在地":"練馬区桜台六丁目","告示日":"2017/3/13"},"geometry":{"type":"Polygon","coordinates":[[[139.65875132477245,35.748872909252775],[139.6589364815239,35.748652027325676],[139.65874161144242,35.74845943528577],[139.65841941951243,35.74865980405406],[139.65841542676714,35.748848211527076],[139.65875132477245,35.748872909252775]]]}},{"type":"Feature","properties":{"現象の種類":"急傾斜地の崩壊","区域区分":"土砂災害警戒区域","区域名":"-","所在地":"練馬区桜台六丁目","告示日":"2017/3/13"},"geometry":{"type":"Polygon","coordinates":[[[139.65872351295386,35.74910287132485],[139.65875607639512,35.74895094137247],[139.65826127999563,35.74901706532582],[139.65811287445078,35.74867885748543],[139.65770475035336,35.74846553897718],[139.65705663465633,35.748275500975176],[139.65670200958124,35.7483985782918],[139.6577553638477,35.74880205531266],[139.65799558043702,35.749213665069924],[139.6583236842303,35.74926344889328],[139.65858603468692,35.749217979233116],[139.65872351295386,35.74910287132485]]]}},{"type":"Feature","properties":{"現象の種類":"急傾斜地の崩壊","区域区分":"土砂災害警戒区域","区域名":"-","所在地":"練馬区南田中三丁目","告示日":"2017/3/13"},"geometry":{"type":"Polygon","coordinates":[[[139.61569866732293,35.73817683696746],[139.61562309702856,35.738398041146496],[139.61599012113763,35.73856031764487],[139.61618556889542,35.73840484678662],[139.61569866732293,35.73817683696746]]]}},{"type":"Feature","properties":{"現象の種類":"急傾斜地の崩壊","区域区分":"土砂災害警戒区域","区域名":"-","所在地":"練馬区南田中五丁目","告示日":"2017/3/13"},"geometry":{"type":"Polygon","coordinates":[[[139.612343157614,35.738505043488594],[139.61218116709327,35.73840955397186],[139.61197158780732,35.73860134567468],[139.61207846545116,35.73864434381269],[139.612343157614,35.738505043488594]]]}},{"type":"Feature","properties":{"現象の種類":"急傾斜地の崩壊","区域区分":"土砂災害警戒区域","区域名":"-","所在地":"練馬区南田中五丁目","告示日":"2017/3/13"},"geometry":{"type":"Polygon","coordinates":[[[139.61189364146531,35.738576805262824],[139.61190429826328,35.738320958848014],[139.6112243055019,35.738426918437675],[139.61125689530894,35.73867426620496],[139.61189364146531,35.738576805262824]]]}},{"type":"Feature","properties":{"現象の種類":"急傾斜地の崩壊","区域区分":"土砂災害警戒区域","区域名":"-","所在地":"荒川区西日暮里四丁目、西日暮里五丁目","告示日":"2018/1/30"},"geometry":{"type":"Polygon","coordinates":[[[139.76586314006968,35.73314372386651],[139.7660037532472,35.73293868571563],[139.76573282998365,35.73276636489071],[139.76561189172202,35.733019240248616],[139.76586314006968,35.73314372386651]]]}},{"type":"Feature","properties":{"現象の種類":"急傾斜地の崩壊","区域区分":"土砂災害警戒区域","区域名":"-","所在地":"荒川区西日暮里四丁目、西日暮里五丁目","告示日":"2018/1/30"},"geometry":{"type":"Polygon","coordinates":[[[139.7659694159362,35.73243851714134],[139.76621511409644,35.732560495725245],[139.76640126472992,35.73225741384111],[139.76660243849415,35.73236433504417],[139.76670175742072,35.73221968156228],[139.76611849801523,35.73220039569849],[139.7659694159362,35.73243851714134]]]}},{"type":"Feature","properties":{"現象の種類":"急傾斜地の崩壊","区域区分":"土砂災害警戒区域","区域名":"-","所在地":"荒川区西日暮里三丁目、西日暮里四丁目、西日暮里五丁目","告示日":"2018/1/30"},"geometry":{"type":"Polygon","coordinates":[[[139.76633177746473,35.73212002474941],[139.76655779516682,35.73206516328133],[139.76658536188168,35.731962359219466],[139.76648607423897,35.731764341936405],[139.766323703903,35.73179646268922],[139.76633177746473,35.73212002474941]]]}},{"type":"Feature","properties":{"現象の種類":"急傾斜地の崩壊","区域区分":"土砂災害警戒区域","区域名":"-","所在地":"荒川区西日暮里三丁目","告示日":"2018/1/30"},"geometry":{"type":"Polygon","coordinates":[[[139.7665124426144,35.731082543756486],[139.76620077440768,35.7309232445024],[139.76600402856775,35.731269830489765],[139.76638470393354,35.73138158295511],[139.7665124426144,35.731082543756486]]]}},{"type":"Feature","properties":{"現象の種類":"急傾斜地の崩壊","区域区分":"土砂災害警戒区域","区域名":"-","所在地":"世田谷区池尻四丁目","告示日":"2018/1/30"},"geometry":{"type":"Polygon","coordinates":[[[139.68024998238272,35.652332692223276],[139.6800062037053,35.65219761352831],[139.6799964071455,35.65265256899671],[139.68024998238272,35.652332692223276]]]}},{"type":"Feature","properties":{"現象の種類":"急傾斜地の崩壊","区域区分":"土砂災害警戒区域","区域名":"-","所在地":"荒川区西日暮里三丁目","告示日":"2018/1/30"},"geometry":{"type":"Polygon","coordinates":[[[139.7665339534532,35.73098848332895],[139.76696789193403,35.730145765823],[139.76694882121743,35.73006399707694],[139.76660969903432,35.729959454938154],[139.76653306856588,35.72999594981898],[139.76660663371507,35.73012042991214],[139.76653972303092,35.73014912951839],[139.7666351063508,35.730182511989575],[139.7666281975358,35.730303483539025],[139.7665118229443,35.73051919859665],[139.76635590229353,35.73054618936955],[139.76627943509902,35.730903019634134],[139.7665339534532,35.73098848332895]]]}},{"type":"Feature","properties":{"現象の種類":"急傾斜地の崩壊","区域区分":"土砂災害警戒区域","区域名":"-","所在地":"杉並区高井戸東一丁目、高井戸東二丁目","告示日":"2018/1/30"},"geometry":{"type":"Polygon","coordinates":[[[139.6190416292799,35.680751407278244],[139.61884529480324,35.68100914477389],[139.61866590055698,35.681439901701694],[139.61900486329546,35.681380739007324],[139.61927241763627,35.68089929617524],[139.6190416292799,35.680751407278244]]]}},{"type":"Feature","properties":{"現象の種類":"急傾斜地の崩壊","区域区分":"土砂災害警戒区域","区域名":"-","所在地":"杉並区高井戸東一丁目","告示日":"2018/1/30"},"geometry":{"type":"Polygon","coordinates":[[[139.6198233331427,35.68053257013537],[139.61970617060848,35.68031862686167],[139.61923934351924,35.68055659359694],[139.61947022930218,35.680702048358775],[139.6198233331427,35.68053257013537]]]}},{"type":"Feature","properties":{"現象の種類":"急傾斜地の崩壊","区域区分":"土砂災害警戒区域","区域名":"-","所在地":"杉並区堀ノ内一丁目","告示日":"2018/1/30"},"geometry":{"type":"Polygon","coordinates":[[[139.65005037139412,35.683938414293074],[139.65039389546422,35.68383175353603],[139.65040450660786,35.68357458397504],[139.65004429407958,35.68368698868789],[139.6496323579256,35.683663463840496],[139.64956391626893,35.683864113861276],[139.65005037139412,35.683938414293074]]]}},{"type":"Feature","properties":{"現象の種類":"急傾斜地の崩壊","区域区分":"土砂災害警戒区域","区域名":"-","所在地":"杉並区和泉四丁目","告示日":"2018/1/30"},"geometry":{"type":"Polygon","coordinates":[[[139.65425723019646,35.68038660304793],[139.65433762837463,35.680374733216254],[139.65436253057035,35.68011857598874],[139.65431305722868,35.680115437481646],[139.65425723019646,35.68038660304793]]]}},{"type":"Feature","properties":{"現象の種類":"急傾斜地の崩壊","区域区分":"土砂災害警戒区域","区域名":"-","所在地":"杉並区久我山二丁目","告示日":"2018/1/30"},"geometry":{"type":"Polygon","coordinates":[[[139.60080759669438,35.68680762954087],[139.6007332800678,35.68654038467076],[139.6002772686975,35.68669383197451],[139.60036887037774,35.686939565777365],[139.60080759669438,35.68680762954087]]]}},{"type":"Feature","properties":{"現象の種類":"急傾斜地の崩壊","区域区分":"土砂災害警戒区域","区域名":"-","所在地":"世田谷区代田四丁目","告示日":"2018/1/30"},"geometry":{"type":"Polygon","coordinates":[[[139.65466087360494,35.65750645324667],[139.65454712622596,35.65745012341579],[139.6542868586538,35.65749084337546],[139.65435411582857,35.657764717048146],[139.65470136324814,35.65773305045634],[139.65466087360494,35.65750645324667]]]}},{"type":"Feature","properties":{"現象の種類":"急傾斜地の崩壊","区域区分":"土砂災害警戒区域","区域名":"-","所在地":"世田谷区北沢一丁目、目黒区駒場四丁目","告示日":"2018/1/30"},"geometry":{"type":"Polygon","coordinates":[[[139.676543254455,35.66123057659931],[139.6762088250861,35.66117983920914],[139.67606250272524,35.66165039100357],[139.6764018718621,35.6616917600445],[139.676543254455,35.66123057659931]]]}},{"type":"Feature","properties":{"現象の種類":"急傾斜地の崩壊","区域区分":"土砂災害警戒区域","区域名":"-","所在地":"世田谷区池尻四丁目","告示日":"2018/1/30"},"geometry":{"type":"Polygon","coordinates":[[[139.6789186839821,35.652465040135205],[139.6789292238489,35.6526210065921],[139.6793140393032,35.65269541921072],[139.6792412963873,35.652626995336576],[139.67939173452407,35.65250918632793],[139.67908006799263,35.65229225635561],[139.6789186839821,35.652465040135205]]]}},{"type":"Feature","properties":{"現象の種類":"急傾斜地の崩壊","区域区分":"土砂災害警戒区域","区域名":"-","所在地":"世田谷区池尻四丁目","告示日":"2018/1/30"},"geometry":{"type":"Polygon","coordinates":[[[139.68114727312297,35.652413158053285],[139.68037238532173,35.65234600908895],[139.68031567446678,35.65270724307097],[139.6811303594623,35.65273369661344],[139.68114727312297,35.652413158053285]]]}},{"type":"Feature","properties":{"現象の種類":"急傾斜地の崩壊","区域区分":"土砂災害警戒区域","区域名":"-","所在地":"世田谷区桜一丁目、宮坂一丁目","告示日":"2018/1/30"},"geometry":{"type":"Polygon","coordinates":[[[139.63800837128966,35.646468882671115],[139.63796195170966,35.64626778127101],[139.63765533309328,35.64631524132784],[139.63720319464574,35.64653455289891],[139.63738060017187,35.64669593296969],[139.6375912514501,35.64655916306896],[139.63800837128966,35.646468882671115]]]}},{"type":"Feature","properties":{"現象の種類":"急傾斜地の崩壊","区域区分":"土砂災害警戒区域","区域名":"-","所在地":"世田谷区成城四丁目","告示日":"2018/1/30"},"geometry":{"type":"Polygon","coordinates":[[[139.59263820658387,35.63902578328088],[139.5929035740208,35.63909716820395],[139.59309209078003,35.638827736567045],[139.59299582948336,35.638703683574015],[139.59264890750353,35.63882856463956],[139.59263820658387,35.63902578328088]]]}},{"type":"Feature","properties":{"現象の種類":"急傾斜地の崩壊","区域区分":"土砂災害警戒区域","区域名":"-","所在地":"世田谷区成城三丁目","告示日":"2018/1/30"},"geometry":{"type":"Polygon","coordinates":[[[139.59389805188442,35.63784377207287],[139.59335871813948,35.63777689204609],[139.59368496026224,35.638048611401196],[139.59388927533885,35.63794652138779],[139.59389805188442,35.63784377207287]]]}},{"type":"Feature","properties":{"現象の種類":"急傾斜地の崩壊","区域区分":"土砂災害警戒区域","区域名":"-","所在地":"世田谷区成城三丁目","告示日":"2018/1/30"},"geometry":{"type":"Polygon","coordinates":[[[139.59350461213805,35.63759716047657],[139.59362818972528,35.63760119259532],[139.5937849159711,35.6376061919753],[139.59351032903746,35.63754317423377],[139.59350461213805,35.63759716047657]]]}},{"type":"Feature","properties":{"現象の種類":"急傾斜地の崩壊","区域区分":"土砂災害警戒区域","区域名":"-","所在地":"世田谷区成城三丁目","告示日":"2018/1/30"},"geometry":{"type":"Polygon","coordinates":[[[139.59354965515917,35.637427414544135],[139.5938311252661,35.63741165802687],[139.59383243376357,35.63736992289693],[139.59354965515917,35.637427414544135]]]}},{"type":"Feature","properties":{"現象の種類":"急傾斜地の崩壊","区域区分":"土砂災害警戒区域","区域名":"-","所在地":"世田谷区成城三丁目","告示日":"2018/1/30"},"geometry":{"type":"Polygon","coordinates":[[[139.59669982277396,35.63543293684548],[139.59692560590926,35.635366762025036],[139.5968466192299,35.63515927043557],[139.5965479528917,35.63523404606469],[139.59669982277396,35.63543293684548]]]}},{"type":"Feature","properties":{"現象の種類":"急傾斜地の崩壊","区域区分":"土砂災害警戒区域","区域名":"-","所在地":"世田谷区成城三丁目","告示日":"2018/1/30"},"geometry":{"type":"Polygon","coordinates":[[[139.59904075446636,35.63437649021055],[139.59869765653903,35.63432434885846],[139.59831450588493,35.63454590283748],[139.5984739034571,35.634725424633444],[139.59904075446636,35.63437649021055]]]}},{"type":"Feature","properties":{"現象の種類":"急傾斜地の崩壊","区域区分":"土砂災害警戒区域","区域名":"-","所在地":"世田谷区成城一丁目、成城三丁目","告示日":"2018/1/30"},"geometry":{"type":"Polygon","coordinates":[[[139.5999559930664,35.63344858746467],[139.60008089073781,35.633999263018175],[139.60032473686047,35.633982877559056],[139.60019951304622,35.63341849937572],[139.5999559930664,35.63344858746467]]]}},{"type":"Feature","properties":{"現象の種類":"急傾斜地の崩壊","区域区分":"土砂災害警戒区域","区域名":"-","所在地":"世田谷区成城一丁目","告示日":"2018/1/30"},"geometry":{"type":"Polygon","coordinates":[[[139.60074011730924,35.632975843975146],[139.60103327668483,35.63291159440742],[139.60127742679933,35.63291485950553],[139.6011321377991,35.63261096655913],[139.600660333126,35.632789537647554],[139.60074011730924,35.632975843975146]]]}},{"type":"Feature","properties":{"現象の種類":"急傾斜地の崩壊","区域区分":"土砂災害警戒区域","区域名":"-","所在地":"世田谷区成城一丁目","告示日":"2018/1/30"},"geometry":{"type":"Polygon","coordinates":[[[139.60148848848263,35.63242387800345],[139.6014116691288,35.63221963873023],[139.60105243010196,35.63230359403955],[139.60113571428397,35.63250793614494],[139.60148848848263,35.63242387800345]]]}},{"type":"Feature","properties":{"現象の種類":"急傾斜地の崩壊","区域区分":"土砂災害警戒区域","区域名":"-","所在地":"世田谷区大蔵三丁目","告示日":"2018/1/30"},"geometry":{"type":"Polygon","coordinates":[[[139.60870249765307,35.63382093222168],[139.60837520848818,35.63368329899052],[139.60824400892548,35.63386605104975],[139.60857695208156,35.63400117108488],[139.60870249765307,35.63382093222168]]]}},{"type":"Feature","properties":{"現象の種類":"急傾斜地の崩壊","区域区分":"土砂災害警戒区域","区域名":"-","所在地":"世田谷区大蔵三丁目","告示日":"2018/1/30"},"geometry":{"type":"Polygon","coordinates":[[[139.60882180999707,35.6338829049107],[139.60875833020953,35.63385141564785],[139.60864071799577,35.634028063511465],[139.60870480334253,35.634071002553576],[139.60882180999707,35.6338829049107]]]}},{"type":"Feature","properties":{"現象の種類":"急傾斜地の崩壊","区域区分":"土砂災害警戒区域","区域名":"-","所在地":"中野区上高田五丁目","告示日":"2018/1/30"},"geometry":{"type":"Polygon","coordinates":[[[139.67620545346057,35.71780120124656],[139.67626796179778,35.71755594162351],[139.6759815840806,35.71762739208392],[139.67620545346057,35.71780120124656]]]}},{"type":"Feature","properties":{"現象の種類":"急傾斜地の崩壊","区域区分":"土砂災害警戒区域","区域名":"-","所在地":"世田谷区大蔵三丁目","告示日":"2018/1/30"},"geometry":{"type":"Polygon","coordinates":[[[139.60828844051645,35.63335022635879],[139.6079617246434,35.63326884441015],[139.60781723503334,35.633481680041875],[139.6082264549269,35.63363055592288],[139.60828844051645,35.63335022635879]]]}},{"type":"Feature","properties":{"現象の種類":"急傾斜地の崩壊","区域区分":"土砂災害警戒区域","区域名":"-","所在地":"世田谷区喜多見六丁目","告示日":"2018/1/30"},"geometry":{"type":"Polygon","coordinates":[[[139.60468964673686,35.631604886385965],[139.6045540343625,35.63154477171278],[139.604410038593,35.6317100970956],[139.604533992051,35.631771001104255],[139.60468964673686,35.631604886385965]]]}},{"type":"Feature","properties":{"現象の種類":"急傾斜地の崩壊","区域区分":"土砂災害警戒区域","区域名":"-","所在地":"世田谷区喜多見六丁目","告示日":"2018/1/30"},"geometry":{"type":"Polygon","coordinates":[[[139.60464874374608,35.631161829332044],[139.60519692184275,35.630667784614374],[139.60505634459156,35.630528602692124],[139.60443776576335,35.63099249428404],[139.60464874374608,35.631161829332044]]]}},{"type":"Feature","properties":{"現象の種類":"急傾斜地の崩壊","区域区分":"土砂災害警戒区域","区域名":"-","所在地":"世田谷区瀬田四丁目","告示日":"2018/1/30"},"geometry":{"type":"Polygon","coordinates":[[[139.62537129561628,35.619860033113035],[139.62543632131192,35.620207209786905],[139.62581280535187,35.62007876888435],[139.6256446448713,35.6197542217597],[139.62537129561628,35.619860033113035]]]}},{"type":"Feature","properties":{"現象の種類":"急傾斜地の崩壊","区域区分":"土砂災害警戒区域","区域名":"-","所在地":"世田谷区喜多見六丁目","告示日":"2018/1/30"},"geometry":{"type":"Polygon","coordinates":[[[139.6049903660116,35.6311851040978],[139.6047792251478,35.63097673594406],[139.60438021984595,35.63137253231326],[139.60456916377052,35.63154056356332],[139.6049903660116,35.6311851040978]]]}},{"type":"Feature","properties":{"現象の種類":"急傾斜地の崩壊","区域区分":"土砂災害警戒区域","区域名":"-","所在地":"世田谷区大蔵六丁目","告示日":"2018/1/30"},"geometry":{"type":"Polygon","coordinates":[[[139.60962945967177,35.62550466516287],[139.60975703478633,35.62573459525686],[139.6098640854984,35.6256829596365],[139.60975587616133,35.625431159994214],[139.60962945967177,35.62550466516287]]]}},{"type":"Feature","properties":{"現象の種類":"急傾斜地の崩壊","区域区分":"土砂災害警戒区域","区域名":"-","所在地":"世田谷区大蔵六丁目","告示日":"2018/1/30"},"geometry":{"type":"Polygon","coordinates":[[[139.60997526250776,35.625359089140986],[139.61012121442118,35.625562910440124],[139.61018949415887,35.625536173269495],[139.6100532577731,35.62530965313963],[139.60997526250776,35.625359089140986]]]}},{"type":"Feature","properties":{"現象の種類":"急傾斜地の崩壊","区域区分":"土砂災害警戒区域","区域名":"-","所在地":"世田谷区岡本三丁目","告示日":"2018/1/30"},"geometry":{"type":"Polygon","coordinates":[[[139.61326742735312,35.627881677103325],[139.61266785506047,35.62778322219175],[139.6129562436935,35.62788741851871],[139.61303594733843,35.62814493245843],[139.61324196196608,35.62803587119242],[139.61326742735312,35.627881677103325]]]}},{"type":"Feature","properties":{"現象の種類":"急傾斜地の崩壊","区域区分":"土砂災害警戒区域","区域名":"-","所在地":"世田谷区岡本三丁目","告示日":"2018/1/30"},"geometry":{"type":"Polygon","coordinates":[[[139.6134870243753,35.62670278178936],[139.61350403801654,35.62644219933087],[139.61305338130148,35.626569834926876],[139.61284845337525,35.62651654406526],[139.61281251420098,35.62663799575375],[139.61290346611722,35.6266122000125],[139.6128624643358,35.6267202106244],[139.61339126283852,35.626855495444275],[139.6134870243753,35.62670278178936]]]}},{"type":"Feature","properties":{"現象の種類":"急傾斜地の崩壊","区域区分":"土砂災害警戒区域","区域名":"-","所在地":"世田谷区岡本三丁目","告示日":"2018/1/30"},"geometry":{"type":"Polygon","coordinates":[[[139.61302204534468,35.62657356377955],[139.61353423281153,35.62648940103881],[139.61349805402259,35.626299576658816],[139.61325182865187,35.62622998474837],[139.61304755289245,35.62637078081711],[139.61302204534468,35.62657356377955]]]}},{"type":"Feature","properties":{"現象の種類":"急傾斜地の崩壊","区域区分":"土砂災害警戒区域","区域名":"-","所在地":"世田谷区岡本三丁目","告示日":"2018/1/30"},"geometry":{"type":"Polygon","coordinates":[[[139.61539806345257,35.624091103663005],[139.615470864667,35.62367205394605],[139.61522346204887,35.62373651181825],[139.615133739122,35.62404879724036],[139.61539806345257,35.624091103663005]]]}},{"type":"Feature","properties":{"現象の種類":"急傾斜地の崩壊","区域区分":"土砂災害警戒区域","区域名":"-","所在地":"世田谷区岡本一丁目","告示日":"2018/1/30"},"geometry":{"type":"Polygon","coordinates":[[[139.6185214559388,35.62527438739965],[139.61859676423177,35.62534240198158],[139.61900614488326,35.62525244356579],[139.6188352127098,35.625187774740375],[139.6185214559388,35.62527438739965]]]}},{"type":"Feature","properties":{"現象の種類":"急傾斜地の崩壊","区域区分":"土砂災害警戒区域","区域名":"-","所在地":"世田谷区岡本一丁目","告示日":"2018/1/30"},"geometry":{"type":"Polygon","coordinates":[[[139.61983655329556,35.62476649573142],[139.61983048986494,35.624649564935865],[139.61952142166348,35.62465226210146],[139.61952593455825,35.624804167013316],[139.61983655329556,35.62476649573142]]]}},{"type":"Feature","properties":{"現象の種類":"急傾斜地の崩壊","区域区分":"土砂災害警戒区域","区域名":"-","所在地":"世田谷区岡本一丁目","告示日":"2018/1/30"},"geometry":{"type":"Polygon","coordinates":[[[139.6198412951451,35.62421588910442],[139.6196597508281,35.62399912542183],[139.619509442173,35.624123982145946],[139.6198412951451,35.62421588910442]]]}},{"type":"Feature","properties":{"現象の種類":"急傾斜地の崩壊","区域区分":"土砂災害警戒区域","区域名":"-","所在地":"世田谷区岡本一丁目","告示日":"2018/1/30"},"geometry":{"type":"Polygon","coordinates":[[[139.62056261260457,35.6235181688437],[139.620202242921,35.62353565133286],[139.61989119315092,35.62380590089905],[139.62011763770857,35.623985603335335],[139.62040723659305,35.62387226041923],[139.62061968739724,35.6237662627809],[139.62056261260457,35.6235181688437]]]}},{"type":"Feature","properties":{"現象の種類":"急傾斜地の崩壊","区域区分":"土砂災害警戒区域","区域名":"-","所在地":"世田谷区岡本二丁目","告示日":"2018/1/30"},"geometry":{"type":"Polygon","coordinates":[[[139.61848093863273,35.62265141144048],[139.6188191175716,35.62248587392973],[139.61869919331784,35.62224740297799],[139.61846302532223,35.62219947477727],[139.618110289199,35.622292687749884],[139.61809877578008,35.622375602020036],[139.61848093863273,35.62265141144048]]]}},{"type":"Feature","properties":{"現象の種類":"急傾斜地の崩壊","区域区分":"土砂災害警戒区域","区域名":"-","所在地":"世田谷区瀬田四丁目","告示日":"2018/1/30"},"geometry":{"type":"Polygon","coordinates":[[[139.6254289872295,35.620261555536345],[139.62544241499288,35.62056176690313],[139.62581587278584,35.62047749261629],[139.6258050982153,35.62020712438249],[139.6254289872295,35.620261555536345]]]}},{"type":"Feature","properties":{"現象の種類":"急傾斜地の崩壊","区域区分":"土砂災害警戒区域","区域名":"-","所在地":"世田谷区瀬田四丁目","告示日":"2018/1/30"},"geometry":{"type":"Polygon","coordinates":[[[139.62599529547762,35.619720479834434],[139.6259495340293,35.61949359218364],[139.62579506695334,35.619543357582316],[139.62583651952295,35.6197461687221],[139.62599529547762,35.619720479834434]]]}},{"type":"Feature","properties":{"現象の種類":"急傾斜地の崩壊","区域区分":"土砂災害警戒区域","区域名":"-","所在地":"世田谷区瀬田四丁目","告示日":"2018/1/30"},"geometry":{"type":"Polygon","coordinates":[[[139.62675309401502,35.619883774997554],[139.626972469544,35.619804100740346],[139.62682737343198,35.61964438276942],[139.62666618592914,35.61968737676894],[139.62675309401502,35.619883774997554]]]}},{"type":"Feature","properties":{"現象の種類":"急傾斜地の崩壊","区域区分":"土砂災害警戒区域","区域名":"-","所在地":"世田谷区瀬田四丁目","告示日":"2018/1/30"},"geometry":{"type":"Polygon","coordinates":[[[139.62751606418672,35.61962906436163],[139.62736706399917,35.61939361720151],[139.62723175848768,35.61946370018979],[139.6273736954097,35.6196838105147],[139.62751606418672,35.61962906436163]]]}},{"type":"Feature","properties":{"現象の種類":"急傾斜地の崩壊","区域区分":"土砂災害警戒区域","区域名":"-","所在地":"世田谷区瀬田四丁目","告示日":"2018/1/30"},"geometry":{"type":"Polygon","coordinates":[[[139.62823799396696,35.6189345437621],[139.6280307664518,35.61889398543401],[139.62797095421658,35.61913917248482],[139.62823711992016,35.61941953113976],[139.6282718300975,35.6195550805974],[139.62855536062804,35.619561151916315],[139.62858815343702,35.619413186888536],[139.628496521879,35.61913934597651],[139.62823799396696,35.6189345437621]]]}},{"type":"Feature","properties":{"現象の種類":"急傾斜地の崩壊","区域区分":"土砂災害警戒区域","区域名":"-","所在地":"世田谷区瀬田一丁目","告示日":"2018/1/30"},"geometry":{"type":"Polygon","coordinates":[[[139.63062110767598,35.614302063057785],[139.63011783216407,35.61414030343814],[139.63008226324604,35.614199920564715],[139.63035536339765,35.614362825297086],[139.6306101382678,35.61439147013492],[139.63062110767598,35.614302063057785]]]}},{"type":"Feature","properties":{"現象の種類":"急傾斜地の崩壊","区域区分":"土砂災害警戒区域","区域名":"-","所在地":"世田谷区瀬田一丁目","告示日":"2018/1/30"},"geometry":{"type":"Polygon","coordinates":[[[139.6324408554912,35.613158534697845],[139.63228517809515,35.61293435057125],[139.6317636159426,35.61309574330819],[139.63197803497474,35.61342225266166],[139.6324408554912,35.613158534697845]]]}},{"type":"Feature","properties":{"現象の種類":"急傾斜地の崩壊","区域区分":"土砂災害警戒区域","区域名":"-","所在地":"世田谷区瀬田一丁目","告示日":"2018/1/30"},"geometry":{"type":"Polygon","coordinates":[[[139.63304087802229,35.61300592356308],[139.63256419536924,35.61287910511844],[139.6324512876912,35.612955361364314],[139.63240834199834,35.61319868592552],[139.6326062840826,35.613306560878826],[139.6330187645834,35.61311099788931],[139.63304087802229,35.61300592356308]]]}},{"type":"Feature","properties":{"現象の種類":"急傾斜地の崩壊","区域区分":"土砂災害警戒区域","区域名":"-","所在地":"世田谷区瀬田一丁目","告示日":"2018/1/30"},"geometry":{"type":"Polygon","coordinates":[[[139.63293739914292,35.61291587521873],[139.63277133425646,35.61269455912921],[139.63261721855503,35.61268348489767],[139.6328119436894,35.61283958266408],[139.63293739914292,35.61291587521873]]]}},{"type":"Feature","properties":{"現象の種類":"急傾斜地の崩壊","区域区分":"土砂災害警戒区域","区域名":"-","所在地":"世田谷区上野毛三丁目","告示日":"2018/1/30"},"geometry":{"type":"Polygon","coordinates":[[[139.63499929441866,35.61294119241568],[139.63474204695916,35.61288271421208],[139.63467202008138,35.613071366037744],[139.63492572435965,35.61312695386027],[139.63499929441866,35.61294119241568]]]}},{"type":"Feature","properties":{"現象の種類":"急傾斜地の崩壊","区域区分":"土砂災害警戒区域","区域名":"-","所在地":"世田谷区上野毛三丁目","告示日":"2018/1/30"},"geometry":{"type":"Polygon","coordinates":[[[139.6350998823517,35.61261710012794],[139.63486311273377,35.61256217159177],[139.63477253495665,35.61285112295264],[139.6350684424189,35.612739377524505],[139.6350998823517,35.61261710012794]]]}},{"type":"Feature","properties":{"現象の種類":"急傾斜地の崩壊","区域区分":"土砂災害警戒区域","区域名":"-","所在地":"世田谷区尾山台二丁目","告示日":"2018/1/30"},"geometry":{"type":"Polygon","coordinates":[[[139.6550193164854,35.60035192165148],[139.65506914682376,35.60021298876273],[139.65468809722492,35.60020575362777],[139.6547709641135,35.60052166122825],[139.65485900743903,35.60051548136339],[139.65488738592714,35.60036227356351],[139.6550193164854,35.60035192165148]]]}},{"type":"Feature","properties":{"現象の種類":"急傾斜地の崩壊","区域区分":"土砂災害警戒区域","区域名":"-","所在地":"世田谷区上野毛三丁目、上野毛二丁目","告示日":"2018/1/30"},"geometry":{"type":"Polygon","coordinates":[[[139.63606845399525,35.61042514863753],[139.63562428999873,35.610925276136655],[139.63580004088251,35.61098587256411],[139.63608003469733,35.61089997063761],[139.63624745252008,35.61068326131099],[139.6365040313343,35.610863613652796],[139.63665106366872,35.610717275089826],[139.636471914088,35.610557422751924],[139.63606845399525,35.61042514863753]]]}},{"type":"Feature","properties":{"現象の種類":"急傾斜地の崩壊","区域区分":"土砂災害警戒区域","区域名":"-","所在地":"世田谷区上野毛二丁目、上野毛三丁目","告示日":"2018/1/30"},"geometry":{"type":"Polygon","coordinates":[[[139.63596411450465,35.610611311158785],[139.63615117625793,35.61055175995607],[139.63640636750668,35.61066648338899],[139.63658792268552,35.61047602939384],[139.63597113092368,35.61023820515273],[139.63580015464274,35.610384052914],[139.63596411450465,35.610611311158785]]]}},{"type":"Feature","properties":{"現象の種類":"急傾斜地の崩壊","区域区分":"土砂災害警戒区域","区域名":"-","所在地":"世田谷区上野毛二丁目","告示日":"2018/1/30"},"geometry":{"type":"Polygon","coordinates":[[[139.63660232999217,35.6089794359798],[139.63717482410047,35.609234763549125],[139.6371910150973,35.60920350896743],[139.6371079891073,35.60916388949728],[139.63720506760023,35.60904126760797],[139.63677594863265,35.608905348201475],[139.636722933167,35.60899135190338],[139.63660232999217,35.6089794359798]]]}},{"type":"Feature","properties":{"現象の種類":"急傾斜地の崩壊","区域区分":"土砂災害警戒区域","区域名":"-","所在地":"世田谷区上野毛二丁目","告示日":"2018/1/30"},"geometry":{"type":"Polygon","coordinates":[[[139.6373702178285,35.607660847791124],[139.63688174010807,35.60767663943739],[139.63709591818247,35.60784348958783],[139.63699855956816,35.60800676717164],[139.63682339095598,35.6080826556937],[139.637472441996,35.608078213448245],[139.6373702178285,35.607660847791124]]]}},{"type":"Feature","properties":{"現象の種類":"急傾斜地の崩壊","区域区分":"土砂災害警戒区域","区域名":"-","所在地":"世田谷区野毛三丁目、上野毛二丁目","告示日":"2018/1/30"},"geometry":{"type":"Polygon","coordinates":[[[139.63746482973423,35.60709253575238],[139.63712038414596,35.60703310950816],[139.63726892710542,35.6072717896415],[139.63751605547228,35.60721711177219],[139.63746482973423,35.60709253575238]]]}},{"type":"Feature","properties":{"現象の種類":"急傾斜地の崩壊","区域区分":"土砂災害警戒区域","区域名":"-","所在地":"世田谷区野毛三丁目","告示日":"2018/1/30"},"geometry":{"type":"Polygon","coordinates":[[[139.63856648807513,35.605377024061326],[139.6383761799718,35.60505417087124],[139.63804308676137,35.60519669458372],[139.6384385483307,35.605464349804116],[139.63856648807513,35.605377024061326]]]}},{"type":"Feature","properties":{"現象の種類":"急傾斜地の崩壊","区域区分":"土砂災害警戒区域","区域名":"-","所在地":"世田谷区野毛二丁目","告示日":"2018/1/30"},"geometry":{"type":"Polygon","coordinates":[[[139.63912769365123,35.60490835482161],[139.63895634171317,35.60472724394193],[139.63873870827643,35.60474852794716],[139.63906038679443,35.605033460321735],[139.63912769365123,35.60490835482161]]]}},{"type":"Feature","properties":{"現象の種類":"急傾斜地の崩壊","区域区分":"土砂災害警戒区域","区域名":"-","所在地":"世田谷区野毛二丁目","告示日":"2018/1/30"},"geometry":{"type":"Polygon","coordinates":[[[139.63980409532886,35.604574547401555],[139.63971526244242,35.60433930166814],[139.63952278921573,35.60438487702356],[139.63962328227106,35.604616896353065],[139.63980409532886,35.604574547401555]]]}},{"type":"Feature","properties":{"現象の種類":"急傾斜地の崩壊","区域区分":"土砂災害警戒区域","区域名":"-","所在地":"世田谷区野毛二丁目","告示日":"2018/1/30"},"geometry":{"type":"Polygon","coordinates":[[[139.6410463220165,35.603999866425475],[139.6406970528512,35.603906277026354],[139.64044240871064,35.604252754877976],[139.64047980887636,35.604335479420904],[139.64038607291425,35.60458710958408],[139.64068521309645,35.6046299572086],[139.6407884091325,35.60457125623428],[139.6407915330688,35.60433129025232],[139.6410463220165,35.603999866425475]]]}},{"type":"Feature","properties":{"現象の種類":"急傾斜地の崩壊","区域区分":"土砂災害警戒区域","区域名":"-","所在地":"世田谷区野毛二丁目","告示日":"2018/1/30"},"geometry":{"type":"Polygon","coordinates":[[[139.64164935751413,35.60323548009185],[139.64140567076367,35.60299890736831],[139.64151695774717,35.60290569237475],[139.64134924712496,35.60276227203522],[139.64111847236717,35.603104011630386],[139.6410181568667,35.603101147174556],[139.6415391800094,35.60343588161931],[139.64164935751413,35.60323548009185]]]}},{"type":"Feature","properties":{"現象の種類":"急傾斜地の崩壊","区域区分":"土砂災害警戒区域","区域名":"-","所在地":"世田谷区等々力一丁目","告示日":"2018/1/30"},"geometry":{"type":"Polygon","coordinates":[[[139.65002917371098,35.6024893006987],[139.64980490995674,35.60250780007107],[139.64961231486046,35.60265093034656],[139.64975299419316,35.60287759378068],[139.650034535291,35.602812846130185],[139.64998094262546,35.60268096981449],[139.65008598175655,35.60264831610784],[139.65002917371098,35.6024893006987]]]}},{"type":"Feature","properties":{"現象の種類":"急傾斜地の崩壊","区域区分":"土砂災害警戒区域","区域名":"-","所在地":"世田谷区尾山台一丁目","告示日":"2018/1/30"},"geometry":{"type":"Polygon","coordinates":[[[139.6581535687109,35.600408443107405],[139.65805481673934,35.60023251294148],[139.65775212791897,35.60035881894468],[139.65784955579653,35.600515546123916],[139.6581535687109,35.600408443107405]]]}},{"type":"Feature","properties":{"現象の種類":"急傾斜地の崩壊","区域区分":"土砂災害警戒区域","区域名":"-","所在地":"世田谷区尾山台一丁目、玉川田園調布一丁目","告示日":"2018/1/30"},"geometry":{"type":"Polygon","coordinates":[[[139.65818755136982,35.60089735945131],[139.65844888728896,35.600991672108414],[139.658414954819,35.600562613497644],[139.65827733109154,35.60080454838979],[139.65818755136982,35.60089735945131]]]}},{"type":"Feature","properties":{"現象の種類":"急傾斜地の崩壊","区域区分":"土砂災害警戒区域","区域名":"-","所在地":"世田谷区尾山台二丁目、等々力一丁目","告示日":"2018/1/30"},"geometry":{"type":"Polygon","coordinates":[[[139.65106371759487,35.601841902186486],[139.65118759032237,35.60209450087355],[139.651435905227,35.60202726574311],[139.65142604172024,35.60196081256978],[139.65171726509172,35.601718486134395],[139.65139826355977,35.60168474073883],[139.65106371759487,35.601841902186486]]]}},{"type":"Feature","properties":{"現象の種類":"急傾斜地の崩壊","区域区分":"土砂災害警戒区域","区域名":"-","所在地":"世田谷区成城一丁目","告示日":"2018/1/30"},"geometry":{"type":"Polygon","coordinates":[[[139.60299612781313,35.63189148087926],[139.60300679207043,35.63201527226142],[139.60302132789667,35.63218630774823],[139.60314128481392,35.63214813466588],[139.6030737379035,35.631853046592596],[139.60299612781313,35.63189148087926]]]}},{"type":"Feature","properties":{"現象の種類":"急傾斜地の崩壊","区域区分":"土砂災害警戒区域","区域名":"-","所在地":"世田谷区瀬田一丁目","告示日":"2018/1/30"},"geometry":{"type":"Polygon","coordinates":[[[139.63020522054137,35.61483196615039],[139.63034989993236,35.61504775072049],[139.6306125396482,35.61499140046867],[139.63047827296714,35.61472623335051],[139.63020522054137,35.61483196615039]]]}},{"type":"Feature","properties":{"現象の種類":"急傾斜地の崩壊","区域区分":"土砂災害警戒区域","区域名":"-","所在地":"世田谷区上野毛三丁目","告示日":"2018/1/30"},"geometry":{"type":"Polygon","coordinates":[[[139.63525179224393,35.610826945278056],[139.63562717272666,35.61090076094612],[139.63576174781775,35.61085969445703],[139.63557220921112,35.61077843173524],[139.63525179224393,35.610826945278056]]]}},{"type":"Feature","properties":{"現象の種類":"急傾斜地の崩壊","区域区分":"土砂災害警戒区域","区域名":"-","所在地":"中野区上高田四丁目","告示日":"2018/1/30"},"geometry":{"type":"Polygon","coordinates":[[[139.67773792589847,35.71349152034426],[139.67779101654543,35.71363412254317],[139.67810728876864,35.713628101116306],[139.67807018719097,35.71350548366851],[139.67773792589847,35.71349152034426]]]}},{"type":"Feature","properties":{"現象の種類":"急傾斜地の崩壊","区域区分":"土砂災害警戒区域","区域名":"-","所在地":"中野区松が丘二丁目","告示日":"2018/1/30"},"geometry":{"type":"Polygon","coordinates":[[[139.67006670342533,35.72378889924406],[139.67025510911688,35.723764668978674],[139.67075967293388,35.723427075966654],[139.67053023496032,35.7232393589176],[139.66997887330584,35.723651367333545],[139.67006670342533,35.72378889924406]]]}},{"type":"Feature","properties":{"現象の種類":"急傾斜地の崩壊","区域区分":"土砂災害警戒区域","区域名":"-","所在地":"中野区松が丘二丁目","告示日":"2018/1/30"},"geometry":{"type":"Polygon","coordinates":[[[139.67065999459282,35.72281248119301],[139.6705310806565,35.72306172250525],[139.67082713930822,35.72309882915258],[139.67089192263913,35.7229480452242],[139.67065999459282,35.72281248119301]]]}},{"type":"Feature","properties":{"現象の種類":"急傾斜地の崩壊","区域区分":"土砂災害警戒区域","区域名":"-","所在地":"中野区松が丘一丁目","告示日":"2018/1/30"},"geometry":{"type":"Polygon","coordinates":[[[139.67215608779145,35.72035594084699],[139.67231068742532,35.72027858638119],[139.672203131537,35.720080866495834],[139.6719142091051,35.72021937367661],[139.67215608779145,35.72035594084699]]]}},{"type":"Feature","properties":{"現象の種類":"急傾斜地の崩壊","区域区分":"土砂災害警戒区域","区域名":"-","所在地":"中野区松が丘一丁目","告示日":"2018/1/30"},"geometry":{"type":"Polygon","coordinates":[[[139.67262544962367,35.71998194776542],[139.67315505007787,35.719902958546],[139.67321450343982,35.71977131644057],[139.6730563351751,35.719565182925265],[139.67257971636326,35.71984729210148],[139.67262544962367,35.71998194776542]]]}},{"type":"Feature","properties":{"現象の種類":"急傾斜地の崩壊","区域区分":"土砂災害警戒区域","区域名":"-","所在地":"中野区上高田五丁目","告示日":"2018/1/30"},"geometry":{"type":"Polygon","coordinates":[[[139.67707188511162,35.718970755231624],[139.6773772115629,35.71912276001547],[139.67772392086778,35.71878842704238],[139.6774565135178,35.718685787594865],[139.67738349711925,35.71885232592316],[139.67707188511162,35.718970755231624]]]}},{"type":"Feature","properties":{"現象の種類":"急傾斜地の崩壊","区域区分":"土砂災害警戒区域","区域名":"-","所在地":"中野区上高田五丁目","告示日":"2018/1/30"},"geometry":{"type":"Polygon","coordinates":[[[139.67683887355764,35.71866277453104],[139.6768147348641,35.718421895317135],[139.67680360710702,35.71866148433085],[139.67683887355764,35.71866277453104]]]}},{"type":"Feature","properties":{"現象の種類":"急傾斜地の崩壊","区域区分":"土砂災害警戒区域","区域名":"-","所在地":"中野区上高田四丁目","告示日":"2018/1/30"},"geometry":{"type":"Polygon","coordinates":[[[139.68037757035705,35.71308752761482],[139.68014069127173,35.71304914090005],[139.6801495116568,35.71337485657062],[139.6803816198594,35.71331824642566],[139.68037757035705,35.71308752761482]]]}},{"type":"Feature","properties":{"現象の種類":"急傾斜地の崩壊","区域区分":"土砂災害警戒区域","区域名":"-","所在地":"中野区上高田四丁目","告示日":"2018/1/30"},"geometry":{"type":"Polygon","coordinates":[[[139.68146398129295,35.713085524434085],[139.68138765196343,35.71282080979437],[139.68124082062158,35.71275079749788],[139.68126487289584,35.71285475492347],[139.6811761218883,35.71287929212827],[139.68123567365004,35.71303951343613],[139.6813379885912,35.71314787528333],[139.68146398129295,35.713085524434085]]]}},{"type":"Feature","properties":{"現象の種類":"急傾斜地の崩壊","区域区分":"土砂災害警戒区域","区域名":"-","所在地":"中野区上高田四丁目","告示日":"2018/1/30"},"geometry":{"type":"Polygon","coordinates":[[[139.6805379083795,35.711953182789415],[139.6800455785687,35.711801258033276],[139.67997352324852,35.71205201839118],[139.68027080870877,35.71213416460038],[139.68033774169928,35.71231543221185],[139.68058586424993,35.71250106131352],[139.68078747507013,35.71234691309641],[139.6806037227862,35.71218083766214],[139.68065445013735,35.712081314411336],[139.6805379083795,35.711953182789415]]]}},{"type":"Feature","properties":{"現象の種類":"急傾斜地の崩壊","区域区分":"土砂災害警戒区域","区域名":"-","所在地":"中野区中央一丁目","告示日":"2018/1/30"},"geometry":{"type":"Polygon","coordinates":[[[139.68700714490103,35.700323952024355],[139.68677160484197,35.70018598470038],[139.68672596207975,35.700462383605725],[139.68701735931,35.70045037139793],[139.68700714490103,35.700323952024355]]]}},{"type":"Feature","properties":{"現象の種類":"急傾斜地の崩壊","区域区分":"土砂災害警戒区域","区域名":"-","所在地":"中野区中央二丁目","告示日":"2018/1/30"},"geometry":{"type":"Polygon","coordinates":[[[139.68002159799744,35.699209864778936],[139.67990356393096,35.69897424365991],[139.67969333273186,35.69906461636483],[139.68002159799744,35.699209864778936]]]}},{"type":"Feature","properties":{"現象の種類":"急傾斜地の崩壊","区域区分":"土砂災害警戒区域","区域名":"-","所在地":"中野区本町五丁目","告示日":"2018/1/30"},"geometry":{"type":"Polygon","coordinates":[[[139.67300328618384,35.69375807417638],[139.67282109811754,35.69354950154566],[139.67270372960576,35.69369301871845],[139.67272790596948,35.69376973970428],[139.67280407294018,35.693911595161694],[139.67312418536744,35.69406481059098],[139.6732159514695,35.69388020465749],[139.67300328618384,35.69375807417638]]]}},{"type":"Feature","properties":{"現象の種類":"急傾斜地の崩壊","区域区分":"土砂災害警戒区域","区域名":"-","所在地":"中野区本町五丁目","告示日":"2018/1/30"},"geometry":{"type":"Polygon","coordinates":[[[139.67282444987455,35.69349934531506],[139.67275010327137,35.69337015291801],[139.6725323183111,35.6934519057196],[139.67259092219604,35.6935787245733],[139.67282444987455,35.69349934531506]]]}},{"type":"Feature","properties":{"現象の種類":"急傾斜地の崩壊","区域区分":"土砂災害警戒区域","区域名":"-","所在地":"中野区弥生町五丁目","告示日":"2018/1/30"},"geometry":{"type":"Polygon","coordinates":[[[139.66593499112184,35.68799556325851],[139.66596698986973,35.68767767780369],[139.66581806542285,35.687225027405304],[139.66558004411587,35.68726032736945],[139.66571457280395,35.68792097187115],[139.66593499112184,35.68799556325851]]]}},{"type":"Feature","properties":{"現象の種類":"急傾斜地の崩壊","区域区分":"土砂災害警戒区域","区域名":"-","所在地":"中野区弥生町六丁目","告示日":"2018/1/30"},"geometry":{"type":"Polygon","coordinates":[[[139.66203959466836,35.686828855532205],[139.66176459598063,35.686878730163706],[139.66181210230548,35.687112362214656],[139.662000936392,35.687187084647945],[139.66222629134882,35.68714292203154],[139.6622217760773,35.686997812426696],[139.6620949231433,35.686964047859355],[139.66203959466836,35.686828855532205]]]}},{"type":"Feature","properties":{"現象の種類":"急傾斜地の崩壊","区域区分":"土砂災害警戒区域","区域名":"-","所在地":"大田区鵜の木一丁目","告示日":"2018/5/31"},"geometry":{"type":"Polygon","coordinates":[[[139.6819041456291,35.57662833997713],[139.68153985992157,35.57650152198691],[139.68142845939406,35.5766556950572],[139.68172240424565,35.57678685663473],[139.6819041456291,35.57662833997713]]]}},{"type":"Feature","properties":{"現象の種類":"急傾斜地の崩壊","区域区分":"土砂災害警戒区域","区域名":"-","所在地":"大田区田園調布一丁目","告示日":"2018/5/31"},"geometry":{"type":"Polygon","coordinates":[[[139.66565848612922,35.59036483351253],[139.66559942257234,35.59022353076219],[139.6651490868189,35.590333764885905],[139.6647902575722,35.591066472323426],[139.66505814608584,35.591173041590615],[139.66559575528802,35.590564342833744],[139.66565848612922,35.59036483351253]]]}},{"type":"Feature","properties":{"現象の種類":"急傾斜地の崩壊","区域区分":"土砂災害警戒区域","区域名":"-","所在地":"大田区田園調布五丁目","告示日":"2018/5/31"},"geometry":{"type":"Polygon","coordinates":[[[139.6603279255277,35.598359400382314],[139.6601445836131,35.59814636175704],[139.65999064100583,35.598150159818545],[139.66004267727678,35.59850708116718],[139.6603279255277,35.598359400382314]]]}},{"type":"Feature","properties":{"現象の種類":"急傾斜地の崩壊","区域区分":"土砂災害警戒区域","区域名":"-","所在地":"大田区田園調布五丁目","告示日":"2018/5/31"},"geometry":{"type":"Polygon","coordinates":[[[139.65705583514617,35.595576838765446],[139.6572608064888,35.5956812110052],[139.65735055395163,35.5955161361901],[139.65717879948085,35.59543292820603],[139.65705583514617,35.595576838765446]]]}},{"type":"Feature","properties":{"現象の種類":"急傾斜地の崩壊","区域区分":"土砂災害警戒区域","区域名":"-","所在地":"大田区田園調布五丁目","告示日":"2018/5/31"},"geometry":{"type":"Polygon","coordinates":[[[139.65922216245065,35.59580368516321],[139.6592449075758,35.59571549419906],[139.65892127305133,35.59566292719147],[139.65877466699968,35.59568207490283],[139.65875267474155,35.595836488267],[139.65912345595544,35.59614966944393],[139.6593840614244,35.59602981389474],[139.65922216245065,35.59580368516321]]]}},{"type":"Feature","properties":{"現象の種類":"急傾斜地の崩壊","区域区分":"土砂災害警戒区域","区域名":"-","所在地":"大田区田園調布五丁目","告示日":"2018/5/31"},"geometry":{"type":"Polygon","coordinates":[[[139.6592447141528,35.59530933905489],[139.65896401985205,35.595153436573334],[139.65878747894334,35.59539136315992],[139.65885715555376,35.595404361864915],[139.65889020756515,35.59556501807829],[139.65925716519183,35.59553331019522],[139.6592447141528,35.59530933905489]]]}},{"type":"Feature","properties":{"現象の種類":"急傾斜地の崩壊","区域区分":"土砂災害警戒区域","区域名":"-","所在地":"大田区田園調布四丁目","告示日":"2018/5/31"},"geometry":{"type":"Polygon","coordinates":[[[139.66496481752088,35.592261420438525],[139.6653669608779,35.591897745286126],[139.6651270010925,35.59175043361002],[139.66473137159625,35.59212678555602],[139.66496481752088,35.592261420438525]]]}},{"type":"Feature","properties":{"現象の種類":"急傾斜地の崩壊","区域区分":"土砂災害警戒区域","区域名":"-","所在地":"大田区田園調布三丁目","告示日":"2018/5/31"},"geometry":{"type":"Polygon","coordinates":[[[139.66774076961386,35.59104830253201],[139.66781719277137,35.5909383831386],[139.6678008871326,35.59076432948143],[139.6677074543715,35.590705051482495],[139.6666000999811,35.59100373061063],[139.66630378374887,35.591235318777976],[139.6663214811952,35.591316219780886],[139.6665468170203,35.59142241406759],[139.6667151839242,35.59140269034492],[139.66723711268045,35.591030322154666],[139.66774076961386,35.59104830253201]]]}},{"type":"Feature","properties":{"現象の種類":"急傾斜地の崩壊","区域区分":"土砂災害警戒区域","区域名":"-","所在地":"大田区田園調布三丁目","告示日":"2018/5/31"},"geometry":{"type":"Polygon","coordinates":[[[139.66765238070136,35.59095419423439],[139.66762506909777,35.5911430847113],[139.6679012134707,35.59122176503314],[139.66804374524688,35.59106957365361],[139.6680037858431,35.590985186387236],[139.66765238070136,35.59095419423439]]]}},{"type":"Feature","properties":{"現象の種類":"急傾斜地の崩壊","区域区分":"土砂災害警戒区域","区域名":"-","所在地":"大田区田園調布二丁目","告示日":"2018/5/31"},"geometry":{"type":"Polygon","coordinates":[[[139.66897638107454,35.59326932330169],[139.66890529437393,35.59227608923867],[139.66850329949114,35.59229634894522],[139.66850048282157,35.59247295373314],[139.66863288286052,35.592602774109686],[139.6685650989406,35.59261068700908],[139.66854374705315,35.592771127954464],[139.66869478328746,35.59329725919803],[139.66897638107454,35.59326932330169]]]}},{"type":"Feature","properties":{"現象の種類":"急傾斜地の崩壊","区域区分":"土砂災害警戒区域","区域名":"-","所在地":"目黒区中目黒一丁目","告示日":"2018/5/31"},"geometry":{"type":"Polygon","coordinates":[[[139.70269566619436,35.64495675010069],[139.7024266699322,35.64476693992547],[139.70228027331606,35.64481256572252],[139.70214570164504,35.64515908224413],[139.70242833578493,35.64524456694114],[139.70272359938397,35.645091638344645],[139.70269566619436,35.64495675010069]]]}},{"type":"Feature","properties":{"現象の種類":"急傾斜地の崩壊","区域区分":"土砂災害警戒区域","区域名":"-","所在地":"大田区田園調布二丁目","告示日":"2018/5/31"},"geometry":{"type":"Polygon","coordinates":[[[139.6687255940717,35.59171896391559],[139.66886955327058,35.59140231619433],[139.6688508729233,35.59123918350147],[139.66858568406246,35.59120640745391],[139.66849059651318,35.591351566346255],[139.66846714439484,35.59168597088463],[139.66839111740936,35.59168515234078],[139.66831257224862,35.592143012947545],[139.66874503027137,35.59215329715211],[139.6687255940717,35.59171896391559]]]}},{"type":"Feature","properties":{"現象の種類":"急傾斜地の崩壊","区域区分":"土砂災害警戒区域","区域名":"-","所在地":"大田区田園調布一丁目","告示日":"2018/5/31"},"geometry":{"type":"Polygon","coordinates":[[[139.66732060884516,35.58816354765737],[139.66699651516117,35.5882390636481],[139.66603354744964,35.58903706228035],[139.66595255139336,35.589262138489914],[139.66628286996286,35.589609576387026],[139.66647008859454,35.58954122931881],[139.66654453294473,35.589274569162065],[139.66673999038446,35.58921515694552],[139.66747527414677,35.58848273928453],[139.6675202048471,35.588356213872494],[139.66732060884516,35.58816354765737]]]}},{"type":"Feature","properties":{"現象の種類":"急傾斜地の崩壊","区域区分":"土砂災害警戒区域","区域名":"-","所在地":"大田区田園調布一丁目","告示日":"2018/5/31"},"geometry":{"type":"Polygon","coordinates":[[[139.66742017871834,35.58965885828423],[139.66774576984284,35.589490944497584],[139.66784123855,35.58920580240694],[139.66802636746453,35.58912396196112],[139.66759327406947,35.588871769661026],[139.6673131577286,35.589281420542314],[139.66715623169543,35.589297064867864],[139.6671783885941,35.589554234160545],[139.66742017871834,35.58965885828423]]]}},{"type":"Feature","properties":{"現象の種類":"急傾斜地の崩壊","区域区分":"土砂災害警戒区域","区域名":"-","所在地":"大田区田園調布一丁目","告示日":"2018/5/31"},"geometry":{"type":"Polygon","coordinates":[[[139.66925945559655,35.58736397948346],[139.6689892785531,35.58729663622487],[139.66881172590462,35.58776561066901],[139.66912713773428,35.58782778295851],[139.66925945559655,35.58736397948346]]]}},{"type":"Feature","properties":{"現象の種類":"急傾斜地の崩壊","区域区分":"土砂災害警戒区域","区域名":"-","所在地":"大田区田園調布一丁目","告示日":"2018/5/31"},"geometry":{"type":"Polygon","coordinates":[[[139.66921273909904,35.58722344400476],[139.6689402865671,35.58716234828373],[139.6688568378805,35.58738460045898],[139.66909933833279,35.587454404347746],[139.66921273909904,35.58722344400476]]]}},{"type":"Feature","properties":{"現象の種類":"急傾斜地の崩壊","区域区分":"土砂災害警戒区域","区域名":"-","所在地":"大田区田園調布南","告示日":"2018/5/31"},"geometry":{"type":"Polygon","coordinates":[[[139.6757939860772,35.58177308608681],[139.6759704950064,35.5818027493302],[139.67611515052658,35.58152729875593],[139.67669232956982,35.58103631268471],[139.67653159015268,35.58081031418427],[139.67629632589149,35.58089843835988],[139.67573453110302,35.58137906144335],[139.6757939860772,35.58177308608681]]]}},{"type":"Feature","properties":{"現象の種類":"急傾斜地の崩壊","区域区分":"土砂災害警戒区域","区域名":"-","所在地":"大田区西嶺町、鵜の木三丁目","告示日":"2018/5/31"},"geometry":{"type":"Polygon","coordinates":[[[139.6789983302511,35.57906675326814],[139.6788266762802,35.57910653536901],[139.6785528261235,35.579432538531286],[139.67857033331416,35.579601401041224],[139.67880110263638,35.57962650798285],[139.6792038245358,35.5791737449506],[139.6789983302511,35.57906675326814]]]}},{"type":"Feature","properties":{"現象の種類":"急傾斜地の崩壊","区域区分":"土砂災害警戒区域","区域名":"-","所在地":"大田区鵜の木一丁目","告示日":"2018/5/31"},"geometry":{"type":"Polygon","coordinates":[[[139.681215804884,35.57704546852093],[139.68083750702732,35.57690632737428],[139.68080159081677,35.57703355223607],[139.6811533868363,35.57715477157117],[139.681215804884,35.57704546852093]]]}},{"type":"Feature","properties":{"現象の種類":"急傾斜地の崩壊","区域区分":"土砂災害警戒区域","区域名":"-","所在地":"大田区鵜の木一丁目","告示日":"2018/5/31"},"geometry":{"type":"Polygon","coordinates":[[[139.68145251332746,35.57664080851417],[139.68119064870393,35.576496909809414],[139.6810967906168,35.5765961025316],[139.68138246309846,35.576748149186514],[139.68145251332746,35.57664080851417]]]}},{"type":"Feature","properties":{"現象の種類":"急傾斜地の崩壊","区域区分":"土砂災害警戒区域","区域名":"-","所在地":"目黒区中目黒一丁目","告示日":"2018/5/31"},"geometry":{"type":"Polygon","coordinates":[[[139.70352864450822,35.64412852643625],[139.7033232784117,35.64397924154859],[139.70317847011648,35.644095364945976],[139.70318983621596,35.64432503021149],[139.7033323426879,35.644321313217674],[139.70352864450822,35.64412852643625]]]}},{"type":"Feature","properties":{"現象の種類":"急傾斜地の崩壊","区域区分":"土砂災害警戒区域","区域名":"-","所在地":"大田区鵜の木一丁目","告示日":"2018/5/31"},"geometry":{"type":"Polygon","coordinates":[[[139.68211373305067,35.576819536404884],[139.68248168247382,35.576565245655885],[139.68228363916757,35.57642709149692],[139.6819447506604,35.576736058014426],[139.68211373305067,35.576819536404884]]]}},{"type":"Feature","properties":{"現象の種類":"急傾斜地の崩壊","区域区分":"土砂災害警戒区域","区域名":"-","所在地":"大田区鵜の木一丁目","告示日":"2018/5/31"},"geometry":{"type":"Polygon","coordinates":[[[139.68177559019287,35.57620547243251],[139.68143017744268,35.57608814765784],[139.68143116135474,35.57623775250594],[139.6817207487208,35.57633073441465],[139.68177559019287,35.57620547243251]]]}},{"type":"Feature","properties":{"現象の種類":"急傾斜地の崩壊","区域区分":"土砂災害警戒区域","区域名":"-","所在地":"大田区南千束二丁目、北千束二丁目、北千束三丁目","告示日":"2018/5/31"},"geometry":{"type":"Polygon","coordinates":[[[139.69055459299196,35.60558159258903],[139.69065510728944,35.60539217781286],[139.69033676848318,35.60527189315389],[139.69021735749197,35.605492937844474],[139.69055459299196,35.60558159258903]]]}},{"type":"Feature","properties":{"現象の種類":"急傾斜地の崩壊","区域区分":"土砂災害警戒区域","区域名":"-","所在地":"大田区石川町一丁目","告示日":"2018/5/31"},"geometry":{"type":"Polygon","coordinates":[[[139.68301976179387,35.6040393370866],[139.6828051136674,35.60385303717271],[139.6825782500842,35.60385636319627],[139.6825885666626,35.60405633126135],[139.6827375275742,35.60428263281001],[139.68284748967943,35.605018563473216],[139.6831779246515,35.604966124623175],[139.68301976179387,35.6040393370866]]]}},{"type":"Feature","properties":{"現象の種類":"急傾斜地の崩壊","区域区分":"土砂災害警戒区域","区域名":"-","所在地":"大田区石川町一丁目","告示日":"2018/5/31"},"geometry":{"type":"Polygon","coordinates":[[[139.68330553769837,35.602640795572675],[139.68319691745182,35.602468455105004],[139.6830822246283,35.6024833648552],[139.68286581312688,35.60262604986272],[139.68271451481408,35.60291608894817],[139.6826861488372,35.60310088341906],[139.68275330421977,35.60316724996878],[139.6829918218828,35.60321695173021],[139.6829448004527,35.603039622524605],[139.68312159895228,35.60271799561642],[139.68330553769837,35.602640795572675]]]}},{"type":"Feature","properties":{"現象の種類":"急傾斜地の崩壊","区域区分":"土砂災害警戒区域","区域名":"-","所在地":"大田区東雪谷二丁目","告示日":"2018/5/31"},"geometry":{"type":"Polygon","coordinates":[[[139.68567904642373,35.59893683328327],[139.685713986873,35.59873423823407],[139.6854499672619,35.598831781969515],[139.68567904642373,35.59893683328327]]]}},{"type":"Feature","properties":{"現象の種類":"急傾斜地の崩壊","区域区分":"土砂災害警戒区域","区域名":"-","所在地":"大田区東雪谷五丁目","告示日":"2018/5/31"},"geometry":{"type":"Polygon","coordinates":[[[139.69255918931248,35.58998268988863],[139.6931831152839,35.58987314408223],[139.69336751615154,35.589768328521906],[139.69334339742235,35.58970111930477],[139.6932607996933,35.589570451522405],[139.69307414116557,35.589590793093194],[139.692971568437,35.58949634891487],[139.69248546428466,35.58973392381753],[139.69255918931248,35.58998268988863]]]}},{"type":"Feature","properties":{"現象の種類":"急傾斜地の崩壊","区域区分":"土砂災害警戒区域","区域名":"-","所在地":"大田区上池台五丁目","告示日":"2018/5/31"},"geometry":{"type":"Polygon","coordinates":[[[139.7001782406805,35.593984868316284],[139.70007293675272,35.59393512900263],[139.69990064333092,35.59415502013222],[139.7001782406805,35.593984868316284]]]}},{"type":"Feature","properties":{"現象の種類":"急傾斜地の崩壊","区域区分":"土砂災害警戒区域","区域名":"-","所在地":"北区滝野川四丁目","告示日":"2018/5/31"},"geometry":{"type":"Polygon","coordinates":[[[139.72332623346355,35.75146938855559],[139.7237960656216,35.751307829114545],[139.7233132619893,35.75144114970214],[139.72332623346355,35.75146938855559]]]}},{"type":"Feature","properties":{"現象の種類":"急傾斜地の崩壊","区域区分":"土砂災害警戒区域","区域名":"-","所在地":"大田区池上一丁目、池上二丁目","告示日":"2018/5/31"},"geometry":{"type":"Polygon","coordinates":[[[139.70457825334088,35.581891302348666],[139.70459658867713,35.58167817650353],[139.70430249791778,35.58172547170978],[139.70421189923445,35.58163741114266],[139.70411039270792,35.58183725615681],[139.7042118548634,35.581901461808144],[139.70457825334088,35.581891302348666]]]}},{"type":"Feature","properties":{"現象の種類":"急傾斜地の崩壊","区域区分":"土砂災害警戒区域","区域名":"-","所在地":"大田区池上一丁目","告示日":"2018/5/31"},"geometry":{"type":"Polygon","coordinates":[[[139.70537380223215,35.58077105866903],[139.70511543318852,35.580735379497945],[139.70516758980952,35.58101879019884],[139.70540564026422,35.580944311365855],[139.70537380223215,35.58077105866903]]]}},{"type":"Feature","properties":{"現象の種類":"急傾斜地の崩壊","区域区分":"土砂災害警戒区域","区域名":"-","所在地":"大田区池上二丁目","告示日":"2018/5/31"},"geometry":{"type":"Polygon","coordinates":[[[139.70393954782355,35.57912808668012],[139.7039915380993,35.57893752748606],[139.7039246938149,35.57893991108505],[139.70390310762073,35.57878006178386],[139.7037840768072,35.57877127157324],[139.703781978037,35.578558481111024],[139.7034214448596,35.57844197535481],[139.70342153397382,35.5787858044377],[139.70336126076435,35.578806928204216],[139.70346225704327,35.579060675533256],[139.7036829995593,35.57915194422858],[139.70393954782355,35.57912808668012]]]}},{"type":"Feature","properties":{"現象の種類":"急傾斜地の崩壊","区域区分":"土砂災害警戒区域","区域名":"-","所在地":"大田区池上一丁目","告示日":"2018/5/31"},"geometry":{"type":"Polygon","coordinates":[[[139.7046623479048,35.57779130574509],[139.70488530662453,35.577555728790855],[139.70491859389367,35.577425905457154],[139.70477711239323,35.577236696191164],[139.70455238371298,35.57725652493149],[139.70423615721614,35.57750285724362],[139.7043434916163,35.577628874601444],[139.70433153262536,35.57776779974376],[139.7046623479048,35.57779130574509]]]}},{"type":"Feature","properties":{"現象の種類":"急傾斜地の崩壊","区域区分":"土砂災害警戒区域","区域名":"-","所在地":"大田区池上一丁目","告示日":"2018/5/31"},"geometry":{"type":"Polygon","coordinates":[[[139.70534273130949,35.57740548400087],[139.70526521572202,35.57719379676184],[139.70517676162885,35.57717987537622],[139.70507020578916,35.57730208607804],[139.7049375779327,35.577298848809804],[139.70496683895132,35.57743706223863],[139.7051803516203,35.57756801620073],[139.70534273130949,35.57740548400087]]]}},{"type":"Feature","properties":{"現象の種類":"急傾斜地の崩壊","区域区分":"土砂災害警戒区域","区域名":"-","所在地":"大田区池上一丁目","告示日":"2018/5/31"},"geometry":{"type":"Polygon","coordinates":[[[139.70626672732365,35.57719169060276],[139.70614342224832,35.576865956390606],[139.70596438136664,35.5768696207226],[139.7058531039416,35.577169001148356],[139.70594644261735,35.577616813819546],[139.70625250202315,35.577726012402366],[139.70634756813715,35.57769581646516],[139.70631188140982,35.57747779627015],[139.70623199906726,35.577465698354125],[139.7061580487759,35.57721567140612],[139.70626672732365,35.57719169060276]]]}},{"type":"Feature","properties":{"現象の種類":"急傾斜地の崩壊","区域区分":"土砂災害警戒区域","区域名":"-","所在地":"大田区池上一丁目","告示日":"2018/5/31"},"geometry":{"type":"Polygon","coordinates":[[[139.70686996909214,35.57721435393675],[139.70679779299599,35.57689774524297],[139.7066155260177,35.576800214762834],[139.70630111986142,35.57711228253639],[139.7067706231962,35.57745327151754],[139.70686996909214,35.57721435393675]]]}},{"type":"Feature","properties":{"現象の種類":"急傾斜地の崩壊","区域区分":"土砂災害警戒区域","区域名":"-","所在地":"大田区池上一丁目","告示日":"2018/5/31"},"geometry":{"type":"Polygon","coordinates":[[[139.70844359066743,35.57800164988987],[139.70861167191742,35.57786441920675],[139.70842969460298,35.57765493893872],[139.70820574139728,35.577861102502034],[139.70844359066743,35.57800164988987]]]}},{"type":"Feature","properties":{"現象の種類":"急傾斜地の崩壊","区域区分":"土砂災害警戒区域","区域名":"-","所在地":"大田区南馬込五丁目","告示日":"2018/5/31"},"geometry":{"type":"Polygon","coordinates":[[[139.70969628945488,35.591356874124784],[139.70931946204686,35.59086434518748],[139.70909203786508,35.59095019450336],[139.7094953323048,35.591454771837114],[139.70969628945488,35.591356874124784]]]}},{"type":"Feature","properties":{"現象の種類":"急傾斜地の崩壊","区域区分":"土砂災害警戒区域","区域名":"-","所在地":"大田区南馬込四丁目","告示日":"2018/5/31"},"geometry":{"type":"Polygon","coordinates":[[[139.71308703662697,35.5867624468153],[139.71318499954066,35.58619731994911],[139.7131177731207,35.5861940036612],[139.7130711196699,35.58598746465665],[139.71278939114322,35.58601380178833],[139.7128310947408,35.58623096575223],[139.71291107385696,35.58623102959279],[139.71291559407518,35.5865800034562],[139.71284214684016,35.586719434212625],[139.71308703662697,35.5867624468153]]]}},{"type":"Feature","properties":{"現象の種類":"急傾斜地の崩壊","区域区分":"土砂災害警戒区域","区域名":"-","所在地":"大田区南馬込四丁目","告示日":"2018/5/31"},"geometry":{"type":"Polygon","coordinates":[[[139.71037081377608,35.585852424867596],[139.7104123374776,35.58570384160272],[139.71034855950555,35.5855951871598],[139.71017852986205,35.58538372029071],[139.7099860045023,35.58533253667359],[139.70998747467206,35.58557046033197],[139.71037081377608,35.585852424867596]]]}},{"type":"Feature","properties":{"現象の種類":"急傾斜地の崩壊","区域区分":"土砂災害警戒区域","区域名":"-","所在地":"大田区南馬込一丁目","告示日":"2018/5/31"},"geometry":{"type":"Polygon","coordinates":[[[139.71427275328116,35.59196424302996],[139.71444467871038,35.591755277086925],[139.71402138102272,35.5916784503999],[139.7141003055595,35.59179112452444],[139.71405154621667,35.59186814193754],[139.71427275328116,35.59196424302996]]]}},{"type":"Feature","properties":{"現象の種類":"急傾斜地の崩壊","区域区分":"土砂災害警戒区域","区域名":"-","所在地":"大田区中央五丁目","告示日":"2018/5/31"},"geometry":{"type":"Polygon","coordinates":[[[139.7119331147566,35.58175424612392],[139.7120913672938,35.5813824114821],[139.71141953446045,35.58124787698093],[139.71133193839245,35.5815198774964],[139.71175085878798,35.581633316099456],[139.7117893162519,35.581551830079995],[139.7118349043482,35.581638602663574],[139.71193979387877,35.58158777471859],[139.7119331147566,35.58175424612392]]]}},{"type":"Feature","properties":{"現象の種類":"急傾斜地の崩壊","区域区分":"土砂災害警戒区域","区域名":"-","所在地":"大田区中央五丁目","告示日":"2018/5/31"},"geometry":{"type":"Polygon","coordinates":[[[139.71261934254647,35.5815843441398],[139.71269180228595,35.58125341535284],[139.7121634132631,35.581224174957185],[139.71222601570994,35.58150248526046],[139.71261934254647,35.5815843441398]]]}},{"type":"Feature","properties":{"現象の種類":"急傾斜地の崩壊","区域区分":"土砂災害警戒区域","区域名":"-","所在地":"大田区中央五丁目","告示日":"2018/5/31"},"geometry":{"type":"Polygon","coordinates":[[[139.7128601294991,35.58044711315823],[139.71246347904594,35.58020267642047],[139.71243472217952,35.58023497394676],[139.71280873045401,35.58051255912441],[139.7128601294991,35.58044711315823]]]}},{"type":"Feature","properties":{"現象の種類":"急傾斜地の崩壊","区域区分":"土砂災害警戒区域","区域名":"-","所在地":"大田区中央五丁目","告示日":"2018/5/31"},"geometry":{"type":"Polygon","coordinates":[[[139.71386268055636,35.580108882316246],[139.71345232631273,35.57999630757226],[139.71376998544358,35.58019407169209],[139.71386268055636,35.580108882316246]]]}},{"type":"Feature","properties":{"現象の種類":"急傾斜地の崩壊","区域区分":"土砂災害警戒区域","区域名":"-","所在地":"大田区中央五丁目、中央四丁目","告示日":"2018/5/31"},"geometry":{"type":"Polygon","coordinates":[[[139.71423392212878,35.58008993802136],[139.71409203578142,35.57989265511919],[139.7139431099056,35.5801847324221],[139.71423392212878,35.58008993802136]]]}},{"type":"Feature","properties":{"現象の種類":"急傾斜地の崩壊","区域区分":"土砂災害警戒区域","区域名":"-","所在地":"大田区中央五丁目、中央四丁目","告示日":"2018/5/31"},"geometry":{"type":"Polygon","coordinates":[[[139.71438740329185,35.58009354799465],[139.71420893517197,35.58030662862234],[139.7142629688853,35.58035869920788],[139.7143415852491,35.58019117965102],[139.71438740329185,35.58009354799465]]]}},{"type":"Feature","properties":{"現象の種類":"急傾斜地の崩壊","区域区分":"土砂災害警戒区域","区域名":"-","所在地":"大田区中央五丁目、中央四丁目","告示日":"2018/5/31"},"geometry":{"type":"Polygon","coordinates":[[[139.71515291586235,35.58056036086033],[139.71468515798603,35.58035310261038],[139.7143938889787,35.58058550567323],[139.7145107898194,35.58082763879804],[139.71466023025388,35.58094550961744],[139.71515291586235,35.58056036086033]]]}},{"type":"Feature","properties":{"現象の種類":"急傾斜地の崩壊","区域区分":"土砂災害警戒区域","区域名":"-","所在地":"大田区中央六丁目","告示日":"2018/5/31"},"geometry":{"type":"Polygon","coordinates":[[[139.71142390156655,35.57852099773088],[139.71166952347895,35.57856032017807],[139.71173745211112,35.57874998915448],[139.71198517966027,35.57880091616742],[139.71222172073308,35.578603829836666],[139.71205732575729,35.57844704507842],[139.7120622563596,35.578270045861196],[139.7115333074848,35.57809933599956],[139.7111367216875,35.578189476249406],[139.71088522785578,35.57852157457789],[139.71104418857706,35.5786558620165],[139.7110339225135,35.57879192481474],[139.71129196595132,35.57890433476742],[139.7114200615929,35.57868621855183],[139.71142390156655,35.57852099773088]]]}},{"type":"Feature","properties":{"現象の種類":"急傾斜地の崩壊","区域区分":"土砂災害警戒区域","区域名":"-","所在地":"大田区東馬込一丁目","告示日":"2018/5/31"},"geometry":{"type":"Polygon","coordinates":[[[139.71541831534591,35.596031808072276],[139.71536555322925,35.59579780024422],[139.714979223566,35.59587922603171],[139.715055542816,35.59608536335882],[139.71541831534591,35.596031808072276]]]}},{"type":"Feature","properties":{"現象の種類":"急傾斜地の崩壊","区域区分":"土砂災害警戒区域","区域名":"-","所在地":"大田区東馬込一丁目","告示日":"2018/5/31"},"geometry":{"type":"Polygon","coordinates":[[[139.71619002422355,35.59582900421891],[139.71602520374026,35.59579567501261],[139.7161354917621,35.59606208645263],[139.7162660931473,35.59601290096473],[139.71619002422355,35.59582900421891]]]}},{"type":"Feature","properties":{"現象の種類":"急傾斜地の崩壊","区域区分":"土砂災害警戒区域","区域名":"-","所在地":"大田区南馬込一丁目","告示日":"2018/5/31"},"geometry":{"type":"Polygon","coordinates":[[[139.71509609648288,35.592909645786996],[139.7148910232431,35.59273843314817],[139.71506471917326,35.59294064963983],[139.71509609648288,35.592909645786996]]]}},{"type":"Feature","properties":{"現象の種類":"急傾斜地の崩壊","区域区分":"土砂災害警戒区域","区域名":"-","所在地":"大田区南馬込一丁目","告示日":"2018/5/31"},"geometry":{"type":"Polygon","coordinates":[[[139.71470626573887,35.59145489171734],[139.71461971943825,35.59127544990185],[139.7142869031052,35.59133080603964],[139.71448508263714,35.59156845387168],[139.71470626573887,35.59145489171734]]]}},{"type":"Feature","properties":{"現象の種類":"急傾斜地の崩壊","区域区分":"土砂災害警戒区域","区域名":"-","所在地":"大田区南馬込一丁目","告示日":"2018/5/31"},"geometry":{"type":"Polygon","coordinates":[[[139.71418725788595,35.59022071185503],[139.71390476147158,35.59016238345231],[139.71388342223838,35.59030088614762],[139.71417187847518,35.59030534574179],[139.71418725788595,35.59022071185503]]]}},{"type":"Feature","properties":{"現象の種類":"急傾斜地の崩壊","区域区分":"土砂災害警戒区域","区域名":"-","所在地":"大田区南馬込二丁目","告示日":"2018/5/31"},"geometry":{"type":"Polygon","coordinates":[[[139.71598134545235,35.589438065941636],[139.7156704777672,35.58940594618536],[139.7156558035897,35.589518980070395],[139.71594103412932,35.589595374451186],[139.71598134545235,35.589438065941636]]]}},{"type":"Feature","properties":{"現象の種類":"急傾斜地の崩壊","区域区分":"土砂災害警戒区域","区域名":"-","所在地":"大田区南馬込二丁目","告示日":"2018/5/31"},"geometry":{"type":"Polygon","coordinates":[[[139.71596244339565,35.58914670491502],[139.71594484403036,35.589095854496534],[139.7156546144736,35.58917134439639],[139.71568516796995,35.58921879871677],[139.71596244339565,35.58914670491502]]]}},{"type":"Feature","properties":{"現象の種類":"急傾斜地の崩壊","区域区分":"土砂災害警戒区域","区域名":"-","所在地":"大田区南馬込二丁目","告示日":"2018/5/31"},"geometry":{"type":"Polygon","coordinates":[[[139.71802331395574,35.58953951274347],[139.71799788043893,35.5890533046881],[139.717676718249,35.58905459630622],[139.71777367336182,35.5895899621827],[139.71802331395574,35.58953951274347]]]}},{"type":"Feature","properties":{"現象の種類":"急傾斜地の崩壊","区域区分":"土砂災害警戒区域","区域名":"-","所在地":"大田区南馬込二丁目","告示日":"2018/5/31"},"geometry":{"type":"Polygon","coordinates":[[[139.71805399462033,35.5888279985898],[139.71776278572145,35.58874096706949],[139.71773695942244,35.588933377964544],[139.7180327108823,35.5889336612514],[139.71805399462033,35.5888279985898]]]}},{"type":"Feature","properties":{"現象の種類":"急傾斜地の崩壊","区域区分":"土砂災害警戒区域","区域名":"-","所在地":"大田区南馬込三丁目","告示日":"2018/5/31"},"geometry":{"type":"Polygon","coordinates":[[[139.71704323091288,35.58688211693483],[139.71737698388836,35.586823361109374],[139.71727357653313,35.58661252609098],[139.7169777940595,35.58667343662384],[139.71704323091288,35.58688211693483]]]}},{"type":"Feature","properties":{"現象の種類":"急傾斜地の崩壊","区域区分":"土砂災害警戒区域","区域名":"-","所在地":"大田区山王四丁目","告示日":"2018/5/31"},"geometry":{"type":"Polygon","coordinates":[[[139.72121050620086,35.58771214410357],[139.72120984194407,35.58730879000798],[139.72077456642634,35.587321546949084],[139.72084478240544,35.58768593295043],[139.72121050620086,35.58771214410357]]]}},{"type":"Feature","properties":{"現象の種類":"急傾斜地の崩壊","区域区分":"土砂災害警戒区域","区域名":"-","所在地":"大田区山王四丁目","告示日":"2018/5/31"},"geometry":{"type":"Polygon","coordinates":[[[139.72178225707708,35.587338356657206],[139.72176804945175,35.587124100929465],[139.72140850870443,35.587113029191116],[139.72144547562604,35.58748043378334],[139.72178225707708,35.587338356657206]]]}},{"type":"Feature","properties":{"現象の種類":"急傾斜地の崩壊","区域区分":"土砂災害警戒区域","区域名":"-","所在地":"大田区山王四丁目","告示日":"2018/5/31"},"geometry":{"type":"Polygon","coordinates":[[[139.7213282855767,35.58586714991625],[139.72096547575347,35.58587688712357],[139.7208962948521,35.586124455819885],[139.72094708807595,35.58624386301589],[139.72131341824567,35.586244681624244],[139.7213282855767,35.58586714991625]]]}},{"type":"Feature","properties":{"現象の種類":"急傾斜地の崩壊","区域区分":"土砂災害警戒区域","区域名":"-","所在地":"大田区南馬込三丁目","告示日":"2018/5/31"},"geometry":{"type":"Polygon","coordinates":[[[139.71914135471155,35.5855056823029],[139.7189770469474,35.585326966512405],[139.71866104937513,35.58540030864071],[139.71868538269,35.58568443431213],[139.71888906168314,35.585669815516766],[139.71914135471155,35.5855056823029]]]}},{"type":"Feature","properties":{"現象の種類":"急傾斜地の崩壊","区域区分":"土砂災害警戒区域","区域名":"-","所在地":"大田区山王三丁目、山王四丁目","告示日":"2018/5/31"},"geometry":{"type":"Polygon","coordinates":[[[139.72091259513275,35.58536166379584],[139.7212842030791,35.585168830835656],[139.72118394857358,35.58510288194854],[139.72122678983166,35.585051797175254],[139.72069726327624,35.585192861553864],[139.72096991229265,35.585307060627684],[139.72091259513275,35.58536166379584]]]}},{"type":"Feature","properties":{"現象の種類":"急傾斜地の崩壊","区域区分":"土砂災害警戒区域","区域名":"-","所在地":"目黒区大橋二丁目","告示日":"2018/5/31"},"geometry":{"type":"Polygon","coordinates":[[[139.68713656418922,35.652737628623235],[139.6871471217871,35.65238352480134],[139.68713540500246,35.652332098419386],[139.6870355702483,35.65264275857816],[139.68713656418922,35.652737628623235]]]}},{"type":"Feature","properties":{"現象の種類":"急傾斜地の崩壊","区域区分":"土砂災害警戒区域","区域名":"-","所在地":"大田区山王三丁目、山王四丁目","告示日":"2018/5/31"},"geometry":{"type":"Polygon","coordinates":[[[139.7211359099995,35.584917652570574],[139.72100467963762,35.58460073899643],[139.72104190940092,35.58431135254763],[139.7205691214064,35.58415366938406],[139.7205843650319,35.58423644625152],[139.72050403345074,35.58426674349313],[139.7207046681135,35.58436214358517],[139.72069726481712,35.584626399881834],[139.72085325824096,35.58500092742807],[139.7211359099995,35.584917652570574]]]}},{"type":"Feature","properties":{"現象の種類":"急傾斜地の崩壊","区域区分":"土砂災害警戒区域","区域名":"-","所在地":"大田区山王三丁目","告示日":"2018/5/31"},"geometry":{"type":"Polygon","coordinates":[[[139.72194512547742,35.58450166035909],[139.7221570705223,35.584191612347745],[139.72204263600088,35.58419985385714],[139.72201308481033,35.58409346294419],[139.72171499273372,35.58400206601236],[139.7217053113294,35.5838875023969],[139.72162566375752,35.58391407948365],[139.72146547250904,35.584342324037614],[139.72194512547742,35.58450166035909]]]}},{"type":"Feature","properties":{"現象の種類":"急傾斜地の崩壊","区域区分":"土砂災害警戒区域","区域名":"-","所在地":"大田区南馬込三丁目","告示日":"2018/5/31"},"geometry":{"type":"Polygon","coordinates":[[[139.71872987301978,35.58371805059484],[139.7190817745013,35.58362126260865],[139.7187319322839,35.583643168469905],[139.71872987301978,35.58371805059484]]]}},{"type":"Feature","properties":{"現象の種類":"急傾斜地の崩壊","区域区分":"土砂災害警戒区域","区域名":"-","所在地":"大田区南馬込三丁目","告示日":"2018/5/31"},"geometry":{"type":"Polygon","coordinates":[[[139.71787877899473,35.58344063594212],[139.7185162606538,35.58338402846604],[139.7186965916223,35.58330000610371],[139.7186027546975,35.583128650795594],[139.71810937234423,35.5830112748347],[139.71793423764458,35.58306700237455],[139.71794256804935,35.58295848538001],[139.71781209368444,35.582910785547035],[139.71778389880913,35.58300671119997],[139.71722612076263,35.582959672584],[139.71714569690354,35.583197293629745],[139.71702789126147,35.58314853989191],[139.71703000802697,35.58341895363303],[139.71739140375308,35.58334675308101],[139.71787877899473,35.58344063594212]]]}},{"type":"Feature","properties":{"現象の種類":"急傾斜地の崩壊","区域区分":"土砂災害警戒区域","区域名":"-","所在地":"大田区山王三丁目、山王二丁目","告示日":"2018/5/31"},"geometry":{"type":"Polygon","coordinates":[[[139.7254218531629,35.587383102251536],[139.7261602753206,35.58722133053798],[139.7258144776013,35.58668877382476],[139.72556498443458,35.58688621415157],[139.72571868322748,35.58715046343873],[139.7253709799234,35.58725695272502],[139.7254218531629,35.587383102251536]]]}},{"type":"Feature","properties":{"現象の種類":"急傾斜地の崩壊","区域区分":"土砂災害警戒区域","区域名":"-","所在地":"大田区山王三丁目","告示日":"2018/5/31"},"geometry":{"type":"Polygon","coordinates":[[[139.72616349702034,35.58686274536834],[139.72607888341636,35.586702213353085],[139.72583861525402,35.58680546202781],[139.72590019131582,35.586941280583005],[139.72616349702034,35.58686274536834]]]}},{"type":"Feature","properties":{"現象の種類":"急傾斜地の崩壊","区域区分":"土砂災害警戒区域","区域名":"-","所在地":"大田区山王二丁目","告示日":"2018/5/31"},"geometry":{"type":"Polygon","coordinates":[[[139.7270998029459,35.5879621594919],[139.72698203541063,35.587674012090865],[139.72665171664926,35.58786065590575],[139.72668047273882,35.58793837329752],[139.72657118451284,35.588048404655815],[139.72672013211985,35.58823006481135],[139.72697706854066,35.588301679493455],[139.7270998029459,35.5879621594919]]]}},{"type":"Feature","properties":{"現象の種類":"急傾斜地の崩壊","区域区分":"土砂災害警戒区域","区域名":"-","所在地":"大田区山王二丁目","告示日":"2018/5/31"},"geometry":{"type":"Polygon","coordinates":[[[139.72743416172565,35.58845044880588],[139.72744457741067,35.58828912813825],[139.72734601096644,35.58815546117798],[139.7270862114079,35.58817678811405],[139.72696333036302,35.58836360172527],[139.72721602653752,35.58854109273507],[139.72743416172565,35.58845044880588]]]}},{"type":"Feature","properties":{"現象の種類":"急傾斜地の崩壊","区域区分":"土砂災害警戒区域","区域名":"-","所在地":"板橋区徳丸三丁目","告示日":"2018/5/31"},"geometry":{"type":"Polygon","coordinates":[[[139.65703576782363,35.77448198395147],[139.65698624782394,35.77442801795729],[139.6567399705027,35.774503779563304],[139.65677077236091,35.7745667311769],[139.65703576782363,35.77448198395147]]]}},{"type":"Feature","properties":{"現象の種類":"急傾斜地の崩壊","区域区分":"土砂災害警戒区域","区域名":"-","所在地":"目黒区駒場一丁目","告示日":"2018/5/31"},"geometry":{"type":"Polygon","coordinates":[[[139.68833414644243,35.65676709252521],[139.68869485036322,35.65628779160321],[139.68849134325222,35.656200804050265],[139.68814915632123,35.656576241539],[139.687962759249,35.656585311477976],[139.68794720091967,35.65682655467271],[139.68833414644243,35.65676709252521]]]}},{"type":"Feature","properties":{"現象の種類":"急傾斜地の崩壊","区域区分":"土砂災害警戒区域","区域名":"-","所在地":"目黒区大橋二丁目","告示日":"2018/5/31"},"geometry":{"type":"Polygon","coordinates":[[[139.687458552045,35.652718936740094],[139.68766501436767,35.65270661601937],[139.68787523847416,35.65235911619773],[139.68746051387023,35.652320518294594],[139.687458552045,35.652718936740094]]]}},{"type":"Feature","properties":{"現象の種類":"急傾斜地の崩壊","区域区分":"土砂災害警戒区域","区域名":"-","所在地":"目黒区大橋二丁目","告示日":"2018/5/31"},"geometry":{"type":"Polygon","coordinates":[[[139.68881811063895,35.65324304557707],[139.6887904603998,35.652797794683536],[139.688489474763,35.65296226596164],[139.68858287764772,35.65324338503702],[139.68881811063895,35.65324304557707]]]}},{"type":"Feature","properties":{"現象の種類":"急傾斜地の崩壊","区域区分":"土砂災害警戒区域","区域名":"-","所在地":"目黒区青葉台三丁目","告示日":"2018/5/31"},"geometry":{"type":"Polygon","coordinates":[[[139.69193077961904,35.65216975146938],[139.69181271610267,35.651941348036395],[139.691656956167,35.652003784972955],[139.69177364833544,35.65222966038782],[139.69193077961904,35.65216975146938]]]}},{"type":"Feature","properties":{"現象の種類":"急傾斜地の崩壊","区域区分":"土砂災害警戒区域","区域名":"-","所在地":"目黒区青葉台三丁目","告示日":"2018/5/31"},"geometry":{"type":"Polygon","coordinates":[[[139.69227372104035,35.652031613202304],[139.6924125184733,35.65221041843745],[139.6925704328246,35.652142251052815],[139.6924939400785,35.652127115192215],[139.69227372104035,35.652031613202304]]]}},{"type":"Feature","properties":{"現象の種類":"急傾斜地の崩壊","区域区分":"土砂災害警戒区域","区域名":"-","所在地":"目黒区中目黒一丁目","告示日":"2018/5/31"},"geometry":{"type":"Polygon","coordinates":[[[139.70237205558354,35.64561734710845],[139.70276681531573,35.645346479248026],[139.7026521613309,35.645348245710025],[139.70237205558354,35.64561734710845]]]}},{"type":"Feature","properties":{"現象の種類":"急傾斜地の崩壊","区域区分":"土砂災害警戒区域","区域名":"-","所在地":"目黒区中目黒一丁目","告示日":"2018/5/31"},"geometry":{"type":"Polygon","coordinates":[[[139.70326565601442,35.64371617550839],[139.70346647793656,35.64382369260296],[139.70344379638038,35.643965470089874],[139.7036092559691,35.644054146845434],[139.70361286240052,35.64391098946251],[139.7037125493605,35.64379937218436],[139.70339729920534,35.64362638348566],[139.70326565601442,35.64371617550839]]]}},{"type":"Feature","properties":{"現象の種類":"急傾斜地の崩壊","区域区分":"土砂災害警戒区域","区域名":"-","所在地":"目黒区目黒一丁目","告示日":"2018/5/31"},"geometry":{"type":"Polygon","coordinates":[[[139.71339828717592,35.63610254560138],[139.7135861874872,35.63539105504285],[139.71325779505375,35.63529474880751],[139.71322660915573,35.635552077582496],[139.71316698122072,35.635538739944266],[139.71319710660535,35.635699147192135],[139.71297196013404,35.6362830562457],[139.71339828717592,35.63610254560138]]]}},{"type":"Feature","properties":{"現象の種類":"急傾斜地の崩壊","区域区分":"土砂災害警戒区域","区域名":"-","所在地":"目黒区下目黒一丁目","告示日":"2018/5/31"},"geometry":{"type":"Polygon","coordinates":[[[139.7138138088479,35.63245228131568],[139.71359978502775,35.63233574478022],[139.7133606114979,35.63247737350234],[139.71333933759007,35.63258095211116],[139.7136441323392,35.63262553100789],[139.7138138088479,35.63245228131568]]]}},{"type":"Feature","properties":{"現象の種類":"急傾斜地の崩壊","区域区分":"土砂災害警戒区域","区域名":"-","所在地":"目黒区下目黒一丁目、品川区上大崎四丁目","告示日":"2018/5/31"},"geometry":{"type":"Polygon","coordinates":[[[139.713756544438,35.633145912377266],[139.71397164393983,35.6331408185841],[139.7140338313561,35.632966776514436],[139.71414009619673,35.63299975644782],[139.714217925527,35.632858069333324],[139.71419056813838,35.63270206107161],[139.71407691290096,35.63261430696653],[139.7136505667706,35.63271685313593],[139.713756544438,35.633145912377266]]]}},{"type":"Feature","properties":{"現象の種類":"急傾斜地の崩壊","区域区分":"土砂災害警戒区域","区域名":"-","所在地":"目黒区下目黒一丁目","告示日":"2018/5/31"},"geometry":{"type":"Polygon","coordinates":[[[139.71453848321417,35.63111001038679],[139.71396580392738,35.63087612979142],[139.71392615144262,35.630959693266526],[139.7144963285733,35.6312113243152],[139.71453848321417,35.63111001038679]]]}},{"type":"Feature","properties":{"現象の種類":"急傾斜地の崩壊","区域区分":"土砂災害警戒区域","区域名":"-","所在地":"目黒区中目黒四丁目","告示日":"2018/5/31"},"geometry":{"type":"Polygon","coordinates":[[[139.7024598906756,35.636565238813056],[139.70262544054262,35.63646903068504],[139.7026832093623,35.63654528029385],[139.7030526554876,35.63649573414916],[139.70302117720783,35.63644334025114],[139.70314598829012,35.63633131521025],[139.7028979800489,35.63608590998704],[139.70268612998524,35.63627808147805],[139.7025092697605,35.63618674544453],[139.7021546237987,35.63634229932514],[139.7024598906756,35.636565238813056]]]}},{"type":"Feature","properties":{"現象の種類":"急傾斜地の崩壊","区域区分":"土砂災害警戒区域","区域名":"-","所在地":"目黒区目黒四丁目","告示日":"2018/5/31"},"geometry":{"type":"Polygon","coordinates":[[[139.7035104547365,35.632669821712014],[139.70400970383972,35.63267288157194],[139.70406760693388,35.63241121927243],[139.7035106351538,35.632396924480965],[139.7035104547365,35.632669821712014]]]}},{"type":"Feature","properties":{"現象の種類":"急傾斜地の崩壊","区域区分":"土砂災害警戒区域","区域名":"-","所在地":"目黒区下目黒三丁目","告示日":"2018/5/31"},"geometry":{"type":"Polygon","coordinates":[[[139.70926749552757,35.62976701229092],[139.7088925193947,35.62949360139345],[139.7087369717896,35.629670923742744],[139.70905941294438,35.62992189130965],[139.70926749552757,35.62976701229092]]]}},{"type":"Feature","properties":{"現象の種類":"急傾斜地の崩壊","区域区分":"土砂災害警戒区域","区域名":"-","所在地":"目黒区三田一丁目、品川区上大崎二丁目","告示日":"2018/5/31"},"geometry":{"type":"Polygon","coordinates":[[[139.71545129750962,35.64075708077003],[139.71523063880585,35.640268187430216],[139.7147604625916,35.64042518097105],[139.71498598547228,35.64086789795105],[139.71545129750962,35.64075708077003]]]}},{"type":"Feature","properties":{"現象の種類":"急傾斜地の崩壊","区域区分":"土砂災害警戒区域","区域名":"-","所在地":"北区中十条三丁目、中十条二丁目、東十条三丁目","告示日":"2018/5/31"},"geometry":{"type":"Polygon","coordinates":[[[139.72712728312703,35.763030273494245],[139.72671346061867,35.762859343617535],[139.72637770798468,35.763314840245116],[139.7262428378869,35.76364560566102],[139.72659194529098,35.763706125349906],[139.7269875242629,35.76319192615158],[139.72695415509088,35.76313099904762],[139.72712728312703,35.763030273494245]]]}},{"type":"Feature","properties":{"現象の種類":"急傾斜地の崩壊","区域区分":"土砂災害警戒区域","区域名":"-","所在地":"北区赤羽北二丁目、赤羽台四丁目","告示日":"2018/5/31"},"geometry":{"type":"Polygon","coordinates":[[[139.70912024995656,35.78467635301191],[139.70930910003733,35.7844051196896],[139.70911664509816,35.78435036255987],[139.70897893877145,35.78455606929134],[139.70906000459192,35.78455501209589],[139.70912024995656,35.78467635301191]]]}},{"type":"Feature","properties":{"現象の種類":"急傾斜地の崩壊","区域区分":"土砂災害警戒区域","区域名":"-","所在地":"北区赤羽北二丁目、赤羽台四丁目","告示日":"2018/5/31"},"geometry":{"type":"Polygon","coordinates":[[[139.7100103477656,35.785197260723734],[139.71039953689225,35.78523719211166],[139.71104181201366,35.78509578377382],[139.71113602092208,35.78487765678075],[139.71047401363185,35.78465012781687],[139.70940142774398,35.7844261957122],[139.7092446708343,35.78472453171344],[139.70972597469876,35.784932763182816],[139.71003786851512,35.785127007113914],[139.7100103477656,35.785197260723734]]]}},{"type":"Feature","properties":{"現象の種類":"急傾斜地の崩壊","区域区分":"土砂災害警戒区域","区域名":"-","所在地":"北区赤羽北一丁目、赤羽台四丁目","告示日":"2018/5/31"},"geometry":{"type":"Polygon","coordinates":[[[139.7119505330764,35.785402125770126],[139.7127476557734,35.785749966572475],[139.71295593099052,35.78540321171565],[139.71205172564342,35.785217845259595],[139.7119505330764,35.785402125770126]]]}},{"type":"Feature","properties":{"現象の種類":"急傾斜地の崩壊","区域区分":"土砂災害警戒区域","区域名":"-","所在地":"北区赤羽台四丁目、赤羽北二丁目、赤羽北三丁目","告示日":"2018/5/31"},"geometry":{"type":"Polygon","coordinates":[[[139.70946080395268,35.784350578741794],[139.7091243767405,35.784158396714105],[139.7091289340767,35.78403406134286],[139.70901188585154,35.78402238489607],[139.7087384567358,35.78431199543522],[139.7087796749359,35.78442215545812],[139.7090894497376,35.78456584744955],[139.7093946696194,35.78456942302618],[139.70946080395268,35.784350578741794]]]}},{"type":"Feature","properties":{"現象の種類":"急傾斜地の崩壊","区域区分":"土砂災害警戒区域","区域名":"-","所在地":"北区赤羽台四丁目、赤羽北一丁目","告示日":"2018/5/31"},"geometry":{"type":"Polygon","coordinates":[[[139.71563104443464,35.78575549906702],[139.71608305084234,35.78556437454516],[139.71577807848382,35.78524269696371],[139.7155537190035,35.785385911795295],[139.7154487854645,35.78573296282974],[139.71563104443464,35.78575549906702]]]}},{"type":"Feature","properties":{"現象の種類":"急傾斜地の崩壊","区域区分":"土砂災害警戒区域","区域名":"-","所在地":"北区赤羽西一丁目","告示日":"2018/5/31"},"geometry":{"type":"Polygon","coordinates":[[[139.7200920892866,35.775095318828896],[139.72012624153564,35.7749345013729],[139.71984576876324,35.7750262520857],[139.7200920892866,35.775095318828896]]]}},{"type":"Feature","properties":{"現象の種類":"急傾斜地の崩壊","区域区分":"土砂災害警戒区域","区域名":"-","所在地":"北区赤羽台四丁目、赤羽北一丁目","告示日":"2018/5/31"},"geometry":{"type":"Polygon","coordinates":[[[139.71707764314786,35.78470773080626],[139.71733995178832,35.78407212497589],[139.71686047940264,35.78402949886983],[139.7167233532034,35.78426366415475],[139.71663293100315,35.78428074811462],[139.7166813307648,35.784310788214725],[139.71580220605475,35.78520464416638],[139.71617413114635,35.78553823053629],[139.71678882061812,35.78492469341774],[139.7168686201406,35.78495837078185],[139.71707764314786,35.78470773080626]]]}},{"type":"Feature","properties":{"現象の種類":"急傾斜地の崩壊","区域区分":"土砂災害警戒区域","区域名":"-","所在地":"北区赤羽台三丁目","告示日":"2018/5/31"},"geometry":{"type":"Polygon","coordinates":[[[139.71260502338097,35.780071250708836],[139.71281220990662,35.78003113368868],[139.7128201594327,35.779795975041026],[139.7125054131654,35.77999812780388],[139.71260502338097,35.780071250708836]]]}},{"type":"Feature","properties":{"現象の種類":"急傾斜地の崩壊","区域区分":"土砂災害警戒区域","区域名":"-","所在地":"北区赤羽台三丁目","告示日":"2018/5/31"},"geometry":{"type":"Polygon","coordinates":[[[139.7128039112509,35.78021891697555],[139.713253238753,35.78007545784573],[139.71327031281677,35.780046532680124],[139.71311913144734,35.77989614495297],[139.7127657374784,35.780127960049],[139.7128039112509,35.78021891697555]]]}},{"type":"Feature","properties":{"現象の種類":"急傾斜地の崩壊","区域区分":"土砂災害警戒区域","区域名":"-","所在地":"北区赤羽台三丁目","告示日":"2018/5/31"},"geometry":{"type":"Polygon","coordinates":[[[139.71507938519122,35.781641119820584],[139.71507614414367,35.781311239905854],[139.7140148829529,35.780864370650185],[139.71379586331713,35.781068679060866],[139.71431425964695,35.78139385578918],[139.71477682261005,35.78157697310221],[139.71507938519122,35.781641119820584]]]}},{"type":"Feature","properties":{"現象の種類":"急傾斜地の崩壊","区域区分":"土砂災害警戒区域","区域名":"-","所在地":"北区赤羽台二丁目、赤羽西五丁目","告示日":"2018/5/31"},"geometry":{"type":"Polygon","coordinates":[[[139.7125325529918,35.77456502758348],[139.7126549321252,35.77463067381854],[139.71277768006593,35.77422369210937],[139.7123261454359,35.77428866458208],[139.7116605351621,35.77463237322705],[139.71177039089952,35.77485867902566],[139.7125325529918,35.77456502758348]]]}},{"type":"Feature","properties":{"現象の種類":"急傾斜地の崩壊","区域区分":"土砂災害警戒区域","区域名":"-","所在地":"北区赤羽西四丁目","告示日":"2018/5/31"},"geometry":{"type":"Polygon","coordinates":[[[139.7160665974403,35.77408324600744],[139.71664632221018,35.774246374602534],[139.71675051341688,35.773975432955744],[139.7161386606878,35.773756795881326],[139.7159171360162,35.77393384264018],[139.7160861798561,35.77399453691561],[139.7160665974403,35.77408324600744]]]}},{"type":"Feature","properties":{"現象の種類":"急傾斜地の崩壊","区域区分":"土砂災害警戒区域","区域名":"-","所在地":"北区赤羽西一丁目","告示日":"2018/5/31"},"geometry":{"type":"Polygon","coordinates":[[[139.71904897208265,35.77464335692677],[139.7193359296007,35.77452651866968],[139.71928672895356,35.77444050055042],[139.7190005296208,35.774545760532206],[139.71904897208265,35.77464335692677]]]}},{"type":"Feature","properties":{"現象の種類":"急傾斜地の崩壊","区域区分":"土砂災害警戒区域","区域名":"-","所在地":"北区赤羽西一丁目","告示日":"2018/5/31"},"geometry":{"type":"Polygon","coordinates":[[[139.71931817424246,35.77497493554895],[139.71936643209267,35.77478775744513],[139.71908026139994,35.774777372046586],[139.71931817424246,35.77497493554895]]]}},{"type":"Feature","properties":{"現象の種類":"急傾斜地の崩壊","区域区分":"土砂災害警戒区域","区域名":"-","所在地":"北区赤羽西一丁目","告示日":"2018/5/31"},"geometry":{"type":"Polygon","coordinates":[[[139.71894962319544,35.77531986443082],[139.719267549856,35.77504810619182],[139.71905621375203,35.7748972797637],[139.71872810684798,35.77513371751754],[139.71894962319544,35.77531986443082]]]}},{"type":"Feature","properties":{"現象の種類":"急傾斜地の崩壊","区域区分":"土砂災害警戒区域","区域名":"-","所在地":"北区赤羽西一丁目","告示日":"2018/5/31"},"geometry":{"type":"Polygon","coordinates":[[[139.71838290144035,35.775763826510605],[139.71811497606092,35.77573730443312],[139.71810148117044,35.77600512966385],[139.71836693187248,35.776003467282116],[139.71838290144035,35.775763826510605]]]}},{"type":"Feature","properties":{"現象の種類":"急傾斜地の崩壊","区域区分":"土砂災害警戒区域","区域名":"-","所在地":"北区赤羽西一丁目","告示日":"2018/5/31"},"geometry":{"type":"Polygon","coordinates":[[[139.71861710571523,35.77595047118264],[139.71834669779454,35.775935994648265],[139.7183293937969,35.77614906541168],[139.7184111277262,35.77628572814301],[139.71861284823981,35.7760254187455],[139.71861710571523,35.77595047118264]]]}},{"type":"Feature","properties":{"現象の種類":"急傾斜地の崩壊","区域区分":"土砂災害警戒区域","区域名":"-","所在地":"北区赤羽西一丁目","告示日":"2018/5/31"},"geometry":{"type":"Polygon","coordinates":[[[139.7201586525872,35.77505478712846],[139.72000887957347,35.77503993623773],[139.71988414451542,35.77525391467339],[139.72018779883823,35.77533803226874],[139.72023232259028,35.77523967966017],[139.7201586525872,35.77505478712846]]]}},{"type":"Feature","properties":{"現象の種類":"急傾斜地の崩壊","区域区分":"土砂災害警戒区域","区域名":"-","所在地":"北区赤羽西二丁目、赤羽西三丁目","告示日":"2018/5/31"},"geometry":{"type":"Polygon","coordinates":[[[139.7205489483548,35.7712129940265],[139.72075500182115,35.77086965559772],[139.72062032888988,35.77094656070272],[139.7204945267592,35.771196749579474],[139.7205489483548,35.7712129940265]]]}},{"type":"Feature","properties":{"現象の種類":"急傾斜地の崩壊","区域区分":"土砂災害警戒区域","区域名":"-","所在地":"北区西が丘二丁目","告示日":"2018/5/31"},"geometry":{"type":"Polygon","coordinates":[[[139.7151711116314,35.76758631699387],[139.71466210359085,35.76753394051632],[139.71467134335214,35.76785200610706],[139.71505403488237,35.76793209820734],[139.7151711116314,35.76758631699387]]]}},{"type":"Feature","properties":{"現象の種類":"急傾斜地の崩壊","区域区分":"土砂災害警戒区域","区域名":"-","所在地":"北区西が丘二丁目","告示日":"2018/5/31"},"geometry":{"type":"Polygon","coordinates":[[[139.71529061525595,35.767983669832354],[139.7155167433181,35.76796279421149],[139.71556048091264,35.76766750788956],[139.71534175557994,35.76766645475402],[139.71529061525595,35.767983669832354]]]}},{"type":"Feature","properties":{"現象の種類":"急傾斜地の崩壊","区域区分":"土砂災害警戒区域","区域名":"-","所在地":"北区西が丘二丁目","告示日":"2018/5/31"},"geometry":{"type":"Polygon","coordinates":[[[139.7168897349513,35.76823505998711],[139.71670919074248,35.76797968020026],[139.71645626127855,35.76791312593662],[139.7163155832386,35.76777983361001],[139.716026644227,35.767787478786154],[139.71592816461995,35.76806482731197],[139.7161972871066,35.76808972031882],[139.71658752332388,35.768459969234854],[139.7168897349513,35.76823505998711]]]}},{"type":"Feature","properties":{"現象の種類":"急傾斜地の崩壊","区域区分":"土砂災害警戒区域","区域名":"-","所在地":"北区赤羽西三丁目、西が丘二丁目","告示日":"2018/5/31"},"geometry":{"type":"Polygon","coordinates":[[[139.71722599678745,35.768636736643565],[139.71687736343958,35.76845319475916],[139.7166559280244,35.76862446640415],[139.7167528523065,35.768694528079024],[139.71670420168758,35.76873439859846],[139.7169855882576,35.768899961133464],[139.71722599678745,35.768636736643565]]]}},{"type":"Feature","properties":{"現象の種類":"急傾斜地の崩壊","区域区分":"土砂災害警戒区域","区域名":"-","所在地":"北区上十条五丁目、西が丘二丁目","告示日":"2018/5/31"},"geometry":{"type":"Polygon","coordinates":[[[139.71607567296672,35.767355068793464],[139.71546446016984,35.76723862900082],[139.71544520909964,35.7676313188504],[139.71584666291915,35.76763348553519],[139.71586487072966,35.767488198565545],[139.71597167730346,35.76748324965858],[139.71607567296672,35.767355068793464]]]}},{"type":"Feature","properties":{"現象の種類":"急傾斜地の崩壊","区域区分":"土砂災害警戒区域","区域名":"-","所在地":"北区十条仲原四丁目、赤羽西三丁目","告示日":"2018/5/31"},"geometry":{"type":"Polygon","coordinates":[[[139.7186252796221,35.76865326247705],[139.71886656827508,35.76850389591904],[139.71869630518586,35.76814156336342],[139.71783913384533,35.76803250918585],[139.7173669439422,35.768137555657916],[139.71775650409853,35.76848276623145],[139.71839145145717,35.768449517133895],[139.7186252796221,35.76865326247705]]]}},{"type":"Feature","properties":{"現象の種類":"急傾斜地の崩壊","区域区分":"土砂災害警戒区域","区域名":"-","所在地":"北区十条仲原四丁目","告示日":"2018/5/31"},"geometry":{"type":"Polygon","coordinates":[[[139.7195794037465,35.76882864975356],[139.71968528485803,35.768613812548615],[139.7196867863067,35.7682804537254],[139.71948553702282,35.76816273468989],[139.71928831524136,35.768358523403904],[139.7192262536064,35.76861367779996],[139.71927724641876,35.76878232790315],[139.7195794037465,35.76882864975356]]]}},{"type":"Feature","properties":{"現象の種類":"急傾斜地の崩壊","区域区分":"土砂災害警戒区域","区域名":"-","所在地":"北区十条仲原四丁目、赤羽西三丁目","告示日":"2018/5/31"},"geometry":{"type":"Polygon","coordinates":[[[139.72033553395173,35.769479566799205],[139.72021098357234,35.76939781859585],[139.72033356621472,35.76904493715133],[139.72028802715917,35.76879076883848],[139.7204067517936,35.76876875642724],[139.7203779057901,35.76860096586816],[139.72029503086114,35.76833309864681],[139.7200315241301,35.76812452311366],[139.71985718429926,35.76842193841327],[139.71989122103642,35.76886433868434],[139.71998183933158,35.768847619432314],[139.71999844531,35.769071971071604],[139.71986414486736,35.76941121020225],[139.72002038880794,35.769650122494056],[139.72033553395173,35.769479566799205]]]}},{"type":"Feature","properties":{"現象の種類":"急傾斜地の崩壊","区域区分":"土砂災害警戒区域","区域名":"-","所在地":"北区中十条四丁目","告示日":"2018/5/31"},"geometry":{"type":"Polygon","coordinates":[[[139.7231510907032,35.76866555712904],[139.72315402264624,35.768515574128145],[139.72297786789537,35.768340415251686],[139.7226590438271,35.768248520325734],[139.72258495712907,35.768523213065826],[139.72283345465382,35.76864566616479],[139.7231510907032,35.76866555712904]]]}},{"type":"Feature","properties":{"現象の種類":"急傾斜地の崩壊","区域区分":"土砂災害警戒区域","区域名":"-","所在地":"北区中十条四丁目、東十条五丁目","告示日":"2018/5/31"},"geometry":{"type":"Polygon","coordinates":[[[139.72424402248302,35.76776134201034],[139.7243603076326,35.76756979646438],[139.72405597220583,35.767502345535206],[139.72396200645238,35.76766460092076],[139.72424402248302,35.76776134201034]]]}},{"type":"Feature","properties":{"現象の種類":"急傾斜地の崩壊","区域区分":"土砂災害警戒区域","区域名":"-","所在地":"北区岸町二丁目、中十条一丁目","告示日":"2018/5/31"},"geometry":{"type":"Polygon","coordinates":[[[139.72764645671543,35.76164928968476],[139.72757605858928,35.761746970020695],[139.72786138423382,35.76189518407264],[139.72795719437883,35.76176928935132],[139.72764645671543,35.76164928968476]]]}},{"type":"Feature","properties":{"現象の種類":"急傾斜地の崩壊","区域区分":"土砂災害警戒区域","区域名":"-","所在地":"北区岸町二丁目、中十条一丁目","告示日":"2018/5/31"},"geometry":{"type":"Polygon","coordinates":[[[139.72803039198965,35.761794464731786],[139.7281779036636,35.761636330553245],[139.72783882953843,35.761491875496304],[139.72770855695902,35.76167026057808],[139.72803039198965,35.761794464731786]]]}},{"type":"Feature","properties":{"現象の種類":"急傾斜地の崩壊","区域区分":"土砂災害警戒区域","区域名":"-","所在地":"北区岸町二丁目、中十条一丁目","告示日":"2018/5/31"},"geometry":{"type":"Polygon","coordinates":[[[139.72819035800023,35.76145585787957],[139.7283313545548,35.76126651868029],[139.72813054384173,35.7611184429079],[139.72786920184484,35.76139658719365],[139.72832147634753,35.7615512864789],[139.72819035800023,35.76145585787957]]]}},{"type":"Feature","properties":{"現象の種類":"急傾斜地の崩壊","区域区分":"土砂災害警戒区域","区域名":"-","所在地":"北区岸町二丁目、中十条一丁目","告示日":"2018/5/31"},"geometry":{"type":"Polygon","coordinates":[[[139.72852250277273,35.761164776310956],[139.72880405279957,35.76106569016225],[139.72869730989692,35.76099530181806],[139.72877939930672,35.760999811863535],[139.72873140991658,35.76095934703865],[139.7289964082055,35.760747794540166],[139.72860968716884,35.76056900239999],[139.7282165488533,35.761048391525144],[139.7285428166134,35.76122789444167],[139.72852250277273,35.761164776310956]]]}},{"type":"Feature","properties":{"現象の種類":"急傾斜地の崩壊","区域区分":"土砂災害警戒区域","区域名":"-","所在地":"北区岸町二丁目、中十条一丁目","告示日":"2018/5/31"},"geometry":{"type":"Polygon","coordinates":[[[139.72938894294816,35.76039656336977],[139.7289848733881,35.76023294292909],[139.7289171924755,35.76028151333681],[139.72899485031525,35.76054021866724],[139.72938894294816,35.76039656336977]]]}},{"type":"Feature","properties":{"現象の種類":"急傾斜地の崩壊","区域区分":"土砂災害警戒区域","区域名":"-","所在地":"北区岸町二丁目、中十条一丁目","告示日":"2018/5/31"},"geometry":{"type":"Polygon","coordinates":[[[139.72953609392553,35.75987523480452],[139.72926130688873,35.7597532033587],[139.72922016499928,35.75986522702151],[139.72944362287953,35.759956442687525],[139.72953609392553,35.75987523480452]]]}},{"type":"Feature","properties":{"現象の種類":"急傾斜地の崩壊","区域区分":"土砂災害警戒区域","区域名":"-","所在地":"北区岸町二丁目、中十条一丁目","告示日":"2018/5/31"},"geometry":{"type":"Polygon","coordinates":[[[139.72990066254602,35.75981344788861],[139.73000224943002,35.759706895094304],[139.72993738093874,35.759661704943554],[139.73017109377793,35.75943168408724],[139.72985848074424,35.75924869689176],[139.72957765043677,35.75954901240303],[139.72990066254602,35.75981344788861]]]}},{"type":"Feature","properties":{"現象の種類":"急傾斜地の崩壊","区域区分":"土砂災害警戒区域","区域名":"-","所在地":"北区岸町二丁目、中十条一丁目","告示日":"2018/5/31"},"geometry":{"type":"Polygon","coordinates":[[[139.73068331831465,35.759230510051886],[139.7308244656399,35.75903553484377],[139.7303167529264,35.75878108277548],[139.73002168050024,35.75908596686153],[139.7302241605111,35.7592172982346],[139.73035930960103,35.75905679364073],[139.73068331831465,35.759230510051886]]]}},{"type":"Feature","properties":{"現象の種類":"急傾斜地の崩壊","区域区分":"土砂災害警戒区域","区域名":"-","所在地":"北区岸町二丁目、岸町一丁目、中十条一丁目","告示日":"2018/5/31"},"geometry":{"type":"Polygon","coordinates":[[[139.73099281312332,35.75838567838032],[139.73108175607774,35.758315909018336],[139.73128629992033,35.758378103654096],[139.7314136760026,35.75827108102477],[139.7313440518973,35.75822957941865],[139.73155802906447,35.75805218694652],[139.73162498874643,35.7578411572559],[139.73128666984226,35.75769540893558],[139.73129724235505,35.75779248898702],[139.73108611548233,35.75807585664622],[139.73103068051776,35.758042819624585],[139.73082425126705,35.758188085397656],[139.73099281312332,35.75838567838032]]]}},{"type":"Feature","properties":{"現象の種類":"急傾斜地の崩壊","区域区分":"土砂災害警戒区域","区域名":"-","所在地":"北区岸町一丁目、王子本町二丁目","告示日":"2018/5/31"},"geometry":{"type":"Polygon","coordinates":[[[139.73269528854146,35.75643678522604],[139.73249847242496,35.75647483613005],[139.7330013757052,35.75683036220554],[139.7329993523509,35.756775132685],[139.73269528854146,35.75643678522604]]]}},{"type":"Feature","properties":{"現象の種類":"急傾斜地の崩壊","区域区分":"土砂災害警戒区域","区域名":"-","所在地":"北区王子本町二丁目、岸町一丁目、王子本町一丁目","告示日":"2018/5/31"},"geometry":{"type":"Polygon","coordinates":[[[139.7336670944492,35.755807510346955],[139.73353323940177,35.75564035271523],[139.73324228148832,35.75552029724017],[139.73307434658102,35.75565995193562],[139.73323653245433,35.755799120447065],[139.73274526196278,35.756254796338],[139.73302886639468,35.75640683969766],[139.73322736823735,35.75634252780714],[139.7336670944492,35.755807510346955]]]}},{"type":"Feature","properties":{"現象の種類":"急傾斜地の崩壊","区域区分":"土砂災害警戒区域","区域名":"-","所在地":"北区王子本町一丁目、岸町一丁目、王子一丁目","告示日":"2018/5/31"},"geometry":{"type":"Polygon","coordinates":[[[139.73608601751909,35.753800881553616],[139.73660185128392,35.75321566769055],[139.7363370393111,35.752838262040434],[139.73603265575343,35.75305294531014],[139.7361132908304,35.75321953524849],[139.73580587372723,35.75355672779529],[139.7361189138111,35.753903927325176],[139.73608601751909,35.753800881553616]]]}},{"type":"Feature","properties":{"現象の種類":"急傾斜地の崩壊","区域区分":"土砂災害警戒区域","区域名":"-","所在地":"北区王子本町一丁目","告示日":"2018/5/31"},"geometry":{"type":"Polygon","coordinates":[[[139.73590896469494,35.75287676201067],[139.7359499126383,35.752699641487425],[139.73597366680048,35.752596892292196],[139.73574223934628,35.752658942753015],[139.73590896469494,35.75287676201067]]]}},{"type":"Feature","properties":{"現象の種類":"急傾斜地の崩壊","区域区分":"土砂災害警戒区域","区域名":"-","所在地":"北区滝野川四丁目、滝野川五丁目","告示日":"2018/5/31"},"geometry":{"type":"Polygon","coordinates":[[[139.72379866966932,35.75159054440424],[139.72412533640878,35.75145568182755],[139.72412243456063,35.75126823979159],[139.72388361535218,35.75125417371061],[139.72379853287026,35.751115531080195],[139.72372297209526,35.75122434653877],[139.72379866966932,35.75159054440424]]]}},{"type":"Feature","properties":{"現象の種類":"急傾斜地の崩壊","区域区分":"土砂災害警戒区域","区域名":"-","所在地":"北区滝野川二丁目","告示日":"2018/5/31"},"geometry":{"type":"Polygon","coordinates":[[[139.73142988262265,35.751490938270734],[139.73121823069593,35.751538732698755],[139.73103373806214,35.751687810643695],[139.73126820430775,35.751813861900416],[139.7314539049765,35.751677350477415],[139.73142988262265,35.751490938270734]]]}},{"type":"Feature","properties":{"現象の種類":"急傾斜地の崩壊","区域区分":"土砂災害警戒区域","区域名":"-","所在地":"北区滝野川二丁目、王子本町一丁目","告示日":"2018/5/31"},"geometry":{"type":"Polygon","coordinates":[[[139.7319219882801,35.75160057137712],[139.73165195259074,35.751504399934234],[139.7315628183856,35.75177792516915],[139.7316412354485,35.751812429977655],[139.7319219882801,35.75160057137712]]]}},{"type":"Feature","properties":{"現象の種類":"急傾斜地の崩壊","区域区分":"土砂災害警戒区域","区域名":"-","所在地":"北区西ケ原二丁目","告示日":"2018/5/31"},"geometry":{"type":"Polygon","coordinates":[[[139.74332439410549,35.7482541477694],[139.74321123263147,35.748079652654944],[139.74284276114412,35.748229401624144],[139.74203176158312,35.74866187901148],[139.74215943039943,35.748826408088185],[139.74249865664302,35.74868821798169],[139.74323732955241,35.74834899945035],[139.74332439410549,35.7482541477694]]]}},{"type":"Feature","properties":{"現象の種類":"急傾斜地の崩壊","区域区分":"土砂災害警戒区域","区域名":"-","所在地":"北区西ケ原一丁目","告示日":"2018/5/31"},"geometry":{"type":"Polygon","coordinates":[[[139.7488577124254,35.7414444693052],[139.74874278704553,35.74119558948535],[139.74851832563266,35.741318504918574],[139.74869682310464,35.74153478957689],[139.7488577124254,35.7414444693052]]]}},{"type":"Feature","properties":{"現象の種類":"急傾斜地の崩壊","区域区分":"土砂災害警戒区域","区域名":"-","所在地":"北区田端四丁目","告示日":"2018/5/31"},"geometry":{"type":"Polygon","coordinates":[[[139.75500524197622,35.738522341294804],[139.75470007251286,35.73840610367147],[139.75452150021067,35.73860967303222],[139.754338882808,35.738687394973944],[139.75443968648972,35.7388717968524],[139.75500524197622,35.738522341294804]]]}},{"type":"Feature","properties":{"現象の種類":"急傾斜地の崩壊","区域区分":"土砂災害警戒区域","区域名":"-","所在地":"北区田端三丁目","告示日":"2018/5/31"},"geometry":{"type":"Polygon","coordinates":[[[139.7559389171476,35.736071023896464],[139.75581350249257,35.73621514042098],[139.75588114931637,35.736266453218235],[139.75595677466526,35.73627235375354],[139.7559389171476,35.736071023896464]]]}},{"type":"Feature","properties":{"現象の種類":"急傾斜地の崩壊","区域区分":"土砂災害警戒区域","区域名":"-","所在地":"北区田端一丁目","告示日":"2018/5/31"},"geometry":{"type":"Polygon","coordinates":[[[139.7603957913967,35.736405970674426],[139.76044193800007,35.73630295669975],[139.76014029164733,35.73626410030721],[139.76015237243345,35.73648649511581],[139.7603957913967,35.736405970674426]]]}},{"type":"Feature","properties":{"現象の種類":"急傾斜地の崩壊","区域区分":"土砂災害警戒区域","区域名":"-","所在地":"北区田端一丁目","告示日":"2018/5/31"},"geometry":{"type":"Polygon","coordinates":[[[139.760882559294,35.735632723366194],[139.76066998483427,35.73556367822032],[139.76098526240827,35.73566608161751],[139.760882559294,35.735632723366194]]]}},{"type":"Feature","properties":{"現象の種類":"急傾斜地の崩壊","区域区分":"土砂災害警戒区域","区域名":"-","所在地":"北区田端一丁目","告示日":"2018/5/31"},"geometry":{"type":"Polygon","coordinates":[[[139.7616811847452,35.735061858482354],[139.76151538251088,35.73489902588793],[139.76122520032482,35.735066167064055],[139.76146983506916,35.735280764468094],[139.7616811847452,35.735061858482354]]]}},{"type":"Feature","properties":{"現象の種類":"急傾斜地の崩壊","区域区分":"土砂災害警戒区域","区域名":"-","所在地":"北区田端一丁目","告示日":"2018/5/31"},"geometry":{"type":"Polygon","coordinates":[[[139.76239249307335,35.73469122252429],[139.7620302074302,35.73452278510369],[139.76198066295677,35.734655545842614],[139.76178335696724,35.73477098888297],[139.76203716348184,35.735068482920624],[139.76239249307335,35.73469122252429]]]}},{"type":"Feature","properties":{"現象の種類":"急傾斜地の崩壊","区域区分":"土砂災害警戒区域","区域名":"-","所在地":"北区西ケ原二丁目","告示日":"2018/5/31"},"geometry":{"type":"Polygon","coordinates":[[[139.74065751663832,35.74945507132504],[139.7408857789511,35.74975487306024],[139.74101957707956,35.74974327297017],[139.74117491592162,35.74950392980182],[139.7413263090305,35.74946572859842],[139.74176656970948,35.749033861930535],[139.74198592725477,35.74894824694299],[139.74185371745617,35.74876796272487],[139.74164126900544,35.74883309484278],[139.74143208172026,35.74907841807218],[139.74065751663832,35.74945507132504]]]}},{"type":"Feature","properties":{"現象の種類":"急傾斜地の崩壊","区域区分":"土砂災害警戒区域","区域名":"-","所在地":"板橋区大谷口二丁目、向原一丁目","告示日":"2018/5/31"},"geometry":{"type":"Polygon","coordinates":[[[139.68673420381646,35.74313060814714],[139.68637371704375,35.743163904410295],[139.68673899859897,35.74313754483312],[139.68673420381646,35.74313060814714]]]}},{"type":"Feature","properties":{"現象の種類":"急傾斜地の崩壊","区域区分":"土砂災害警戒区域","区域名":"-","所在地":"北区赤羽西二丁目","告示日":"2018/5/31"},"geometry":{"type":"Polygon","coordinates":[[[139.71987790747175,35.77276059849183],[139.7202624314373,35.77245443185923],[139.7204031255018,35.772433977485136],[139.72035272133783,35.77237243454209],[139.72061315579495,35.77225788205587],[139.72044146255152,35.772121155887916],[139.7206578041144,35.77189146633227],[139.72076503642515,35.77189580134853],[139.72077128873462,35.77161515533389],[139.72043466817297,35.77162579845248],[139.72012124719075,35.77197223977742],[139.71993125547104,35.77204484262079],[139.71946994577434,35.77257675724217],[139.71987790747175,35.77276059849183]]]}},{"type":"Feature","properties":{"現象の種類":"急傾斜地の崩壊","区域区分":"土砂災害警戒区域","区域名":"-","所在地":"北区赤羽台二丁目、赤羽西四丁目","告示日":"2018/5/31"},"geometry":{"type":"Polygon","coordinates":[[[139.71309626836253,35.77450233389153],[139.71292801723808,35.77435984850993],[139.7127293828521,35.774653470991936],[139.71294780173682,35.774871845012406],[139.71309626836253,35.77450233389153]]]}},{"type":"Feature","properties":{"現象の種類":"急傾斜地の崩壊","区域区分":"土砂災害警戒区域","区域名":"-","所在地":"北区中十条四丁目、東十条五丁目","告示日":"2018/5/31"},"geometry":{"type":"Polygon","coordinates":[[[139.72404890337066,35.76809038252242],[139.72370459428785,35.76802078204938],[139.72382108516612,35.76830081177055],[139.72404890337066,35.76809038252242]]]}},{"type":"Feature","properties":{"現象の種類":"急傾斜地の崩壊","区域区分":"土砂災害警戒区域","区域名":"-","所在地":"北区赤羽西四丁目","告示日":"2018/5/31"},"geometry":{"type":"Polygon","coordinates":[[[139.71841142710215,35.77460112351103],[139.71855512065622,35.77447506342813],[139.71835406559205,35.77415794273228],[139.71810613655867,35.774347737164184],[139.71841142710215,35.77460112351103]]]}},{"type":"Feature","properties":{"現象の種類":"急傾斜地の崩壊","区域区分":"土砂災害警戒区域","区域名":"-","所在地":"北区中十条三丁目、東十条三丁目","告示日":"2018/5/31"},"geometry":{"type":"Polygon","coordinates":[[[139.72571587548495,35.764423343284896],[139.72608654821735,35.764517501270745],[139.7262887181902,35.764170713850184],[139.72599041714557,35.76403157355839],[139.72590897006899,35.764075175270605],[139.72571587548495,35.764423343284896]]]}},{"type":"Feature","properties":{"現象の種類":"急傾斜地の崩壊","区域区分":"土砂災害警戒区域","区域名":"-","所在地":"北区赤羽北三丁目、赤羽北二丁目、板橋区小豆沢四丁目","告示日":"2018/5/31"},"geometry":{"type":"Polygon","coordinates":[[[139.70345898475284,35.78197036024139],[139.70313732225245,35.78186390731593],[139.70313673360195,35.78180371560905],[139.70268752691788,35.782014413547245],[139.70274885245445,35.78215701352736],[139.70314089238033,35.78233201721703],[139.7033648584357,35.78227353784823],[139.70345898475284,35.78197036024139]]]}},{"type":"Feature","properties":{"現象の種類":"急傾斜地の崩壊","区域区分":"土砂災害警戒区域","区域名":"-","所在地":"北区中十条三丁目、東十条四丁目","告示日":"2018/5/31"},"geometry":{"type":"Polygon","coordinates":[[[139.72525603757504,35.765952461130745],[139.72494541351546,35.765834246215704],[139.7247249215475,35.76605234233826],[139.7250029612596,35.76625865993242],[139.72525603757504,35.765952461130745]]]}},{"type":"Feature","properties":{"現象の種類":"急傾斜地の崩壊","区域区分":"土砂災害警戒区域","区域名":"-","所在地":"北区赤羽西三丁目","告示日":"2018/5/31"},"geometry":{"type":"Polygon","coordinates":[[[139.71873391338684,35.769506156309106],[139.71788518200043,35.768972357879306],[139.71773872715613,35.76925758209917],[139.71861846068535,35.76967556840349],[139.71873391338684,35.769506156309106]]]}},{"type":"Feature","properties":{"現象の種類":"急傾斜地の崩壊","区域区分":"土砂災害警戒区域","区域名":"-","所在地":"北区赤羽台一丁目、赤羽西一丁目","告示日":"2018/5/31"},"geometry":{"type":"Polygon","coordinates":[[[139.7187938978083,35.7796899416032],[139.71925051691696,35.7796323849184],[139.71901441910342,35.77922424463012],[139.71873567158937,35.77908740488991],[139.71846491841515,35.77933502953482],[139.71873088080042,35.77953390904567],[139.7187938978083,35.7796899416032]]]}},{"type":"Feature","properties":{"現象の種類":"急傾斜地の崩壊","区域区分":"土砂災害警戒区域","区域名":"-","所在地":"板橋区大谷口二丁目","告示日":"2018/5/31"},"geometry":{"type":"Polygon","coordinates":[[[139.68603625234374,35.746266628501594],[139.6859602077175,35.746565642744905],[139.68626561969853,35.746621060920035],[139.68629595906935,35.74630670506966],[139.68603625234374,35.746266628501594]]]}},{"type":"Feature","properties":{"現象の種類":"急傾斜地の崩壊","区域区分":"土砂災害警戒区域","区域名":"-","所在地":"板橋区向原一丁目、向原三丁目","告示日":"2018/5/31"},"geometry":{"type":"Polygon","coordinates":[[[139.6827673446962,35.74262569576298],[139.68273197205954,35.742562516789555],[139.68246653575505,35.742671865674765],[139.68250430421466,35.74273291086976],[139.6827673446962,35.74262569576298]]]}},{"type":"Feature","properties":{"現象の種類":"急傾斜地の崩壊","区域区分":"土砂災害警戒区域","区域名":"-","所在地":"板橋区小茂根一丁目、向原三丁目","告示日":"2018/5/31"},"geometry":{"type":"Polygon","coordinates":[[[139.6843204522718,35.74700210128201],[139.68434243269022,35.7468790405383],[139.68406868666867,35.74645633412082],[139.6838499565525,35.74664785796121],[139.6840235140834,35.74695975303203],[139.6843204522718,35.74700210128201]]]}},{"type":"Feature","properties":{"現象の種類":"急傾斜地の崩壊","区域区分":"土砂災害警戒区域","区域名":"-","所在地":"板橋区小豆沢三丁目","告示日":"2018/5/31"},"geometry":{"type":"Polygon","coordinates":[[[139.69791989747102,35.778506054461324],[139.69776611168044,35.77864423183318],[139.69808515632846,35.77878001314829],[139.6982250566641,35.77857225445628],[139.69791989747102,35.778506054461324]]]}},{"type":"Feature","properties":{"現象の種類":"急傾斜地の崩壊","区域区分":"土砂災害警戒区域","区域名":"-","所在地":"板橋区小茂根一丁目、向原三丁目","告示日":"2018/5/31"},"geometry":{"type":"Polygon","coordinates":[[[139.6839513715919,35.74783563923269],[139.6840327197249,35.74719516843554],[139.68408878153193,35.7471944844663],[139.68403108351944,35.74696491972839],[139.68374315843673,35.747031711226875],[139.68365861089083,35.74764740219806],[139.68343096916294,35.747775669418715],[139.68338095385204,35.74803772027337],[139.68368284214603,35.74803809618078],[139.68363651319993,35.747966550774755],[139.6839513715919,35.74783563923269]]]}},{"type":"Feature","properties":{"現象の種類":"急傾斜地の崩壊","区域区分":"土砂災害警戒区域","区域名":"-","所在地":"板橋区小茂根一丁目、小茂根二丁目","告示日":"2018/5/31"},"geometry":{"type":"Polygon","coordinates":[[[139.68347634708226,35.74798928261469],[139.68339001892014,35.747963404531106],[139.68340352136184,35.74820559782933],[139.6835203359145,35.74819774758629],[139.68347634708226,35.74798928261469]]]}},{"type":"Feature","properties":{"現象の種類":"急傾斜地の崩壊","区域区分":"土砂災害警戒区域","区域名":"-","所在地":"板橋区大谷口北町、大谷口上町","告示日":"2018/5/31"},"geometry":{"type":"Polygon","coordinates":[[[139.68732579962472,35.74830689184354],[139.68725127437298,35.7482778978188],[139.6872730704671,35.74852420799667],[139.68734635968815,35.748519428446116],[139.68732579962472,35.74830689184354]]]}},{"type":"Feature","properties":{"現象の種類":"急傾斜地の崩壊","区域区分":"土砂災害警戒区域","区域名":"-","所在地":"板橋区泉町、前野町一丁目","告示日":"2018/5/31"},"geometry":{"type":"Polygon","coordinates":[[[139.6983317611385,35.76593838663836],[139.69849551009614,35.765887971893356],[139.69857604417234,35.76559511411793],[139.69830667706933,35.76558306093687],[139.6980762899996,35.76575804798537],[139.69803703610248,35.765847392865],[139.6983317611385,35.76593838663836]]]}},{"type":"Feature","properties":{"現象の種類":"急傾斜地の崩壊","区域区分":"土砂災害警戒区域","区域名":"-","所在地":"板橋区泉町","告示日":"2018/5/31"},"geometry":{"type":"Polygon","coordinates":[[[139.6984239485471,35.765946844548566],[139.69833361757418,35.765844797168334],[139.69806313086966,35.765985268224675],[139.6981723803421,35.76610306512257],[139.6984239485471,35.765946844548566]]]}},{"type":"Feature","properties":{"現象の種類":"急傾斜地の崩壊","区域区分":"土砂災害警戒区域","区域名":"-","所在地":"板橋区大原町","告示日":"2018/5/31"},"geometry":{"type":"Polygon","coordinates":[[[139.6966352130715,35.7698164938768],[139.69667955644013,35.76956213496095],[139.69602600892608,35.76948934744896],[139.69599609826975,35.769726956590404],[139.6966352130715,35.7698164938768]]]}},{"type":"Feature","properties":{"現象の種類":"急傾斜地の崩壊","区域区分":"土砂災害警戒区域","区域名":"-","所在地":"板橋区前野町四丁目","告示日":"2018/5/31"},"geometry":{"type":"Polygon","coordinates":[[[139.6941658415584,35.77265623415618],[139.6938627837239,35.77259236042207],[139.69370365694547,35.7728059767559],[139.69409510436472,35.7728653922421],[139.6941658415584,35.77265623415618]]]}},{"type":"Feature","properties":{"現象の種類":"急傾斜地の崩壊","区域区分":"土砂災害警戒区域","区域名":"-","所在地":"板橋区前野町四丁目","告示日":"2018/5/31"},"geometry":{"type":"Polygon","coordinates":[[[139.694250810023,35.773055184204466],[139.69372101604353,35.7730326823635],[139.69376387569957,35.77332346348169],[139.69366778566996,35.77339728805122],[139.69372348439714,35.77355534930097],[139.69413485788877,35.773605811914166],[139.694250810023,35.773055184204466]]]}},{"type":"Feature","properties":{"現象の種類":"急傾斜地の崩壊","区域区分":"土砂災害警戒区域","区域名":"-","所在地":"板橋区志村一丁目","告示日":"2018/5/31"},"geometry":{"type":"Polygon","coordinates":[[[139.6921259301133,35.77482539482161],[139.69194309297797,35.774705860936685],[139.69167967673266,35.77497396866225],[139.69186338220402,35.775088207206466],[139.6921259301133,35.77482539482161]]]}},{"type":"Feature","properties":{"現象の種類":"急傾斜地の崩壊","区域区分":"土砂災害警戒区域","区域名":"-","所在地":"板橋区小豆沢四丁目","告示日":"2018/5/31"},"geometry":{"type":"Polygon","coordinates":[[[139.70025758889878,35.78123627853054],[139.70043952621242,35.780803055234045],[139.70036931270957,35.78076818838354],[139.7002058626589,35.78118626255955],[139.70025758889878,35.78123627853054]]]}},{"type":"Feature","properties":{"現象の種類":"急傾斜地の崩壊","区域区分":"土砂災害警戒区域","区域名":"-","所在地":"板橋区小豆沢四丁目","告示日":"2018/5/31"},"geometry":{"type":"Polygon","coordinates":[[[139.69852920779576,35.78026740394553],[139.69861379027446,35.78037068876567],[139.69879993495456,35.78016002746444],[139.69871250256048,35.78012198523484],[139.69852920779576,35.78026740394553]]]}},{"type":"Feature","properties":{"現象の種類":"急傾斜地の崩壊","区域区分":"土砂災害警戒区域","区域名":"-","所在地":"板橋区小豆沢四丁目","告示日":"2018/5/31"},"geometry":{"type":"Polygon","coordinates":[[[139.69851689505523,35.779432743572926],[139.69860579545312,35.77925793735852],[139.69828873892183,35.77915628705531],[139.69820216324356,35.77928203994219],[139.69851689505523,35.779432743572926]]]}},{"type":"Feature","properties":{"現象の種類":"急傾斜地の崩壊","区域区分":"土砂災害警戒区域","区域名":"-","所在地":"板橋区徳丸三丁目","告示日":"2018/5/31"},"geometry":{"type":"Polygon","coordinates":[[[139.65825986697584,35.77417276143618],[139.65803344194265,35.77404595524833],[139.6581451801361,35.77427456286485],[139.65825986697584,35.77417276143618]]]}},{"type":"Feature","properties":{"現象の種類":"急傾斜地の崩壊","区域区分":"土砂災害警戒区域","区域名":"-","所在地":"板橋区小豆沢三丁目","告示日":"2018/5/31"},"geometry":{"type":"Polygon","coordinates":[[[139.69368238547736,35.77754041934009],[139.69341612905487,35.77772865654035],[139.69368719410363,35.777884584238954],[139.69387884166932,35.777661507849075],[139.69368238547736,35.77754041934009]]]}},{"type":"Feature","properties":{"現象の種類":"急傾斜地の崩壊","区域区分":"土砂災害警戒区域","区域名":"-","所在地":"板橋区志村二丁目","告示日":"2018/5/31"},"geometry":{"type":"Polygon","coordinates":[[[139.69216479781204,35.77780726041687],[139.6920077839746,35.77777615543715],[139.69184980751123,35.77812411140822],[139.69224368162878,35.778090560057585],[139.69216479781204,35.77780726041687]]]}},{"type":"Feature","properties":{"現象の種類":"急傾斜地の崩壊","区域区分":"土砂災害警戒区域","区域名":"-","所在地":"板橋区志村二丁目","告示日":"2018/5/31"},"geometry":{"type":"Polygon","coordinates":[[[139.69182314059668,35.77774737837963],[139.6917147154509,35.77769209451752],[139.69158263295597,35.77798098043368],[139.6917482377593,35.77800057258764],[139.69182314059668,35.77774737837963]]]}},{"type":"Feature","properties":{"現象の種類":"急傾斜地の崩壊","区域区分":"土砂災害警戒区域","区域名":"-","所在地":"板橋区志村二丁目","告示日":"2018/5/31"},"geometry":{"type":"Polygon","coordinates":[[[139.69166330653218,35.77765934114336],[139.69148494289539,35.77761546470525],[139.69134551878346,35.77795379288658],[139.6915051639539,35.777980599911174],[139.69166330653218,35.77765934114336]]]}},{"type":"Feature","properties":{"現象の種類":"急傾斜地の崩壊","区域区分":"土砂災害警戒区域","区域名":"-","所在地":"板橋区志村二丁目","告示日":"2018/5/31"},"geometry":{"type":"Polygon","coordinates":[[[139.69022036243717,35.77741280282666],[139.69014226240913,35.777345328011215],[139.6900425379559,35.777652924077586],[139.69017367511302,35.777639451940225],[139.69022036243717,35.77741280282666]]]}},{"type":"Feature","properties":{"現象の種類":"急傾斜地の崩壊","区域区分":"土砂災害警戒区域","区域名":"-","所在地":"板橋区志村二丁目","告示日":"2018/5/31"},"geometry":{"type":"Polygon","coordinates":[[[139.68951009357838,35.777127420166906],[139.68941624187767,35.77710761502882],[139.6892730775999,35.77747477467672],[139.68932010308419,35.7774846713609],[139.68951009357838,35.777127420166906]]]}},{"type":"Feature","properties":{"現象の種類":"急傾斜地の崩壊","区域区分":"土砂災害警戒区域","区域名":"-","所在地":"板橋区志村二丁目","告示日":"2018/5/31"},"geometry":{"type":"Polygon","coordinates":[[[139.68871479370372,35.77725586842136],[139.68879931902424,35.776976931536865],[139.68870196897487,35.776961049942805],[139.68863418963198,35.777238642207045],[139.68871479370372,35.77725586842136]]]}},{"type":"Feature","properties":{"現象の種類":"急傾斜地の崩壊","区域区分":"土砂災害警戒区域","区域名":"-","所在地":"板橋区志村二丁目","告示日":"2018/5/31"},"geometry":{"type":"Polygon","coordinates":[[[139.68553696779693,35.77556673717002],[139.68531908430438,35.77563130695412],[139.68562427005435,35.775819987366575],[139.68574985059243,35.77565311628617],[139.68553696779693,35.77556673717002]]]}},{"type":"Feature","properties":{"現象の種類":"急傾斜地の崩壊","区域区分":"土砂災害警戒区域","区域名":"-","所在地":"板橋区志村二丁目、志村三丁目","告示日":"2018/5/31"},"geometry":{"type":"Polygon","coordinates":[[[139.6856440806372,35.77578480265719],[139.6849137643931,35.775669866401806],[139.68500253155375,35.77575042942007],[139.6856070788536,35.77584460206375],[139.6856440806372,35.77578480265719]]]}},{"type":"Feature","properties":{"現象の種類":"急傾斜地の崩壊","区域区分":"土砂災害警戒区域","区域名":"-","所在地":"板橋区志村二丁目","告示日":"2018/5/31"},"geometry":{"type":"Polygon","coordinates":[[[139.6854536101024,35.774854737805136],[139.68540539855223,35.774993860715284],[139.68579615483247,35.77498470613153],[139.68575673086946,35.774897170476855],[139.6854536101024,35.774854737805136]]]}},{"type":"Feature","properties":{"現象の種類":"急傾斜地の崩壊","区域区分":"土砂災害警戒区域","区域名":"-","所在地":"板橋区前野町五丁目","告示日":"2018/5/31"},"geometry":{"type":"Polygon","coordinates":[[[139.68463804473035,35.771394907569956],[139.6845855997724,35.771149278494136],[139.6844243057794,35.77137168269607],[139.68463804473035,35.771394907569956]]]}},{"type":"Feature","properties":{"現象の種類":"急傾斜地の崩壊","区域区分":"土砂災害警戒区域","区域名":"-","所在地":"板橋区中台三丁目","告示日":"2018/5/31"},"geometry":{"type":"Polygon","coordinates":[[[139.67596208323243,35.77083980569618],[139.6763885453414,35.77083545097816],[139.67632886596826,35.77075753696224],[139.67648497030484,35.770677238907375],[139.6762066516406,35.77051710527608],[139.67596208323243,35.77083980569618]]]}},{"type":"Feature","properties":{"現象の種類":"急傾斜地の崩壊","区域区分":"土砂災害警戒区域","区域名":"-","所在地":"板橋区前野町五丁目、前野町六丁目","告示日":"2018/5/31"},"geometry":{"type":"Polygon","coordinates":[[[139.68358294029844,35.770536138204605],[139.684089859594,35.770287262969596],[139.68397791994363,35.76998844299168],[139.68411385820517,35.76995105122718],[139.68404328665517,35.76973532935391],[139.68359527633646,35.769773143545414],[139.68352438514242,35.76992567521626],[139.68355348947404,35.77017175363977],[139.68345635678082,35.77021908558064],[139.6835471179943,35.77029590723099],[139.68358294029844,35.770536138204605]]]}},{"type":"Feature","properties":{"現象の種類":"急傾斜地の崩壊","区域区分":"土砂災害警戒区域","区域名":"-","所在地":"板橋区前野町五丁目、前野町六丁目","告示日":"2018/5/31"},"geometry":{"type":"Polygon","coordinates":[[[139.68372768003482,35.76952365833665],[139.68359126190146,35.76968784594127],[139.6836650545295,35.76976127485246],[139.6837684038731,35.76973683760162],[139.68378785733563,35.76955133764596],[139.68372768003482,35.76952365833665]]]}},{"type":"Feature","properties":{"現象の種類":"急傾斜地の崩壊","区域区分":"土砂災害警戒区域","区域名":"-","所在地":"板橋区前野町六丁目","告示日":"2018/5/31"},"geometry":{"type":"Polygon","coordinates":[[[139.68356910072467,35.76939072121606],[139.683273919153,35.769372909781055],[139.68326426439702,35.76957990007829],[139.68351704420476,35.7695403747415],[139.68356910072467,35.76939072121606]]]}},{"type":"Feature","properties":{"現象の種類":"急傾斜地の崩壊","区域区分":"土砂災害警戒区域","区域名":"-","所在地":"板橋区前野町六丁目、中台一丁目","告示日":"2018/5/31"},"geometry":{"type":"Polygon","coordinates":[[[139.6822717164624,35.7688763588988],[139.6826605035699,35.768711183536105],[139.68231967448722,35.76837151103943],[139.68215793026556,35.76855503752398],[139.6822717164624,35.7688763588988]]]}},{"type":"Feature","properties":{"現象の種類":"急傾斜地の崩壊","区域区分":"土砂災害警戒区域","区域名":"-","所在地":"板橋区前野町六丁目、中台一丁目","告示日":"2018/5/31"},"geometry":{"type":"Polygon","coordinates":[[[139.68257414515264,35.7684540703994],[139.6827077888469,35.76812981133122],[139.68240958243246,35.76806239912672],[139.68231174591324,35.76839557223663],[139.68257414515264,35.7684540703994]]]}},{"type":"Feature","properties":{"現象の種類":"急傾斜地の崩壊","区域区分":"土砂災害警戒区域","区域名":"-","所在地":"板橋区中台三丁目","告示日":"2018/5/31"},"geometry":{"type":"Polygon","coordinates":[[[139.6809235256476,35.7747969936947],[139.6812143859176,35.77450767252489],[139.68084582591243,35.77474097026342],[139.6809235256476,35.7747969936947]]]}},{"type":"Feature","properties":{"現象の種類":"急傾斜地の崩壊","区域区分":"土砂災害警戒区域","区域名":"-","所在地":"板橋区中台三丁目","告示日":"2018/5/31"},"geometry":{"type":"Polygon","coordinates":[[[139.68099356074208,35.77252072333443],[139.68086123399746,35.77237941062326],[139.68062938586183,35.77254683430061],[139.68073078147268,35.772687282579795],[139.6806676486799,35.77303995137942],[139.68111814003365,35.77291145329045],[139.68099356074208,35.77252072333443]]]}},{"type":"Feature","properties":{"現象の種類":"急傾斜地の崩壊","区域区分":"土砂災害警戒区域","区域名":"-","所在地":"板橋区中台三丁目","告示日":"2018/5/31"},"geometry":{"type":"Polygon","coordinates":[[[139.67872909503927,35.77353153948082],[139.6787058165743,35.7736083219131],[139.67909286777936,35.77361182297995],[139.67910737283776,35.77354265579093],[139.67872909503927,35.77353153948082]]]}},{"type":"Feature","properties":{"現象の種類":"急傾斜地の崩壊","区域区分":"土砂災害警戒区域","区域名":"-","所在地":"板橋区中台三丁目","告示日":"2018/5/31"},"geometry":{"type":"Polygon","coordinates":[[[139.6789399877607,35.77375671148533],[139.67894748199888,35.773520661759896],[139.67891036311937,35.77350727765477],[139.67886009761827,35.77375263236975],[139.6789399877607,35.77375671148533]]]}},{"type":"Feature","properties":{"現象の種類":"急傾斜地の崩壊","区域区分":"土砂災害警戒区域","区域名":"-","所在地":"板橋区中台三丁目","告示日":"2018/5/31"},"geometry":{"type":"Polygon","coordinates":[[[139.67962205512782,35.772953393128624],[139.67927667808786,35.77295660265243],[139.67909987298876,35.77305223361462],[139.67918366950104,35.773230283080004],[139.6796879666324,35.773125255429214],[139.67962205512782,35.772953393128624]]]}},{"type":"Feature","properties":{"現象の種類":"急傾斜地の崩壊","区域区分":"土砂災害警戒区域","区域名":"-","所在地":"板橋区中台三丁目","告示日":"2018/5/31"},"geometry":{"type":"Polygon","coordinates":[[[139.67868870658666,35.77102335342107],[139.67847869950091,35.77081359171823],[139.6782428182209,35.77094537988145],[139.67835352931763,35.77118412463405],[139.67850932364908,35.77120521780914],[139.67868870658666,35.77102335342107]]]}},{"type":"Feature","properties":{"現象の種類":"急傾斜地の崩壊","区域区分":"土砂災害警戒区域","区域名":"-","所在地":"板橋区中台三丁目","告示日":"2018/5/31"},"geometry":{"type":"Polygon","coordinates":[[[139.67848614498686,35.770562001747315],[139.67928480343735,35.77039086924341],[139.67936164704687,35.77019420040639],[139.67917191548005,35.77010312309306],[139.67827435677083,35.77027165287773],[139.6783586992527,35.77051541807512],[139.67848614498686,35.770562001747315]]]}},{"type":"Feature","properties":{"現象の種類":"急傾斜地の崩壊","区域区分":"土砂災害警戒区域","区域名":"-","所在地":"板橋区中台三丁目、若木三丁目","告示日":"2018/5/31"},"geometry":{"type":"Polygon","coordinates":[[[139.6770113009357,35.77558797564691],[139.67690329179,35.775683187112136],[139.67701987283277,35.775783905053245],[139.67734980047075,35.77568320577291],[139.6770113009357,35.77558797564691]]]}},{"type":"Feature","properties":{"現象の種類":"急傾斜地の崩壊","区域区分":"土砂災害警戒区域","区域名":"-","所在地":"板橋区若木三丁目","告示日":"2018/5/31"},"geometry":{"type":"Polygon","coordinates":[[[139.6758232264895,35.77438345323734],[139.67558760348717,35.77435363226181],[139.67543094897488,35.77452606471357],[139.6757172867792,35.77486481471914],[139.6759772868451,35.77463841385873],[139.67597751228627,35.77452860141116],[139.6758232264895,35.77438345323734]]]}},{"type":"Feature","properties":{"現象の種類":"急傾斜地の崩壊","区域区分":"土砂災害警戒区域","区域名":"-","所在地":"板橋区若木二丁目、若木三丁目","告示日":"2018/5/31"},"geometry":{"type":"Polygon","coordinates":[[[139.6750840340236,35.77144424864606],[139.67472116725054,35.771530824871],[139.67481281685494,35.771812628820314],[139.67512948139188,35.77151473662744],[139.6750840340236,35.77144424864606]]]}},{"type":"Feature","properties":{"現象の種類":"急傾斜地の崩壊","区域区分":"土砂災害警戒区域","区域名":"-","所在地":"板橋区若木二丁目","告示日":"2018/5/31"},"geometry":{"type":"Polygon","coordinates":[[[139.67387181497313,35.77043435696425],[139.67415565344592,35.77038202271199],[139.67386229160618,35.770413916616754],[139.67387181497313,35.77043435696425]]]}},{"type":"Feature","properties":{"現象の種類":"急傾斜地の崩壊","区域区分":"土砂災害警戒区域","区域名":"-","所在地":"板橋区若木二丁目","告示日":"2018/5/31"},"geometry":{"type":"Polygon","coordinates":[[[139.6745572243121,35.769948480961006],[139.6743563813837,35.769945491716925],[139.67442219414963,35.77017638637357],[139.6746172172665,35.770148213794336],[139.6745572243121,35.769948480961006]]]}},{"type":"Feature","properties":{"現象の種類":"急傾斜地の崩壊","区域区分":"土砂災害警戒区域","区域名":"-","所在地":"板橋区若木二丁目","告示日":"2018/5/31"},"geometry":{"type":"Polygon","coordinates":[[[139.67412409040824,35.76971244809015],[139.67399053810288,35.769707669096086],[139.6739598737968,35.7699631627304],[139.6741043283336,35.76997337338347],[139.67412409040824,35.76971244809015]]]}},{"type":"Feature","properties":{"現象の種類":"急傾斜地の崩壊","区域区分":"土砂災害警戒区域","区域名":"-","所在地":"板橋区若木二丁目","告示日":"2018/5/31"},"geometry":{"type":"Polygon","coordinates":[[[139.67258685533523,35.770343654055175],[139.6724332704385,35.770148610229654],[139.6723837813802,35.77020160943989],[139.67252522271957,35.770392028631086],[139.67258685533523,35.770343654055175]]]}},{"type":"Feature","properties":{"現象の種類":"急傾斜地の崩壊","区域区分":"土砂災害警戒区域","区域名":"-","所在地":"板橋区若木二丁目","告示日":"2018/5/31"},"geometry":{"type":"Polygon","coordinates":[[[139.67184032777072,35.77000987474237],[139.67154817281892,35.769756601703435],[139.6714528331639,35.76990515248289],[139.67177234919365,35.77008646580259],[139.67184032777072,35.77000987474237]]]}},{"type":"Feature","properties":{"現象の種類":"急傾斜地の崩壊","区域区分":"土砂災害警戒区域","区域名":"-","所在地":"板橋区若木二丁目","告示日":"2018/5/31"},"geometry":{"type":"Polygon","coordinates":[[[139.67130242414186,35.770076483984155],[139.6711786543669,35.769922558927014],[139.6709138400291,35.77010239904984],[139.67130242414186,35.770076483984155]]]}},{"type":"Feature","properties":{"現象の種類":"急傾斜地の崩壊","区域区分":"土砂災害警戒区域","区域名":"-","所在地":"板橋区若木二丁目、西台一丁目","告示日":"2018/5/31"},"geometry":{"type":"Polygon","coordinates":[[[139.6709479236437,35.77131212859457],[139.67081310410825,35.77130973724839],[139.67088523220255,35.77161236381783],[139.6710004874279,35.77159765834162],[139.6709479236437,35.77131212859457]]]}},{"type":"Feature","properties":{"現象の種類":"急傾斜地の崩壊","区域区分":"土砂災害警戒区域","区域名":"-","所在地":"板橋区若木二丁目、西台一丁目","告示日":"2018/5/31"},"geometry":{"type":"Polygon","coordinates":[[[139.67219720350485,35.77136510901419],[139.67185347209283,35.771053069408296],[139.67157875729444,35.77131771282894],[139.671845877287,35.77150177924575],[139.67219720350485,35.77136510901419]]]}},{"type":"Feature","properties":{"現象の種類":"急傾斜地の崩壊","区域区分":"土砂災害警戒区域","区域名":"-","所在地":"板橋区若木二丁目","告示日":"2018/5/31"},"geometry":{"type":"Polygon","coordinates":[[[139.6730349094638,35.771775227962884],[139.67298254450725,35.77176098949128],[139.67288570155353,35.772108851344555],[139.67300282496012,35.77208534754952],[139.6730349094638,35.771775227962884]]]}},{"type":"Feature","properties":{"現象の種類":"急傾斜地の崩壊","区域区分":"土砂災害警戒区域","区域名":"-","所在地":"板橋区若木二丁目","告示日":"2018/5/31"},"geometry":{"type":"Polygon","coordinates":[[[139.67254002679965,35.77166680078447],[139.67243091272837,35.771903619327325],[139.67248899550546,35.771924908792826],[139.67252243278338,35.771755788648804],[139.67254002679965,35.77166680078447]]]}},{"type":"Feature","properties":{"現象の種類":"急傾斜地の崩壊","区域区分":"土砂災害警戒区域","区域名":"-","所在地":"板橋区徳丸一丁目","告示日":"2018/5/31"},"geometry":{"type":"Polygon","coordinates":[[[139.66365561179867,35.769540649020726],[139.66345679825264,35.769378962671496],[139.6633468068411,35.76946130081862],[139.66357708938986,35.769650932998495],[139.66365561179867,35.769540649020726]]]}},{"type":"Feature","properties":{"現象の種類":"急傾斜地の崩壊","区域区分":"土砂災害警戒区域","区域名":"-","所在地":"板橋区西台一丁目","告示日":"2018/5/31"},"geometry":{"type":"Polygon","coordinates":[[[139.67445569557796,35.77536599998446],[139.67418422660842,35.7751587340795],[139.67407725779296,35.775271429832856],[139.67445569557796,35.77536599998446]]]}},{"type":"Feature","properties":{"現象の種類":"急傾斜地の崩壊","区域区分":"土砂災害警戒区域","区域名":"-","所在地":"板橋区西台一丁目、蓮根一丁目、相生町","告示日":"2018/5/31"},"geometry":{"type":"Polygon","coordinates":[[[139.67597876218915,35.77703239996101],[139.6755403360888,35.77683396262733],[139.67540361823555,35.77691905590939],[139.6758568990716,35.77731700747746],[139.67601638584102,35.777110848349785],[139.67591614078748,35.77707243695394],[139.67597876218915,35.77703239996101]]]}},{"type":"Feature","properties":{"現象の種類":"急傾斜地の崩壊","区域区分":"土砂災害警戒区域","区域名":"-","所在地":"板橋区西台二丁目","告示日":"2018/5/31"},"geometry":{"type":"Polygon","coordinates":[[[139.67154745686514,35.77850025812333],[139.67129608311265,35.77869561245823],[139.67145232281922,35.77884074118368],[139.67169964907794,35.77869609766626],[139.67154745686514,35.77850025812333]]]}},{"type":"Feature","properties":{"現象の種類":"急傾斜地の崩壊","区域区分":"土砂災害警戒区域","区域名":"-","所在地":"板橋区西台二丁目","告示日":"2018/5/31"},"geometry":{"type":"Polygon","coordinates":[[[139.6707234643059,35.77778128906527],[139.67041791516965,35.777833528992076],[139.67041435354645,35.777893462474495],[139.67053400014228,35.77799740117859],[139.6707234643059,35.77778128906527]]]}},{"type":"Feature","properties":{"現象の種類":"急傾斜地の崩壊","区域区分":"土砂災害警戒区域","区域名":"-","所在地":"板橋区西台二丁目","告示日":"2018/5/31"},"geometry":{"type":"Polygon","coordinates":[[[139.6692693649487,35.779390863081034],[139.66930412446925,35.779562312960124],[139.6696115209442,35.77953138766225],[139.66958473135398,35.779291820935484],[139.6692693649487,35.779390863081034]]]}},{"type":"Feature","properties":{"現象の種類":"急傾斜地の崩壊","区域区分":"土砂災害警戒区域","区域名":"-","所在地":"板橋区徳丸一丁目","告示日":"2018/5/31"},"geometry":{"type":"Polygon","coordinates":[[[139.66457536614584,35.77479372187606],[139.6647664413894,35.77469378451438],[139.66471564185332,35.774465878000605],[139.66422894719142,35.774533281784656],[139.66428551692965,35.774775871126984],[139.66457536614584,35.77479372187606]]]}},{"type":"Feature","properties":{"現象の種類":"急傾斜地の崩壊","区域区分":"土砂災害警戒区域","区域名":"-","所在地":"板橋区徳丸一丁目","告示日":"2018/5/31"},"geometry":{"type":"Polygon","coordinates":[[[139.6647664586509,35.773201312568006],[139.66452497009843,35.773019208396306],[139.6643503556785,35.7731797976599],[139.66461460126084,35.77334539736212],[139.6647664586509,35.773201312568006]]]}},{"type":"Feature","properties":{"現象の種類":"急傾斜地の崩壊","区域区分":"土砂災害警戒区域","区域名":"-","所在地":"板橋区徳丸一丁目","告示日":"2018/5/31"},"geometry":{"type":"Polygon","coordinates":[[[139.66425903460078,35.77292688687996],[139.66406965232727,35.772749867342995],[139.66383864789526,35.77292833556865],[139.66407695640893,35.773041659707054],[139.66425903460078,35.77292688687996]]]}},{"type":"Feature","properties":{"現象の種類":"急傾斜地の崩壊","区域区分":"土砂災害警戒区域","区域名":"-","所在地":"板橋区徳丸一丁目","告示日":"2018/5/31"},"geometry":{"type":"Polygon","coordinates":[[[139.66425968274234,35.77242075348819],[139.6639355036961,35.772452032331174],[139.6639839680662,35.77259501691583],[139.66424883797683,35.77255289017352],[139.66425968274234,35.77242075348819]]]}},{"type":"Feature","properties":{"現象の種類":"急傾斜地の崩壊","区域区分":"土砂災害警戒区域","区域名":"-","所在地":"板橋区徳丸一丁目","告示日":"2018/5/31"},"geometry":{"type":"Polygon","coordinates":[[[139.66540617625532,35.77205124924024],[139.66558878966794,35.77185760320618],[139.66524733567684,35.77176466013623],[139.66524370745643,35.77202242107371],[139.66540617625532,35.77205124924024]]]}},{"type":"Feature","properties":{"現象の種類":"急傾斜地の崩壊","区域区分":"土砂災害警戒区域","区域名":"-","所在地":"板橋区徳丸二丁目","告示日":"2018/5/31"},"geometry":{"type":"Polygon","coordinates":[[[139.6629302790666,35.77376408722927],[139.6629511281906,35.773478860502756],[139.66277899316967,35.77349939141929],[139.66226213798657,35.77366513018868],[139.66238731866918,35.7739291247049],[139.6629302790666,35.77376408722927]]]}},{"type":"Feature","properties":{"現象の種類":"急傾斜地の崩壊","区域区分":"土砂災害警戒区域","区域名":"-","所在地":"板橋区徳丸六丁目","告示日":"2018/5/31"},"geometry":{"type":"Polygon","coordinates":[[[139.66118541719587,35.77759714583486],[139.66087024839848,35.777304286626865],[139.66110084115533,35.77758936852309],[139.66118541719587,35.77759714583486]]]}},{"type":"Feature","properties":{"現象の種類":"急傾斜地の崩壊","区域区分":"土砂災害警戒区域","区域名":"-","所在地":"板橋区徳丸三丁目","告示日":"2018/5/31"},"geometry":{"type":"Polygon","coordinates":[[[139.65678347476626,35.77468117327425],[139.65709740404174,35.77456535095724],[139.65677478604965,35.774662634065635],[139.65678347476626,35.77468117327425]]]}},{"type":"Feature","properties":{"現象の種類":"急傾斜地の崩壊","区域区分":"土砂災害警戒区域","区域名":"-","所在地":"板橋区徳丸四丁目","告示日":"2018/5/31"},"geometry":{"type":"Polygon","coordinates":[[[139.6537413306482,35.774724351888125],[139.65362086298848,35.774773657121365],[139.6538295914466,35.77496735144096],[139.6539303029882,35.77491984244333],[139.6537413306482,35.774724351888125]]]}},{"type":"Feature","properties":{"現象の種類":"急傾斜地の崩壊","区域区分":"土砂災害警戒区域","区域名":"-","所在地":"板橋区徳丸七丁目、徳丸八丁目","告示日":"2018/5/31"},"geometry":{"type":"Polygon","coordinates":[[[139.660712751467,35.78179919911138],[139.66084733562107,35.78148910682057],[139.66073812389376,35.78138008216915],[139.66048504466147,35.78145552817738],[139.6604726534027,35.78160428299806],[139.660712751467,35.78179919911138]]]}},{"type":"Feature","properties":{"現象の種類":"急傾斜地の崩壊","区域区分":"土砂災害警戒区域","区域名":"-","所在地":"板橋区徳丸八丁目、徳丸七丁目","告示日":"2018/5/31"},"geometry":{"type":"Polygon","coordinates":[[[139.66060761608347,35.78155333511384],[139.66055725869538,35.7813503141539],[139.66020953643428,35.78143155967281],[139.66030444160097,35.78157175590595],[139.66060761608347,35.78155333511384]]]}},{"type":"Feature","properties":{"現象の種類":"急傾斜地の崩壊","区域区分":"土砂災害警戒区域","区域名":"-","所在地":"板橋区徳丸八丁目","告示日":"2018/5/31"},"geometry":{"type":"Polygon","coordinates":[[[139.6602914662517,35.781539459685625],[139.66020294363418,35.78156956083298],[139.6604975409902,35.781876108615016],[139.66054869600558,35.78172326418453],[139.6602914662517,35.781539459685625]]]}},{"type":"Feature","properties":{"現象の種類":"急傾斜地の崩壊","区域区分":"土砂災害警戒区域","区域名":"-","所在地":"板橋区徳丸八丁目","告示日":"2018/5/31"},"geometry":{"type":"Polygon","coordinates":[[[139.65910986272803,35.781820310062365],[139.6595654713323,35.78210925620861],[139.65959703897474,35.78187655208662],[139.65966338768996,35.781853224983884],[139.65973441578973,35.78206758902357],[139.65993674109203,35.781622045339816],[139.65969242469126,35.78148082148814],[139.659265808561,35.781598942981816],[139.65910986272803,35.781820310062365]]]}},{"type":"Feature","properties":{"現象の種類":"急傾斜地の崩壊","区域区分":"土砂災害警戒区域","区域名":"-","所在地":"板橋区成増三丁目","告示日":"2018/5/31"},"geometry":{"type":"Polygon","coordinates":[[[139.63143233847597,35.78152248898203],[139.63114965713513,35.781334950434676],[139.63142553401866,35.78157077268903],[139.63143233847597,35.78152248898203]]]}},{"type":"Feature","properties":{"現象の種類":"急傾斜地の崩壊","区域区分":"土砂災害警戒区域","区域名":"-","所在地":"板橋区徳丸八丁目","告示日":"2018/5/31"},"geometry":{"type":"Polygon","coordinates":[[[139.65850293450228,35.78204824888501],[139.6581921370657,35.78194126815121],[139.65817888248617,35.7820041660084],[139.65781491085917,35.78183302167077],[139.65759978777476,35.78197605619812],[139.65763754464865,35.78217879846684],[139.65806473876233,35.782354135610845],[139.65852815086646,35.782256010479806],[139.65850293450228,35.78204824888501]]]}},{"type":"Feature","properties":{"現象の種類":"急傾斜地の崩壊","区域区分":"土砂災害警戒区域","区域名":"-","所在地":"板橋区四葉二丁目","告示日":"2018/5/31"},"geometry":{"type":"Polygon","coordinates":[[[139.6541999257214,35.78322574691795],[139.6545642152462,35.78295511220381],[139.65416090064718,35.78315157789939],[139.6541999257214,35.78322574691795]]]}},{"type":"Feature","properties":{"現象の種類":"急傾斜地の崩壊","区域区分":"土砂災害警戒区域","区域名":"-","所在地":"板橋区大門","告示日":"2018/5/31"},"geometry":{"type":"Polygon","coordinates":[[[139.65043865541236,35.7846794661762],[139.6504414057691,35.78444834487756],[139.65015959135238,35.784425289128656],[139.64966040780362,35.78457321692285],[139.64930368573567,35.78456859018444],[139.6497905652573,35.785157945324215],[139.6498175112068,35.78504496533887],[139.65043865541236,35.7846794661762]]]}},{"type":"Feature","properties":{"現象の種類":"急傾斜地の崩壊","区域区分":"土砂災害警戒区域","区域名":"-","所在地":"板橋区大門","告示日":"2018/5/31"},"geometry":{"type":"Polygon","coordinates":[[[139.64666253655534,35.785219612757416],[139.6462356866076,35.785243133189184],[139.6462274026181,35.78545329973545],[139.646568560935,35.7855909235813],[139.64666253655534,35.785219612757416]]]}},{"type":"Feature","properties":{"現象の種類":"急傾斜地の崩壊","区域区分":"土砂災害警戒区域","区域名":"-","所在地":"板橋区赤塚八丁目","告示日":"2018/5/31"},"geometry":{"type":"Polygon","coordinates":[[[139.64523012496414,35.782882543664854],[139.645581233858,35.78296624402135],[139.64565244120072,35.78272065024338],[139.6453014789425,35.78268834090365],[139.64523012496414,35.782882543664854]]]}},{"type":"Feature","properties":{"現象の種類":"急傾斜地の崩壊","区域区分":"土砂災害警戒区域","区域名":"-","所在地":"板橋区赤塚八丁目、赤塚五丁目","告示日":"2018/5/31"},"geometry":{"type":"Polygon","coordinates":[[[139.64498648488106,35.78283403803456],[139.6449011340688,35.782966947972746],[139.64514291794976,35.78303374384018],[139.6452220403301,35.78293030638199],[139.64498648488106,35.78283403803456]]]}},{"type":"Feature","properties":{"現象の種類":"急傾斜地の崩壊","区域区分":"土砂災害警戒区域","区域名":"-","所在地":"板橋区赤塚五丁目","告示日":"2018/5/31"},"geometry":{"type":"Polygon","coordinates":[[[139.6444973504942,35.782480745622955],[139.64422866388526,35.78269109891158],[139.64432653289202,35.78297109678044],[139.64464919391568,35.78278420945785],[139.64478474155538,35.782612012841376],[139.6444973504942,35.782480745622955]]]}},{"type":"Feature","properties":{"現象の種類":"急傾斜地の崩壊","区域区分":"土砂災害警戒区域","区域名":"-","所在地":"板橋区赤塚五丁目","告示日":"2018/5/31"},"geometry":{"type":"Polygon","coordinates":[[[139.64371744631,35.78291144481463],[139.64363491754983,35.78271866503397],[139.64341003950793,35.78260655590903],[139.6431796835607,35.782802412127296],[139.64331761837147,35.78295047215913],[139.64371744631,35.78291144481463]]]}},{"type":"Feature","properties":{"現象の種類":"急傾斜地の崩壊","区域区分":"土砂災害警戒区域","区域名":"-","所在地":"板橋区赤塚四丁目","告示日":"2018/5/31"},"geometry":{"type":"Polygon","coordinates":[[[139.64177365635135,35.78528248060834],[139.6411326165467,35.785378474484425],[139.64117244892145,35.7855955077813],[139.64186866121722,35.78546022918078],[139.64177365635135,35.78528248060834]]]}},{"type":"Feature","properties":{"現象の種類":"急傾斜地の崩壊","区域区分":"土砂災害警戒区域","区域名":"-","所在地":"板橋区赤塚四丁目","告示日":"2018/5/31"},"geometry":{"type":"Polygon","coordinates":[[[139.64048190808273,35.7856672145609],[139.64043200134185,35.785581805300524],[139.64022374491591,35.785623698505006],[139.64017410703508,35.78556561017649],[139.63997016201958,35.78565370657269],[139.64010619415703,35.78588048961171],[139.6404062753491,35.78583730233597],[139.64048190808273,35.7856672145609]]]}},{"type":"Feature","properties":{"現象の種類":"急傾斜地の崩壊","区域区分":"土砂災害警戒区域","区域名":"-","所在地":"板橋区成増四丁目","告示日":"2018/5/31"},"geometry":{"type":"Polygon","coordinates":[[[139.63633393774003,35.7877610466243],[139.63657627814538,35.78758425919473],[139.63639704707865,35.78737091201069],[139.63626175926362,35.78734418986378],[139.6361017748047,35.787564450830175],[139.63620493474232,35.78762409275831],[139.6361735007519,35.787684154205],[139.63633393774003,35.7877610466243]]]}},{"type":"Feature","properties":{"現象の種類":"急傾斜地の崩壊","区域区分":"土砂災害警戒区域","区域名":"-","所在地":"板橋区成増四丁目","告示日":"2018/5/31"},"geometry":{"type":"Polygon","coordinates":[[[139.63582138634715,35.78687792135151],[139.6354854446484,35.786781049958805],[139.6352277830915,35.787058620474184],[139.63552582539447,35.78737224104703],[139.63579180448255,35.78706176948074],[139.63582138634715,35.78687792135151]]]}},{"type":"Feature","properties":{"現象の種類":"急傾斜地の崩壊","区域区分":"土砂災害警戒区域","区域名":"-","所在地":"板橋区成増五丁目","告示日":"2018/5/31"},"geometry":{"type":"Polygon","coordinates":[[[139.63325118311494,35.785813532708765],[139.63352587082335,35.78558183834751],[139.63319941484227,35.78544008211814],[139.63325118311494,35.785813532708765]]]}},{"type":"Feature","properties":{"現象の種類":"急傾斜地の崩壊","区域区分":"土砂災害警戒区域","区域名":"-","所在地":"板橋区成増二丁目","告示日":"2018/5/31"},"geometry":{"type":"Polygon","coordinates":[[[139.6346679727895,35.77607075030503],[139.63463597017673,35.775914550263174],[139.63432248696685,35.77595802386678],[139.63439838173798,35.77623185263237],[139.6346679727895,35.77607075030503]]]}},{"type":"Feature","properties":{"現象の種類":"急傾斜地の崩壊","区域区分":"土砂災害警戒区域","区域名":"-","所在地":"板橋区成増二丁目","告示日":"2018/5/31"},"geometry":{"type":"Polygon","coordinates":[[[139.62598932405032,35.7795379272178],[139.62630089811464,35.77978402455025],[139.6263372355713,35.779736166218036],[139.62598932405032,35.7795379272178]]]}},{"type":"Feature","properties":{"現象の種類":"急傾斜地の崩壊","区域区分":"土砂災害警戒区域","区域名":"-","所在地":"板橋区成増一丁目、練馬区旭町三丁目","告示日":"2018/5/31"},"geometry":{"type":"Polygon","coordinates":[[[139.62592105521404,35.77892477346449],[139.6259090930451,35.77881442280468],[139.62554745956146,35.77895388966876],[139.62553012697677,35.77906230730871],[139.62592105521404,35.77892477346449]]]}},{"type":"Feature","properties":{"現象の種類":"急傾斜地の崩壊","区域区分":"土砂災害警戒区域","区域名":"-","所在地":"練馬区旭町三丁目","告示日":"2018/5/31"},"geometry":{"type":"Polygon","coordinates":[[[139.62623386541574,35.774961626298136],[139.62618591396725,35.774694798601956],[139.62600995063033,35.77479126132085],[139.62623386541574,35.774961626298136]]]}},{"type":"Feature","properties":{"現象の種類":"急傾斜地の崩壊","区域区分":"土砂災害警戒区域","区域名":"-","所在地":"練馬区旭町三丁目","告示日":"2018/5/31"},"geometry":{"type":"Polygon","coordinates":[[[139.626866152337,35.773915375323284],[139.62690589382493,35.77382001697731],[139.6264742775279,35.77384138592855],[139.62654376068562,35.77393129661534],[139.626866152337,35.773915375323284]]]}},{"type":"Feature","properties":{"現象の種類":"急傾斜地の崩壊","区域区分":"土砂災害警戒区域","区域名":"-","所在地":"練馬区旭町二丁目","告示日":"2018/5/31"},"geometry":{"type":"Polygon","coordinates":[[[139.6264376764055,35.771147936672136],[139.62630904328674,35.770924308193926],[139.62603748752423,35.771023350617654],[139.62617054662155,35.771244674697144],[139.6264376764055,35.771147936672136]]]}},{"type":"Feature","properties":{"現象の種類":"急傾斜地の崩壊","区域区分":"土砂災害警戒区域","区域名":"-","所在地":"練馬区土支田四丁目","告示日":"2018/5/31"},"geometry":{"type":"Polygon","coordinates":[[[139.61090502286606,35.76646352307139],[139.6108348025299,35.76622054912951],[139.6107985738245,35.766289030671956],[139.61038117804299,35.76626989600433],[139.61030620757643,35.766520344203016],[139.6104774304001,35.76661899024998],[139.61076084057922,35.76662805922094],[139.61090502286606,35.76646352307139]]]}},{"type":"Feature","properties":{"現象の種類":"急傾斜地の崩壊","区域区分":"土砂災害警戒区域","区域名":"-","所在地":"練馬区大泉町一丁目","告示日":"2018/5/31"},"geometry":{"type":"Polygon","coordinates":[[[139.606744431985,35.76748263929497],[139.60681235062694,35.767209536340424],[139.60668427258125,35.76705326748984],[139.60626801358308,35.767088039864724],[139.60619042814085,35.76723436767972],[139.60621685199624,35.76739250928387],[139.6064168304954,35.76751589682549],[139.606744431985,35.76748263929497]]]}},{"type":"Feature","properties":{"現象の種類":"急傾斜地の崩壊","区域区分":"土砂災害警戒区域","区域名":"-","所在地":"練馬区大泉町三丁目、大泉町一丁目","告示日":"2018/5/31"},"geometry":{"type":"Polygon","coordinates":[[[139.60216674147887,35.76702961565266],[139.6019816451877,35.76703940267512],[139.60176024543068,35.76731339843614],[139.60183316357958,35.767397970701026],[139.6019305542583,35.76743213779627],[139.60216674147887,35.76702961565266]]]}},{"type":"Feature","properties":{"現象の種類":"急傾斜地の崩壊","区域区分":"土砂災害警戒区域","区域名":"-","所在地":"練馬区桜台六丁目","告示日":"2018/5/31"},"geometry":{"type":"Polygon","coordinates":[[[139.65982692719933,35.74838594418181],[139.6597327351239,35.74816259467644],[139.65939333015817,35.74816265449201],[139.6593787257454,35.748431901532584],[139.65982692719933,35.74838594418181]]]}},{"type":"Feature","properties":{"現象の種類":"急傾斜地の崩壊","区域区分":"土砂災害警戒区域","区域名":"-","所在地":"練馬区上石神井三丁目","告示日":"2018/5/31"},"geometry":{"type":"Polygon","coordinates":[[[139.59268794272185,35.733428384168626],[139.59328308926507,35.73336198319126],[139.59354702299484,35.73323855110625],[139.5934256294694,35.73300050878963],[139.59278887677206,35.733103044289464],[139.59252723739257,35.733206392065405],[139.59268794272185,35.733428384168626]]]}},{"type":"Feature","properties":{"現象の種類":"急傾斜地の崩壊","区域区分":"土砂災害警戒区域","区域名":"-","所在地":"練馬区関町北三丁目","告示日":"2018/5/31"},"geometry":{"type":"Polygon","coordinates":[[[139.5665934111286,35.7246523566016],[139.56676711561457,35.724783048294746],[139.5669807423593,35.72460369847813],[139.56673895071717,35.72450923953064],[139.5665934111286,35.7246523566016]]]}},{"type":"Feature","properties":{"現象の種類":"急傾斜地の崩壊","区域区分":"土砂災害警戒区域","区域名":"-","所在地":"豊島区駒込一丁目","告示日":"2019/3/15"},"geometry":{"type":"Polygon","coordinates":[[[139.7492537778213,35.73650056230309],[139.74910929003627,35.7363203854517],[139.7489245817063,35.73648066400474],[139.74895576203204,35.73654942465403],[139.7492537778213,35.73650056230309]]]}},{"type":"Feature","properties":{"現象の種類":"急傾斜地の崩壊","区域区分":"土砂災害警戒区域","区域名":"-","所在地":"豊島区高田二丁目","告示日":"2019/3/15"},"geometry":{"type":"Polygon","coordinates":[[[139.714073577686,35.717166130996326],[139.71433396205498,35.71711319262408],[139.71423254357063,35.7168997462087],[139.71401343502367,35.717007649197626],[139.714073577686,35.717166130996326]]]}},{"type":"Feature","properties":{"現象の種類":"急傾斜地の崩壊","区域区分":"土砂災害警戒区域","区域名":"-","所在地":"豊島区南池袋四丁目","告示日":"2019/3/15"},"geometry":{"type":"Polygon","coordinates":[[[139.7176737997035,35.72150507045992],[139.717389167559,35.721426029730075],[139.71733574039905,35.72156083713306],[139.71758022167361,35.72168407123369],[139.7176737997035,35.72150507045992]]]}},{"type":"Feature","properties":{"現象の種類":"急傾斜地の崩壊","区域区分":"土砂災害警戒区域","区域名":"-","所在地":"豊島区駒込二丁目","告示日":"2019/3/15"},"geometry":{"type":"Polygon","coordinates":[[[139.74684757501595,35.73849653442435],[139.74695629157145,35.73840651128764],[139.74690411971287,35.73834835420206],[139.74698114080846,35.73829564358442],[139.74703739568963,35.73836566651682],[139.74713441150993,35.738272839915176],[139.74716476862554,35.738182449457156],[139.7469989138268,35.73805514911942],[139.7466960507663,35.738334572479914],[139.74684757501595,35.73849653442435]]]}},{"type":"Feature","properties":{"現象の種類":"急傾斜地の崩壊","区域区分":"土砂災害警戒区域","区域名":"-","所在地":"台東区谷中二丁目","告示日":"2019/3/15"},"geometry":{"type":"Polygon","coordinates":[[[139.7653932066213,35.721483471409314],[139.76587202657655,35.72127458688629],[139.76628095207715,35.720898449313474],[139.76606178608486,35.72072416513301],[139.76571927203094,35.72110213741692],[139.76538425875714,35.721208358120315],[139.7652663035565,35.72138076761844],[139.7653932066213,35.721483471409314]]]}},{"type":"Feature","properties":{"現象の種類":"急傾斜地の崩壊","区域区分":"土砂災害警戒区域","区域名":"-","所在地":"豊島区駒込七丁目","告示日":"2019/3/15"},"geometry":{"type":"Polygon","coordinates":[[[139.7393178698628,35.73976417371906],[139.73920358114154,35.739492804723675],[139.7390365291382,35.739612604967334],[139.73931034167285,35.7397659062355],[139.7393178698628,35.73976417371906]]]}},{"type":"Feature","properties":{"現象の種類":"急傾斜地の崩壊","区域区分":"土砂災害警戒区域","区域名":"-","所在地":"豊島区駒込一丁目","告示日":"2019/3/15"},"geometry":{"type":"Polygon","coordinates":[[[139.75105943048524,35.735405284854],[139.75117083533607,35.735138427017354],[139.75103702898502,35.73521772469519],[139.75097232678726,35.73517044434008],[139.7508691617918,35.73526237951282],[139.75094271137803,35.73531762059657],[139.75087153180928,35.73540015257315],[139.75105943048524,35.735405284854]]]}},{"type":"Feature","properties":{"現象の種類":"急傾斜地の崩壊","区域区分":"土砂災害警戒区域","区域名":"-","所在地":"豊島区駒込一丁目","告示日":"2019/3/15"},"geometry":{"type":"Polygon","coordinates":[[[139.75072832208312,35.735248372002346],[139.75063704734188,35.73530321093438],[139.75060295715377,35.735540761297074],[139.75083200290084,35.73555706406685],[139.75095048064915,35.73535366143824],[139.75072832208312,35.735248372002346]]]}},{"type":"Feature","properties":{"現象の種類":"急傾斜地の崩壊","区域区分":"土砂災害警戒区域","区域名":"-","所在地":"豊島区南大塚一丁目","告示日":"2019/3/15"},"geometry":{"type":"Polygon","coordinates":[[[139.73615112024524,35.727620680303104],[139.73578615088428,35.727478385761366],[139.7357201419872,35.72776786913801],[139.7360094341882,35.727871873787336],[139.73615112024524,35.727620680303104]]]}},{"type":"Feature","properties":{"現象の種類":"急傾斜地の崩壊","区域区分":"土砂災害警戒区域","区域名":"-","所在地":"豊島区南大塚一丁目","告示日":"2019/3/15"},"geometry":{"type":"Polygon","coordinates":[[[139.73596139148708,35.72728197907631],[139.73606686663547,35.72710259766807],[139.7358429119458,35.727200695319915],[139.73596139148708,35.72728197907631]]]}},{"type":"Feature","properties":{"現象の種類":"急傾斜地の崩壊","区域区分":"土砂災害警戒区域","区域名":"-","所在地":"豊島区南大塚一丁目","告示日":"2019/3/15"},"geometry":{"type":"Polygon","coordinates":[[[139.73588172077737,35.72701746145087],[139.73603030578806,35.72693368557813],[139.73603359312378,35.72686762096556],[139.73627323209084,35.72698240701041],[139.7363963060526,35.72676962578543],[139.73612109504214,35.726640453299396],[139.73585339507733,35.72663815745066],[139.73569558095875,35.72673286860627],[139.73588172077737,35.72701746145087]]]}},{"type":"Feature","properties":{"現象の種類":"急傾斜地の崩壊","区域区分":"土砂災害警戒区域","区域名":"-","所在地":"豊島区目白一丁目","告示日":"2019/3/15"},"geometry":{"type":"Polygon","coordinates":[[[139.70642922906032,35.718232470230575],[139.70634667176645,35.71798939087854],[139.70606788057424,35.71811633582321],[139.70616475849988,35.718297855966796],[139.70642922906032,35.718232470230575]]]}},{"type":"Feature","properties":{"現象の種類":"急傾斜地の崩壊","区域区分":"土砂災害警戒区域","区域名":"-","所在地":"豊島区目白一丁目","告示日":"2019/3/15"},"geometry":{"type":"Polygon","coordinates":[[[139.70756326840646,35.71746997313299],[139.70747281775476,35.71726466814722],[139.70734810558105,35.71726964750189],[139.70694569679733,35.71745113803597],[139.707049430369,35.71764829255692],[139.7071792925838,35.717634697374066],[139.70756326840646,35.71746997313299]]]}},{"type":"Feature","properties":{"現象の種類":"急傾斜地の崩壊","区域区分":"土砂災害警戒区域","区域名":"-","所在地":"豊島区目白一丁目","告示日":"2019/3/15"},"geometry":{"type":"Polygon","coordinates":[[[139.71160656398666,35.7173603531693],[139.71152106823737,35.7172001860611],[139.71109824182346,35.71712636131674],[139.7111962701701,35.71679002934808],[139.7109722320892,35.716812626997765],[139.7104210104161,35.71653515464029],[139.7102564319938,35.716855246459865],[139.71021883718268,35.717196992968965],[139.7113016346928,35.717502774549104],[139.7113039172221,35.71759258332867],[139.71170518978062,35.7177211896831],[139.71198767401427,35.717482489968745],[139.71160656398666,35.7173603531693]]]}},{"type":"Feature","properties":{"現象の種類":"急傾斜地の崩壊","区域区分":"土砂災害警戒区域","区域名":"-","所在地":"豊島区高田二丁目","告示日":"2019/3/15"},"geometry":{"type":"Polygon","coordinates":[[[139.71420848459158,35.717387262227014],[139.7140977434026,35.717151601874015],[139.71380079840696,35.717342414191315],[139.71389196479396,35.71752234057623],[139.71420848459158,35.717387262227014]]]}},{"type":"Feature","properties":{"現象の種類":"急傾斜地の崩壊","区域区分":"土砂災害警戒区域","区域名":"-","所在地":"豊島区高田二丁目","告示日":"2019/3/15"},"geometry":{"type":"Polygon","coordinates":[[[139.7142314553156,35.7169296789509],[139.71457811616568,35.71683544627549],[139.71458210368215,35.71655342908011],[139.7143613466141,35.71645305522871],[139.71426815986226,35.716510746023815],[139.714267757716,35.71665083371179],[139.71435762163014,35.71668286773633],[139.7141357149965,35.716701046859114],[139.7142314553156,35.7169296789509]]]}},{"type":"Feature","properties":{"現象の種類":"急傾斜地の崩壊","区域区分":"土砂災害警戒区域","区域名":"-","所在地":"豊島区高田二丁目","告示日":"2019/3/15"},"geometry":{"type":"Polygon","coordinates":[[[139.7150263652624,35.71698494945473],[139.71504398312746,35.716774352824075],[139.71476112481974,35.71677950223544],[139.71474295381185,35.71704919132235],[139.7150263652624,35.71698494945473]]]}},{"type":"Feature","properties":{"現象の種類":"急傾斜地の崩壊","区域区分":"土砂災害警戒区域","区域名":"-","所在地":"豊島区雑司が谷一丁目","告示日":"2019/3/15"},"geometry":{"type":"Polygon","coordinates":[[[139.72104174039515,35.71887396629638],[139.72083098167766,35.718736339806],[139.72065584205777,35.71892895807766],[139.7208187795743,35.71911838162026],[139.72104174039515,35.71887396629638]]]}},{"type":"Feature","properties":{"現象の種類":"急傾斜地の崩壊","区域区分":"土砂災害警戒区域","区域名":"-","所在地":"豊島区雑司が谷一丁目","告示日":"2019/3/15"},"geometry":{"type":"Polygon","coordinates":[[[139.72125508957313,35.71925581884747],[139.72143181883888,35.71906536018623],[139.7212596013723,35.71892127448886],[139.72107525979501,35.71893393810321],[139.72111713187036,35.71906782936567],[139.7210551476413,35.719137602302034],[139.72125508957313,35.71925581884747]]]}},{"type":"Feature","properties":{"現象の種類":"急傾斜地の崩壊","区域区分":"土砂災害警戒区域","区域名":"-","所在地":"豊島区雑司が谷一丁目","告示日":"2019/3/15"},"geometry":{"type":"Polygon","coordinates":[[[139.72011014826086,35.718940929211364],[139.71989515676145,35.719040832937694],[139.72013811129284,35.719265160944445],[139.7203192068849,35.71909324718399],[139.72011014826086,35.718940929211364]]]}},{"type":"Feature","properties":{"現象の種類":"急傾斜地の崩壊","区域区分":"土砂災害警戒区域","区域名":"-","所在地":"港区赤坂九丁目","告示日":"2019/9/26"},"geometry":{"type":"Polygon","coordinates":[[[139.73188918164186,35.66878277263857],[139.7322066107614,35.668756293599415],[139.73230864663435,35.66864849606708],[139.73206879230847,35.66848913454987],[139.73190688209812,35.66853350926072],[139.73188918164186,35.66878277263857]]]}},{"type":"Feature","properties":{"現象の種類":"急傾斜地の崩壊","区域区分":"土砂災害警戒区域","区域名":"-","所在地":"港区高輪一丁目","告示日":"2019/9/26"},"geometry":{"type":"Polygon","coordinates":[[[139.73603363265434,35.643007113368576],[139.73592989023234,35.64317763126293],[139.73618762200604,35.6432705096581],[139.73628362598456,35.64306886599142],[139.73603363265434,35.643007113368576]]]}},{"type":"Feature","properties":{"現象の種類":"急傾斜地の崩壊","区域区分":"土砂災害警戒区域","区域名":"-","所在地":"千代田区富士見一丁目、飯田橋一丁目","告示日":"2019/9/26"},"geometry":{"type":"Polygon","coordinates":[[[139.74821895741943,35.69894221697911],[139.74827276848922,35.69889759406409],[139.74815390559766,35.6986728602455],[139.7480492767944,35.69873431551238],[139.74821895741943,35.69894221697911]]]}},{"type":"Feature","properties":{"現象の種類":"急傾斜地の崩壊","区域区分":"土砂災害警戒区域","区域名":"-","所在地":"千代田区一番町","告示日":"2019/9/26"},"geometry":{"type":"Polygon","coordinates":[[[139.74407448110026,35.68833645450833],[139.744069718591,35.68814901531192],[139.74378342504556,35.687995928418445],[139.74373960860675,35.687589520522735],[139.7435734602857,35.68728475403436],[139.74328474010855,35.68734947684271],[139.74330345635468,35.68779893211844],[139.7435044200432,35.688194360916775],[139.74407448110026,35.68833645450833]]]}},{"type":"Feature","properties":{"現象の種類":"急傾斜地の崩壊","区域区分":"土砂災害警戒区域","区域名":"-","所在地":"千代田区紀尾井町","告示日":"2019/9/26"},"geometry":{"type":"Polygon","coordinates":[[[139.73667959930296,35.68114861727873],[139.73614677117138,35.6811116216128],[139.7362320339257,35.68132435024688],[139.736552903504,35.68140279621959],[139.73667959930296,35.68114861727873]]]}},{"type":"Feature","properties":{"現象の種類":"急傾斜地の崩壊","区域区分":"土砂災害警戒区域","区域名":"-","所在地":"千代田区永田町二丁目","告示日":"2019/9/26"},"geometry":{"type":"Polygon","coordinates":[[[139.74078382262024,35.675664568431934],[139.74078756269677,35.675427499996545],[139.7405593335246,35.67538960511389],[139.7404639851671,35.67527851663318],[139.74005124484137,35.67541619080069],[139.74013894732812,35.67561028399888],[139.74037191840222,35.67555601463139],[139.740564576648,35.67557314183407],[139.74053523520908,35.675662562949405],[139.74078382262024,35.675664568431934]]]}},{"type":"Feature","properties":{"現象の種類":"急傾斜地の崩壊","区域区分":"土砂災害警戒区域","区域名":"-","所在地":"千代田区三番町","告示日":"2019/9/26"},"geometry":{"type":"Polygon","coordinates":[[[139.74145588841282,35.689700212053346],[139.7413387144279,35.68963967830711],[139.74125441406449,35.68984953060243],[139.74133711804083,35.689740513802185],[139.74145588841282,35.689700212053346]]]}},{"type":"Feature","properties":{"現象の種類":"急傾斜地の崩壊","区域区分":"土砂災害警戒区域","区域名":"-","所在地":"千代田区三番町","告示日":"2019/9/26"},"geometry":{"type":"Polygon","coordinates":[[[139.7417963425244,35.690030098291395],[139.7420498544157,35.69006085721696],[139.7421073423889,35.68985612492321],[139.7418188144693,35.689796017277516],[139.74163233793823,35.68985102246023],[139.74141773952167,35.689811225511846],[139.74145478594278,35.689698298313814],[139.74118447698342,35.689710393915924],[139.74115930450893,35.689912949994444],[139.7413296944733,35.690003779724826],[139.74167961378004,35.69009407300302],[139.7417963425244,35.690030098291395]]]}},{"type":"Feature","properties":{"現象の種類":"急傾斜地の崩壊","区域区分":"土砂災害警戒区域","区域名":"-","所在地":"千代田区紀尾井町","告示日":"2019/9/26"},"geometry":{"type":"Polygon","coordinates":[[[139.73790429625168,35.67891424821275],[139.73659472227223,35.67903825437517],[139.73659227210769,35.6791953845528],[139.73735722998458,35.679149663009525],[139.7379604350098,35.679204759561614],[139.73790429625168,35.67891424821275]]]}},{"type":"Feature","properties":{"現象の種類":"急傾斜地の崩壊","区域区分":"土砂災害警戒区域","区域名":"-","所在地":"千代田区紀尾井町","告示日":"2019/9/26"},"geometry":{"type":"Polygon","coordinates":[[[139.73244073327677,35.68086211603859],[139.7326705542332,35.681352404241885],[139.7331035077276,35.680989253249855],[139.7334341458165,35.68047215726714],[139.7337587043723,35.67947703899705],[139.73387311009,35.679397172137676],[139.7351900404772,35.67923879956457],[139.73598004739608,35.67923985723244],[139.73607937002473,35.67896351061001],[139.73489115297286,35.67900711092451],[139.73368130760753,35.67921649580985],[139.7334153218042,35.67954094944152],[139.73298202051058,35.680613762048175],[139.73263202788624,35.68096743839072],[139.73244073327677,35.68086211603859]]]}},{"type":"Feature","properties":{"現象の種類":"急傾斜地の崩壊","区域区分":"土砂災害警戒区域","区域名":"-","所在地":"千代田区永田町一丁目","告示日":"2019/9/26"},"geometry":{"type":"Polygon","coordinates":[[[139.74790924135414,35.677862032252534],[139.74746044501913,35.67835401320405],[139.7478158969758,35.67857267128844],[139.74827536844302,35.67811175075862],[139.74790924135414,35.677862032252534]]]}},{"type":"Feature","properties":{"現象の種類":"急傾斜地の崩壊","区域区分":"土砂災害警戒区域","区域名":"-","所在地":"千代田区紀尾井町","告示日":"2019/9/26"},"geometry":{"type":"Polygon","coordinates":[[[139.73674716202856,35.680493352558244],[139.73636160402816,35.68045922021545],[139.73634479337784,35.68069890214618],[139.73673351887675,35.68072742194211],[139.73674716202856,35.680493352558244]]]}},{"type":"Feature","properties":{"現象の種類":"急傾斜地の崩壊","区域区分":"土砂災害警戒区域","区域名":"-","所在地":"千代田区紀尾井町","告示日":"2019/9/26"},"geometry":{"type":"Polygon","coordinates":[[[139.7354764797654,35.68087484874766],[139.73525477808883,35.68080790707036],[139.7352973863479,35.68071639043804],[139.73522057782958,35.680694918545036],[139.73526237773922,35.680638768570105],[139.73552247576228,35.680680986349046],[139.73490655119664,35.680493663378854],[139.73478784423781,35.680760657066024],[139.7354764797654,35.68087484874766]]]}},{"type":"Feature","properties":{"現象の種類":"急傾斜地の崩壊","区域区分":"土砂災害警戒区域","区域名":"-","所在地":"千代田区紀尾井町","告示日":"2019/9/26"},"geometry":{"type":"Polygon","coordinates":[[[139.73469404840768,35.67953230399012],[139.73458229447357,35.67949237895833],[139.73427960048772,35.67960187078985],[139.73460969070908,35.679574403263004],[139.73469404840768,35.67953230399012]]]}},{"type":"Feature","properties":{"現象の種類":"急傾斜地の崩壊","区域区分":"土砂災害警戒区域","区域名":"-","所在地":"千代田区永田町二丁目","告示日":"2019/9/26"},"geometry":{"type":"Polygon","coordinates":[[[139.73762374838657,35.677947983702886],[139.7373224722947,35.677916056047046],[139.73721974110506,35.678060230552326],[139.73754124503589,35.67846391920962],[139.73777024941282,35.67818553709133],[139.7376368500614,35.6780808388836],[139.73762374838657,35.677947983702886]]]}},{"type":"Feature","properties":{"現象の種類":"急傾斜地の崩壊","区域区分":"土砂災害警戒区域","区域名":"-","所在地":"千代田区永田町二丁目","告示日":"2019/9/26"},"geometry":{"type":"Polygon","coordinates":[[[139.73860361552238,35.67735609651541],[139.7388479856433,35.677202805017465],[139.73880344787253,35.67693268586876],[139.73846317993872,35.67656818789099],[139.73829517968488,35.67657779248923],[139.73802910140435,35.676430000520604],[139.7379847389609,35.67683576417781],[139.73860361552238,35.67735609651541]]]}},{"type":"Feature","properties":{"現象の種類":"急傾斜地の崩壊","区域区分":"土砂災害警戒区域","区域名":"-","所在地":"千代田区永田町二丁目","告示日":"2019/9/26"},"geometry":{"type":"Polygon","coordinates":[[[139.7390499533128,35.67713780145194],[139.73922746981648,35.67672719311826],[139.73945938489504,35.676702698065846],[139.73943578782385,35.67650696245154],[139.73890010882945,35.6764807546743],[139.73884302535578,35.67655725237247],[139.7388951032263,35.67666866299571],[139.73870219567456,35.67681397306215],[139.73882046661126,35.6768573714233],[139.7387694401766,35.67692613965201],[139.73863931411614,35.67690689069622],[139.73862468252793,35.67705586761543],[139.73871504419063,35.677295162188365],[139.73899500156077,35.677228413870964],[139.73895335303808,35.677183807217766],[139.7390499533128,35.67713780145194]]]}},{"type":"Feature","properties":{"現象の種類":"急傾斜地の崩壊","区域区分":"土砂災害警戒区域","区域名":"-","所在地":"千代田区永田町二丁目","告示日":"2019/9/26"},"geometry":{"type":"Polygon","coordinates":[[[139.73933946119377,35.67641130334975],[139.73927438447507,35.67575082256871],[139.73898695075664,35.67576224125829],[139.73893014272153,35.675818020132844],[139.73900422396937,35.67636264279945],[139.73889786261157,35.67644393377218],[139.7390286376159,35.676598124762826],[139.73959014068373,35.67656609643307],[139.73955250448455,35.676402104705616],[139.73933946119377,35.67641130334975]]]}},{"type":"Feature","properties":{"現象の種類":"急傾斜地の崩壊","区域区分":"土砂災害警戒区域","区域名":"-","所在地":"千代田区永田町二丁目","告示日":"2019/9/26"},"geometry":{"type":"Polygon","coordinates":[[[139.73928048775412,35.675503797894294],[139.73915165490348,35.67548655872416],[139.73914284470283,35.67569108422854],[139.73926081763406,35.6757163673036],[139.73928048775412,35.675503797894294]]]}},{"type":"Feature","properties":{"現象の種類":"急傾斜地の崩壊","区域区分":"土砂災害警戒区域","区域名":"-","所在地":"千代田区永田町二丁目","告示日":"2019/9/26"},"geometry":{"type":"Polygon","coordinates":[[[139.7400800919756,35.675233055202376],[139.74038030563614,35.67523280316999],[139.74053896892434,35.675073732622],[139.74063284727944,35.67508373010935],[139.74040003409004,35.67464443990624],[139.73994012838511,35.67502632018085],[139.7400800919756,35.675233055202376]]]}},{"type":"Feature","properties":{"現象の種類":"急傾斜地の崩壊","区域区分":"土砂災害警戒区域","区域名":"-","所在地":"千代田区永田町二丁目","告示日":"2019/9/26"},"geometry":{"type":"Polygon","coordinates":[[[139.7397418020419,35.675685484355746],[139.73979865661522,35.6756802300085],[139.7397669755239,35.675573165830805],[139.7401362222852,35.675491750054775],[139.7401345177514,35.6753283792724],[139.7398193303802,35.67517357758125],[139.73966150395623,35.67520834272955],[139.7397418020419,35.675685484355746]]]}},{"type":"Feature","properties":{"現象の種類":"急傾斜地の崩壊","区域区分":"土砂災害警戒区域","区域名":"-","所在地":"千代田区永田町二丁目、港区赤坂三丁目","告示日":"2019/9/26"},"geometry":{"type":"Polygon","coordinates":[[[139.73929682606223,35.674670391327425],[139.73869748324663,35.674333896258574],[139.73851442724376,35.67463396474063],[139.7386271043228,35.67479604389227],[139.73857043122422,35.67479996575864],[139.73864941521325,35.67523757450751],[139.73886159636587,35.67545274299071],[139.73927145431784,35.67529758268306],[139.73929682606223,35.674670391327425]]]}},{"type":"Feature","properties":{"現象の種類":"急傾斜地の崩壊","区域区分":"土砂災害警戒区域","区域名":"-","所在地":"千代田区永田町二丁目","告示日":"2019/9/26"},"geometry":{"type":"Polygon","coordinates":[[[139.739962306475,35.674091161304204],[139.74021052314376,35.67408028307022],[139.74031154935025,35.673569543566884],[139.74001926514612,35.673616121962844],[139.7398181576476,35.67376491916499],[139.73971767570427,35.67369485011122],[139.73984676328806,35.67414823929936],[139.73991995058077,35.67417615478782],[139.739962306475,35.674091161304204]]]}},{"type":"Feature","properties":{"現象の種類":"急傾斜地の崩壊","区域区分":"土砂災害警戒区域","区域名":"-","所在地":"千代田区永田町一丁目","告示日":"2019/9/26"},"geometry":{"type":"Polygon","coordinates":[[[139.7455451170151,35.67323395621636],[139.7456019184268,35.67333607400425],[139.74600962374706,35.67339142186416],[139.7460588737206,35.673334464740556],[139.7455451170151,35.67323395621636]]]}},{"type":"Feature","properties":{"現象の種類":"急傾斜地の崩壊","区域区分":"土砂災害警戒区域","区域名":"-","所在地":"千代田区永田町一丁目","告示日":"2019/9/26"},"geometry":{"type":"Polygon","coordinates":[[[139.74663395538136,35.673682643450604],[139.7463736208569,35.67357611060145],[139.74632580463725,35.6737126659697],[139.74656354173408,35.673795476666115],[139.74663395538136,35.673682643450604]]]}},{"type":"Feature","properties":{"現象の種類":"急傾斜地の崩壊","区域区分":"土砂災害警戒区域","区域名":"-","所在地":"千代田区永田町一丁目","告示日":"2019/9/26"},"geometry":{"type":"Polygon","coordinates":[[[139.74675264646052,35.67349449993875],[139.746490825464,35.673406798497],[139.74645611179113,35.67346885705189],[139.74668826780902,35.67357332772529],[139.74675264646052,35.67349449993875]]]}},{"type":"Feature","properties":{"現象の種類":"急傾斜地の崩壊","区域区分":"土砂災害警戒区域","区域名":"-","所在地":"千代田区永田町一丁目","告示日":"2019/9/26"},"geometry":{"type":"Polygon","coordinates":[[[139.74704903226325,35.67344014210465],[139.7468621374514,35.6732598228443],[139.7466455873286,35.67345155405104],[139.74682886664974,35.673555151628356],[139.74704903226325,35.67344014210465]]]}},{"type":"Feature","properties":{"現象の種類":"急傾斜地の崩壊","区域区分":"土砂災害警戒区域","区域名":"-","所在地":"千代田区隼町","告示日":"2019/9/26"},"geometry":{"type":"Polygon","coordinates":[[[139.74498938544158,35.68069184607526],[139.7449381871385,35.68065433337858],[139.74478270406038,35.68079481132567],[139.7448564344887,35.68085092050157],[139.74498938544158,35.68069184607526]]]}},{"type":"Feature","properties":{"現象の種類":"急傾斜地の崩壊","区域区分":"土砂災害警戒区域","区域名":"-","所在地":"千代田区神田駿河台一丁目、神田猿楽町一丁目","告示日":"2019/9/26"},"geometry":{"type":"Polygon","coordinates":[[[139.76106863577093,35.6979677272617],[139.7607603502098,35.697910452190115],[139.76076275748494,35.697975629585294],[139.76106863577093,35.6979677272617]]]}},{"type":"Feature","properties":{"現象の種類":"急傾斜地の崩壊","区域区分":"土砂災害警戒区域","区域名":"-","所在地":"千代田区外神田二丁目、文京区湯島一丁目","告示日":"2019/9/26"},"geometry":{"type":"Polygon","coordinates":[[[139.76672594844607,35.70260008483544],[139.76708224852337,35.70262233161793],[139.76711178849854,35.70237559848509],[139.76675344683937,35.702341423338254],[139.76672594844607,35.70260008483544]]]}},{"type":"Feature","properties":{"現象の種類":"急傾斜地の崩壊","区域区分":"土砂災害警戒区域","区域名":"-","所在地":"千代田区神田駿河台二丁目","告示日":"2019/9/26"},"geometry":{"type":"Polygon","coordinates":[[[139.76083016146882,35.70124655915784],[139.76101427963965,35.70114249141473],[139.76067058798466,35.701294793661184],[139.76083016146882,35.70124655915784]]]}},{"type":"Feature","properties":{"現象の種類":"急傾斜地の崩壊","区域区分":"土砂災害警戒区域","区域名":"-","所在地":"千代田区神田駿河台二丁目","告示日":"2019/9/26"},"geometry":{"type":"Polygon","coordinates":[[[139.76051744789305,35.70120484592022],[139.76063572188832,35.70133457010774],[139.76084111898166,35.70130335915499],[139.7607834716522,35.701070113232035],[139.76051744789305,35.70120484592022]]]}},{"type":"Feature","properties":{"現象の種類":"急傾斜地の崩壊","区域区分":"土砂災害警戒区域","区域名":"-","所在地":"千代田区神田猿楽町二丁目、神田駿河台二丁目","告示日":"2019/9/26"},"geometry":{"type":"Polygon","coordinates":[[[139.7597847722017,35.69972488025054],[139.75945096846698,35.69945132183311],[139.7598559731441,35.699793811859],[139.7597847722017,35.69972488025054]]]}},{"type":"Feature","properties":{"現象の種類":"急傾斜地の崩壊","区域区分":"土砂災害警戒区域","区域名":"-","所在地":"港区愛宕一丁目","告示日":"2019/9/26"},"geometry":{"type":"Polygon","coordinates":[[[139.74842883794722,35.66496906371152],[139.74838050486875,35.66478066762143],[139.74809926611144,35.664836363606575],[139.74812354091426,35.66502115128839],[139.74820759064443,35.66509936731493],[139.74842883794722,35.66496906371152]]]}},{"type":"Feature","properties":{"現象の種類":"急傾斜地の崩壊","区域区分":"土砂災害警戒区域","区域名":"-","所在地":"千代田区神田猿楽町一丁目、神田駿河台一丁目、神田猿楽町二丁目","告示日":"2019/9/26"},"geometry":{"type":"Polygon","coordinates":[[[139.75992489052993,35.69961619286671],[139.76018899394077,35.6995109528771],[139.76014900341673,35.699471253043],[139.76024692433504,35.69938430584345],[139.7603019070611,35.699432469304874],[139.76049222745252,35.69925366740292],[139.760440542943,35.69920672296035],[139.76051012841452,35.69908704258186],[139.76069861363058,35.69905067755733],[139.76093897778875,35.69882442604726],[139.76099804825196,35.69869969716928],[139.76097028316443,35.698184654065486],[139.76065684042126,35.69819724870063],[139.76058009270147,35.69871792664219],[139.7603800288625,35.69867586107861],[139.76020238146836,35.69880132703156],[139.7602550421377,35.69895734894072],[139.7601821116744,35.699061396637546],[139.7600870664762,35.699008388333475],[139.75995289994052,35.69907283082703],[139.75998025674116,35.69914961898377],[139.7598902966725,35.699217664426975],[139.75982110613745,35.699149726362414],[139.7597019128531,35.69925928259252],[139.75981277516175,35.69936460607079],[139.75955511357404,35.69942817230929],[139.75988009220382,35.69974933617658],[139.75997123353454,35.69966214908771],[139.75992489052993,35.69961619286671]]]}},{"type":"Feature","properties":{"現象の種類":"急傾斜地の崩壊","区域区分":"土砂災害警戒区域","区域名":"-","所在地":"千代田区神田駿河台四丁目","告示日":"2019/9/26"},"geometry":{"type":"Polygon","coordinates":[[[139.7645427651256,35.698312907004606],[139.76524172418533,35.69806349703607],[139.76522004843343,35.697986455062896],[139.7658412341058,35.69782781848979],[139.76566917022194,35.69765433178968],[139.76518795953714,35.697782568258084],[139.76513040730117,35.69771616344419],[139.76490570888961,35.69781289248051],[139.76498468307625,35.69790371525662],[139.76481731640072,35.697932982051064],[139.76485082446445,35.69799824794798],[139.76476400205263,35.69794951598054],[139.76447912266684,35.69802350985616],[139.76452064205597,35.6981050932247],[139.76444566004605,35.69811745007651],[139.7645427651256,35.698312907004606]]]}},{"type":"Feature","properties":{"現象の種類":"急傾斜地の崩壊","区域区分":"土砂災害警戒区域","区域名":"-","所在地":"千代田区富士見二丁目","告示日":"2019/9/26"},"geometry":{"type":"Polygon","coordinates":[[[139.742997846103,35.69719214643463],[139.74264642257313,35.69703061338207],[139.7425205377457,35.697283519468854],[139.74282408812795,35.69742428894024],[139.742997846103,35.69719214643463]]]}},{"type":"Feature","properties":{"現象の種類":"急傾斜地の崩壊","区域区分":"土砂災害警戒区域","区域名":"-","所在地":"千代田区富士見二丁目","告示日":"2019/9/26"},"geometry":{"type":"Polygon","coordinates":[[[139.7432659152532,35.69665020500885],[139.74302527134455,35.69662937525531],[139.74288125044765,35.69694150888089],[139.74311718102473,35.69704617207904],[139.74326276197453,35.69683266326386],[139.7432659152532,35.69665020500885]]]}},{"type":"Feature","properties":{"現象の種類":"急傾斜地の崩壊","区域区分":"土砂災害警戒区域","区域名":"-","所在地":"千代田区富士見二丁目","告示日":"2019/9/26"},"geometry":{"type":"Polygon","coordinates":[[[139.74302900486825,35.69676887246548],[139.74314323443042,35.696495303797775],[139.7426747483845,35.69631411535765],[139.74253293336918,35.696601798047034],[139.74302900486825,35.69676887246548]]]}},{"type":"Feature","properties":{"現象の種類":"急傾斜地の崩壊","区域区分":"土砂災害警戒区域","区域名":"-","所在地":"千代田区三番町","告示日":"2019/9/26"},"geometry":{"type":"Polygon","coordinates":[[[139.74164196200297,35.69100262864556],[139.7417257586343,35.69077372350433],[139.74139680060873,35.690682339866406],[139.74132877894303,35.6909044447118],[139.74164196200297,35.69100262864556]]]}},{"type":"Feature","properties":{"現象の種類":"急傾斜地の崩壊","区域区分":"土砂災害警戒区域","区域名":"-","所在地":"千代田区紀尾井町","告示日":"2019/9/26"},"geometry":{"type":"Polygon","coordinates":[[[139.73651009042234,35.68243139486538],[139.7365435385386,35.68212468800304],[139.73622794740834,35.68215766962289],[139.73618140872193,35.68228793082956],[139.73651009042234,35.68243139486538]]]}},{"type":"Feature","properties":{"現象の種類":"急傾斜地の崩壊","区域区分":"土砂災害警戒区域","区域名":"-","所在地":"港区赤坂一丁目","告示日":"2019/9/26"},"geometry":{"type":"Polygon","coordinates":[[[139.74269134786155,35.668383523321054],[139.74254893630987,35.66806326810535],[139.74206802179273,35.668213022633125],[139.74214246591242,35.668449637352964],[139.74269134786155,35.668383523321054]]]}},{"type":"Feature","properties":{"現象の種類":"急傾斜地の崩壊","区域区分":"土砂災害警戒区域","区域名":"-","所在地":"文京区大塚二丁目","告示日":"2019/9/26"},"geometry":{"type":"Polygon","coordinates":[[[139.7296740919089,35.71809371617894],[139.72933502600753,35.71802918420872],[139.72938306451914,35.7180839620532],[139.72932302490682,35.71819668816765],[139.7296225798571,35.718252595210096],[139.7296740919089,35.71809371617894]]]}},{"type":"Feature","properties":{"現象の種類":"急傾斜地の崩壊","区域区分":"土砂災害警戒区域","区域名":"-","所在地":"港区赤坂四丁目","告示日":"2019/9/26"},"geometry":{"type":"Polygon","coordinates":[[[139.73510708079849,35.67511579953784],[139.7353652137453,35.67483667220083],[139.73522643897255,35.674850041781085],[139.73527684212345,35.67479282349486],[139.73518641778986,35.67468672753933],[139.73487300956106,35.674792129950596],[139.7348452258092,35.674907878959125],[139.73510708079849,35.67511579953784]]]}},{"type":"Feature","properties":{"現象の種類":"急傾斜地の崩壊","区域区分":"土砂災害警戒区域","区域名":"-","所在地":"港区赤坂四丁目","告示日":"2019/9/26"},"geometry":{"type":"Polygon","coordinates":[[[139.73550915768945,35.6753373803315],[139.7357251973476,35.67518301040534],[139.7355418336386,35.67502368499472],[139.73544844512912,35.67505937207835],[139.73547262311064,35.6749067544736],[139.73520158793278,35.67517089339131],[139.73550915768945,35.6753373803315]]]}},{"type":"Feature","properties":{"現象の種類":"急傾斜地の崩壊","区域区分":"土砂災害警戒区域","区域名":"-","所在地":"港区赤坂五丁目、赤坂七丁目、赤坂六丁目","告示日":"2019/9/26"},"geometry":{"type":"Polygon","coordinates":[[[139.73383636725396,35.67024874390585],[139.733337860197,35.67016644148541],[139.73317540719958,35.670286775936205],[139.73294571421832,35.67063353320182],[139.73291901922028,35.670816923753264],[139.7330692958719,35.67101040484286],[139.7333379522961,35.67108820412071],[139.7335125137231,35.67092424454475],[139.7333848308826,35.67083051245035],[139.73353772904204,35.67069800330394],[139.73444945233263,35.67115692796865],[139.73449331214258,35.67112056464861],[139.73490420927996,35.67141954117595],[139.73504512408655,35.67109646432372],[139.73482336300052,35.670748286677686],[139.73383636725396,35.67024874390585]]]}},{"type":"Feature","properties":{"現象の種類":"急傾斜地の崩壊","区域区分":"土砂災害警戒区域","区域名":"-","所在地":"港区赤坂六丁目","告示日":"2019/9/26"},"geometry":{"type":"Polygon","coordinates":[[[139.73439985086276,35.66786969601217],[139.73373857294615,35.6670134700369],[139.73368133550298,35.66698062921463],[139.73345153789234,35.66715885919748],[139.73355869228754,35.667128605037206],[139.73413263559016,35.66829677647015],[139.73431866665484,35.668315867279304],[139.73453728455667,35.668176077895886],[139.73439985086276,35.66786969601217]]]}},{"type":"Feature","properties":{"現象の種類":"急傾斜地の崩壊","区域区分":"土砂災害警戒区域","区域名":"-","所在地":"港区赤坂七丁目","告示日":"2019/9/26"},"geometry":{"type":"Polygon","coordinates":[[[139.73301920716384,35.67129221378576],[139.73268073202146,35.67102285556315],[139.7326224734071,35.67107130359386],[139.7329311470016,35.67135026462712],[139.73301920716384,35.67129221378576]]]}},{"type":"Feature","properties":{"現象の種類":"急傾斜地の崩壊","区域区分":"土砂災害警戒区域","区域名":"-","所在地":"港区赤坂七丁目","告示日":"2019/9/26"},"geometry":{"type":"Polygon","coordinates":[[[139.73286654885638,35.6714404756507],[139.7325294212209,35.67111944863393],[139.7324659883096,35.671159193215594],[139.7327619002522,35.67147196150975],[139.73286654885638,35.6714404756507]]]}},{"type":"Feature","properties":{"現象の種類":"急傾斜地の崩壊","区域区分":"土砂災害警戒区域","区域名":"-","所在地":"港区赤坂七丁目","告示日":"2019/9/26"},"geometry":{"type":"Polygon","coordinates":[[[139.73183725042145,35.67183084560104],[139.7324526587614,35.6715444155349],[139.73228453837223,35.67134226591009],[139.7317016466071,35.67164916947427],[139.73183725042145,35.67183084560104]]]}},{"type":"Feature","properties":{"現象の種類":"急傾斜地の崩壊","区域区分":"土砂災害警戒区域","区域名":"-","所在地":"港区赤坂七丁目","告示日":"2019/9/26"},"geometry":{"type":"Polygon","coordinates":[[[139.73143690156235,35.67176020007927],[139.7317148089048,35.671701406266536],[139.73147546606972,35.671340959523484],[139.73126464504145,35.67141309631306],[139.73143690156235,35.67176020007927]]]}},{"type":"Feature","properties":{"現象の種類":"急傾斜地の崩壊","区域区分":"土砂災害警戒区域","区域名":"-","所在地":"港区愛宕二丁目、虎ノ門三丁目","告示日":"2019/9/26"},"geometry":{"type":"Polygon","coordinates":[[[139.74727979102386,35.66243333016921],[139.7471534337923,35.6625061504715],[139.74729343682594,35.66265134145082],[139.74740774372248,35.662570809957764],[139.74727979102386,35.66243333016921]]]}},{"type":"Feature","properties":{"現象の種類":"急傾斜地の崩壊","区域区分":"土砂災害警戒区域","区域名":"-","所在地":"港区赤坂七丁目","告示日":"2019/9/26"},"geometry":{"type":"Polygon","coordinates":[[[139.73152018513295,35.67126359083524],[139.731502549034,35.6712057469815],[139.73169513018638,35.67120014228524],[139.73201830031613,35.67103148797039],[139.73206016133867,35.67089565546365],[139.73202829761732,35.6707365012509],[139.7316857749849,35.67049087299433],[139.73161693464394,35.670588775304054],[139.7314476340537,35.67061396544066],[139.7315164462581,35.67073168581838],[139.7317550569552,35.67082934390824],[139.73122430412445,35.6710748866583],[139.7313409582088,35.6712996399667],[139.73152018513295,35.67126359083524]]]}},{"type":"Feature","properties":{"現象の種類":"急傾斜地の崩壊","区域区分":"土砂災害警戒区域","区域名":"-","所在地":"港区赤坂七丁目","告示日":"2019/9/26"},"geometry":{"type":"Polygon","coordinates":[[[139.73081687011916,35.67248800416349],[139.7307285199431,35.672357134299],[139.73033083647573,35.672694088366256],[139.73056467940322,35.67280712844619],[139.73081687011916,35.67248800416349]]]}},{"type":"Feature","properties":{"現象の種類":"急傾斜地の崩壊","区域区分":"土砂災害警戒区域","区域名":"-","所在地":"港区赤坂七丁目","告示日":"2019/9/26"},"geometry":{"type":"Polygon","coordinates":[[[139.729440219925,35.67191987869163],[139.72946012154787,35.67159971501067],[139.72916864408265,35.67160783712983],[139.7290693383013,35.67209037681734],[139.72927965236542,35.672148543696096],[139.72936622012114,35.67192422516635],[139.729440219925,35.67191987869163]]]}},{"type":"Feature","properties":{"現象の種類":"急傾斜地の崩壊","区域区分":"土砂災害警戒区域","区域名":"-","所在地":"港区赤坂八丁目","告示日":"2019/9/26"},"geometry":{"type":"Polygon","coordinates":[[[139.7285142877037,35.67168457134386],[139.72882590556026,35.67163672507668],[139.7287990962601,35.67138256119034],[139.7284529238656,35.67140138382264],[139.7285142877037,35.67168457134386]]]}},{"type":"Feature","properties":{"現象の種類":"急傾斜地の崩壊","区域区分":"土砂災害警戒区域","区域名":"-","所在地":"港区赤坂八丁目","告示日":"2019/9/26"},"geometry":{"type":"Polygon","coordinates":[[[139.7290744575888,35.67073453982857],[139.7291151118609,35.67052534637669],[139.72886622323117,35.67047470386255],[139.7288155387513,35.67067416544133],[139.7290744575888,35.67073453982857]]]}},{"type":"Feature","properties":{"現象の種類":"急傾斜地の崩壊","区域区分":"土砂災害警戒区域","区域名":"-","所在地":"港区赤坂九丁目","告示日":"2019/9/26"},"geometry":{"type":"Polygon","coordinates":[[[139.73026631424412,35.668287690128096],[139.7304795557951,35.66818526432536],[139.73045489156812,35.66814234003275],[139.73017741985976,35.668199874423536],[139.73026631424412,35.668287690128096]]]}},{"type":"Feature","properties":{"現象の種類":"急傾斜地の崩壊","区域区分":"土砂災害警戒区域","区域名":"-","所在地":"港区赤坂九丁目、赤坂八丁目","告示日":"2019/9/26"},"geometry":{"type":"Polygon","coordinates":[[[139.73103604666684,35.66864443976663],[139.73156391943613,35.66849524855103],[139.73206599914423,35.66812713206627],[139.73191787502319,35.66798855684965],[139.73073360792912,35.66850647874631],[139.73051081169987,35.66831362984747],[139.73023955045946,35.66847202706469],[139.73034474868294,35.668685124488555],[139.73065429298302,35.66883736035203],[139.73106479385933,35.66880767551433],[139.73103604666684,35.66864443976663]]]}},{"type":"Feature","properties":{"現象の種類":"急傾斜地の崩壊","区域区分":"土砂災害警戒区域","区域名":"-","所在地":"港区赤坂九丁目","告示日":"2019/9/26"},"geometry":{"type":"Polygon","coordinates":[[[139.73116004173235,35.66871049552512],[139.73119738790314,35.66848384142908],[139.7310311774628,35.66849325748367],[139.73102446843535,35.66870772915037],[139.73116004173235,35.66871049552512]]]}},{"type":"Feature","properties":{"現象の種類":"急傾斜地の崩壊","区域区分":"土砂災害警戒区域","区域名":"-","所在地":"港区赤坂九丁目","告示日":"2019/9/26"},"geometry":{"type":"Polygon","coordinates":[[[139.73195554716906,35.6680543722289],[139.73213222378152,35.667971153829654],[139.7322085228919,35.66774723711045],[139.73211505459864,35.6677752845498],[139.7318867864761,35.66762499432914],[139.73179418544183,35.66783103774223],[139.73195554716906,35.6680543722289]]]}},{"type":"Feature","properties":{"現象の種類":"急傾斜地の崩壊","区域区分":"土砂災害警戒区域","区域名":"-","所在地":"港区赤坂九丁目","告示日":"2019/9/26"},"geometry":{"type":"Polygon","coordinates":[[[139.73228626442875,35.66776579967192],[139.7322574624539,35.66756981542621],[139.73214914466521,35.66759131679079],[139.73228626442875,35.66776579967192]]]}},{"type":"Feature","properties":{"現象の種類":"急傾斜地の崩壊","区域区分":"土砂災害警戒区域","区域名":"-","所在地":"港区愛宕一丁目、虎ノ門三丁目","告示日":"2019/9/26"},"geometry":{"type":"Polygon","coordinates":[[[139.74866850578738,35.66550666330743],[139.74827014774058,35.664968214718655],[139.74819999403036,35.66472638367306],[139.7483250656211,35.66435937578557],[139.74760200970707,35.66436764158825],[139.7477153392566,35.6648774818532],[139.7479001848874,35.66519975489296],[139.74826311205453,35.665389618679505],[139.74858204936848,35.665754494070825],[139.7485904700037,35.66556246394655],[139.74866850578738,35.66550666330743]]]}},{"type":"Feature","properties":{"現象の種類":"急傾斜地の崩壊","区域区分":"土砂災害警戒区域","区域名":"-","所在地":"港区愛宕二丁目、愛宕一丁目、虎ノ門三丁目","告示日":"2019/9/26"},"geometry":{"type":"Polygon","coordinates":[[[139.74830019317028,35.664260275866376],[139.74803003676288,35.66359515219091],[139.74765649990576,35.663757195405715],[139.7477288039966,35.66395749556199],[139.74788123928414,35.66409173192847],[139.7476698325495,35.66431598800143],[139.74830019317028,35.664260275866376]]]}},{"type":"Feature","properties":{"現象の種類":"急傾斜地の崩壊","区域区分":"土砂災害警戒区域","区域名":"-","所在地":"港区虎ノ門三丁目、愛宕二丁目","告示日":"2019/9/26"},"geometry":{"type":"Polygon","coordinates":[[[139.74732757053607,35.66362687350841],[139.74747520288824,35.663514551769325],[139.7475376977541,35.6636267381767],[139.74789369676827,35.663428801956066],[139.74748778574642,35.66317125765558],[139.74724483034808,35.66350844163578],[139.74732757053607,35.66362687350841]]]}},{"type":"Feature","properties":{"現象の種類":"急傾斜地の崩壊","区域区分":"土砂災害警戒区域","区域名":"-","所在地":"港区愛宕二丁目、虎ノ門三丁目","告示日":"2019/9/26"},"geometry":{"type":"Polygon","coordinates":[[[139.7467840322225,35.66295668864654],[139.747066288117,35.66286169187559],[139.74691940239808,35.66271405402393],[139.74676978350433,35.662828174017555],[139.7467840322225,35.66295668864654]]]}},{"type":"Feature","properties":{"現象の種類":"急傾斜地の崩壊","区域区分":"土砂災害警戒区域","区域名":"-","所在地":"港区愛宕二丁目、虎ノ門三丁目","告示日":"2019/9/26"},"geometry":{"type":"Polygon","coordinates":[[[139.74721297604796,35.662688937401285],[139.74704296816597,35.66263033743544],[139.74725714057263,35.662728659975606],[139.74721297604796,35.662688937401285]]]}},{"type":"Feature","properties":{"現象の種類":"急傾斜地の崩壊","区域区分":"土砂災害警戒区域","区域名":"-","所在地":"港区虎ノ門三丁目、芝公園三丁目","告示日":"2019/9/26"},"geometry":{"type":"Polygon","coordinates":[[[139.7465697129403,35.66157761378384],[139.74636001178422,35.66160482008929],[139.7464334279266,35.661793878302454],[139.74663076937995,35.66174845436259],[139.7465697129403,35.66157761378384]]]}},{"type":"Feature","properties":{"現象の種類":"急傾斜地の崩壊","区域区分":"土砂災害警戒区域","区域名":"-","所在地":"港区虎ノ門三丁目、芝公園三丁目、虎ノ門五丁目","告示日":"2019/9/26"},"geometry":{"type":"Polygon","coordinates":[[[139.7450026434714,35.66229232012461],[139.7455662428087,35.66217461739788],[139.74568684097005,35.661884946195],[139.74535754059963,35.66188345586634],[139.7449429517549,35.66200804316035],[139.7450026434714,35.66229232012461]]]}},{"type":"Feature","properties":{"現象の種類":"急傾斜地の崩壊","区域区分":"土砂災害警戒区域","区域名":"-","所在地":"港区虎ノ門四丁目","告示日":"2019/9/26"},"geometry":{"type":"Polygon","coordinates":[[[139.74471172668692,35.66507226396243],[139.74445845715204,35.66486589821769],[139.74436896867923,35.664935430200124],[139.74454961302567,35.6651502226101],[139.74471172668692,35.66507226396243]]]}},{"type":"Feature","properties":{"現象の種類":"急傾斜地の崩壊","区域区分":"土砂災害警戒区域","区域名":"-","所在地":"港区虎ノ門五丁目、芝公園三丁目","告示日":"2019/9/26"},"geometry":{"type":"Polygon","coordinates":[[[139.74456795219217,35.66150145602848],[139.7445174359979,35.66144578659727],[139.74415621247317,35.661587828420544],[139.74416425383288,35.66164786804179],[139.74456795219217,35.66150145602848]]]}},{"type":"Feature","properties":{"現象の種類":"急傾斜地の崩壊","区域区分":"土砂災害警戒区域","区域名":"-","所在地":"港区芝公園三丁目","告示日":"2019/9/26"},"geometry":{"type":"Polygon","coordinates":[[[139.74879476507226,35.66128161966343],[139.74873741702135,35.66071645724104],[139.74845124629485,35.66077462803219],[139.74858727403884,35.66129145221764],[139.74851489895295,35.66130218559813],[139.74853844475578,35.66157398678278],[139.74879580574068,35.66157293185026],[139.74890988774564,35.661478262533244],[139.74892999765106,35.66139191792301],[139.74879476507226,35.66128161966343]]]}},{"type":"Feature","properties":{"現象の種類":"急傾斜地の崩壊","区域区分":"土砂災害警戒区域","区域名":"-","所在地":"港区芝公園四丁目、東麻布一丁目","告示日":"2019/9/26"},"geometry":{"type":"Polygon","coordinates":[[[139.74421037553674,35.65870657376703],[139.7444612604625,35.65870576749848],[139.74474675431682,35.65856846398469],[139.744971983618,35.65836370997605],[139.7450049103491,35.658191138767066],[139.74493881128885,35.65812254547114],[139.74454239391545,35.658296148392864],[139.7441929815403,35.65834343958198],[139.74424205292775,35.658434857440646],[139.74418071509007,35.65848174798702],[139.74372469978897,35.65865202347523],[139.74371741668767,35.658882983238676],[139.74421037553674,35.65870657376703]]]}},{"type":"Feature","properties":{"現象の種類":"急傾斜地の崩壊","区域区分":"土砂災害警戒区域","区域名":"-","所在地":"港区麻布台一丁目、芝公園三丁目","告示日":"2019/9/26"},"geometry":{"type":"Polygon","coordinates":[[[139.74376436739945,35.660835764811786],[139.74419268341668,35.660664345257906],[139.74375448229466,35.66082522098698],[139.74376436739945,35.660835764811786]]]}},{"type":"Feature","properties":{"現象の種類":"急傾斜地の崩壊","区域区分":"土砂災害警戒区域","区域名":"-","所在地":"港区麻布台一丁目、芝公園三丁目","告示日":"2019/9/26"},"geometry":{"type":"Polygon","coordinates":[[[139.74355847101108,35.66075784136425],[139.74393219068432,35.66050146191143],[139.74351957106887,35.66022449578633],[139.7434741279409,35.660053697083725],[139.74318175367648,35.66002980414295],[139.7433274888828,35.660438255721594],[139.74327174736297,35.6604994481134],[139.74355847101108,35.66075784136425]]]}},{"type":"Feature","properties":{"現象の種類":"急傾斜地の崩壊","区域区分":"土砂災害警戒区域","区域名":"-","所在地":"港区麻布台三丁目","告示日":"2019/9/26"},"geometry":{"type":"Polygon","coordinates":[[[139.73887123741022,35.660296660197645],[139.73869705206823,35.66008810097615],[139.7385459652379,35.660226670067985],[139.73877743518977,35.6603607141899],[139.73887123741022,35.660296660197645]]]}},{"type":"Feature","properties":{"現象の種類":"急傾斜地の崩壊","区域区分":"土砂災害警戒区域","区域名":"-","所在地":"港区麻布狸穴町、麻布永坂町","告示日":"2019/9/26"},"geometry":{"type":"Polygon","coordinates":[[[139.73942606707865,35.6595467798386],[139.73935056245324,35.65927740073835],[139.7394007461161,35.659249730072844],[139.73907346779237,35.65931477093397],[139.73910025450687,35.659517899975064],[139.73942606707865,35.6595467798386]]]}},{"type":"Feature","properties":{"現象の種類":"急傾斜地の崩壊","区域区分":"土砂災害警戒区域","区域名":"-","所在地":"港区麻布永坂町、麻布狸穴町","告示日":"2019/9/26"},"geometry":{"type":"Polygon","coordinates":[[[139.73919910548972,35.65895556865659],[139.73916994466023,35.658830584001095],[139.7386758089259,35.65885911508441],[139.7386253212416,35.65893498624268],[139.73883655285667,35.65900580467378],[139.73874734013233,35.659392253711644],[139.73902482771982,35.65943178064639],[139.73919910548972,35.65895556865659]]]}},{"type":"Feature","properties":{"現象の種類":"急傾斜地の崩壊","区域区分":"土砂災害警戒区域","区域名":"-","所在地":"港区麻布永坂町、麻布狸穴町","告示日":"2019/9/26"},"geometry":{"type":"Polygon","coordinates":[[[139.7390652604778,35.65846043804224],[139.7390744874129,35.65828668019635],[139.73888352749762,35.65831312061624],[139.73870503970122,35.65808148676225],[139.73846567018776,35.65813602014559],[139.73854551976365,35.658558109822664],[139.73895120614765,35.65860502720525],[139.73893950264787,35.65848432238282],[139.7390652604778,35.65846043804224]]]}},{"type":"Feature","properties":{"現象の種類":"急傾斜地の崩壊","区域区分":"土砂災害警戒区域","区域名":"-","所在地":"港区麻布永坂町","告示日":"2019/9/26"},"geometry":{"type":"Polygon","coordinates":[[[139.73852839092703,35.65797654119754],[139.73837300763375,35.65789885942325],[139.73823944097902,35.65806339833754],[139.7385228509255,35.6581756819987],[139.73852839092703,35.65797654119754]]]}},{"type":"Feature","properties":{"現象の種類":"急傾斜地の崩壊","区域区分":"土砂災害警戒区域","区域名":"-","所在地":"港区麻布永坂町","告示日":"2019/9/26"},"geometry":{"type":"Polygon","coordinates":[[[139.73846083255927,35.658023208016076],[139.73833710006383,35.657937322156194],[139.73816563007236,35.65813532929964],[139.73832627211576,35.658208502973835],[139.73846083255927,35.658023208016076]]]}},{"type":"Feature","properties":{"現象の種類":"急傾斜地の崩壊","区域区分":"土砂災害警戒区域","区域名":"-","所在地":"港区南青山四丁目","告示日":"2019/9/26"},"geometry":{"type":"Polygon","coordinates":[[[139.71803683083337,35.66499347721089],[139.71795786138165,35.664787874455584],[139.71784820226384,35.66481212787682],[139.71793247935776,35.66502106193962],[139.71803683083337,35.66499347721089]]]}},{"type":"Feature","properties":{"現象の種類":"急傾斜地の崩壊","区域区分":"土砂災害警戒区域","区域名":"-","所在地":"港区麻布永坂町、東麻布三丁目","告示日":"2019/9/26"},"geometry":{"type":"Polygon","coordinates":[[[139.73751742321832,35.65762871971348],[139.73759664921272,35.657724543167234],[139.73807635928054,35.6577330355162],[139.73831903057982,35.65748747914735],[139.7382120033236,35.65735007902794],[139.73763847671654,35.6572632604967],[139.73754425236007,35.6572776916808],[139.73749086409006,35.657394437603095],[139.73672654687178,35.65755157222905],[139.7366854751548,35.657677571828884],[139.73690792700071,35.657745294639554],[139.73751742321832,35.65762871971348]]]}},{"type":"Feature","properties":{"現象の種類":"急傾斜地の崩壊","区域区分":"土砂災害警戒区域","区域名":"-","所在地":"港区麻布永坂町","告示日":"2019/9/26"},"geometry":{"type":"Polygon","coordinates":[[[139.73745316612911,35.65781055895698],[139.73708093581686,35.657810304704654],[139.73706671167977,35.658016260550184],[139.73733554370443,35.65805888967862],[139.7374277219548,35.657938787633796],[139.73745316612911,35.65781055895698]]]}},{"type":"Feature","properties":{"現象の種類":"急傾斜地の崩壊","区域区分":"土砂災害警戒区域","区域名":"-","所在地":"港区麻布永坂町","告示日":"2019/9/26"},"geometry":{"type":"Polygon","coordinates":[[[139.73681002713818,35.65830294463113],[139.73709761356434,35.65827562638153],[139.73706275722415,35.65798319278084],[139.73672781190936,35.65807967839678],[139.73681002713818,35.65830294463113]]]}},{"type":"Feature","properties":{"現象の種類":"急傾斜地の崩壊","区域区分":"土砂災害警戒区域","区域名":"-","所在地":"港区六本木三丁目","告示日":"2019/9/26"},"geometry":{"type":"Polygon","coordinates":[[[139.73611278933035,35.66497168283421],[139.7364935192187,35.66480904532053],[139.73656613994686,35.664850175929175],[139.73670298797927,35.664684238066435],[139.73609459264716,35.66457184596787],[139.73571674465336,35.66458818879933],[139.73574748321275,35.664808998497485],[139.7359552129747,35.664936508357215],[139.73611278933035,35.66497168283421]]]}},{"type":"Feature","properties":{"現象の種類":"急傾斜地の崩壊","区域区分":"土砂災害警戒区域","区域名":"-","所在地":"港区六本木三丁目","告示日":"2019/9/26"},"geometry":{"type":"Polygon","coordinates":[[[139.7367518086613,35.664272520351936],[139.73648267405216,35.66418148588149],[139.7364583007072,35.664216247643566],[139.7367518086613,35.664272520351936]]]}},{"type":"Feature","properties":{"現象の種類":"急傾斜地の崩壊","区域区分":"土砂災害警戒区域","区域名":"-","所在地":"港区六本木三丁目","告示日":"2019/9/26"},"geometry":{"type":"Polygon","coordinates":[[[139.7367942406761,35.66415523211809],[139.7368463379544,35.66404431632063],[139.73655186421504,35.66400065000498],[139.73654789653233,35.664128027647],[139.7367942406761,35.66415523211809]]]}},{"type":"Feature","properties":{"現象の種類":"急傾斜地の崩壊","区域区分":"土砂災害警戒区域","区域名":"-","所在地":"港区六本木三丁目","告示日":"2019/9/26"},"geometry":{"type":"Polygon","coordinates":[[[139.73454162109695,35.663787102445895],[139.73428895764982,35.663725810379724],[139.73451556268978,35.66383636893921],[139.73454162109695,35.663787102445895]]]}},{"type":"Feature","properties":{"現象の種類":"急傾斜地の崩壊","区域区分":"土砂災害警戒区域","区域名":"-","所在地":"港区六本木三丁目","告示日":"2019/9/26"},"geometry":{"type":"Polygon","coordinates":[[[139.73589229288532,35.662785973367676],[139.73566167874037,35.662875121681],[139.73566943082807,35.662922015402906],[139.73589229288532,35.662785973367676]]]}},{"type":"Feature","properties":{"現象の種類":"急傾斜地の崩壊","区域区分":"土砂災害警戒区域","区域名":"-","所在地":"港区六本木四丁目","告示日":"2019/9/26"},"geometry":{"type":"Polygon","coordinates":[[[139.73453790117622,35.666009724079274],[139.73477516679242,35.665889231467396],[139.73457331761384,35.66550469814625],[139.73430243969437,35.66559754139812],[139.7344546559427,35.66593732168807],[139.73453790117622,35.666009724079274]]]}},{"type":"Feature","properties":{"現象の種類":"急傾斜地の崩壊","区域区分":"土砂災害警戒区域","区域名":"-","所在地":"港区六本木四丁目","告示日":"2019/9/26"},"geometry":{"type":"Polygon","coordinates":[[[139.73406944988665,35.66474445318045],[139.7337839624407,35.66485015218488],[139.73392398502116,35.66501706723262],[139.73417470036208,35.664895584760195],[139.73406944988665,35.66474445318045]]]}},{"type":"Feature","properties":{"現象の種類":"急傾斜地の崩壊","区域区分":"土砂災害警戒区域","区域名":"-","所在地":"港区六本木五丁目、六本木六丁目","告示日":"2019/9/26"},"geometry":{"type":"Polygon","coordinates":[[[139.73324278378337,35.660518683856765],[139.73284867589715,35.660448707470586],[139.7327205553618,35.66059070714935],[139.73280311265816,35.66080002756439],[139.73279595913374,35.66133278264452],[139.73328490431444,35.66127085216743],[139.73324278378337,35.660518683856765]]]}},{"type":"Feature","properties":{"現象の種類":"急傾斜地の崩壊","区域区分":"土砂災害警戒区域","区域名":"-","所在地":"港区元麻布二丁目","告示日":"2019/9/26"},"geometry":{"type":"Polygon","coordinates":[[[139.72991739095204,35.65423769637124],[139.72986569743713,35.654177728746674],[139.7296426232392,35.65425486240809],[139.72972074067758,35.654335294277956],[139.72991739095204,35.65423769637124]]]}},{"type":"Feature","properties":{"現象の種類":"急傾斜地の崩壊","区域区分":"土砂災害警戒区域","区域名":"-","所在地":"港区六本木五丁目","告示日":"2019/9/26"},"geometry":{"type":"Polygon","coordinates":[[[139.73313117038384,35.66043151155967],[139.7333740607911,35.66038058037696],[139.73309536206767,35.65960229241013],[139.73264450537025,35.65972978458578],[139.73268077077776,35.65985574493796],[139.7326256246063,35.65986999647918],[139.73281060594593,35.66037345247829],[139.73313117038384,35.66043151155967]]]}},{"type":"Feature","properties":{"現象の種類":"急傾斜地の崩壊","区域区分":"土砂災害警戒区域","区域名":"-","所在地":"港区六本木五丁目","告示日":"2019/9/26"},"geometry":{"type":"Polygon","coordinates":[[[139.73299985925843,35.659602900575194],[139.73278267684304,35.6591570072829],[139.7328080258303,35.65900959109744],[139.73247481954488,35.659021489108675],[139.73257401371222,35.65914571243456],[139.73250751951494,35.65920468366545],[139.73267328007324,35.659692743519386],[139.73299985925843,35.659602900575194]]]}},{"type":"Feature","properties":{"現象の種類":"急傾斜地の崩壊","区域区分":"土砂災害警戒区域","区域名":"-","所在地":"港区六本木五丁目、六本木六丁目","告示日":"2019/9/26"},"geometry":{"type":"Polygon","coordinates":[[[139.73276706394768,35.658631882157174],[139.73281744071838,35.65853171737784],[139.73291667676082,35.65852772813603],[139.73289000275778,35.65838123253864],[139.73295453020125,35.6582860543147],[139.73304057607314,35.65832877012307],[139.73319992107938,35.658053158639966],[139.7336419059119,35.658034347003],[139.73388372469174,35.65826410031903],[139.73411880256077,35.658217631963275],[139.73408322929907,35.65808374329015],[139.73390381420117,35.6580268479359],[139.733774015528,35.65774275472737],[139.73354641535158,35.65772598477081],[139.73344049183012,35.65781071545839],[139.73292229843068,35.65773364841683],[139.73276574609923,35.65779712840862],[139.7325135934975,35.65804769359865],[139.73266453879052,35.658130908710234],[139.73255619523758,35.65825776987362],[139.73239063498076,35.658238800373496],[139.7323083289339,35.65851578794144],[139.73253946388536,35.65864926042722],[139.73276706394768,35.658631882157174]]]}},{"type":"Feature","properties":{"現象の種類":"急傾斜地の崩壊","区域区分":"土砂災害警戒区域","区域名":"-","所在地":"港区六本木五丁目","告示日":"2019/9/26"},"geometry":{"type":"Polygon","coordinates":[[[139.73328108053676,35.65781826252543],[139.73313067268873,35.65765907186775],[139.73298039483336,35.65774711231663],[139.73293446920783,35.6578989922972],[139.7331264793728,35.658005145582614],[139.73328108053676,35.65781826252543]]]}},{"type":"Feature","properties":{"現象の種類":"急傾斜地の崩壊","区域区分":"土砂災害警戒区域","区域名":"-","所在地":"港区六本木五丁目、麻布十番一丁目","告示日":"2019/9/26"},"geometry":{"type":"Polygon","coordinates":[[[139.73417089945144,35.65726582833707],[139.7342917486824,35.65736397103447],[139.73462989293927,35.657255308169084],[139.7348421334828,35.65690258615122],[139.73420830706246,35.656919702505085],[139.7340975332121,35.65696046779797],[139.7341440658394,35.65705714466907],[139.7337845631661,35.65712708768503],[139.73370314182873,35.657224109775846],[139.7337440080653,35.657579697530124],[139.73383729374214,35.657710063635705],[139.73408662521575,35.6576543976279],[139.73393283046687,35.6573229590162],[139.73417089945144,35.65726582833707]]]}},{"type":"Feature","properties":{"現象の種類":"急傾斜地の崩壊","区域区分":"土砂災害警戒区域","区域名":"-","所在地":"港区六本木五丁目","告示日":"2019/9/26"},"geometry":{"type":"Polygon","coordinates":[[[139.7355623278457,35.658446613086866],[139.73549043516203,35.658291171709],[139.73535971326731,35.65830655098844],[139.735416258945,35.65841696894026],[139.73534318561207,35.65848884510843],[139.7355623278457,35.658446613086866]]]}},{"type":"Feature","properties":{"現象の種類":"急傾斜地の崩壊","区域区分":"土砂災害警戒区域","区域名":"-","所在地":"港区六本木六丁目","告示日":"2019/9/26"},"geometry":{"type":"Polygon","coordinates":[[[139.73149191153948,35.6608426869965],[139.7312876486034,35.66068272744359],[139.7310639788086,35.66074243502134],[139.73123319585008,35.66091489095621],[139.73140140300683,35.66140493305739],[139.73157512405143,35.66153003185028],[139.73171632144994,35.661320899085794],[139.73149191153948,35.6608426869965]]]}},{"type":"Feature","properties":{"現象の種類":"急傾斜地の崩壊","区域区分":"土砂災害警戒区域","区域名":"-","所在地":"港区六本木六丁目","告示日":"2019/9/26"},"geometry":{"type":"Polygon","coordinates":[[[139.73100006802042,35.65834334369927],[139.73093987126168,35.658265872843224],[139.73073293729223,35.65836989696961],[139.73079770718115,35.658453196008246],[139.73100006802042,35.65834334369927]]]}},{"type":"Feature","properties":{"現象の種類":"急傾斜地の崩壊","区域区分":"土砂災害警戒区域","区域名":"-","所在地":"港区六本木六丁目、元麻布三丁目、麻布十番一丁目","告示日":"2019/9/26"},"geometry":{"type":"Polygon","coordinates":[[[139.73183805881888,35.65844955352684],[139.73228432465115,35.65751287493995],[139.73199600718021,35.657315560115535],[139.73184613306057,35.657460011520605],[139.73199635099604,35.65757250329019],[139.73167438717098,35.658192276327924],[139.73146764773855,35.658411546260446],[139.73139097666598,35.658381135390236],[139.731659292997,35.658581218360446],[139.73183805881888,35.65844955352684]]]}},{"type":"Feature","properties":{"現象の種類":"急傾斜地の崩壊","区域区分":"土砂災害警戒区域","区域名":"-","所在地":"港区南青山四丁目","告示日":"2019/9/26"},"geometry":{"type":"Polygon","coordinates":[[[139.71816776087215,35.66496190601534],[139.71873900467932,35.664907866107555],[139.71865936590407,35.664617633741834],[139.7180383615458,35.66475271747302],[139.71816776087215,35.66496190601534]]]}},{"type":"Feature","properties":{"現象の種類":"急傾斜地の崩壊","区域区分":"土砂災害警戒区域","区域名":"-","所在地":"港区南青山四丁目","告示日":"2019/9/26"},"geometry":{"type":"Polygon","coordinates":[[[139.7189011716872,35.66485014260212],[139.71936256383935,35.66481642930198],[139.71931004535094,35.664536112557286],[139.7188077553559,35.664621911073674],[139.7189011716872,35.66485014260212]]]}},{"type":"Feature","properties":{"現象の種類":"急傾斜地の崩壊","区域区分":"土砂災害警戒区域","区域名":"-","所在地":"港区南青山四丁目","告示日":"2019/9/26"},"geometry":{"type":"Polygon","coordinates":[[[139.71966064510497,35.664944601368674],[139.7198582779909,35.66474313408947],[139.71961539073183,35.66489355127571],[139.71966064510497,35.664944601368674]]]}},{"type":"Feature","properties":{"現象の種類":"急傾斜地の崩壊","区域区分":"土砂災害警戒区域","区域名":"-","所在地":"港区南青山四丁目","告示日":"2019/9/26"},"geometry":{"type":"Polygon","coordinates":[[[139.71788669931667,35.664569813408455],[139.7183828242723,35.664483964022715],[139.71820965709892,35.66423857561765],[139.71782672016317,35.66435355673277],[139.71788669931667,35.664569813408455]]]}},{"type":"Feature","properties":{"現象の種類":"急傾斜地の崩壊","区域区分":"土砂災害警戒区域","区域名":"-","所在地":"港区南青山四丁目","告示日":"2019/9/26"},"geometry":{"type":"Polygon","coordinates":[[[139.71838094626958,35.664497898890964],[139.71892632886457,35.66432583282391],[139.7189598560289,35.66442289234427],[139.71901981560032,35.664313509990166],[139.71896303779775,35.66407093551906],[139.7188305319681,35.66403128937514],[139.71885177645547,35.66409947177395],[139.71832409304452,35.664255348984554],[139.71838094626958,35.664497898890964]]]}},{"type":"Feature","properties":{"現象の種類":"急傾斜地の崩壊","区域区分":"土砂災害警戒区域","区域名":"-","所在地":"港区南青山四丁目、西麻布二丁目","告示日":"2019/9/26"},"geometry":{"type":"Polygon","coordinates":[[[139.71922542364754,35.66264264698693],[139.71957220898165,35.662788709490314],[139.71973149503532,35.662641424819704],[139.7193204361476,35.662468947963035],[139.71922542364754,35.66264264698693]]]}},{"type":"Feature","properties":{"現象の種類":"急傾斜地の崩壊","区域区分":"土砂災害警戒区域","区域名":"-","所在地":"港区西麻布二丁目","告示日":"2019/9/26"},"geometry":{"type":"Polygon","coordinates":[[[139.7209396158582,35.661285563305746],[139.72112483412937,35.66126556121807],[139.72101524871232,35.66104694764418],[139.72080308985105,35.66111151727506],[139.7209396158582,35.661285563305746]]]}},{"type":"Feature","properties":{"現象の種類":"急傾斜地の崩壊","区域区分":"土砂災害警戒区域","区域名":"-","所在地":"港区西麻布二丁目","告示日":"2019/9/26"},"geometry":{"type":"Polygon","coordinates":[[[139.7216428358872,35.66114255468218],[139.7221350187113,35.66062415244719],[139.72215984166758,35.66052467581494],[139.72195218793863,35.660438321078495],[139.72168401679602,35.66079885989199],[139.7214336326282,35.660990447627],[139.72155282646332,35.66114855965002],[139.7216428358872,35.66114255468218]]]}},{"type":"Feature","properties":{"現象の種類":"急傾斜地の崩壊","区域区分":"土砂災害警戒区域","区域名":"-","所在地":"港区西麻布三丁目","告示日":"2019/9/26"},"geometry":{"type":"Polygon","coordinates":[[[139.72519784828782,35.658665770848145],[139.72525725704313,35.658457720824465],[139.72506638941135,35.658404361092984],[139.7249795257068,35.658587593019256],[139.72519784828782,35.658665770848145]]]}},{"type":"Feature","properties":{"現象の種類":"急傾斜地の崩壊","区域区分":"土砂災害警戒区域","区域名":"-","所在地":"港区西麻布三丁目","告示日":"2019/9/26"},"geometry":{"type":"Polygon","coordinates":[[[139.7244365237824,35.657237519284536],[139.72419989429432,35.65722164516603],[139.72417329004347,35.65743750681106],[139.7244100044058,35.65745330240356],[139.7244365237824,35.657237519284536]]]}},{"type":"Feature","properties":{"現象の種類":"急傾斜地の崩壊","区域区分":"土砂災害警戒区域","区域名":"-","所在地":"港区元麻布一丁目、麻布十番二丁目","告示日":"2019/9/26"},"geometry":{"type":"Polygon","coordinates":[[[139.73322725104535,35.65557390370555],[139.73294586545765,35.655667117364445],[139.7331097589456,35.65591400778553],[139.7329781374377,35.65594946585175],[139.73312121156593,35.65619930662503],[139.73342737304486,35.65607850359033],[139.73322725104535,35.65557390370555]]]}},{"type":"Feature","properties":{"現象の種類":"急傾斜地の崩壊","区域区分":"土砂災害警戒区域","区域名":"-","所在地":"港区三田四丁目","告示日":"2019/9/26"},"geometry":{"type":"Polygon","coordinates":[[[139.7404762571324,35.645624413674646],[139.74038962013947,35.64548030725692],[139.7400414312274,35.64559975881618],[139.74016321486707,35.64573522283951],[139.7404762571324,35.645624413674646]]]}},{"type":"Feature","properties":{"現象の種類":"急傾斜地の崩壊","区域区分":"土砂災害警戒区域","区域名":"-","所在地":"港区元麻布一丁目","告示日":"2019/9/26"},"geometry":{"type":"Polygon","coordinates":[[[139.73416411835765,35.654954034180946],[139.73401460358218,35.654684721071945],[139.733803539563,35.654773302976615],[139.7338696514571,35.65502881754512],[139.73416411835765,35.654954034180946]]]}},{"type":"Feature","properties":{"現象の種類":"急傾斜地の崩壊","区域区分":"土砂災害警戒区域","区域名":"-","所在地":"港区元麻布一丁目、麻布十番二丁目","告示日":"2019/9/26"},"geometry":{"type":"Polygon","coordinates":[[[139.73452615698304,35.654884772175166],[139.7345070029312,35.65448570311663],[139.73411527031462,35.65444994705747],[139.73430658559047,35.654953171975784],[139.73452615698304,35.654884772175166]]]}},{"type":"Feature","properties":{"現象の種類":"急傾斜地の崩壊","区域区分":"土砂災害警戒区域","区域名":"-","所在地":"港区元麻布一丁目","告示日":"2019/9/26"},"geometry":{"type":"Polygon","coordinates":[[[139.73406249242407,35.654119536699014],[139.73372886075236,35.65414232942937],[139.73374901484868,35.65423409401544],[139.73406249242407,35.654119536699014]]]}},{"type":"Feature","properties":{"現象の種類":"急傾斜地の崩壊","区域区分":"土砂災害警戒区域","区域名":"-","所在地":"港区元麻布一丁目","告示日":"2019/9/26"},"geometry":{"type":"Polygon","coordinates":[[[139.73348955573388,35.653781205640655],[139.73341480979005,35.653723127781426],[139.7336280169816,35.65408696903586],[139.73348955573388,35.653781205640655]]]}},{"type":"Feature","properties":{"現象の種類":"急傾斜地の崩壊","区域区分":"土砂災害警戒区域","区域名":"-","所在地":"港区元麻布一丁目","告示日":"2019/9/26"},"geometry":{"type":"Polygon","coordinates":[[[139.73375654740684,35.65373560734206],[139.7340089708609,35.653613207800106],[139.73373210939283,35.653725629294335],[139.73375654740684,35.65373560734206]]]}},{"type":"Feature","properties":{"現象の種類":"急傾斜地の崩壊","区域区分":"土砂災害警戒区域","区域名":"-","所在地":"港区元麻布一丁目","告示日":"2019/9/26"},"geometry":{"type":"Polygon","coordinates":[[[139.73378871812065,35.653781991091265],[139.73368749618024,35.653547846902434],[139.7335072587882,35.653618144497045],[139.73351971579925,35.65369028723078],[139.73378871812065,35.653781991091265]]]}},{"type":"Feature","properties":{"現象の種類":"急傾斜地の崩壊","区域区分":"土砂災害警戒区域","区域名":"-","所在地":"港区元麻布一丁目","告示日":"2019/9/26"},"geometry":{"type":"Polygon","coordinates":[[[139.73313025080995,35.654272719690006],[139.73302487145435,35.65408407075808],[139.73284008847725,35.654166875893914],[139.7326649154452,35.654139604799056],[139.7326773022647,35.65442100756672],[139.73313025080995,35.654272719690006]]]}},{"type":"Feature","properties":{"現象の種類":"急傾斜地の崩壊","区域区分":"土砂災害警戒区域","区域名":"-","所在地":"港区元麻布一丁目","告示日":"2019/9/26"},"geometry":{"type":"Polygon","coordinates":[[[139.73275304306296,35.65349658124253],[139.73260613806502,35.65320282498826],[139.73245260845476,35.65326053270124],[139.73229721441496,35.65349041624143],[139.73232805204483,35.65361422718188],[139.73272811347462,35.6536463495449],[139.73275304306296,35.65349658124253]]]}},{"type":"Feature","properties":{"現象の種類":"急傾斜地の崩壊","区域区分":"土砂災害警戒区域","区域名":"-","所在地":"港区元麻布一丁目","告示日":"2019/9/26"},"geometry":{"type":"Polygon","coordinates":[[[139.73291830187875,35.65280283529635],[139.7327227256683,35.65263684541765],[139.7323848514691,35.65254399412382],[139.73228933294956,35.652729275797284],[139.73274479825753,35.652951782005054],[139.73291830187875,35.65280283529635]]]}},{"type":"Feature","properties":{"現象の種類":"急傾斜地の崩壊","区域区分":"土砂災害警戒区域","区域名":"-","所在地":"港区元麻布二丁目","告示日":"2019/9/26"},"geometry":{"type":"Polygon","coordinates":[[[139.72936895804207,35.65442479586554],[139.72924213334218,35.654143620242806],[139.72882779367808,35.65427726180706],[139.72888257756503,35.65467099716819],[139.72906530448606,35.654611408459424],[139.72910304748774,35.65448060827414],[139.72936895804207,35.65442479586554]]]}},{"type":"Feature","properties":{"現象の種類":"急傾斜地の崩壊","区域区分":"土砂災害警戒区域","区域名":"-","所在地":"港区元麻布三丁目","告示日":"2019/9/26"},"geometry":{"type":"Polygon","coordinates":[[[139.72851869758,35.65773704970482],[139.72884937322803,35.65761714036645],[139.72896150149526,35.65751197930268],[139.72881196216258,35.65736031341555],[139.72842956632434,35.65753713843848],[139.72851869758,35.65773704970482]]]}},{"type":"Feature","properties":{"現象の種類":"急傾斜地の崩壊","区域区分":"土砂災害警戒区域","区域名":"-","所在地":"港区元麻布三丁目","告示日":"2019/9/26"},"geometry":{"type":"Polygon","coordinates":[[[139.72924227311358,35.657194854545594],[139.7290598391727,35.657069337666336],[139.72890208451267,35.65726641334831],[139.72910756005848,35.65738210258631],[139.72924227311358,35.657194854545594]]]}},{"type":"Feature","properties":{"現象の種類":"急傾斜地の崩壊","区域区分":"土砂災害警戒区域","区域名":"-","所在地":"港区元麻布三丁目","告示日":"2019/9/26"},"geometry":{"type":"Polygon","coordinates":[[[139.73048699626912,35.6576530280325],[139.7302258819677,35.657217592366976],[139.7301447216103,35.65724867754773],[139.73002087022613,35.657146247475325],[139.72996292527063,35.65731830699086],[139.73012291198478,35.65762471295306],[139.73028702146257,35.65776403653445],[139.73048699626912,35.6576530280325]]]}},{"type":"Feature","properties":{"現象の種類":"急傾斜地の崩壊","区域区分":"土砂災害警戒区域","区域名":"-","所在地":"港区元麻布三丁目","告示日":"2019/9/26"},"geometry":{"type":"Polygon","coordinates":[[[139.7282621345556,35.65673309834145],[139.72841471953907,35.65665374408799],[139.72858606427772,35.656393383663556],[139.72830575701082,35.65630031108196],[139.72817572862894,35.65662450266],[139.7282621345556,35.65673309834145]]]}},{"type":"Feature","properties":{"現象の種類":"急傾斜地の崩壊","区域区分":"土砂災害警戒区域","区域名":"-","所在地":"港区元麻布三丁目","告示日":"2019/9/26"},"geometry":{"type":"Polygon","coordinates":[[[139.7284785579158,35.65592301938951],[139.7282588003018,35.655820800395496],[139.72817709441912,35.65600941954903],[139.72845013017508,35.656027435217396],[139.7284785579158,35.65592301938951]]]}},{"type":"Feature","properties":{"現象の種類":"急傾斜地の崩壊","区域区分":"土砂災害警戒区域","区域名":"-","所在地":"港区元麻布三丁目、元麻布二丁目","告示日":"2019/9/26"},"geometry":{"type":"Polygon","coordinates":[[[139.7289800801565,35.656684367129365],[139.72963800403662,35.65597990694088],[139.7297844737915,35.655877209116746],[139.72989287209475,35.65593734953217],[139.73006197659035,35.65578442295248],[139.72978291996202,35.65566670112072],[139.72945683603163,35.65585319551891],[139.7287970009036,35.65657875279794],[139.7289800801565,35.656684367129365]]]}},{"type":"Feature","properties":{"現象の種類":"急傾斜地の崩壊","区域区分":"土砂災害警戒区域","区域名":"-","所在地":"港区元麻布三丁目","告示日":"2019/9/26"},"geometry":{"type":"Polygon","coordinates":[[[139.73107844925903,35.65644126797617],[139.7302222662082,35.655875188789835],[139.7300659903036,35.65603750255327],[139.73092144823613,35.65659273847892],[139.73107844925903,35.65644126797617]]]}},{"type":"Feature","properties":{"現象の種類":"急傾斜地の崩壊","区域区分":"土砂災害警戒区域","区域名":"-","所在地":"港区元麻布三丁目","告示日":"2019/9/26"},"geometry":{"type":"Polygon","coordinates":[[[139.73212978175988,35.656354340138996],[139.73194888536594,35.65620529593649],[139.73185578518317,35.6564107080236],[139.73208569141656,35.65646430675435],[139.73212978175988,35.656354340138996]]]}},{"type":"Feature","properties":{"現象の種類":"急傾斜地の崩壊","区域区分":"土砂災害警戒区域","区域名":"-","所在地":"港区南麻布一丁目","告示日":"2019/9/26"},"geometry":{"type":"Polygon","coordinates":[[[139.73325905244474,35.650012450400396],[139.73336125310092,35.649938481435186],[139.73315825992307,35.64977662219395],[139.73295426175477,35.649913525461294],[139.73296076927136,35.650025420674424],[139.73325905244474,35.650012450400396]]]}},{"type":"Feature","properties":{"現象の種類":"急傾斜地の崩壊","区域区分":"土砂災害警戒区域","区域名":"-","所在地":"港区南麻布二丁目","告示日":"2019/9/26"},"geometry":{"type":"Polygon","coordinates":[[[139.73389009016597,35.648862912473035],[139.73406621195102,35.648735047296455],[139.7339556812968,35.64850712176072],[139.73363575088896,35.64877993881387],[139.73389009016597,35.648862912473035]]]}},{"type":"Feature","properties":{"現象の種類":"急傾斜地の崩壊","区域区分":"土砂災害警戒区域","区域名":"-","所在地":"港区三田四丁目","告示日":"2019/9/26"},"geometry":{"type":"Polygon","coordinates":[[[139.73889983405692,35.64028205991347],[139.73900790211064,35.640507950265096],[139.73906673767797,35.640483125660744],[139.73902536514362,35.640174024928406],[139.73889983405692,35.64028205991347]]]}},{"type":"Feature","properties":{"現象の種類":"急傾斜地の崩壊","区域区分":"土砂災害警戒区域","区域名":"-","所在地":"港区南麻布二丁目","告示日":"2019/9/26"},"geometry":{"type":"Polygon","coordinates":[[[139.734010931492,35.64830282657841],[139.7338947965275,35.64812586999675],[139.73357163172707,35.648151015810406],[139.73366875146573,35.648464399600606],[139.734010931492,35.64830282657841]]]}},{"type":"Feature","properties":{"現象の種類":"急傾斜地の崩壊","区域区分":"土砂災害警戒区域","区域名":"-","所在地":"港区南麻布三丁目、南麻布四丁目","告示日":"2019/9/26"},"geometry":{"type":"Polygon","coordinates":[[[139.7287559239665,35.648813691087355],[139.7286584780882,35.64860908875977],[139.72852733175455,35.64859700416866],[139.72856241484644,35.64873486305061],[139.72849225045317,35.648744663291154],[139.7284736518124,35.64898455941039],[139.72869534665472,35.64901197940377],[139.7287559239665,35.648813691087355]]]}},{"type":"Feature","properties":{"現象の種類":"急傾斜地の崩壊","区域区分":"土砂災害警戒区域","区域名":"-","所在地":"港区南麻布三丁目","告示日":"2019/9/26"},"geometry":{"type":"Polygon","coordinates":[[[139.72920971223803,35.64835712646957],[139.72877369346662,35.6482694487361],[139.72871409994593,35.64846916469619],[139.7291467042824,35.64859184481773],[139.72920971223803,35.64835712646957]]]}},{"type":"Feature","properties":{"現象の種類":"急傾斜地の崩壊","区域区分":"土砂災害警戒区域","区域名":"-","所在地":"港区南麻布三丁目","告示日":"2019/9/26"},"geometry":{"type":"Polygon","coordinates":[[[139.72997626670863,35.64869109570833],[139.73009094384815,35.64834266970116],[139.7298950838858,35.648252667745915],[139.7297790619145,35.648476491565006],[139.7295079484621,35.6484027567344],[139.72952860409822,35.64829416898405],[139.72939008589256,35.64831339181912],[139.7292175084509,35.64860732034326],[139.72997626670863,35.64869109570833]]]}},{"type":"Feature","properties":{"現象の種類":"急傾斜地の崩壊","区域区分":"土砂災害警戒区域","区域名":"-","所在地":"港区南麻布三丁目","告示日":"2019/9/26"},"geometry":{"type":"Polygon","coordinates":[[[139.73068783191678,35.64845146510615],[139.73025655978836,35.64831420467081],[139.73018972212688,35.648530055152904],[139.73059162096013,35.64865595235694],[139.73068783191678,35.64845146510615]]]}},{"type":"Feature","properties":{"現象の種類":"急傾斜地の崩壊","区域区分":"土砂災害警戒区域","区域名":"-","所在地":"港区南麻布四丁目","告示日":"2019/9/26"},"geometry":{"type":"Polygon","coordinates":[[[139.72560722159383,35.65071587696768],[139.72543615436086,35.65048688232946],[139.72509010284858,35.65052408145462],[139.7251654798851,35.65071449193767],[139.72529170853878,35.6506833055799],[139.72533868408448,35.650775393343686],[139.72560722159383,35.65071587696768]]]}},{"type":"Feature","properties":{"現象の種類":"急傾斜地の崩壊","区域区分":"土砂災害警戒区域","区域名":"-","所在地":"港区南麻布四丁目","告示日":"2019/9/26"},"geometry":{"type":"Polygon","coordinates":[[[139.72507605934246,35.65053014327909],[139.7248422849449,35.65003737849358],[139.72461275668527,35.65011262079004],[139.7248527653961,35.65058767978049],[139.72507605934246,35.65053014327909]]]}},{"type":"Feature","properties":{"現象の種類":"急傾斜地の崩壊","区域区分":"土砂災害警戒区域","区域名":"-","所在地":"港区南麻布四丁目","告示日":"2019/9/26"},"geometry":{"type":"Polygon","coordinates":[[[139.7246094918846,35.649399230694634],[139.72439623674222,35.649454596668086],[139.724273322763,35.64966587829064],[139.72424160802348,35.64995967972253],[139.72432741472008,35.650101235539246],[139.7247714748817,35.649836146393966],[139.72487404207243,35.64949500763711],[139.7246094918846,35.649399230694634]]]}},{"type":"Feature","properties":{"現象の種類":"急傾斜地の崩壊","区域区分":"土砂災害警戒区域","区域名":"-","所在地":"港区南麻布四丁目","告示日":"2019/9/26"},"geometry":{"type":"Polygon","coordinates":[[[139.72529556217773,35.6482900582207],[139.724971542114,35.64818962027893],[139.7248938509827,35.648421650304115],[139.7251994112731,35.64849370265354],[139.72529556217773,35.6482900582207]]]}},{"type":"Feature","properties":{"現象の種類":"急傾斜地の崩壊","区域区分":"土砂災害警戒区域","区域名":"-","所在地":"港区南麻布四丁目","告示日":"2019/9/26"},"geometry":{"type":"Polygon","coordinates":[[[139.72802830882986,35.64838872780868],[139.72830654100994,35.64836650424145],[139.72834512279508,35.648181781899204],[139.72816101526473,35.64813379879137],[139.72810098525144,35.64820758307624],[139.72808565473014,35.648126965368206],[139.72802830882986,35.64838872780868]]]}},{"type":"Feature","properties":{"現象の種類":"急傾斜地の崩壊","区域区分":"土砂災害警戒区域","区域名":"-","所在地":"港区三田一丁目","告示日":"2019/9/26"},"geometry":{"type":"Polygon","coordinates":[[[139.7387013872801,35.653431647545695],[139.73853660507118,35.6532347255862],[139.73862978324067,35.653454504503564],[139.7387013872801,35.653431647545695]]]}},{"type":"Feature","properties":{"現象の種類":"急傾斜地の崩壊","区域区分":"土砂災害警戒区域","区域名":"-","所在地":"文京区白山五丁目","告示日":"2019/9/26"},"geometry":{"type":"Polygon","coordinates":[[[139.7509112340336,35.72108759921295],[139.7507360419172,35.720912188733365],[139.75070894437152,35.72093092123984],[139.7509112340336,35.72108759921295]]]}},{"type":"Feature","properties":{"現象の種類":"急傾斜地の崩壊","区域区分":"土砂災害警戒区域","区域名":"-","所在地":"港区三田二丁目","告示日":"2019/9/26"},"geometry":{"type":"Polygon","coordinates":[[[139.7436404672876,35.649872041972344],[139.74426534995587,35.649924055935024],[139.7442296617925,35.64958635554061],[139.74363283129472,35.64968199186941],[139.7436404672876,35.649872041972344]]]}},{"type":"Feature","properties":{"現象の種類":"急傾斜地の崩壊","区域区分":"土砂災害警戒区域","区域名":"-","所在地":"港区三田二丁目","告示日":"2019/9/26"},"geometry":{"type":"Polygon","coordinates":[[[139.74437843552778,35.64959868328184],[139.74429498397316,35.649371577179814],[139.7440397373693,35.64943919858586],[139.7441180270065,35.64952456460981],[139.74408786006907,35.64963366574534],[139.74437843552778,35.64959868328184]]]}},{"type":"Feature","properties":{"現象の種類":"急傾斜地の崩壊","区域区分":"土砂災害警戒区域","区域名":"-","所在地":"港区三田三丁目、三田四丁目","告示日":"2019/9/26"},"geometry":{"type":"Polygon","coordinates":[[[139.74221419282907,35.64738501774305],[139.74200327094965,35.647376536237964],[139.7418836928029,35.647571374299524],[139.74223692507968,35.647605349863824],[139.74221419282907,35.64738501774305]]]}},{"type":"Feature","properties":{"現象の種類":"急傾斜地の崩壊","区域区分":"土砂災害警戒区域","区域名":"-","所在地":"港区三田三丁目","告示日":"2019/9/26"},"geometry":{"type":"Polygon","coordinates":[[[139.74240862905754,35.64730921436078],[139.74230473026844,35.64715541475509],[139.74203631476232,35.647263410361575],[139.74213011478744,35.647430729180186],[139.74240862905754,35.64730921436078]]]}},{"type":"Feature","properties":{"現象の種類":"急傾斜地の崩壊","区域区分":"土砂災害警戒区域","区域名":"-","所在地":"港区三田三丁目、三田四丁目","告示日":"2019/9/26"},"geometry":{"type":"Polygon","coordinates":[[[139.7413242314564,35.64266177143789],[139.7411483767637,35.64248580786504],[139.7409972696178,35.642512964835],[139.74095709477785,35.64233397396804],[139.74081449654804,35.64236824247848],[139.74088681274668,35.64232806058295],[139.74081884821302,35.64211513837164],[139.74090337832715,35.64207925583182],[139.74078226938337,35.6419064576352],[139.740381775814,35.64198873834497],[139.7404255143082,35.642476327722946],[139.74061119843347,35.64288607740588],[139.7413242314564,35.64266177143789]]]}},{"type":"Feature","properties":{"現象の種類":"急傾斜地の崩壊","区域区分":"土砂災害警戒区域","区域名":"-","所在地":"港区三田四丁目、三田三丁目","告示日":"2019/9/26"},"geometry":{"type":"Polygon","coordinates":[[[139.74125766769322,35.64731350117184],[139.74152990185974,35.64734692995737],[139.74154096935106,35.64708180067047],[139.7414074908859,35.64690167047123],[139.7411425795097,35.64699670976851],[139.74125766769322,35.64731350117184]]]}},{"type":"Feature","properties":{"現象の種類":"急傾斜地の崩壊","区域区分":"土砂災害警戒区域","区域名":"-","所在地":"港区三田四丁目","告示日":"2019/9/26"},"geometry":{"type":"Polygon","coordinates":[[[139.74100409292964,35.64627982253473],[139.74075795219935,35.646356806640554],[139.74084641240353,35.64667748113737],[139.74114329110532,35.646555544114086],[139.74100409292964,35.64627982253473]]]}},{"type":"Feature","properties":{"現象の種類":"急傾斜地の崩壊","区域区分":"土砂災害警戒区域","区域名":"-","所在地":"港区三田四丁目","告示日":"2019/9/26"},"geometry":{"type":"Polygon","coordinates":[[[139.74097607191155,35.64598571271482],[139.7405147236918,35.64522520211834],[139.74015483293917,35.6452108601589],[139.7403585179911,35.64567912229235],[139.74028743829487,35.64572544112882],[139.7404034956777,35.645972745312235],[139.74034674587787,35.64599887234797],[139.7405204878189,35.64622404027767],[139.74097607191155,35.64598571271482]]]}},{"type":"Feature","properties":{"現象の種類":"急傾斜地の崩壊","区域区分":"土砂災害警戒区域","区域名":"-","所在地":"港区三田四丁目","告示日":"2019/9/26"},"geometry":{"type":"Polygon","coordinates":[[[139.74027860425417,35.64535011648396],[139.7404703511711,35.64532631578443],[139.7405721839312,35.6452148238359],[139.7406158357906,35.64508250729625],[139.74050740116942,35.644901536988314],[139.74030214075938,35.644787476569164],[139.73999694511272,35.64491999561542],[139.74002151745975,35.64498763263712],[139.74013938274464,35.64496690719471],[139.740228636154,35.645126817240254],[139.74013229090744,35.64516223659135],[139.74027860425417,35.64535011648396]]]}},{"type":"Feature","properties":{"現象の種類":"急傾斜地の崩壊","区域区分":"土砂災害警戒区域","区域名":"-","所在地":"港区三田四丁目","告示日":"2019/9/26"},"geometry":{"type":"Polygon","coordinates":[[[139.7398713521799,35.64418979521385],[139.73933817907383,35.64367535044116],[139.73921724181412,35.64362417629243],[139.73902627771872,35.64376357316006],[139.73953397495626,35.644175876258565],[139.73959901321356,35.64434065095058],[139.7398713521799,35.64418979521385]]]}},{"type":"Feature","properties":{"現象の種類":"急傾斜地の崩壊","区域区分":"土砂災害警戒区域","区域名":"-","所在地":"港区三田四丁目","告示日":"2019/9/26"},"geometry":{"type":"Polygon","coordinates":[[[139.73875718718838,35.643791555755286],[139.73885699941732,35.643572738723684],[139.7387077807355,35.64351132929689],[139.73862315614355,35.6437512928051],[139.73875718718838,35.643791555755286]]]}},{"type":"Feature","properties":{"現象の種類":"急傾斜地の崩壊","区域区分":"土砂災害警戒区域","区域名":"-","所在地":"港区三田四丁目","告示日":"2019/9/26"},"geometry":{"type":"Polygon","coordinates":[[[139.73811666850955,35.64398471485694],[139.73799041594154,35.64393677303654],[139.73782056650882,35.644180387738196],[139.73801745269188,35.644215149031226],[139.73811666850955,35.64398471485694]]]}},{"type":"Feature","properties":{"現象の種類":"急傾斜地の崩壊","区域区分":"土砂災害警戒区域","区域名":"-","所在地":"港区三田四丁目","告示日":"2019/9/26"},"geometry":{"type":"Polygon","coordinates":[[[139.737834789814,35.64384717010353],[139.7376068359329,35.64400007250594],[139.737619710805,35.64402758141704],[139.737834789814,35.64384717010353]]]}},{"type":"Feature","properties":{"現象の種類":"急傾斜地の崩壊","区域区分":"土砂災害警戒区域","区域名":"-","所在地":"港区三田四丁目","告示日":"2019/9/26"},"geometry":{"type":"Polygon","coordinates":[[[139.73740859037474,35.64388276595031],[139.73754367226303,35.64382798137715],[139.7376492207168,35.643719192625994],[139.7376004305763,35.64368597217663],[139.73740859037474,35.64388276595031]]]}},{"type":"Feature","properties":{"現象の種類":"急傾斜地の崩壊","区域区分":"土砂災害警戒区域","区域名":"-","所在地":"港区三田四丁目","告示日":"2019/9/26"},"geometry":{"type":"Polygon","coordinates":[[[139.7375286774575,35.64416207117061],[139.73733504440605,35.64407155403068],[139.73710087851381,35.64411288245704],[139.7374064089452,35.64432502925614],[139.7375286774575,35.64416207117061]]]}},{"type":"Feature","properties":{"現象の種類":"急傾斜地の崩壊","区域区分":"土砂災害警戒区域","区域名":"-","所在地":"港区三田四丁目","告示日":"2019/9/26"},"geometry":{"type":"Polygon","coordinates":[[[139.73711273736419,35.64353704616539],[139.7380131703284,35.64274027075118],[139.7378788858556,35.642572885652996],[139.73733086989944,35.64292252023335],[139.7369849906203,35.64333758494352],[139.73696966571447,35.64341721429369],[139.73711273736419,35.64353704616539]]]}},{"type":"Feature","properties":{"現象の種類":"急傾斜地の崩壊","区域区分":"土砂災害警戒区域","区域名":"-","所在地":"港区三田四丁目、三田三丁目","告示日":"2019/9/26"},"geometry":{"type":"Polygon","coordinates":[[[139.74050621129058,35.64206229480043],[139.74041424572977,35.641871935291434],[139.73991415237572,35.64203573220901],[139.73964051600345,35.64135246007639],[139.7394095356958,35.64139312399314],[139.7395269562441,35.641867623088906],[139.7397696370099,35.64227596907475],[139.74050621129058,35.64206229480043]]]}},{"type":"Feature","properties":{"現象の種類":"急傾斜地の崩壊","区域区分":"土砂災害警戒区域","区域名":"-","所在地":"港区三田四丁目","告示日":"2019/9/26"},"geometry":{"type":"Polygon","coordinates":[[[139.73978928987486,35.641039180448615],[139.7397626642392,35.64080763020347],[139.73969444752186,35.64083727515784],[139.73956156067868,35.640702105049805],[139.73953271675194,35.64053810755565],[139.73916954353714,35.640686877149456],[139.73927980509143,35.640844101522994],[139.73941720551875,35.64081990123884],[139.7395034833878,35.64095805216444],[139.73978928987486,35.641039180448615]]]}},{"type":"Feature","properties":{"現象の種類":"急傾斜地の崩壊","区域区分":"土砂災害警戒区域","区域名":"-","所在地":"港区高輪一丁目","告示日":"2019/9/26"},"geometry":{"type":"Polygon","coordinates":[[[139.73444902072237,35.640366660424185],[139.73446188104444,35.64049783300712],[139.73460213804853,35.640526992738536],[139.7344850979074,35.640636559215444],[139.73459076304718,35.64083541420198],[139.73448199715554,35.640894728054135],[139.73435903917104,35.64149679119394],[139.73449184999464,35.641768020194384],[139.73475138683764,35.64156393004823],[139.73497696054588,35.641116675692714],[139.7350683282822,35.64060430395611],[139.73494680001698,35.64023050261689],[139.73476380176035,35.64011591154171],[139.7346413903152,35.64015426777951],[139.7346860156281,35.64006643975805],[139.73449725264223,35.63993177287329],[139.73419707638163,35.639955026045136],[139.7341150339835,35.6401412581277],[139.73435711978954,35.640224185491874],[139.7343242548269,35.64029276389239],[139.73444902072237,35.640366660424185]]]}},{"type":"Feature","properties":{"現象の種類":"急傾斜地の崩壊","区域区分":"土砂災害警戒区域","区域名":"-","所在地":"港区高輪一丁目","告示日":"2019/9/26"},"geometry":{"type":"Polygon","coordinates":[[[139.73436380050688,35.64036145361743],[139.73400141450873,35.64023481545936],[139.7339419163875,35.640319477176945],[139.7342552398641,35.640497927222405],[139.73436380050688,35.64036145361743]]]}},{"type":"Feature","properties":{"現象の種類":"急傾斜地の崩壊","区域区分":"土砂災害警戒区域","区域名":"-","所在地":"港区高輪一丁目","告示日":"2019/9/26"},"geometry":{"type":"Polygon","coordinates":[[[139.73389946376565,35.64038761411084],[139.73353581934785,35.6400721347396],[139.73338068529048,35.640180074366235],[139.73359037451004,35.640462746775356],[139.73389946376565,35.64038761411084]]]}},{"type":"Feature","properties":{"現象の種類":"急傾斜地の崩壊","区域区分":"土砂災害警戒区域","区域名":"-","所在地":"港区高輪一丁目","告示日":"2019/9/26"},"geometry":{"type":"Polygon","coordinates":[[[139.73275617486578,35.6394462150577],[139.73267553433567,35.63934892897958],[139.73244392651762,35.639478067870385],[139.7325185262706,35.63959559407574],[139.73275617486578,35.6394462150577]]]}},{"type":"Feature","properties":{"現象の種類":"急傾斜地の崩壊","区域区分":"土砂災害警戒区域","区域名":"-","所在地":"港区高輪二丁目","告示日":"2019/9/26"},"geometry":{"type":"Polygon","coordinates":[[[139.7360154932488,35.6391911466658],[139.73581484491805,35.6390859218172],[139.7357582651204,35.63915669191978],[139.73594235948067,35.63926418912416],[139.7360154932488,35.6391911466658]]]}},{"type":"Feature","properties":{"現象の種類":"急傾斜地の崩壊","区域区分":"土砂災害警戒区域","区域名":"-","所在地":"港区高輪二丁目","告示日":"2019/9/26"},"geometry":{"type":"Polygon","coordinates":[[[139.73616006132048,35.638945585610124],[139.7358436076428,35.6388783972208],[139.7358244363774,35.63895862027458],[139.7359633852331,35.6390728174355],[139.73616006132048,35.638945585610124]]]}},{"type":"Feature","properties":{"現象の種類":"急傾斜地の崩壊","区域区分":"土砂災害警戒区域","区域名":"-","所在地":"港区高輪二丁目","告示日":"2019/9/26"},"geometry":{"type":"Polygon","coordinates":[[[139.73895001919553,35.63943008453543],[139.73944767926264,35.639548188933475],[139.73948984145972,35.639179389612906],[139.73931437981375,35.63891075246073],[139.739115424413,35.638204345172646],[139.73897511826726,35.63807517032949],[139.73872522974435,35.63812878267832],[139.73914372036174,35.63922183971426],[139.7391355864833,35.63935886029406],[139.73895001919553,35.63943008453543]]]}},{"type":"Feature","properties":{"現象の種類":"急傾斜地の崩壊","区域区分":"土砂災害警戒区域","区域名":"-","所在地":"港区高輪二丁目","告示日":"2019/9/26"},"geometry":{"type":"Polygon","coordinates":[[[139.73646295938497,35.636231786972765],[139.73643955268085,35.63600359302518],[139.73634234016822,35.63601144976714],[139.73636061875004,35.636226382630014],[139.73646295938497,35.636231786972765]]]}},{"type":"Feature","properties":{"現象の種類":"急傾斜地の崩壊","区域区分":"土砂災害警戒区域","区域名":"-","所在地":"港区高輪二丁目","告示日":"2019/9/26"},"geometry":{"type":"Polygon","coordinates":[[[139.73703803309806,35.63603844663744],[139.73709985067856,35.63564199726021],[139.7368316892261,35.63563582569779],[139.7368247100541,35.63590274913632],[139.73670236722637,35.63594918438538],[139.73672440262067,35.63606978479228],[139.73703803309806,35.63603844663744]]]}},{"type":"Feature","properties":{"現象の種類":"急傾斜地の崩壊","区域区分":"土砂災害警戒区域","区域名":"-","所在地":"港区高輪二丁目","告示日":"2019/9/26"},"geometry":{"type":"Polygon","coordinates":[[[139.73737699371927,35.63594970389138],[139.73714812692006,35.63592557580724],[139.73710673043726,35.636157708836606],[139.73733631293152,35.63617717586063],[139.73737699371927,35.63594970389138]]]}},{"type":"Feature","properties":{"現象の種類":"急傾斜地の崩壊","区域区分":"土砂災害警戒区域","区域名":"-","所在地":"港区高輪二丁目、高輪三丁目","告示日":"2019/9/26"},"geometry":{"type":"Polygon","coordinates":[[[139.73638674501095,35.634404067561064],[139.7356060339792,35.634823549412914],[139.73565200354432,35.634902393066746],[139.73577246019974,35.63485066476863],[139.73584004637468,35.63491772809124],[139.73627636851856,35.63469399734374],[139.7366483033618,35.63507592602535],[139.73684188632595,35.63505080282042],[139.7369300463554,35.63518423710924],[139.7369540750602,35.63549520033599],[139.73722781345037,35.63549936930644],[139.7372120370208,35.635091513602525],[139.73699136847523,35.63489004903188],[139.73703784690406,35.634793881149285],[139.7369801928968,35.63473018541203],[139.7367455908651,35.63460120105932],[139.73667308888665,35.63468144296284],[139.73654892572847,35.634463655470114],[139.73638674501095,35.634404067561064]]]}},{"type":"Feature","properties":{"現象の種類":"急傾斜地の崩壊","区域区分":"土砂災害警戒区域","区域名":"-","所在地":"港区高輪三丁目、高輪二丁目","告示日":"2019/9/26"},"geometry":{"type":"Polygon","coordinates":[[[139.73603360699806,35.63467589500831],[139.7367018084019,35.634427712716786],[139.7365326116722,35.634061821325105],[139.73637155841942,35.633907916702874],[139.7363070641745,35.63414063522031],[139.73621290329325,35.634173538016746],[139.73628418177853,35.63429456670967],[139.73590677337364,35.634505705926095],[139.73603360699806,35.63467589500831]]]}},{"type":"Feature","properties":{"現象の種類":"急傾斜地の崩壊","区域区分":"土砂災害警戒区域","区域名":"-","所在地":"港区高輪三丁目","告示日":"2019/9/26"},"geometry":{"type":"Polygon","coordinates":[[[139.7362579681812,35.633982963345794],[139.73611309963988,35.63383169145824],[139.73580904633175,35.634005969817856],[139.7359632225155,35.63417856584777],[139.7362579681812,35.633982963345794]]]}},{"type":"Feature","properties":{"現象の種類":"急傾斜地の崩壊","区域区分":"土砂災害警戒区域","区域名":"-","所在地":"港区高輪三丁目","告示日":"2019/9/26"},"geometry":{"type":"Polygon","coordinates":[[[139.7346200666779,35.63502180258861],[139.73446900088092,35.63477796137801],[139.7342009271234,35.634904375559174],[139.73434674012282,35.63514349109046],[139.7346200666779,35.63502180258861]]]}},{"type":"Feature","properties":{"現象の種類":"急傾斜地の崩壊","区域区分":"土砂災害警戒区域","区域名":"-","所在地":"港区高輪三丁目","告示日":"2019/9/26"},"geometry":{"type":"Polygon","coordinates":[[[139.73445418425501,35.63434962570187],[139.73452556300253,35.63437672170266],[139.73457162710628,35.63429373522503],[139.7342950889764,35.634200532683415],[139.73414556931704,35.634353088769025],[139.73439710430225,35.634426659767456],[139.73445418425501,35.63434962570187]]]}},{"type":"Feature","properties":{"現象の種類":"急傾斜地の崩壊","区域区分":"土砂災害警戒区域","区域名":"-","所在地":"港区高輪三丁目","告示日":"2019/9/26"},"geometry":{"type":"Polygon","coordinates":[[[139.73468616694825,35.634106516609805],[139.73472236422387,35.63402728042743],[139.73446262733057,35.63389720299492],[139.73443730854123,35.63403770062017],[139.73468616694825,35.634106516609805]]]}},{"type":"Feature","properties":{"現象の種類":"急傾斜地の崩壊","区域区分":"土砂災害警戒区域","区域名":"-","所在地":"港区高輪三丁目","告示日":"2019/9/26"},"geometry":{"type":"Polygon","coordinates":[[[139.73482405660215,35.63017352697199],[139.7348353971021,35.62995831302808],[139.73451090557367,35.629793519602394],[139.7343401307532,35.63000022750664],[139.7344949319948,35.63017410190412],[139.73467638558915,35.63019076110793],[139.73482405660215,35.63017352697199]]]}},{"type":"Feature","properties":{"現象の種類":"急傾斜地の崩壊","区域区分":"土砂災害警戒区域","区域名":"-","所在地":"港区高輪四丁目","告示日":"2019/9/26"},"geometry":{"type":"Polygon","coordinates":[[[139.73387732477838,35.62678023766789],[139.73359774738375,35.62674032939237],[139.73388789132434,35.626782924578855],[139.73387732477838,35.62678023766789]]]}},{"type":"Feature","properties":{"現象の種類":"急傾斜地の崩壊","区域区分":"土砂災害警戒区域","区域名":"-","所在地":"港区高輪四丁目","告示日":"2019/9/26"},"geometry":{"type":"Polygon","coordinates":[[[139.73408333167592,35.626419688149035],[139.73383039405903,35.62634935491867],[139.73375705198856,35.62650516358094],[139.73401216582064,35.62657585847557],[139.73408333167592,35.626419688149035]]]}},{"type":"Feature","properties":{"現象の種類":"急傾斜地の崩壊","区域区分":"土砂災害警戒区域","区域名":"-","所在地":"港区高輪四丁目","告示日":"2019/9/26"},"geometry":{"type":"Polygon","coordinates":[[[139.73417265481228,35.62629803197363],[139.73390445239602,35.626181820995996],[139.73385690357142,35.62626156398942],[139.73413517654294,35.626362993780766],[139.73417265481228,35.62629803197363]]]}},{"type":"Feature","properties":{"現象の種類":"急傾斜地の崩壊","区域区分":"土砂災害警戒区域","区域名":"-","所在地":"港区高輪四丁目","告示日":"2019/9/26"},"geometry":{"type":"Polygon","coordinates":[[[139.7343036142149,35.62609834032361],[139.73400957186686,35.625971925811065],[139.7339319748621,35.62611427874452],[139.7342515312596,35.62622397747441],[139.7343036142149,35.62609834032361]]]}},{"type":"Feature","properties":{"現象の種類":"急傾斜地の崩壊","区域区分":"土砂災害警戒区域","区域名":"-","所在地":"港区高輪四丁目","告示日":"2019/9/26"},"geometry":{"type":"Polygon","coordinates":[[[139.7345381049843,35.62577520739267],[139.73446472610743,35.6255355410894],[139.73430842406503,35.625555755381185],[139.73411344013843,35.625835822669934],[139.73438365446992,35.62595280714299],[139.7345381049843,35.62577520739267]]]}},{"type":"Feature","properties":{"現象の種類":"急傾斜地の崩壊","区域区分":"土砂災害警戒区域","区域名":"-","所在地":"港区高輪四丁目","告示日":"2019/9/26"},"geometry":{"type":"Polygon","coordinates":[[[139.73685247073615,35.62503331403169],[139.73712559985833,35.62502322987087],[139.73714759223006,35.62475369723692],[139.73741327543237,35.62465625985538],[139.73752355742624,35.624400745551306],[139.73774382746495,35.62436201769986],[139.73756574983082,35.62415460176407],[139.737336118121,35.62419664640711],[139.73726524343917,35.62433680498467],[139.7371105792315,35.624382662752396],[139.73713801815123,35.62444298714149],[139.73685152286856,35.62450748524577],[139.73669256049493,35.6248574189602],[139.73667429727857,35.62477539647961],[139.73624608278433,35.624745951178326],[139.73534969004615,35.62481641581732],[139.7353253751057,35.62510144058306],[139.73576596239556,35.62513967731814],[139.73617058565455,35.625030973822206],[139.73625968785456,35.62504496962969],[139.7363416996957,35.62520108436538],[139.73652635246353,35.625234813701155],[139.73685247073615,35.62503331403169]]]}},{"type":"Feature","properties":{"現象の種類":"急傾斜地の崩壊","区域区分":"土砂災害警戒区域","区域名":"-","所在地":"港区高輪四丁目","告示日":"2019/9/26"},"geometry":{"type":"Polygon","coordinates":[[[139.73687011941593,35.6273648152374],[139.7371462419233,35.62736045205784],[139.73714167991503,35.6270990804023],[139.73687381847833,35.62709354520372],[139.73687011941593,35.6273648152374]]]}},{"type":"Feature","properties":{"現象の種類":"急傾斜地の崩壊","区域区分":"土砂災害警戒区域","区域名":"-","所在地":"港区高輪四丁目","告示日":"2019/9/26"},"geometry":{"type":"Polygon","coordinates":[[[139.7359730567672,35.627024142411045],[139.73595970983058,35.62681565983666],[139.73595945631487,35.62702474020384],[139.7359730567672,35.627024142411045]]]}},{"type":"Feature","properties":{"現象の種類":"急傾斜地の崩壊","区域区分":"土砂災害警戒区域","区域名":"-","所在地":"港区高輪四丁目","告示日":"2019/9/26"},"geometry":{"type":"Polygon","coordinates":[[[139.73622239823135,35.62703217524713],[139.73716221892957,35.626969098716124],[139.73709838827818,35.62683643214245],[139.7362146705026,35.62680689363805],[139.73622239823135,35.62703217524713]]]}},{"type":"Feature","properties":{"現象の種類":"急傾斜地の崩壊","区域区分":"土砂災害警戒区域","区域名":"-","所在地":"港区白金二丁目","告示日":"2019/9/26"},"geometry":{"type":"Polygon","coordinates":[[[139.73067811953433,35.643502616072226],[139.73064808037148,35.643298540151065],[139.73054584073196,35.643290405149784],[139.7305753247432,35.64350995197973],[139.73067811953433,35.643502616072226]]]}},{"type":"Feature","properties":{"現象の種類":"急傾斜地の崩壊","区域区分":"土砂災害警戒区域","区域名":"-","所在地":"港区白金二丁目","告示日":"2019/9/26"},"geometry":{"type":"Polygon","coordinates":[[[139.73106599223394,35.64321214240221],[139.7307354907985,35.64326505272848],[139.7307724222259,35.64352015608079],[139.73101238867605,35.64345554989904],[139.7310996049341,35.6433424961243],[139.73106599223394,35.64321214240221]]]}},{"type":"Feature","properties":{"現象の種類":"急傾斜地の崩壊","区域区分":"土砂災害警戒区域","区域名":"-","所在地":"港区白金二丁目","告示日":"2019/9/26"},"geometry":{"type":"Polygon","coordinates":[[[139.7315061731706,35.64310720602746],[139.73142867358146,35.64275653140656],[139.73100104985167,35.642898916113054],[139.73121207590447,35.64322991284974],[139.7315061731706,35.64310720602746]]]}},{"type":"Feature","properties":{"現象の種類":"急傾斜地の崩壊","区域区分":"土砂災害警戒区域","区域名":"-","所在地":"港区白金二丁目","告示日":"2019/9/26"},"geometry":{"type":"Polygon","coordinates":[[[139.7333196099054,35.64193947457653],[139.7333153054822,35.64170665843424],[139.73308562377215,35.6417437612195],[139.73308293021776,35.64191541349267],[139.7333196099054,35.64193947457653]]]}},{"type":"Feature","properties":{"現象の種類":"急傾斜地の崩壊","区域区分":"土砂災害警戒区域","区域名":"-","所在地":"港区白金二丁目","告示日":"2019/9/26"},"geometry":{"type":"Polygon","coordinates":[[[139.73285166921565,35.64123130762615],[139.73272849834882,35.64113126293333],[139.73257064256583,35.641490638594775],[139.73279968307622,35.641513397521265],[139.73285166921565,35.64123130762615]]]}},{"type":"Feature","properties":{"現象の種類":"急傾斜地の崩壊","区域区分":"土砂災害警戒区域","区域名":"-","所在地":"港区白金二丁目","告示日":"2019/9/26"},"geometry":{"type":"Polygon","coordinates":[[[139.73237257536377,35.6412490838646],[139.73286334025113,35.6411663931335],[139.73288599343283,35.64092737354162],[139.73278548070624,35.64084238780132],[139.73246933239,35.64104434943117],[139.73226332351996,35.641082126777185],[139.73237257536377,35.6412490838646]]]}},{"type":"Feature","properties":{"現象の種類":"急傾斜地の崩壊","区域区分":"土砂災害警戒区域","区域名":"-","所在地":"港区白金四丁目","告示日":"2019/9/26"},"geometry":{"type":"Polygon","coordinates":[[[139.72550570180965,35.64123335673223],[139.72529061037284,35.64116670921863],[139.72505894972082,35.64134195058555],[139.72524685858158,35.64148905671476],[139.72548308103228,35.64131986322091],[139.72550570180965,35.64123335673223]]]}},{"type":"Feature","properties":{"現象の種類":"急傾斜地の崩壊","区域区分":"土砂災害警戒区域","区域名":"-","所在地":"港区白金四丁目","告示日":"2019/9/26"},"geometry":{"type":"Polygon","coordinates":[[[139.72708136771797,35.64149499154022],[139.72702637010215,35.6413129680332],[139.72680498586882,35.641353861957455],[139.7268442472912,35.64118526832675],[139.7265867229161,35.641217810643866],[139.72665143393414,35.6415625114289],[139.72708136771797,35.64149499154022]]]}},{"type":"Feature","properties":{"現象の種類":"急傾斜地の崩壊","区域区分":"土砂災害警戒区域","区域名":"-","所在地":"港区白金六丁目","告示日":"2019/9/26"},"geometry":{"type":"Polygon","coordinates":[[[139.7246180838415,35.644255662875615],[139.72496250661086,35.64426200835044],[139.72495310992497,35.64405750244295],[139.72459653874066,35.644044544368995],[139.7243546722882,35.64414730923311],[139.7244068966216,35.644350198121],[139.7246180838415,35.644255662875615]]]}},{"type":"Feature","properties":{"現象の種類":"急傾斜地の崩壊","区域区分":"土砂災害警戒区域","区域名":"-","所在地":"港区白金六丁目","告示日":"2019/9/26"},"geometry":{"type":"Polygon","coordinates":[[[139.72380805643806,35.643285942374966],[139.72361736662225,35.6430988579896],[139.72354711899834,35.64315274416999],[139.7237296582433,35.643342926385415],[139.72380805643806,35.643285942374966]]]}},{"type":"Feature","properties":{"現象の種類":"急傾斜地の崩壊","区域区分":"土砂災害警戒区域","区域名":"-","所在地":"港区白金六丁目","告示日":"2019/9/26"},"geometry":{"type":"Polygon","coordinates":[[[139.72395387059998,35.6432307921906],[139.72404792366083,35.64313080848083],[139.72383428173697,35.642938480778916],[139.7237244919159,35.643020926976405],[139.72395387059998,35.6432307921906]]]}},{"type":"Feature","properties":{"現象の種類":"急傾斜地の崩壊","区域区分":"土砂災害警戒区域","区域名":"-","所在地":"港区白金六丁目","告示日":"2019/9/26"},"geometry":{"type":"Polygon","coordinates":[[[139.72425812537787,35.64306302711418],[139.72484156043654,35.642935437347695],[139.72480558237598,35.642712957160086],[139.7243137271831,35.64277270761965],[139.72407033654042,35.642935784532845],[139.72425812537787,35.64306302711418]]]}},{"type":"Feature","properties":{"現象の種類":"急傾斜地の崩壊","区域区分":"土砂災害警戒区域","区域名":"-","所在地":"港区白金台一丁目","告示日":"2019/9/26"},"geometry":{"type":"Polygon","coordinates":[[[139.73106277565415,35.63930568485256],[139.73157599120162,35.63922717890303],[139.73159809096282,35.639023281448154],[139.73098765063847,35.639023212029265],[139.7308158246031,35.639199851941854],[139.73106277565415,35.63930568485256]]]}},{"type":"Feature","properties":{"現象の種類":"急傾斜地の崩壊","区域区分":"土砂災害警戒区域","区域名":"-","所在地":"港区白金台一丁目","告示日":"2019/9/26"},"geometry":{"type":"Polygon","coordinates":[[[139.73087465339,35.63901694774307],[139.73064279150648,35.63845245283362],[139.7303179255614,35.63834239294321],[139.73021669839216,35.63863668240043],[139.73035551084266,35.63864377848511],[139.73031300966824,35.6388409501221],[139.73051054394165,35.638887844584026],[139.73061371688786,35.63910334671051],[139.73087465339,35.63901694774307]]]}},{"type":"Feature","properties":{"現象の種類":"急傾斜地の崩壊","区域区分":"土砂災害警戒区域","区域名":"-","所在地":"港区白金台一丁目","告示日":"2019/9/26"},"geometry":{"type":"Polygon","coordinates":[[[139.73052383924497,35.6381683099266],[139.73047137260724,35.63787139024556],[139.73012108461415,35.6379089107588],[139.73010643495752,35.63812426585339],[139.73021200709044,35.63820925589011],[139.73052383924497,35.6381683099266]]]}},{"type":"Feature","properties":{"現象の種類":"急傾斜地の崩壊","区域区分":"土砂災害警戒区域","区域名":"-","所在地":"港区白金台二丁目","告示日":"2019/9/26"},"geometry":{"type":"Polygon","coordinates":[[[139.72884866529225,35.634761272802336],[139.7288244716675,35.63453650721416],[139.72862955538594,35.634592084436306],[139.72870480498761,35.63479288859675],[139.72884866529225,35.634761272802336]]]}},{"type":"Feature","properties":{"現象の種類":"急傾斜地の崩壊","区域区分":"土砂災害警戒区域","区域名":"-","所在地":"港区白金台二丁目","告示日":"2019/9/26"},"geometry":{"type":"Polygon","coordinates":[[[139.72875579852817,35.632033669458714],[139.72879860603948,35.63173297363093],[139.7285709030276,35.63197889227775],[139.72875579852817,35.632033669458714]]]}},{"type":"Feature","properties":{"現象の種類":"急傾斜地の崩壊","区域区分":"土砂災害警戒区域","区域名":"-","所在地":"港区白金台二丁目","告示日":"2019/9/26"},"geometry":{"type":"Polygon","coordinates":[[[139.729014502187,35.631609512041905],[139.72881983127846,35.631456906677634],[139.72867561917425,35.631675794115914],[139.729014502187,35.631609512041905]]]}},{"type":"Feature","properties":{"現象の種類":"急傾斜地の崩壊","区域区分":"土砂災害警戒区域","区域名":"-","所在地":"港区白金台三丁目","告示日":"2019/9/26"},"geometry":{"type":"Polygon","coordinates":[[[139.72771817809323,35.63741723878452],[139.72748400212006,35.63752697179505],[139.72749287192667,35.63757243783961],[139.7276067856129,35.637493970102724],[139.72771817809323,35.63741723878452]]]}},{"type":"Feature","properties":{"現象の種類":"急傾斜地の崩壊","区域区分":"土砂災害警戒区域","区域名":"-","所在地":"文京区大塚二丁目","告示日":"2019/9/26"},"geometry":{"type":"Polygon","coordinates":[[[139.72945773033277,35.71863281226334],[139.72916148560932,35.71862354704607],[139.7291420513304,35.71880604416238],[139.72940912125995,35.71888350500235],[139.72949470530625,35.71873019257305],[139.72945773033277,35.71863281226334]]]}},{"type":"Feature","properties":{"現象の種類":"急傾斜地の崩壊","区域区分":"土砂災害警戒区域","区域名":"-","所在地":"文京区大塚二丁目","告示日":"2019/9/26"},"geometry":{"type":"Polygon","coordinates":[[[139.72951932333774,35.71847382393092],[139.72911030408233,35.71840873701774],[139.72905273223233,35.71854415340522],[139.72947920829415,35.71858856653103],[139.72951932333774,35.71847382393092]]]}},{"type":"Feature","properties":{"現象の種類":"急傾斜地の崩壊","区域区分":"土砂災害警戒区域","区域名":"-","所在地":"港区白金台三丁目","告示日":"2019/9/26"},"geometry":{"type":"Polygon","coordinates":[[[139.72496869533967,35.63578948222572],[139.7249144231543,35.635388835834895],[139.72477719311624,35.63536570873112],[139.72453845606006,35.63547887053221],[139.72465267202034,35.63572272965556],[139.724836030736,35.63581728370151],[139.72496869533967,35.63578948222572]]]}},{"type":"Feature","properties":{"現象の種類":"急傾斜地の崩壊","区域区分":"土砂災害警戒区域","区域名":"-","所在地":"港区白金台三丁目","告示日":"2019/9/26"},"geometry":{"type":"Polygon","coordinates":[[[139.72647352209012,35.63515561298814],[139.7265660148313,35.63496839970122],[139.72642660913985,35.63513740803035],[139.72647352209012,35.63515561298814]]]}},{"type":"Feature","properties":{"現象の種類":"急傾斜地の崩壊","区域区分":"土砂災害警戒区域","区域名":"-","所在地":"港区白金台三丁目","告示日":"2019/9/26"},"geometry":{"type":"Polygon","coordinates":[[[139.7267254214982,35.635065680681116],[139.72642466004544,35.63500479273185],[139.7266823375575,35.63515232082304],[139.7267254214982,35.635065680681116]]]}},{"type":"Feature","properties":{"現象の種類":"急傾斜地の崩壊","区域区分":"土砂災害警戒区域","区域名":"-","所在地":"港区白金台四丁目、白金四丁目","告示日":"2019/9/26"},"geometry":{"type":"Polygon","coordinates":[[[139.72621762847035,35.64064000873073],[139.72615878475094,35.64041491016664],[139.72579512383984,35.640521769330434],[139.7258791796044,35.64075622947764],[139.72621762847035,35.64064000873073]]]}},{"type":"Feature","properties":{"現象の種類":"急傾斜地の崩壊","区域区分":"土砂災害警戒区域","区域名":"-","所在地":"文京区目白台一丁目","告示日":"2019/9/26"},"geometry":{"type":"Polygon","coordinates":[[[139.71971368120253,35.715002574081225],[139.7206073088807,35.714762918187915],[139.72054339820053,35.71456782067998],[139.71978631115405,35.71470640411389],[139.71979787996807,35.71476229883318],[139.71965035659966,35.71480555224501],[139.71971368120253,35.715002574081225]]]}},{"type":"Feature","properties":{"現象の種類":"急傾斜地の崩壊","区域区分":"土砂災害警戒区域","区域名":"-","所在地":"文京区目白台一丁目","告示日":"2019/9/26"},"geometry":{"type":"Polygon","coordinates":[[[139.7207710883477,35.714917114066466],[139.72066540985057,35.71481415667543],[139.72041281931533,35.71499621675447],[139.72066998424467,35.71516137352899],[139.7207710883477,35.714917114066466]]]}},{"type":"Feature","properties":{"現象の種類":"急傾斜地の崩壊","区域区分":"土砂災害警戒区域","区域名":"-","所在地":"文京区目白台一丁目","告示日":"2019/9/26"},"geometry":{"type":"Polygon","coordinates":[[[139.7233696425291,35.71261763840485],[139.72302034580832,35.71235221151519],[139.7228490425646,35.71240655281041],[139.72278451372048,35.712756528453234],[139.72321252810042,35.71282187691705],[139.7233696425291,35.71261763840485]]]}},{"type":"Feature","properties":{"現象の種類":"急傾斜地の崩壊","区域区分":"土砂災害警戒区域","区域名":"-","所在地":"文京区関口二丁目","告示日":"2019/9/26"},"geometry":{"type":"Polygon","coordinates":[[[139.72616498520253,35.71125452178648],[139.725879288358,35.71101808190348],[139.72575058927873,35.711094673250386],[139.72591940748097,35.711338685221484],[139.72616498520253,35.71125452178648]]]}},{"type":"Feature","properties":{"現象の種類":"急傾斜地の崩壊","区域区分":"土砂災害警戒区域","区域名":"-","所在地":"文京区関口二丁目","告示日":"2019/9/26"},"geometry":{"type":"Polygon","coordinates":[[[139.72652062160293,35.7112299097293],[139.72645409043798,35.71091690150507],[139.72620422677676,35.71095501088818],[139.72621274727035,35.71106109763301],[139.72603905722488,35.71110809341771],[139.72602456471006,35.71130034835013],[139.726147727992,35.7115473181264],[139.72639315114122,35.71148071361779],[139.7263421742889,35.711282952603334],[139.72652062160293,35.7112299097293]]]}},{"type":"Feature","properties":{"現象の種類":"急傾斜地の崩壊","区域区分":"土砂災害警戒区域","区域名":"-","所在地":"文京区関口二丁目","告示日":"2019/9/26"},"geometry":{"type":"Polygon","coordinates":[[[139.7267515241759,35.71044223414009],[139.72659531867274,35.71042535822854],[139.72644547637415,35.71065054895281],[139.72593448230205,35.71063759209902],[139.7257949553466,35.710795613235916],[139.7265229951729,35.711005704946324],[139.72728468744188,35.71077274871242],[139.72776097181614,35.710743192477764],[139.7280484850072,35.71064320692083],[139.728939730039,35.71078098832706],[139.728947019644,35.71065652939801],[139.7290344712387,35.710631305646565],[139.72905013655563,35.71039167188694],[139.72774958203922,35.710298875285204],[139.72681633138035,35.710354522708315],[139.7267515241759,35.71044223414009]]]}},{"type":"Feature","properties":{"現象の種類":"急傾斜地の崩壊","区域区分":"土砂災害警戒区域","区域名":"-","所在地":"文京区目白台三丁目、音羽二丁目","告示日":"2019/9/26"},"geometry":{"type":"Polygon","coordinates":[[[139.72625607275774,35.71920021370834],[139.72606075671732,35.71878026656977],[139.7256207635994,35.718857562275055],[139.72568368329544,35.71915279058569],[139.72625607275774,35.71920021370834]]]}},{"type":"Feature","properties":{"現象の種類":"急傾斜地の崩壊","区域区分":"土砂災害警戒区域","区域名":"-","所在地":"文京区大塚二丁目","告示日":"2019/9/26"},"geometry":{"type":"Polygon","coordinates":[[[139.7306148382386,35.71938086004458],[139.7305255213972,35.71907252302951],[139.72991258717062,35.718934223206354],[139.72980182185572,35.71923182020643],[139.7306148382386,35.71938086004458]]]}},{"type":"Feature","properties":{"現象の種類":"急傾斜地の崩壊","区域区分":"土砂災害警戒区域","区域名":"-","所在地":"文京区大塚二丁目、一丁目","告示日":"2019/9/26"},"geometry":{"type":"Polygon","coordinates":[[[139.73011688630407,35.717279536914695],[139.73033164643832,35.71725453945235],[139.7303572554047,35.71703562498108],[139.73007575488882,35.7169246879283],[139.72985003578867,35.71696758565558],[139.72965217778756,35.71767110453932],[139.72998946320638,35.717763671075524],[139.73011688630407,35.717279536914695]]]}},{"type":"Feature","properties":{"現象の種類":"急傾斜地の崩壊","区域区分":"土砂災害警戒区域","区域名":"-","所在地":"文京区大塚一丁目、音羽一丁目","告示日":"2019/9/26"},"geometry":{"type":"Polygon","coordinates":[[[139.7296956657004,35.71699875094991],[139.73027465638995,35.715779791782275],[139.73041548377546,35.715776751203165],[139.7304882552125,35.71568256746522],[139.7306399820899,35.71537911237943],[139.73053509273535,35.71529677226161],[139.73058883995935,35.7152595538746],[139.73029713262065,35.71516258247877],[139.7301634544065,35.71520812215918],[139.7298912996828,35.71602185827886],[139.72943638640595,35.716926223417545],[139.72937598167272,35.716924240528705],[139.7296956657004,35.71699875094991]]]}},{"type":"Feature","properties":{"現象の種類":"急傾斜地の崩壊","区域区分":"土砂災害警戒区域","区域名":"-","所在地":"文京区大塚一丁目、音羽一丁目、小日向三丁目","告示日":"2019/9/26"},"geometry":{"type":"Polygon","coordinates":[[[139.73079752122382,35.715429538431906],[139.73084707335457,35.71516320888375],[139.7306419697815,35.71514011861498],[139.73054129491365,35.71536253943769],[139.73079752122382,35.715429538431906]]]}},{"type":"Feature","properties":{"現象の種類":"急傾斜地の崩壊","区域区分":"土砂災害警戒区域","区域名":"-","所在地":"文京区目白台三丁目","告示日":"2019/9/26"},"geometry":{"type":"Polygon","coordinates":[[[139.7269118049941,35.716005522752624],[139.72697619184157,35.71562689502391],[139.72671301960628,35.71553983355847],[139.72654423919548,35.71596903615717],[139.7269118049941,35.716005522752624]]]}},{"type":"Feature","properties":{"現象の種類":"急傾斜地の崩壊","区域区分":"土砂災害警戒区域","区域名":"-","所在地":"文京区関口三丁目","告示日":"2019/9/26"},"geometry":{"type":"Polygon","coordinates":[[[139.72833927867498,35.7136721350914],[139.72880523535787,35.71365164250269],[139.7284105514075,35.71347633842178],[139.72832526514333,35.71353932814664],[139.72833927867498,35.7136721350914]]]}},{"type":"Feature","properties":{"現象の種類":"急傾斜地の崩壊","区域区分":"土砂災害警戒区域","区域名":"-","所在地":"文京区小日向三丁目","告示日":"2019/9/26"},"geometry":{"type":"Polygon","coordinates":[[[139.73701390561428,35.71548202199185],[139.7367534878602,35.715301840187095],[139.7365126632861,35.715632962791055],[139.7369148169389,35.7157406681148],[139.73701390561428,35.71548202199185]]]}},{"type":"Feature","properties":{"現象の種類":"急傾斜地の崩壊","区域区分":"土砂災害警戒区域","区域名":"-","所在地":"文京区小日向二丁目","告示日":"2019/9/26"},"geometry":{"type":"Polygon","coordinates":[[[139.73196695092548,35.71232263369248],[139.73207734485368,35.71219546445468],[139.73176460749264,35.711987592741394],[139.7316318577455,35.71209791429064],[139.73155346761743,35.71231295558758],[139.73196695092548,35.71232263369248]]]}},{"type":"Feature","properties":{"現象の種類":"急傾斜地の崩壊","区域区分":"土砂災害警戒区域","区域名":"-","所在地":"文京区小日向二丁目","告示日":"2019/9/26"},"geometry":{"type":"Polygon","coordinates":[[[139.73397587094027,35.711679647781025],[139.73369688832085,35.71166482672301],[139.73368831795315,35.71177281418866],[139.7339348801853,35.7118052842988],[139.73397587094027,35.711679647781025]]]}},{"type":"Feature","properties":{"現象の種類":"急傾斜地の崩壊","区域区分":"土砂災害警戒区域","区域名":"-","所在地":"文京区小日向二丁目","告示日":"2019/9/26"},"geometry":{"type":"Polygon","coordinates":[[[139.73464837101596,35.71099492157937],[139.73432986812415,35.71057792470742],[139.73402958394547,35.7107223259929],[139.7340716513347,35.71081702675966],[139.73376496011602,35.71119781728449],[139.73376706489398,35.71133693148386],[139.7336008757069,35.711378184653],[139.7335892196356,35.711532223997374],[139.73403136534466,35.71160453851582],[139.73414921572748,35.711515183146346],[139.7344585598863,35.71106728617323],[139.73464837101596,35.71099492157937]]]}},{"type":"Feature","properties":{"現象の種類":"急傾斜地の崩壊","区域区分":"土砂災害警戒区域","区域名":"-","所在地":"文京区小日向一丁目","告示日":"2019/9/26"},"geometry":{"type":"Polygon","coordinates":[[[139.73806265474929,35.71167895371516],[139.73830976281624,35.71156661161055],[139.73832452560268,35.7112214484145],[139.7377936698978,35.71116974761948],[139.73772260683768,35.711222953861224],[139.7377905760198,35.71161833744241],[139.73803644027996,35.711592892987305],[139.73806265474929,35.71167895371516]]]}},{"type":"Feature","properties":{"現象の種類":"急傾斜地の崩壊","区域区分":"土砂災害警戒区域","区域名":"-","所在地":"文京区千駄木二丁目、千駄木一丁目","告示日":"2019/9/26"},"geometry":{"type":"Polygon","coordinates":[[[139.7602130173395,35.723175580821874],[139.76015749996088,35.722881683052414],[139.75987052961818,35.72298323720294],[139.75996434769473,35.72317104793202],[139.7602130173395,35.723175580821874]]]}},{"type":"Feature","properties":{"現象の種類":"急傾斜地の崩壊","区域区分":"土砂災害警戒区域","区域名":"-","所在地":"文京区小日向一丁目","告示日":"2019/9/26"},"geometry":{"type":"Polygon","coordinates":[[[139.7384734040688,35.71126287819736],[139.7382670693988,35.71132537391669],[139.7383327222647,35.711570210866014],[139.73851425343926,35.71156296010531],[139.7384734040688,35.71126287819736]]]}},{"type":"Feature","properties":{"現象の種類":"急傾斜地の崩壊","区域区分":"土砂災害警戒区域","区域名":"-","所在地":"文京区小日向一丁目","告示日":"2019/9/26"},"geometry":{"type":"Polygon","coordinates":[[[139.73849828447626,35.71127655531623],[139.73860758271314,35.71139290600318],[139.73870527994438,35.7115065451703],[139.7387544502473,35.711377226853095],[139.73849828447626,35.71127655531623]]]}},{"type":"Feature","properties":{"現象の種類":"急傾斜地の崩壊","区域区分":"土砂災害警戒区域","区域名":"-","所在地":"文京区小日向四丁目","告示日":"2019/9/26"},"geometry":{"type":"Polygon","coordinates":[[[139.74058948885306,35.713491309866114],[139.74028403898544,35.713357304081924],[139.73998850887293,35.7136541079783],[139.74024424138366,35.71380095749119],[139.74058948885306,35.713491309866114]]]}},{"type":"Feature","properties":{"現象の種類":"急傾斜地の崩壊","区域区分":"土砂災害警戒区域","区域名":"-","所在地":"文京区春日二丁目、小日向一丁目","告示日":"2019/9/26"},"geometry":{"type":"Polygon","coordinates":[[[139.74049979230847,35.71308545807094],[139.7408294658865,35.71273051484249],[139.74059155662854,35.71253454678267],[139.74023135062086,35.712836872811486],[139.74025662745643,35.712924716125066],[139.7401157198119,35.71318827304575],[139.74045809026245,35.71325699292781],[139.74049979230847,35.71308545807094]]]}},{"type":"Feature","properties":{"現象の種類":"急傾斜地の崩壊","区域区分":"土砂災害警戒区域","区域名":"-","所在地":"文京区春日二丁目","告示日":"2019/9/26"},"geometry":{"type":"Polygon","coordinates":[[[139.7418143361011,35.71120509687323],[139.74179425112038,35.71089903055154],[139.74119555973527,35.711028270512806],[139.7413901573465,35.711241218549105],[139.7418143361011,35.71120509687323]]]}},{"type":"Feature","properties":{"現象の種類":"急傾斜地の崩壊","区域区分":"土砂災害警戒区域","区域名":"-","所在地":"文京区春日二丁目","告示日":"2019/9/26"},"geometry":{"type":"Polygon","coordinates":[[[139.74239494725924,35.71154843408142],[139.74277695986734,35.711506257819934],[139.74260289633781,35.711214708484505],[139.74234961866577,35.71131131237784],[139.74239494725924,35.71154843408142]]]}},{"type":"Feature","properties":{"現象の種類":"急傾斜地の崩壊","区域区分":"土砂災害警戒区域","区域名":"-","所在地":"文京区春日二丁目","告示日":"2019/9/26"},"geometry":{"type":"Polygon","coordinates":[[[139.74325730904675,35.711013983375786],[139.74311707280998,35.71080432312734],[139.74282901636073,35.71092876952708],[139.74298217179808,35.71115010169153],[139.74325730904675,35.711013983375786]]]}},{"type":"Feature","properties":{"現象の種類":"急傾斜地の崩壊","区域区分":"土砂災害警戒区域","区域名":"-","所在地":"文京区春日一丁目","告示日":"2019/9/26"},"geometry":{"type":"Polygon","coordinates":[[[139.74677517742106,35.707875335916086],[139.7467201543376,35.707728427511015],[139.7463752300051,35.70783820332868],[139.7464406399065,35.707979907680674],[139.74677517742106,35.707875335916086]]]}},{"type":"Feature","properties":{"現象の種類":"急傾斜地の崩壊","区域区分":"土砂災害警戒区域","区域名":"-","所在地":"文京区春日一丁目","告示日":"2019/9/26"},"geometry":{"type":"Polygon","coordinates":[[[139.74628429012884,35.70772630222097],[139.746688167006,35.707743865645355],[139.74669008330594,35.707485499934826],[139.74629804000628,35.70745816703942],[139.74628429012884,35.70772630222097]]]}},{"type":"Feature","properties":{"現象の種類":"急傾斜地の崩壊","区域区分":"土砂災害警戒区域","区域名":"-","所在地":"文京区春日一丁目","告示日":"2019/9/26"},"geometry":{"type":"Polygon","coordinates":[[[139.74710384294625,35.707435769370356],[139.74716295650248,35.70723573514341],[139.74714750743502,35.70705437793194],[139.74708872250096,35.707049959684426],[139.7468436727445,35.707175863542346],[139.74680011133157,35.707374583785786],[139.74710384294625,35.707435769370356]]]}},{"type":"Feature","properties":{"現象の種類":"急傾斜地の崩壊","区域区分":"土砂災害警戒区域","区域名":"-","所在地":"文京区春日一丁目","告示日":"2019/9/26"},"geometry":{"type":"Polygon","coordinates":[[[139.74769319429717,35.70760984852764],[139.74765343218417,35.707190833932295],[139.7475020519308,35.70718479237342],[139.7473979151662,35.70705508067217],[139.74719090848194,35.70698526328794],[139.7471046106222,35.70745255428581],[139.74757786077907,35.70766459569565],[139.74769319429717,35.70760984852764]]]}},{"type":"Feature","properties":{"現象の種類":"急傾斜地の崩壊","区域区分":"土砂災害警戒区域","区域名":"-","所在地":"文京区千石二丁目","告示日":"2019/9/26"},"geometry":{"type":"Polygon","coordinates":[[[139.7389724804373,35.72315312952867],[139.7392091197921,35.72297957130765],[139.73893983612027,35.72278571649618],[139.73866170343493,35.722968229069544],[139.7389724804373,35.72315312952867]]]}},{"type":"Feature","properties":{"現象の種類":"急傾斜地の崩壊","区域区分":"土砂災害警戒区域","区域名":"-","所在地":"文京区千石二丁目","告示日":"2019/9/26"},"geometry":{"type":"Polygon","coordinates":[[[139.73995446692692,35.72197570749267],[139.73971172415682,35.721905415201995],[139.7395148210233,35.722226539100376],[139.73931299850145,35.72234455688613],[139.7395256742005,35.722476557443485],[139.73968420150354,35.72238598193647],[139.73995446692692,35.72197570749267]]]}},{"type":"Feature","properties":{"現象の種類":"急傾斜地の崩壊","区域区分":"土砂災害警戒区域","区域名":"-","所在地":"文京区白山二丁目","告示日":"2019/9/26"},"geometry":{"type":"Polygon","coordinates":[[[139.74769241447498,35.71751474424486],[139.74753730929115,35.71734627391046],[139.74721656482728,35.71753484856546],[139.74736469639956,35.71768179962058],[139.74769241447498,35.71751474424486]]]}},{"type":"Feature","properties":{"現象の種類":"急傾斜地の崩壊","区域区分":"土砂災害警戒区域","区域名":"-","所在地":"文京区白山二丁目","告示日":"2019/9/26"},"geometry":{"type":"Polygon","coordinates":[[[139.75082264595815,35.71675795462836],[139.7507247681417,35.716741798096926],[139.75076645764213,35.716583233123686],[139.75086808005113,35.71659924887024],[139.75091261354154,35.716413353662375],[139.7506401045359,35.71636227378487],[139.7505520625761,35.71671196498749],[139.7504737244931,35.7167004222637],[139.75044150300093,35.7171398386173],[139.75073774755447,35.71716888240794],[139.75082264595815,35.71675795462836]]]}},{"type":"Feature","properties":{"現象の種類":"急傾斜地の崩壊","区域区分":"土砂災害警戒区域","区域名":"-","所在地":"文京区白山二丁目、小石川一丁目","告示日":"2019/9/26"},"geometry":{"type":"Polygon","coordinates":[[[139.75105087689147,35.71565035245718],[139.75109237142243,35.715371629659],[139.75050701213354,35.715107506443466],[139.74995911853557,35.715135438247906],[139.74978509824714,35.71549520162582],[139.74977824091778,35.7157231974866],[139.74996452285876,35.71575971122618],[139.7501014346499,35.71573757108517],[139.75029247362278,35.71547699905614],[139.75038264351923,35.71555122566498],[139.75067980954353,35.71554488349466],[139.75054895897782,35.71565295211455],[139.75053483371335,35.715794148647234],[139.75068669324617,35.716019951550486],[139.75105087689147,35.71565035245718]]]}},{"type":"Feature","properties":{"現象の種類":"急傾斜地の崩壊","区域区分":"土砂災害警戒区域","区域名":"-","所在地":"文京区小石川三丁目","告示日":"2019/9/26"},"geometry":{"type":"Polygon","coordinates":[[[139.7478610298801,35.713577400217474],[139.7480659747386,35.713468203505414],[139.74793323313418,35.713314055005355],[139.74765922815268,35.71344144871868],[139.74760860511043,35.713577259443916],[139.7478610298801,35.713577400217474]]]}},{"type":"Feature","properties":{"現象の種類":"急傾斜地の崩壊","区域区分":"土砂災害警戒区域","区域名":"-","所在地":"文京区小石川三丁目","告示日":"2019/9/26"},"geometry":{"type":"Polygon","coordinates":[[[139.74728375408978,35.71263425211406],[139.7470571861416,35.71276565430766],[139.74724321686347,35.71301382382086],[139.74744527721018,35.712896767976424],[139.74728375408978,35.71263425211406]]]}},{"type":"Feature","properties":{"現象の種類":"急傾斜地の崩壊","区域区分":"土砂災害警戒区域","区域名":"-","所在地":"文京区小石川二丁目","告示日":"2019/9/26"},"geometry":{"type":"Polygon","coordinates":[[[139.75021959102247,35.71097454444431],[139.75020087432762,35.71122182066451],[139.75027680893646,35.71123637969113],[139.75045177548168,35.71122077686043],[139.75050753949316,35.71106745666086],[139.75021959102247,35.71097454444431]]]}},{"type":"Feature","properties":{"現象の種類":"急傾斜地の崩壊","区域区分":"土砂災害警戒区域","区域名":"-","所在地":"文京区小石川二丁目","告示日":"2019/9/26"},"geometry":{"type":"Polygon","coordinates":[[[139.75054285309105,35.71103262238951],[139.7505523687279,35.71097278807703],[139.75029053841104,35.71097669360237],[139.7502731867611,35.71103656935756],[139.75054285309105,35.71103262238951]]]}},{"type":"Feature","properties":{"現象の種類":"急傾斜地の崩壊","区域区分":"土砂災害警戒区域","区域名":"-","所在地":"文京区小石川二丁目","告示日":"2019/9/26"},"geometry":{"type":"Polygon","coordinates":[[[139.75065677152645,35.71080874973894],[139.75036377321626,35.710773338911544],[139.75032682359105,35.71089169357862],[139.75063059636253,35.71091465951359],[139.75065677152645,35.71080874973894]]]}},{"type":"Feature","properties":{"現象の種類":"急傾斜地の崩壊","区域区分":"土砂災害警戒区域","区域名":"-","所在地":"文京区白山五丁目","告示日":"2019/9/26"},"geometry":{"type":"Polygon","coordinates":[[[139.75017077957642,35.7222737545457],[139.750452663534,35.7216892251599],[139.75018748452553,35.72162275942503],[139.75009142015415,35.72181711213313],[139.75001635207744,35.721798304571955],[139.74984393750253,35.72198578085563],[139.7499544362376,35.72202897608291],[139.74987145929185,35.72219670322321],[139.75017077957642,35.7222737545457]]]}},{"type":"Feature","properties":{"現象の種類":"急傾斜地の崩壊","区域区分":"土砂災害警戒区域","区域名":"-","所在地":"文京区白山一丁目","告示日":"2019/9/26"},"geometry":{"type":"Polygon","coordinates":[[[139.75264616877064,35.72113334748734],[139.75288542533573,35.72043525668582],[139.75259444255076,35.72035464737903],[139.75248685919914,35.72065741418015],[139.7524024084565,35.72070213185218],[139.75238066061206,35.721115833212366],[139.75264616877064,35.72113334748734]]]}},{"type":"Feature","properties":{"現象の種類":"急傾斜地の崩壊","区域区分":"土砂災害警戒区域","区域名":"-","所在地":"文京区白山一丁目","告示日":"2019/9/26"},"geometry":{"type":"Polygon","coordinates":[[[139.75367690563309,35.71863218175705],[139.75340707284354,35.718537149410714],[139.75335019114732,35.71861913411797],[139.75366372015802,35.7187070287654],[139.75367690563309,35.71863218175705]]]}},{"type":"Feature","properties":{"現象の種類":"急傾斜地の崩壊","区域区分":"土砂災害警戒区域","区域名":"-","所在地":"文京区西片二丁目、白山一丁目","告示日":"2019/9/26"},"geometry":{"type":"Polygon","coordinates":[[[139.75360718332152,35.715925258257215],[139.75397951962717,35.71580327545456],[139.75391565366837,35.71580777531197],[139.753783618953,35.7154820568848],[139.75361601862804,35.715324966714746],[139.75333173035034,35.715394859312276],[139.75331341243034,35.715616638252826],[139.75349685536673,35.71571951945609],[139.75342558872904,35.715769366392735],[139.75347953626687,35.7158400873498],[139.75354551497708,35.71581839105447],[139.75360718332152,35.715925258257215]]]}},{"type":"Feature","properties":{"現象の種類":"急傾斜地の崩壊","区域区分":"土砂災害警戒区域","区域名":"-","所在地":"文京区西片一丁目","告示日":"2019/9/26"},"geometry":{"type":"Polygon","coordinates":[[[139.75259974460786,35.71446947745429],[139.75301636935725,35.71433719132919],[139.75255347120242,35.714348471293974],[139.75259974460786,35.71446947745429]]]}},{"type":"Feature","properties":{"現象の種類":"急傾斜地の崩壊","区域区分":"土砂災害警戒区域","区域名":"-","所在地":"文京区西片一丁目","告示日":"2019/9/26"},"geometry":{"type":"Polygon","coordinates":[[[139.75296853636104,35.714167304976755],[139.75291761329254,35.71412839772461],[139.75299015683075,35.71386121801007],[139.7525107196697,35.713850445652454],[139.75249374401548,35.71410593293124],[139.75257457288407,35.7140981191672],[139.75258581493193,35.71416529294425],[139.75248774141923,35.71424281944433],[139.75296853636104,35.714167304976755]]]}},{"type":"Feature","properties":{"現象の種類":"急傾斜地の崩壊","区域区分":"土砂災害警戒区域","区域名":"-","所在地":"文京区西片一丁目","告示日":"2019/9/26"},"geometry":{"type":"Polygon","coordinates":[[[139.75329331774853,35.712417905481665],[139.752991502332,35.71239726318705],[139.75286265203977,35.712637951118786],[139.75295627635265,35.71264359494459],[139.7529648155234,35.71284142452348],[139.75279648644087,35.71289507312189],[139.75287883733546,35.71315638575395],[139.75282278743643,35.71331020616679],[139.75302416689235,35.71336211611796],[139.75299401816866,35.713493725281744],[139.75308904669532,35.71353287103759],[139.75326100618767,35.713479502974174],[139.75340901504012,35.71324932018441],[139.75333745925752,35.71315711690778],[139.75338003092995,35.71289500430258],[139.75327153727062,35.71285570379474],[139.75329331774853,35.712417905481665]]]}},{"type":"Feature","properties":{"現象の種類":"急傾斜地の崩壊","区域区分":"土砂災害警戒区域","区域名":"-","所在地":"文京区西片一丁目","告示日":"2019/9/26"},"geometry":{"type":"Polygon","coordinates":[[[139.75384085642654,35.71194951701707],[139.7535384389865,35.711696235587695],[139.75327720023856,35.71190318902064],[139.75356535725015,35.71205438454799],[139.75384085642654,35.71194951701707]]]}},{"type":"Feature","properties":{"現象の種類":"急傾斜地の崩壊","区域区分":"土砂災害警戒区域","区域名":"-","所在地":"文京区本郷六丁目","告示日":"2019/9/26"},"geometry":{"type":"Polygon","coordinates":[[[139.75745858106805,35.71362361987583],[139.75718660874898,35.713688966650295],[139.7574338089574,35.71408601617909],[139.7576733122119,35.71400400200408],[139.75745858106805,35.71362361987583]]]}},{"type":"Feature","properties":{"現象の種類":"急傾斜地の崩壊","区域区分":"土砂災害警戒区域","区域名":"-","所在地":"文京区西片一丁目","告示日":"2019/9/26"},"geometry":{"type":"Polygon","coordinates":[[[139.7566294144093,35.71344021959304],[139.75657620620672,35.7133844730935],[139.7563569880468,35.71351334750698],[139.7566294144093,35.71344021959304]]]}},{"type":"Feature","properties":{"現象の種類":"急傾斜地の崩壊","区域区分":"土砂災害警戒区域","区域名":"-","所在地":"文京区西片一丁目","告示日":"2019/9/26"},"geometry":{"type":"Polygon","coordinates":[[[139.7562493606038,35.712986444170696],[139.7560952768182,35.71273830816445],[139.7557839767908,35.71286937403336],[139.7559430281639,35.713103421658445],[139.7562493606038,35.712986444170696]]]}},{"type":"Feature","properties":{"現象の種類":"急傾斜地の崩壊","区域区分":"土砂災害警戒区域","区域名":"-","所在地":"文京区本郷六丁目","告示日":"2019/9/26"},"geometry":{"type":"Polygon","coordinates":[[[139.75704305340057,35.712954975713046],[139.75699707387167,35.712847655964595],[139.75672629739128,35.71292345201261],[139.75677450498824,35.713024705278976],[139.75704305340057,35.712954975713046]]]}},{"type":"Feature","properties":{"現象の種類":"急傾斜地の崩壊","区域区分":"土砂災害警戒区域","区域名":"-","所在地":"文京区本郷六丁目","告示日":"2019/9/26"},"geometry":{"type":"Polygon","coordinates":[[[139.7568113683419,35.71296916847294],[139.7566660738005,35.712777460742416],[139.75664481193002,35.712808427174465],[139.7568113683419,35.71296916847294]]]}},{"type":"Feature","properties":{"現象の種類":"急傾斜地の崩壊","区域区分":"土砂災害警戒区域","区域名":"-","所在地":"文京区本郷六丁目","告示日":"2019/9/26"},"geometry":{"type":"Polygon","coordinates":[[[139.7567964785717,35.71254874438487],[139.75670359888625,35.71234117440217],[139.75636933656463,35.7124731258358],[139.7564553473032,35.71268002467257],[139.7567964785717,35.71254874438487]]]}},{"type":"Feature","properties":{"現象の種類":"急傾斜地の崩壊","区域区分":"土砂災害警戒区域","区域名":"-","所在地":"文京区本郷五丁目","告示日":"2019/9/26"},"geometry":{"type":"Polygon","coordinates":[[[139.75615050071278,35.71074500114446],[139.75642297336475,35.710443811570215],[139.75630460545938,35.710272621225464],[139.75600214096121,35.7104452500056],[139.75584506101447,35.71074078388432],[139.75577877043904,35.71073799291831],[139.75585939051015,35.71079134718612],[139.75579557759846,35.710899361982946],[139.75617300982924,35.710957283928835],[139.75615050071278,35.71074500114446]]]}},{"type":"Feature","properties":{"現象の種類":"急傾斜地の崩壊","区域区分":"土砂災害警戒区域","区域名":"-","所在地":"文京区本郷四丁目","告示日":"2019/9/26"},"geometry":{"type":"Polygon","coordinates":[[[139.75520929864436,35.70998474775925],[139.75561462960655,35.710013009347406],[139.75559796164447,35.709706566161785],[139.75531937721965,35.709661404978746],[139.75520929864436,35.70998474775925]]]}},{"type":"Feature","properties":{"現象の種類":"急傾斜地の崩壊","区域区分":"土砂災害警戒区域","区域名":"-","所在地":"文京区本郷四丁目","告示日":"2019/9/26"},"geometry":{"type":"Polygon","coordinates":[[[139.75585638075046,35.709393871799364],[139.75574365304513,35.709457589849215],[139.75590044855565,35.7096207580888],[139.75597735509882,35.70957940954461],[139.75585638075046,35.709393871799364]]]}},{"type":"Feature","properties":{"現象の種類":"急傾斜地の崩壊","区域区分":"土砂災害警戒区域","区域名":"-","所在地":"文京区本郷四丁目","告示日":"2019/9/26"},"geometry":{"type":"Polygon","coordinates":[[[139.75628451337033,35.70945037122506],[139.7559875233413,35.709388775988685],[139.75620190568037,35.70957189654171],[139.75626703095062,35.70950529025858],[139.75628451337033,35.70945037122506]]]}},{"type":"Feature","properties":{"現象の種類":"急傾斜地の崩壊","区域区分":"土砂災害警戒区域","区域名":"-","所在地":"文京区本郷四丁目","告示日":"2019/9/26"},"geometry":{"type":"Polygon","coordinates":[[[139.756331427659,35.709389429156445],[139.7563456237669,35.70924203222635],[139.756071404409,35.70919729380774],[139.75602714135417,35.70936235532403],[139.756331427659,35.709389429156445]]]}},{"type":"Feature","properties":{"現象の種類":"急傾斜地の崩壊","区域区分":"土砂災害警戒区域","区域名":"-","所在地":"文京区本郷四丁目","告示日":"2019/9/26"},"geometry":{"type":"Polygon","coordinates":[[[139.7562699310323,35.70936623006443],[139.756434098823,35.70935572957796],[139.75655397106408,35.709041569610676],[139.7561765165351,35.70907779395228],[139.7562699310323,35.70936623006443]]]}},{"type":"Feature","properties":{"現象の種類":"急傾斜地の崩壊","区域区分":"土砂災害警戒区域","区域名":"-","所在地":"文京区本郷一丁目","告示日":"2019/9/26"},"geometry":{"type":"Polygon","coordinates":[[[139.75497738291364,35.706769503909406],[139.75517433524897,35.706597662717456],[139.75523641859013,35.70645304160223],[139.75480539335848,35.706402884876496],[139.7548725130685,35.706507692822015],[139.75467013359662,35.706631712416915],[139.75473768771766,35.70665199766221],[139.7546632092935,35.706824752916695],[139.75497738291364,35.706769503909406]]]}},{"type":"Feature","properties":{"現象の種類":"急傾斜地の崩壊","区域区分":"土砂災害警戒区域","区域名":"-","所在地":"文京区本郷一丁目","告示日":"2019/9/26"},"geometry":{"type":"Polygon","coordinates":[[[139.75529123112685,35.70634582250074],[139.75490077651185,35.70632729166554],[139.7552858063998,35.70640218601786],[139.75529123112685,35.70634582250074]]]}},{"type":"Feature","properties":{"現象の種類":"急傾斜地の崩壊","区域区分":"土砂災害警戒区域","区域名":"-","所在地":"文京区本郷一丁目","告示日":"2019/9/26"},"geometry":{"type":"Polygon","coordinates":[[[139.7566433698382,35.703460166905465],[139.75639903286813,35.70338077440397],[139.75624090672386,35.70365521286603],[139.75647943439938,35.70371559031829],[139.7566433698382,35.703460166905465]]]}},{"type":"Feature","properties":{"現象の種類":"急傾斜地の崩壊","区域区分":"土砂災害警戒区域","区域名":"-","所在地":"文京区千駄木二丁目、千駄木一丁目","告示日":"2019/9/26"},"geometry":{"type":"Polygon","coordinates":[[[139.76102521778873,35.72441432204798],[139.76070860236408,35.7240775490213],[139.76069178253312,35.72396371808035],[139.76035488661586,35.72398118911295],[139.76040002388555,35.72416346800745],[139.76072977111983,35.72455767934018],[139.76102521778873,35.72441432204798]]]}},{"type":"Feature","properties":{"現象の種類":"急傾斜地の崩壊","区域区分":"土砂災害警戒区域","区域名":"-","所在地":"文京区千駄木二丁目、千駄木一丁目","告示日":"2019/9/26"},"geometry":{"type":"Polygon","coordinates":[[[139.76047810359103,35.72403740530415],[139.76044383749013,35.72381141590662],[139.76019027695574,35.72386842393351],[139.76027746062775,35.72402549380688],[139.76047810359103,35.72403740530415]]]}},{"type":"Feature","properties":{"現象の種類":"急傾斜地の崩壊","区域区分":"土砂災害警戒区域","区域名":"-","所在地":"文京区千駄木二丁目、千駄木一丁目","告示日":"2019/9/26"},"geometry":{"type":"Polygon","coordinates":[[[139.76040347032938,35.7233497698609],[139.76007518285982,35.72338335813594],[139.76015635673664,35.72373657865042],[139.760505370363,35.72369535822338],[139.76040347032938,35.7233497698609]]]}},{"type":"Feature","properties":{"現象の種類":"急傾斜地の崩壊","区域区分":"土砂災害警戒区域","区域名":"-","所在地":"文京区千駄木一丁目","告示日":"2019/9/26"},"geometry":{"type":"Polygon","coordinates":[[[139.75975756863966,35.72307531927474],[139.75967835781316,35.72285568560614],[139.75957847228304,35.722849113867],[139.759670282394,35.72309674901685],[139.75975756863966,35.72307531927474]]]}},{"type":"Feature","properties":{"現象の種類":"急傾斜地の崩壊","区域区分":"土砂災害警戒区域","区域名":"-","所在地":"文京区千駄木一丁目","告示日":"2019/9/26"},"geometry":{"type":"Polygon","coordinates":[[[139.7593250761954,35.72267118651426],[139.75923285929568,35.72259595228848],[139.7587659330327,35.722616435833594],[139.75876724955543,35.72272906946266],[139.7591244242751,35.72311264002209],[139.7594564733524,35.723112901112685],[139.7593250761954,35.72267118651426]]]}},{"type":"Feature","properties":{"現象の種類":"急傾斜地の崩壊","区域区分":"土砂災害警戒区域","区域名":"-","所在地":"文京区千駄木一丁目","告示日":"2019/9/26"},"geometry":{"type":"Polygon","coordinates":[[[139.7592059173982,35.72251739522287],[139.7591001791037,35.72243144434299],[139.75931332888229,35.72240674752776],[139.75936586313793,35.72232599855966],[139.75902134036667,35.7222398753635],[139.75893410228517,35.72231132587896],[139.75888631197864,35.72244053049072],[139.7592059173982,35.72251739522287]]]}},{"type":"Feature","properties":{"現象の種類":"急傾斜地の崩壊","区域区分":"土砂災害警戒区域","区域名":"-","所在地":"文京区千駄木一丁目","告示日":"2019/9/26"},"geometry":{"type":"Polygon","coordinates":[[[139.75904123328385,35.72216715466611],[139.75923575715112,35.72220121461225],[139.759272575328,35.722044351014524],[139.7594900203448,35.72207729073654],[139.7594858394765,35.721822674056135],[139.75914763188993,35.721777654653565],[139.75904123328385,35.72216715466611]]]}},{"type":"Feature","properties":{"現象の種類":"急傾斜地の崩壊","区域区分":"土砂災害警戒区域","区域名":"-","所在地":"文京区根津一丁目、弥生一丁目","告示日":"2019/9/26"},"geometry":{"type":"Polygon","coordinates":[[[139.76131115623397,35.71927957918691],[139.76089925162015,35.7191989319361],[139.76110112384436,35.71949127428671],[139.76131115623397,35.71927957918691]]]}},{"type":"Feature","properties":{"現象の種類":"急傾斜地の崩壊","区域区分":"土砂災害警戒区域","区域名":"-","所在地":"文京区根津一丁目、弥生二丁目","告示日":"2019/9/26"},"geometry":{"type":"Polygon","coordinates":[[[139.76250226262636,35.718401432681],[139.76227505001756,35.71824780150926],[139.76215794900915,35.718353823093345],[139.7623191462617,35.71856824152797],[139.76250226262636,35.718401432681]]]}},{"type":"Feature","properties":{"現象の種類":"急傾斜地の崩壊","区域区分":"土砂災害警戒区域","区域名":"-","所在地":"文京区弥生二丁目、根津一丁目","告示日":"2019/9/26"},"geometry":{"type":"Polygon","coordinates":[[[139.76294986475563,35.718025555233076],[139.76271583455622,35.71787365512502],[139.76257069300385,35.71799791783114],[139.7627404795858,35.71825020084298],[139.76290201402065,35.718164635966794],[139.76294986475563,35.718025555233076]]]}},{"type":"Feature","properties":{"現象の種類":"急傾斜地の崩壊","区域区分":"土砂災害警戒区域","区域名":"-","所在地":"文京区弥生二丁目、台東区池之端二丁目","告示日":"2019/9/26"},"geometry":{"type":"Polygon","coordinates":[[[139.7644716863595,35.71706711342142],[139.76502827307397,35.7166043744118],[139.7649219576658,35.71629541578035],[139.7647190767056,35.7164573271938],[139.76445389320952,35.71651800351818],[139.7644716863595,35.71706711342142]]]}},{"type":"Feature","properties":{"現象の種類":"急傾斜地の崩壊","区域区分":"土砂災害警戒区域","区域名":"-","所在地":"文京区弥生二丁目","告示日":"2019/9/26"},"geometry":{"type":"Polygon","coordinates":[[[139.76502682438158,35.716253030003216],[139.7651193055715,35.71624812584362],[139.76517921631893,35.71602074054003],[139.7650593474181,35.7160020161164],[139.76502682438158,35.716253030003216]]]}},{"type":"Feature","properties":{"現象の種類":"急傾斜地の崩壊","区域区分":"土砂災害警戒区域","区域名":"-","所在地":"文京区弥生二丁目","告示日":"2019/9/26"},"geometry":{"type":"Polygon","coordinates":[[[139.7659855395917,35.715485424047635],[139.76559701076354,35.71545644609939],[139.7655542661403,35.715558570292],[139.7659307262109,35.71566094439775],[139.7659855395917,35.715485424047635]]]}},{"type":"Feature","properties":{"現象の種類":"急傾斜地の崩壊","区域区分":"土砂災害警戒区域","区域名":"-","所在地":"文京区弥生二丁目","告示日":"2019/9/26"},"geometry":{"type":"Polygon","coordinates":[[[139.76595187849736,35.71522373310057],[139.76600512480445,35.715029213748316],[139.76568833754186,35.71494752192621],[139.7654189702378,35.71509106607901],[139.7656452070844,35.71526065945482],[139.76595187849736,35.71522373310057]]]}},{"type":"Feature","properties":{"現象の種類":"急傾斜地の崩壊","区域区分":"土砂災害警戒区域","区域名":"-","所在地":"文京区本郷七丁目、台東区池之端二丁目","告示日":"2019/9/26"},"geometry":{"type":"Polygon","coordinates":[[[139.76622145642926,35.71341913404188],[139.76700471724226,35.713203887403914],[139.76694234211243,35.7129973435563],[139.76623057027592,35.7131037743074],[139.76622145642926,35.71341913404188]]]}},{"type":"Feature","properties":{"現象の種類":"急傾斜地の崩壊","区域区分":"土砂災害警戒区域","区域名":"-","所在地":"文京区本郷七丁目、台東区池之端一丁目","告示日":"2019/9/26"},"geometry":{"type":"Polygon","coordinates":[[[139.76717190651001,35.7130048710961],[139.7674610749562,35.71295219429009],[139.76759243255808,35.71284087879903],[139.76758944090233,35.712626719597644],[139.76778151071989,35.71245531316314],[139.76773554128613,35.7122874283493],[139.76742806526676,35.712351119516235],[139.76721779757287,35.71250261140913],[139.7672382024162,35.71273892587137],[139.76703050430407,35.71280606531855],[139.76717190651001,35.7130048710961]]]}},{"type":"Feature","properties":{"現象の種類":"急傾斜地の崩壊","区域区分":"土砂災害警戒区域","区域名":"-","所在地":"文京区本郷七丁目","告示日":"2019/9/26"},"geometry":{"type":"Polygon","coordinates":[[[139.76724076663047,35.71178296900807],[139.76718288292903,35.71184729571606],[139.76751751097223,35.711948740547236],[139.76756867199214,35.71183275897042],[139.76724076663047,35.71178296900807]]]}},{"type":"Feature","properties":{"現象の種類":"急傾斜地の崩壊","区域区分":"土砂災害警戒区域","区域名":"-","所在地":"文京区湯島三丁目","告示日":"2019/9/26"},"geometry":{"type":"Polygon","coordinates":[[[139.76816179311885,35.70541341404964],[139.76770872484911,35.705409363207174],[139.76773204982823,35.705513913879045],[139.76816082642404,35.705516266826564],[139.76816179311885,35.70541341404964]]]}},{"type":"Feature","properties":{"現象の種類":"急傾斜地の崩壊","区域区分":"土砂災害警戒区域","区域名":"-","所在地":"文京区湯島三丁目","告示日":"2019/9/26"},"geometry":{"type":"Polygon","coordinates":[[[139.76848817660849,35.703986697550256],[139.76813501017492,35.70395103612722],[139.76817644316557,35.70408291791754],[139.7684131727033,35.70409892974262],[139.76848817660849,35.703986697550256]]]}},{"type":"Feature","properties":{"現象の種類":"急傾斜地の崩壊","区域区分":"土砂災害警戒区域","区域名":"-","所在地":"品川区上大崎一丁目","告示日":"2019/9/26"},"geometry":{"type":"Polygon","coordinates":[[[139.72281024462563,35.63446799042023],[139.7227252597394,35.63421405977598],[139.722481021727,35.63426765275532],[139.7225331956346,35.63453913196825],[139.72281024462563,35.63446799042023]]]}},{"type":"Feature","properties":{"現象の種類":"急傾斜地の崩壊","区域区分":"土砂災害警戒区域","区域名":"-","所在地":"新宿区中落合二丁目","告示日":"2019/9/26"},"geometry":{"type":"Polygon","coordinates":[[[139.6935857044623,35.719801606050915],[139.69361430685584,35.71963678677885],[139.69332772941536,35.719587240083214],[139.69325286996266,35.71976372320086],[139.6935857044623,35.719801606050915]]]}},{"type":"Feature","properties":{"現象の種類":"急傾斜地の崩壊","区域区分":"土砂災害警戒区域","区域名":"-","所在地":"新宿区南元町","告示日":"2019/9/26"},"geometry":{"type":"Polygon","coordinates":[[[139.7217458723048,35.68001947827125],[139.72164489467826,35.68033456088202],[139.72198150310987,35.68034697538077],[139.722046066176,35.68002741056596],[139.7217458723048,35.68001947827125]]]}},{"type":"Feature","properties":{"現象の種類":"急傾斜地の崩壊","区域区分":"土砂災害警戒区域","区域名":"-","所在地":"新宿区戸山一丁目","告示日":"2019/9/26"},"geometry":{"type":"Polygon","coordinates":[[[139.71788902251112,35.70209426609182],[139.71776375683902,35.70189144892599],[139.71752822469642,35.70202874068406],[139.71773828988424,35.70218601681064],[139.71788902251112,35.70209426609182]]]}},{"type":"Feature","properties":{"現象の種類":"急傾斜地の崩壊","区域区分":"土砂災害警戒区域","区域名":"-","所在地":"新宿区下落合四丁目","告示日":"2019/9/26"},"geometry":{"type":"Polygon","coordinates":[[[139.6970411394544,35.717520402239195],[139.696814813152,35.71737726304544],[139.69661711906176,35.71761563099017],[139.69668539499577,35.71772847386907],[139.6970411394544,35.717520402239195]]]}},{"type":"Feature","properties":{"現象の種類":"急傾斜地の崩壊","区域区分":"土砂災害警戒区域","区域名":"-","所在地":"新宿区西早稲田一丁目","告示日":"2019/9/26"},"geometry":{"type":"Polygon","coordinates":[[[139.71902735309797,35.70720011164991],[139.71902478287842,35.70694443274765],[139.71891087790593,35.70698024220507],[139.71868932928516,35.707207031743],[139.71902735309797,35.70720011164991]]]}},{"type":"Feature","properties":{"現象の種類":"急傾斜地の崩壊","区域区分":"土砂災害警戒区域","区域名":"-","所在地":"新宿区戸山一丁目","告示日":"2019/9/26"},"geometry":{"type":"Polygon","coordinates":[[[139.7175746464329,35.705074196459314],[139.71723034824217,35.70482170723613],[139.71665390522952,35.705321044716825],[139.71696556188402,35.70565883738422],[139.71724674054155,35.70540538023346],[139.71730283981626,35.70525545666937],[139.7175746464329,35.705074196459314]]]}},{"type":"Feature","properties":{"現象の種類":"急傾斜地の崩壊","区域区分":"土砂災害警戒区域","区域名":"-","所在地":"新宿区戸山二丁目、戸山三丁目","告示日":"2019/9/26"},"geometry":{"type":"Polygon","coordinates":[[[139.71545507866833,35.70480562024124],[139.71586207520244,35.70470828734999],[139.7158279575689,35.70445744848089],[139.71500185216996,35.704457491863],[139.71430963487043,35.70419566418917],[139.71420845054982,35.70419930747073],[139.7140228296445,35.70448021875318],[139.71421482191073,35.704625388496744],[139.7147861318391,35.70480843802732],[139.71545507866833,35.70480562024124]]]}},{"type":"Feature","properties":{"現象の種類":"急傾斜地の崩壊","区域区分":"土砂災害警戒区域","区域名":"-","所在地":"新宿区戸山三丁目","告示日":"2019/9/26"},"geometry":{"type":"Polygon","coordinates":[[[139.70938811387003,35.70584477043181],[139.70996738138425,35.705820651850615],[139.70996028742118,35.70574979619477],[139.7112992527725,35.705716370209544],[139.71127458062983,35.70548107925736],[139.7096247930392,35.70555215331709],[139.70955861909513,35.705035922571305],[139.7092494430991,35.70505952022433],[139.7092936350293,35.705716605913345],[139.70938811387003,35.70584477043181]]]}},{"type":"Feature","properties":{"現象の種類":"急傾斜地の崩壊","区域区分":"土砂災害警戒区域","区域名":"-","所在地":"新宿区戸山二丁目","告示日":"2019/9/26"},"geometry":{"type":"Polygon","coordinates":[[[139.7105066728622,35.70327589523729],[139.71062011292372,35.70309176053299],[139.71050953763807,35.70277343423418],[139.71040431119067,35.70272543803764],[139.71010791808885,35.702814977017994],[139.71017341985416,35.70319888616563],[139.7105066728622,35.70327589523729]]]}},{"type":"Feature","properties":{"現象の種類":"急傾斜地の崩壊","区域区分":"土砂災害警戒区域","区域名":"-","所在地":"新宿区新宿六丁目","告示日":"2019/9/26"},"geometry":{"type":"Polygon","coordinates":[[[139.71181448126194,35.69714059440963],[139.7117241643324,35.69707595167487],[139.7114815155791,35.69714052102066],[139.71163429761364,35.69750417777037],[139.71181914648537,35.69756891963754],[139.71189799061816,35.697400463979385],[139.71181448126194,35.69714059440963]]]}},{"type":"Feature","properties":{"現象の種類":"急傾斜地の崩壊","区域区分":"土砂災害警戒区域","区域名":"-","所在地":"新宿区河田町、住吉町","告示日":"2019/9/26"},"geometry":{"type":"Polygon","coordinates":[[[139.72120118795618,35.69446574533347],[139.72079115738285,35.69437811195114],[139.72067291510103,35.69475114569144],[139.7206839859809,35.6949505326149],[139.72091761063677,35.695082156220046],[139.72120118795618,35.69446574533347]]]}},{"type":"Feature","properties":{"現象の種類":"急傾斜地の崩壊","区域区分":"土砂災害警戒区域","区域名":"-","所在地":"新宿区市谷仲之町、住吉町","告示日":"2019/9/26"},"geometry":{"type":"Polygon","coordinates":[[[139.72304302675326,35.69311651679528],[139.72315953293858,35.69281099881584],[139.7226639193199,35.69288659455907],[139.72272351655153,35.693111252591024],[139.72304302675326,35.69311651679528]]]}},{"type":"Feature","properties":{"現象の種類":"急傾斜地の崩壊","区域区分":"土砂災害警戒区域","区域名":"-","所在地":"新宿区舟町、住吉町","告示日":"2019/9/26"},"geometry":{"type":"Polygon","coordinates":[[[139.72160083680515,35.69194174066952],[139.7216029517703,35.691567690432365],[139.72146324536186,35.691566539434895],[139.72146691623587,35.69195482587008],[139.72160083680515,35.69194174066952]]]}},{"type":"Feature","properties":{"現象の種類":"急傾斜地の崩壊","区域区分":"土砂災害警戒区域","区域名":"-","所在地":"新宿区富久町","告示日":"2019/9/26"},"geometry":{"type":"Polygon","coordinates":[[[139.71905768630126,35.69221222322322],[139.71908498435738,35.69211943149903],[139.71882844156863,35.69193706692308],[139.71867829676466,35.692103163616494],[139.71905768630126,35.69221222322322]]]}},{"type":"Feature","properties":{"現象の種類":"急傾斜地の崩壊","区域区分":"土砂災害警戒区域","区域名":"-","所在地":"新宿区愛住町、富久町","告示日":"2019/9/26"},"geometry":{"type":"Polygon","coordinates":[[[139.71762660766592,35.691050718647],[139.71801595014608,35.69106327785039],[139.7180475325328,35.690843940834],[139.71765584312266,35.69079316229997],[139.71762660766592,35.691050718647]]]}},{"type":"Feature","properties":{"現象の種類":"急傾斜地の崩壊","区域区分":"土砂災害警戒区域","区域名":"-","所在地":"新宿区若葉二丁目、若葉一丁目","告示日":"2019/9/26"},"geometry":{"type":"Polygon","coordinates":[[[139.7254611297578,35.68422715962501],[139.7251673449215,35.68415493329071],[139.72537625184523,35.68431929017804],[139.7254611297578,35.68422715962501]]]}},{"type":"Feature","properties":{"現象の種類":"急傾斜地の崩壊","区域区分":"土砂災害警戒区域","区域名":"-","所在地":"新宿区若葉二丁目","告示日":"2019/9/26"},"geometry":{"type":"Polygon","coordinates":[[[139.72461686821867,35.685291057007554],[139.724420548333,35.685123753719786],[139.72418944107346,35.685273185485116],[139.72436160352757,35.68547308428108],[139.72461686821867,35.685291057007554]]]}},{"type":"Feature","properties":{"現象の種類":"急傾斜地の崩壊","区域区分":"土砂災害警戒区域","区域名":"-","所在地":"新宿区須賀町、若葉二丁目","告示日":"2019/9/26"},"geometry":{"type":"Polygon","coordinates":[[[139.7229272450543,35.68538749207151],[139.72281862314506,35.68520104754291],[139.72246023649254,35.68539166348919],[139.72236612187297,35.685633010708294],[139.72262723970596,35.6856755434118],[139.7227012711721,35.6855053200177],[139.7229272450543,35.68538749207151]]]}},{"type":"Feature","properties":{"現象の種類":"急傾斜地の崩壊","区域区分":"土砂災害警戒区域","区域名":"-","所在地":"新宿区市谷八幡町","告示日":"2019/9/26"},"geometry":{"type":"Polygon","coordinates":[[[139.73428303305678,35.69233834044943],[139.73414770026525,35.69200816003766],[139.73397643311375,35.69199172834965],[139.73387310788948,35.692178129219805],[139.7339534152489,35.692217153644904],[139.7339332085379,35.69234345401511],[139.73402771318564,35.69232911009523],[139.73399416335613,35.69244477411948],[139.73423833587154,35.692554115009145],[139.73428303305678,35.69233834044943]]]}},{"type":"Feature","properties":{"現象の種類":"急傾斜地の崩壊","区域区分":"土砂災害警戒区域","区域名":"-","所在地":"新宿区市谷砂土原町三丁目","告示日":"2019/9/26"},"geometry":{"type":"Polygon","coordinates":[[[139.7359321009702,35.69666890563245],[139.7363347138141,35.69626981694307],[139.73609183112234,35.69610211865147],[139.73573290964063,35.69654607426891],[139.7359321009702,35.69666890563245]]]}},{"type":"Feature","properties":{"現象の種類":"急傾斜地の崩壊","区域区分":"土砂災害警戒区域","区域名":"-","所在地":"新宿区市谷船河原町、若宮町","告示日":"2019/9/26"},"geometry":{"type":"Polygon","coordinates":[[[139.74068884232403,35.69866106697663],[139.74064208060702,35.698442111919526],[139.7401685431159,35.69857961342087],[139.7404333067465,35.69880168277324],[139.74068884232403,35.69866106697663]]]}},{"type":"Feature","properties":{"現象の種類":"急傾斜地の崩壊","区域区分":"土砂災害警戒区域","区域名":"-","所在地":"新宿区横寺町、岩戸町","告示日":"2019/9/26"},"geometry":{"type":"Polygon","coordinates":[[[139.7366509270039,35.70135748414563],[139.735989623311,35.70099398181767],[139.73584953506716,35.70120476882853],[139.73646313507527,35.701577011959444],[139.7366509270039,35.70135748414563]]]}},{"type":"Feature","properties":{"現象の種類":"急傾斜地の崩壊","区域区分":"土砂災害警戒区域","区域名":"-","所在地":"品川区東五反田五丁目","告示日":"2019/9/26"},"geometry":{"type":"Polygon","coordinates":[[[139.7255109775615,35.63081760913297],[139.72524483996182,35.63050645504231],[139.7249954283872,35.6306243230428],[139.725003080775,35.6308923357389],[139.72530966346898,35.630925063811944],[139.7255109775615,35.63081760913297]]]}},{"type":"Feature","properties":{"現象の種類":"急傾斜地の崩壊","区域区分":"土砂災害警戒区域","区域名":"-","所在地":"新宿区筑土八幡町","告示日":"2019/9/26"},"geometry":{"type":"Polygon","coordinates":[[[139.74035176101975,35.70440946161832],[139.740845913625,35.70439566922385],[139.74101806164185,35.70410457298231],[139.7410216603604,35.70378966929547],[139.74078109934425,35.70377935498898],[139.7406256439916,35.704123532708834],[139.74028837176203,35.70420774236375],[139.74035176101975,35.70440946161832]]]}},{"type":"Feature","properties":{"現象の種類":"急傾斜地の崩壊","区域区分":"土砂災害警戒区域","区域名":"-","所在地":"新宿区赤城元町、西五軒町、築地町","告示日":"2019/9/26"},"geometry":{"type":"Polygon","coordinates":[[[139.73684658041464,35.705704469736325],[139.7368288057557,35.70563571628031],[139.73715893328097,35.70563052002947],[139.73718025900428,35.705553820755604],[139.73743426200312,35.70546533602018],[139.73753663982717,35.70516381446789],[139.737469427759,35.70506928228294],[139.73728165649553,35.704941882881194],[139.73719170387176,35.70507031907977],[139.73722207370784,35.70522276914135],[139.73686694257074,35.70515921082566],[139.73631141057123,35.7052065530299],[139.73607137344024,35.70515679669325],[139.7359859878712,35.70495193509099],[139.73564246559198,35.70494289998154],[139.73572569311392,35.70520305809125],[139.7356723864954,35.70522992698993],[139.73590588023652,35.705671163580256],[139.7362584832232,35.70575755162893],[139.73684658041464,35.705704469736325]]]}},{"type":"Feature","properties":{"現象の種類":"急傾斜地の崩壊","区域区分":"土砂災害警戒区域","区域名":"-","所在地":"新宿区下落合二丁目","告示日":"2019/9/26"},"geometry":{"type":"Polygon","coordinates":[[[139.70026052656402,35.71820785132762],[139.70033839104687,35.717726664089426],[139.69999260871597,35.71773418193835],[139.69996526662294,35.718166479901896],[139.70026052656402,35.71820785132762]]]}},{"type":"Feature","properties":{"現象の種類":"急傾斜地の崩壊","区域区分":"土砂災害警戒区域","区域名":"-","所在地":"新宿区愛住町、四谷四丁目","告示日":"2019/9/26"},"geometry":{"type":"Polygon","coordinates":[[[139.71825973035752,35.690276021261525],[139.71847048440281,35.68988765998815],[139.71811798994213,35.689888387666734],[139.71803282359588,35.690158617052596],[139.71814045265512,35.690171045419554],[139.71817298407697,35.69030256477773],[139.71825973035752,35.690276021261525]]]}},{"type":"Feature","properties":{"現象の種類":"急傾斜地の崩壊","区域区分":"土砂災害警戒区域","区域名":"-","所在地":"新宿区市谷鷹匠町","告示日":"2019/9/26"},"geometry":{"type":"Polygon","coordinates":[[[139.73364311835644,35.695853322578635],[139.7335083740389,35.69571419815077],[139.73298397069243,35.69593280837389],[139.7331175809221,35.696143338903426],[139.7334499174307,35.69602886631926],[139.73364311835644,35.695853322578635]]]}},{"type":"Feature","properties":{"現象の種類":"急傾斜地の崩壊","区域区分":"土砂災害警戒区域","区域名":"-","所在地":"新宿区白銀町","告示日":"2019/9/26"},"geometry":{"type":"Polygon","coordinates":[[[139.73872285980664,35.70366381283041],[139.73846710996514,35.703606021325434],[139.73844993397734,35.703814655563896],[139.73865675901382,35.703845263932465],[139.73872285980664,35.70366381283041]]]}},{"type":"Feature","properties":{"現象の種類":"急傾斜地の崩壊","区域区分":"土砂災害警戒区域","区域名":"-","所在地":"新宿区筑土八幡町","告示日":"2019/9/26"},"geometry":{"type":"Polygon","coordinates":[[[139.7395011420425,35.703965865675954],[139.74001966633807,35.70392703403042],[139.7400833952793,35.703732840406374],[139.73946228773954,35.703666489247986],[139.7395011420425,35.703965865675954]]]}},{"type":"Feature","properties":{"現象の種類":"急傾斜地の崩壊","区域区分":"土砂災害警戒区域","区域名":"-","所在地":"品川区上大崎一丁目","告示日":"2019/9/26"},"geometry":{"type":"Polygon","coordinates":[[[139.7229317631182,35.63471248909632],[139.72285009380786,35.63456358229882],[139.72258224357589,35.634634191515396],[139.72264787661203,35.63478822211087],[139.7229317631182,35.63471248909632]]]}},{"type":"Feature","properties":{"現象の種類":"急傾斜地の崩壊","区域区分":"土砂災害警戒区域","区域名":"-","所在地":"品川区上大崎一丁目","告示日":"2019/9/26"},"geometry":{"type":"Polygon","coordinates":[[[139.72527668721133,35.63418022667115],[139.72520652868064,35.63393433409944],[139.72491941390297,35.6340438745367],[139.7250224374596,35.634230570548645],[139.72527668721133,35.63418022667115]]]}},{"type":"Feature","properties":{"現象の種類":"急傾斜地の崩壊","区域区分":"土砂災害警戒区域","区域名":"-","所在地":"品川区上大崎一丁目","告示日":"2019/9/26"},"geometry":{"type":"Polygon","coordinates":[[[139.7249111877505,35.63494253793815],[139.7252213552813,35.634894588310644],[139.72536826693747,35.634750756060946],[139.7253270061405,35.63455131494342],[139.72526306260804,35.63455928063694],[139.72517468925818,35.634381071769184],[139.72507374602557,35.63440721373697],[139.72501179039713,35.63462936924965],[139.72505782657785,35.634731366364676],[139.72486622008395,35.634723801976],[139.7249111877505,35.63494253793815]]]}},{"type":"Feature","properties":{"現象の種類":"急傾斜地の崩壊","区域区分":"土砂災害警戒区域","区域名":"-","所在地":"品川区上大崎一丁目","告示日":"2019/9/26"},"geometry":{"type":"Polygon","coordinates":[[[139.72630074199392,35.63380739332853],[139.72621023906618,35.63358600310769],[139.72595224929657,35.6336427460338],[139.72600175904063,35.63387185253157],[139.72630074199392,35.63380739332853]]]}},{"type":"Feature","properties":{"現象の種類":"急傾斜地の崩壊","区域区分":"土砂災害警戒区域","区域名":"-","所在地":"品川区上大崎一丁目、港区白金台二丁目","告示日":"2019/9/26"},"geometry":{"type":"Polygon","coordinates":[[[139.72647747254945,35.63301579305322],[139.72605720639734,35.633065360727564],[139.7264227923922,35.63372808260022],[139.72674693563502,35.63364444339922],[139.72647747254945,35.63301579305322]]]}},{"type":"Feature","properties":{"現象の種類":"急傾斜地の崩壊","区域区分":"土砂災害警戒区域","区域名":"-","所在地":"品川区東五反田五丁目","告示日":"2019/9/26"},"geometry":{"type":"Polygon","coordinates":[[[139.7249611940271,35.63196846794609],[139.7249439250411,35.6317407421629],[139.72502222513947,35.63162010632046],[139.72510800941086,35.631622166642245],[139.72490889444447,35.6315154343417],[139.72499237620409,35.63133404438144],[139.72478072310759,35.63134097542894],[139.72465958602368,35.63141983461779],[139.72459312037023,35.63161079524214],[139.72464525138193,35.632119809843125],[139.72487825759825,35.63208269916101],[139.7249611940271,35.63196846794609]]]}},{"type":"Feature","properties":{"現象の種類":"急傾斜地の崩壊","区域区分":"土砂災害警戒区域","区域名":"-","所在地":"品川区上大崎三丁目","告示日":"2019/9/26"},"geometry":{"type":"Polygon","coordinates":[[[139.71998609673219,35.63040137896291],[139.72002376244157,35.62984629166123],[139.71973528732258,35.62982844140063],[139.71971911004997,35.63012717196862],[139.71964076453173,35.63014665986716],[139.7195928203173,35.63036972742821],[139.71944368677336,35.630344886366416],[139.7193213130587,35.63058654376777],[139.71930559650082,35.630752038025456],[139.7194687016327,35.630943122764236],[139.7193392287481,35.63130953631257],[139.71960199072356,35.63135350575669],[139.7196294583716,35.63124968282802],[139.7198111749644,35.6312251540415],[139.71976764512027,35.63096693320687],[139.7200366333688,35.630405573244374],[139.71998609673219,35.63040137896291]]]}},{"type":"Feature","properties":{"現象の種類":"急傾斜地の崩壊","区域区分":"土砂災害警戒区域","区域名":"-","所在地":"品川区上大崎四丁目、目黒区下目黒一丁目","告示日":"2019/9/26"},"geometry":{"type":"Polygon","coordinates":[[[139.71432944853578,35.629712162045664],[139.7147155817366,35.62989058238416],[139.71479780973615,35.629709288370776],[139.71517910465255,35.629525042705396],[139.7152709034001,35.62933681645471],[139.7150687045902,35.62923439188101],[139.7150089230918,35.6290774780873],[139.7148476050706,35.62916620408876],[139.71476039225658,35.62933180773825],[139.71460978469867,35.62932075167056],[139.71432944853578,35.629712162045664]]]}},{"type":"Feature","properties":{"現象の種類":"急傾斜地の崩壊","区域区分":"土砂災害警戒区域","区域名":"-","所在地":"品川区上大崎四丁目","告示日":"2019/9/26"},"geometry":{"type":"Polygon","coordinates":[[[139.71546063700347,35.629246044322976],[139.71510453271625,35.62902231208537],[139.71505769345407,35.629105381279835],[139.71546063700347,35.629246044322976]]]}},{"type":"Feature","properties":{"現象の種類":"急傾斜地の崩壊","区域区分":"土砂災害警戒区域","区域名":"-","所在地":"品川区西五反田八丁目","告示日":"2019/9/26"},"geometry":{"type":"Polygon","coordinates":[[[139.72012706770116,35.61987256072103],[139.71985880387476,35.619882224505915],[139.7199209459445,35.62017489935614],[139.72016618501894,35.62015710060287],[139.72012706770116,35.61987256072103]]]}},{"type":"Feature","properties":{"現象の種類":"急傾斜地の崩壊","区域区分":"土砂災害警戒区域","区域名":"-","所在地":"品川区東五反田四丁目","告示日":"2019/9/26"},"geometry":{"type":"Polygon","coordinates":[[[139.7279630959119,35.63087368653967],[139.72771491646995,35.6306801047671],[139.72746581159925,35.630774900622505],[139.7277564194279,35.63104469396431],[139.7279630959119,35.63087368653967]]]}},{"type":"Feature","properties":{"現象の種類":"急傾斜地の崩壊","区域区分":"土砂災害警戒区域","区域名":"-","所在地":"品川区東五反田四丁目","告示日":"2019/9/26"},"geometry":{"type":"Polygon","coordinates":[[[139.72737710013254,35.63023123865118],[139.72721465359254,35.63007991981419],[139.72702676525682,35.6302299384006],[139.7270503761244,35.63041791489288],[139.72737710013254,35.63023123865118]]]}},{"type":"Feature","properties":{"現象の種類":"急傾斜地の崩壊","区域区分":"土砂災害警戒区域","区域名":"-","所在地":"品川区東五反田五丁目","告示日":"2019/9/26"},"geometry":{"type":"Polygon","coordinates":[[[139.7211469530297,35.62934648831962],[139.72074813593704,35.62937288981083],[139.72074421357098,35.62944247932568],[139.7209280869732,35.629630516554116],[139.7211469530297,35.62934648831962]]]}},{"type":"Feature","properties":{"現象の種類":"急傾斜地の崩壊","区域区分":"土砂災害警戒区域","区域名":"-","所在地":"品川区東五反田五丁目","告示日":"2019/9/26"},"geometry":{"type":"Polygon","coordinates":[[[139.72123890374613,35.62916970626384],[139.72149920809161,35.628947015613434],[139.72153902198212,35.628737822270125],[139.72146796937662,35.62862236864272],[139.72114095281123,35.62875259684769],[139.72104474659213,35.62891197657819],[139.72089548548354,35.62891481220141],[139.72075313546696,35.62911958251081],[139.72123890374613,35.62916970626384]]]}},{"type":"Feature","properties":{"現象の種類":"急傾斜地の崩壊","区域区分":"土砂災害警戒区域","区域名":"-","所在地":"品川区東五反田一丁目","告示日":"2019/9/26"},"geometry":{"type":"Polygon","coordinates":[[[139.72707854214656,35.62881531330738],[139.72734938114277,35.62846343916343],[139.72705428220544,35.628223569452516],[139.72693014041138,35.62823860450649],[139.72673410737187,35.628490120594066],[139.72655224410045,35.628562707863],[139.72707854214656,35.62881531330738]]]}},{"type":"Feature","properties":{"現象の種類":"急傾斜地の崩壊","区域区分":"土砂災害警戒区域","区域名":"-","所在地":"品川区東五反田一丁目","告示日":"2019/9/26"},"geometry":{"type":"Polygon","coordinates":[[[139.72723776375105,35.6283726534099],[139.727445616877,35.628271781907316],[139.727234280774,35.628045057484805],[139.72710967450644,35.62813608592683],[139.72723776375105,35.6283726534099]]]}},{"type":"Feature","properties":{"現象の種類":"急傾斜地の崩壊","区域区分":"土砂災害警戒区域","区域名":"-","所在地":"品川区東五反田一丁目","告示日":"2019/9/26"},"geometry":{"type":"Polygon","coordinates":[[[139.72768779239328,35.62935420472462],[139.72797714873403,35.62925574758069],[139.72791890424662,35.629157436817394],[139.7276543221298,35.6292529407198],[139.72768779239328,35.62935420472462]]]}},{"type":"Feature","properties":{"現象の種類":"急傾斜地の崩壊","区域区分":"土砂災害警戒区域","区域名":"-","所在地":"品川区北品川六丁目","告示日":"2019/9/26"},"geometry":{"type":"Polygon","coordinates":[[[139.73129594910526,35.6280552369329],[139.73128722154817,35.627900357615786],[139.73092332167946,35.627975501563114],[139.7309473670819,35.62804358271231],[139.73129594910526,35.6280552369329]]]}},{"type":"Feature","properties":{"現象の種類":"急傾斜地の崩壊","区域区分":"土砂災害警戒区域","区域名":"-","所在地":"品川区東五反田三丁目、東五反田一丁目","告示日":"2019/9/26"},"geometry":{"type":"Polygon","coordinates":[[[139.72839095281975,35.628072303270756],[139.72792942478733,35.62690080532036],[139.72764851026378,35.62695708116886],[139.72757105071153,35.62706825415879],[139.72757606353255,35.62741072566766],[139.7277751537046,35.62787767957621],[139.72807386139084,35.62814405379913],[139.72839095281975,35.628072303270756]]]}},{"type":"Feature","properties":{"現象の種類":"急傾斜地の崩壊","区域区分":"土砂災害警戒区域","区域名":"-","所在地":"品川区北品川三丁目","告示日":"2019/9/26"},"geometry":{"type":"Polygon","coordinates":[[[139.73951734125376,35.61858632802597],[139.73940468771795,35.61852503058804],[139.7390573762486,35.6185511723391],[139.7393161078853,35.61890042285707],[139.73949631791982,35.618889385142474],[139.73951734125376,35.61858632802597]]]}},{"type":"Feature","properties":{"現象の種類":"急傾斜地の崩壊","区域区分":"土砂災害警戒区域","区域名":"-","所在地":"品川区北品川三丁目","告示日":"2019/9/26"},"geometry":{"type":"Polygon","coordinates":[[[139.7400541434399,35.618789575075354],[139.74000818720555,35.61853180982747],[139.73970978533367,35.61854654269133],[139.73981521865798,35.61886583433691],[139.7400541434399,35.618789575075354]]]}},{"type":"Feature","properties":{"現象の種類":"急傾斜地の崩壊","区域区分":"土砂災害警戒区域","区域名":"-","所在地":"品川区北品川三丁目、北品川二丁目","告示日":"2019/9/26"},"geometry":{"type":"Polygon","coordinates":[[[139.7403934373066,35.61876820204781],[139.74078992449563,35.6186579872768],[139.74088352809892,35.618420882936086],[139.74029960628667,35.618413852759666],[139.74024556034843,35.618536320501704],[139.74014679263368,35.618513797603086],[139.74013517586363,35.61871634844701],[139.7403934373066,35.61876820204781]]]}},{"type":"Feature","properties":{"現象の種類":"急傾斜地の崩壊","区域区分":"土砂災害警戒区域","区域名":"-","所在地":"品川区東五反田三丁目","告示日":"2019/9/26"},"geometry":{"type":"Polygon","coordinates":[[[139.72961277916755,35.62750300360354],[139.7296087428475,35.62731432319964],[139.72968978548585,35.62724723369548],[139.72965875966818,35.62708521347163],[139.7295933543063,35.627101834299296],[139.72978328930253,35.62697948840329],[139.7297904814801,35.62683967712603],[139.72958063395365,35.626092901954074],[139.72933754104358,35.62598803208015],[139.7283766978267,35.626158747941766],[139.72801932842424,35.62639660355432],[139.727876903221,35.62660652068006],[139.72802963229233,35.626802813393255],[139.72834432956247,35.62681697063552],[139.7289010586409,35.62656288036223],[139.72901298127582,35.62641820179534],[139.72916183055014,35.62644825928412],[139.7293162719811,35.626801136594764],[139.72921268921198,35.62690489606215],[139.7293144590273,35.62728684518284],[139.729454283929,35.62753640159579],[139.72961277916755,35.62750300360354]]]}},{"type":"Feature","properties":{"現象の種類":"急傾斜地の崩壊","区域区分":"土砂災害警戒区域","区域名":"-","所在地":"品川区東五反田三丁目","告示日":"2019/9/26"},"geometry":{"type":"Polygon","coordinates":[[[139.73024128274972,35.629365070990055],[139.73004048655667,35.629148456962966],[139.7299567307348,35.6294118836845],[139.7300565751365,35.62966753497034],[139.73014757758824,35.62971764431985],[139.73028255638403,35.629632931894776],[139.73038943772994,35.62937304043703],[139.73024128274972,35.629365070990055]]]}},{"type":"Feature","properties":{"現象の種類":"急傾斜地の崩壊","区域区分":"土砂災害警戒区域","区域名":"-","所在地":"品川区東五反田三丁目","告示日":"2019/9/26"},"geometry":{"type":"Polygon","coordinates":[[[139.72992584690573,35.6300578477921],[139.72962023661034,35.63004893100445],[139.72987996149308,35.63018951258666],[139.72992584690573,35.6300578477921]]]}},{"type":"Feature","properties":{"現象の種類":"急傾斜地の崩壊","区域区分":"土砂災害警戒区域","区域名":"-","所在地":"品川区東五反田五丁目","告示日":"2019/9/26"},"geometry":{"type":"Polygon","coordinates":[[[139.72276225172823,35.62838233114616],[139.72279129949575,35.62818538742576],[139.72234812258594,35.62809257967165],[139.72233353954383,35.62829936259769],[139.72276225172823,35.62838233114616]]]}},{"type":"Feature","properties":{"現象の種類":"急傾斜地の崩壊","区域区分":"土砂災害警戒区域","区域名":"-","所在地":"品川区北品川六丁目、東五反田三丁目","告示日":"2019/9/26"},"geometry":{"type":"Polygon","coordinates":[[[139.7313488169727,35.62880449035493],[139.73133457007444,35.62862139049317],[139.73099798165512,35.628629037950546],[139.73103840420248,35.62878033832141],[139.7313488169727,35.62880449035493]]]}},{"type":"Feature","properties":{"現象の種類":"急傾斜地の崩壊","区域区分":"土砂災害警戒区域","区域名":"-","所在地":"品川区北品川五丁目","告示日":"2019/9/26"},"geometry":{"type":"Polygon","coordinates":[[[139.73392598862898,35.61982271493071],[139.73404144076838,35.61982794849625],[139.73419475201297,35.619480558961264],[139.73389049485425,35.619366903589956],[139.73350629242105,35.61961944755755],[139.73343030809602,35.61972810157552],[139.73353646199342,35.61981500088228],[139.73331848842798,35.62016963778544],[139.73357374898697,35.62029181797082],[139.7338398394885,35.620051706741656],[139.73392598862898,35.61982271493071]]]}},{"type":"Feature","properties":{"現象の種類":"急傾斜地の崩壊","区域区分":"土砂災害警戒区域","区域名":"-","所在地":"品川区北品川三丁目","告示日":"2019/9/26"},"geometry":{"type":"Polygon","coordinates":[[[139.73974080764253,35.6193513972549],[139.73983039740938,35.619124026496664],[139.73936449860426,35.619099144110685],[139.73933416191215,35.6193457620277],[139.73974080764253,35.6193513972549]]]}},{"type":"Feature","properties":{"現象の種類":"急傾斜地の崩壊","区域区分":"土砂災害警戒区域","区域名":"-","所在地":"品川区北品川三丁目、北品川二丁目","告示日":"2019/9/26"},"geometry":{"type":"Polygon","coordinates":[[[139.74099990104466,35.618415833806324],[139.74103406499435,35.61800334825664],[139.7404701621083,35.61777376179898],[139.7395967481629,35.61803360970983],[139.7396415452783,35.61834699480319],[139.74020634131472,35.61827883096353],[139.74034581339183,35.61829832024426],[139.7402657688678,35.618383897893125],[139.74099990104466,35.618415833806324]]]}},{"type":"Feature","properties":{"現象の種類":"急傾斜地の崩壊","区域区分":"土砂災害警戒区域","区域名":"-","所在地":"品川区南品川六丁目","告示日":"2019/9/26"},"geometry":{"type":"Polygon","coordinates":[[[139.7369710495826,35.61096041979467],[139.73660221275722,35.610742599799615],[139.73656508678553,35.610952341826376],[139.7366792569557,35.61110460142213],[139.7369710495826,35.61096041979467]]]}},{"type":"Feature","properties":{"現象の種類":"急傾斜地の崩壊","区域区分":"土砂災害警戒区域","区域名":"-","所在地":"品川区東大井三丁目","告示日":"2019/9/26"},"geometry":{"type":"Polygon","coordinates":[[[139.739954259835,35.60343108041287],[139.7398417240492,35.603208239883344],[139.73957682157916,35.60335163827381],[139.7396983366551,35.603524544577695],[139.739954259835,35.60343108041287]]]}},{"type":"Feature","properties":{"現象の種類":"急傾斜地の崩壊","区域区分":"土砂災害警戒区域","区域名":"-","所在地":"品川区東大井三丁目","告示日":"2019/9/26"},"geometry":{"type":"Polygon","coordinates":[[[139.73848951881257,35.60169460626775],[139.738284299124,35.60148602462458],[139.73803348553932,35.601573269171354],[139.73815875351087,35.601800718999534],[139.73848951881257,35.60169460626775]]]}},{"type":"Feature","properties":{"現象の種類":"急傾斜地の崩壊","区域区分":"土砂災害警戒区域","区域名":"-","所在地":"品川区東大井三丁目","告示日":"2019/9/26"},"geometry":{"type":"Polygon","coordinates":[[[139.73872070330157,35.60188734206455],[139.73831178384376,35.6020317063175],[139.7386160155922,35.602348361899395],[139.7389443354908,35.60215543441678],[139.73894080374032,35.602062039324466],[139.73872070330157,35.60188734206455]]]}},{"type":"Feature","properties":{"現象の種類":"急傾斜地の崩壊","区域区分":"土砂災害警戒区域","区域名":"-","所在地":"品川区八潮五丁目","告示日":"2019/9/26"},"geometry":{"type":"Polygon","coordinates":[[[139.7511884714313,35.597592954240255],[139.75282977099448,35.597573598395],[139.75283004541433,35.59729955135264],[139.75136035649749,35.59730604287015],[139.7511961939395,35.59742952279077],[139.7511884714313,35.597592954240255]]]}},{"type":"Feature","properties":{"現象の種類":"急傾斜地の崩壊","区域区分":"土砂災害警戒区域","区域名":"-","所在地":"品川区北品川六丁目、港区高輪四丁目","告示日":"2019/9/26"},"geometry":{"type":"Polygon","coordinates":[[[139.73108499693555,35.62730431683683],[139.73113524152112,35.62717914577397],[139.73079857485658,35.6271814739622],[139.73108499693555,35.62730431683683]]]}},{"type":"Feature","properties":{"現象の種類":"急傾斜地の崩壊","区域区分":"土砂災害警戒区域","区域名":"-","所在地":"品川区東五反田四丁目","告示日":"2019/9/26"},"geometry":{"type":"Polygon","coordinates":[[[139.72691813607022,35.63207442195193],[139.72688019334714,35.631774560920114],[139.7265658265559,35.632045353465756],[139.72691813607022,35.63207442195193]]]}},{"type":"Feature","properties":{"現象の種類":"急傾斜地の崩壊","区域区分":"土砂災害警戒区域","区域名":"-","所在地":"品川区上大崎三丁目","告示日":"2019/9/26"},"geometry":{"type":"Polygon","coordinates":[[[139.71916251680824,35.63123040028871],[139.7192753724056,35.63115108805579],[139.71887389739433,35.631054881462376],[139.71893242450278,35.63107585106232],[139.7188850297613,35.631167214676914],[139.71882121137585,35.63115273057838],[139.71881775377673,35.63121447769784],[139.71921859421562,35.631309151383576],[139.71916251680824,35.63123040028871]]]}},{"type":"Feature","properties":{"現象の種類":"急傾斜地の崩壊","区域区分":"土砂災害警戒区域","区域名":"-","所在地":"品川区上大崎三丁目","告示日":"2019/9/26"},"geometry":{"type":"Polygon","coordinates":[[[139.71933322942598,35.6309385771822],[139.7189296255208,35.63086715906782],[139.71888891649454,35.63099603001408],[139.7193088784842,35.63109198361784],[139.71933322942598,35.6309385771822]]]}},{"type":"Feature","properties":{"現象の種類":"急傾斜地の崩壊","区域区分":"土砂災害警戒区域","区域名":"-","所在地":"渋谷区本町三丁目、中野区弥生町一丁目","告示日":"2019/9/26"},"geometry":{"type":"Polygon","coordinates":[[[139.68350517522282,35.69192076201419],[139.68338756144175,35.69175078121283],[139.6830935958464,35.691922051972185],[139.68327281350645,35.692045955303016],[139.68350517522282,35.69192076201419]]]}},{"type":"Feature","properties":{"現象の種類":"急傾斜地の崩壊","区域区分":"土砂災害警戒区域","区域名":"-","所在地":"渋谷区西原三丁目","告示日":"2019/9/26"},"geometry":{"type":"Polygon","coordinates":[[[139.68179156693228,35.670978563444464],[139.6815557304723,35.67094851824779],[139.6815140856299,35.671192220359586],[139.68171913111686,35.67121970278536],[139.68179156693228,35.670978563444464]]]}},{"type":"Feature","properties":{"現象の種類":"急傾斜地の崩壊","区域区分":"土砂災害警戒区域","区域名":"-","所在地":"渋谷区代々木五丁目","告示日":"2019/9/26"},"geometry":{"type":"Polygon","coordinates":[[[139.68891197027344,35.67246796112648],[139.6893253936203,35.6722467874469],[139.6891446836678,35.67206005925729],[139.68857881165778,35.6721877481145],[139.6885628961319,35.672423640871166],[139.68891197027344,35.67246796112648]]]}},{"type":"Feature","properties":{"現象の種類":"急傾斜地の崩壊","区域区分":"土砂災害警戒区域","区域名":"-","所在地":"渋谷区神宮前六丁目","告示日":"2019/9/26"},"geometry":{"type":"Polygon","coordinates":[[[139.7031742099162,35.66711296455707],[139.7034129716582,35.666910123404186],[139.7030506000538,35.66670473982624],[139.70287379970787,35.666902959818195],[139.7031742099162,35.66711296455707]]]}},{"type":"Feature","properties":{"現象の種類":"急傾斜地の崩壊","区域区分":"土砂災害警戒区域","区域名":"-","所在地":"渋谷区神山町、富ヶ谷一丁目","告示日":"2019/9/26"},"geometry":{"type":"Polygon","coordinates":[[[139.69071764197255,35.66527511184183],[139.6905361675064,35.665524691439394],[139.69075990444924,35.66564016317205],[139.69089441138146,35.665365647389855],[139.69071764197255,35.66527511184183]]]}},{"type":"Feature","properties":{"現象の種類":"急傾斜地の崩壊","区域区分":"土砂災害警戒区域","区域名":"-","所在地":"渋谷区広尾四丁目、広尾五丁目","告示日":"2019/9/26"},"geometry":{"type":"Polygon","coordinates":[[[139.72068780331307,35.65062828410315],[139.7203592721679,35.65054035419476],[139.7201997640566,35.65080487397032],[139.72049556186866,35.65098075642123],[139.72061258400566,35.65093714505204],[139.7207200189786,35.65071485466595],[139.72068780331307,35.65062828410315]]]}},{"type":"Feature","properties":{"現象の種類":"急傾斜地の崩壊","区域区分":"土砂災害警戒区域","区域名":"-","所在地":"渋谷区恵比寿四丁目","告示日":"2019/9/26"},"geometry":{"type":"Polygon","coordinates":[[[139.71314475297112,35.64541071605432],[139.71327829654558,35.64540174445366],[139.71316665592533,35.645078097833604],[139.7129661924574,35.64513009241721],[139.71291001319508,35.645238302043964],[139.71314475297112,35.64541071605432]]]}},{"type":"Feature","properties":{"現象の種類":"急傾斜地の崩壊","区域区分":"土砂災害警戒区域","区域名":"-","所在地":"渋谷区恵比寿四丁目","告示日":"2019/9/26"},"geometry":{"type":"Polygon","coordinates":[[[139.71347496975005,35.64538742676027],[139.71398643618699,35.645369905363616],[139.7139644684887,35.64501344487437],[139.71336224060167,35.64506026352857],[139.71347496975005,35.64538742676027]]]}},{"type":"Feature","properties":{"現象の種類":"急傾斜地の崩壊","区域区分":"土砂災害警戒区域","区域名":"-","所在地":"渋谷区西原一丁目","告示日":"2019/9/26"},"geometry":{"type":"Polygon","coordinates":[[[139.68494308956895,35.67467531585952],[139.68526297917305,35.674541031711435],[139.68496250680826,35.674276534371465],[139.68471026513157,35.67439025783815],[139.68494308956895,35.67467531585952]]]}},{"type":"Feature","properties":{"現象の種類":"急傾斜地の崩壊","区域区分":"土砂災害警戒区域","区域名":"-","所在地":"渋谷区元代々木町","告示日":"2019/9/26"},"geometry":{"type":"Polygon","coordinates":[[[139.68617545235077,35.67163733178569],[139.68656473491404,35.67159408180391],[139.68670326466435,35.6714228160881],[139.68633167311737,35.67136601374482],[139.68610241014235,35.67142193504993],[139.68617545235077,35.67163733178569]]]}},{"type":"Feature","properties":{"現象の種類":"急傾斜地の崩壊","区域区分":"土砂災害警戒区域","区域名":"-","所在地":"港区元麻布三丁目","告示日":"2019/9/26"},"geometry":{"type":"Polygon","coordinates":[[[139.7317437213556,35.6570852657775],[139.7318528778586,35.656935859784184],[139.73173825158264,35.656844431319925],[139.73139635228662,35.65668356387174],[139.7312575594756,35.65683300649207],[139.7317437213556,35.6570852657775]]]}},{"type":"Feature","properties":{"現象の種類":"急傾斜地の崩壊","区域区分":"土砂災害警戒区域","区域名":"-","所在地":"大田区仲池上一丁目","告示日":"2019/10/30"},"geometry":{"type":"Polygon","coordinates":[[[139.69883354742734,35.58833035870467],[139.6984026013203,35.58821053795131],[139.69854827099053,35.58812742263131],[139.69862106501796,35.588172739788995],[139.69879097031202,35.587975225388945],[139.69872929839738,35.58791951028374],[139.69880128886896,35.58778524738186],[139.6985652374583,35.58777129529093],[139.69844769638703,35.58766645053838],[139.6982022171067,35.5879019895492],[139.6982553124214,35.58793744088421],[139.69803972220944,35.588021256072864],[139.6978641640229,35.5882518880874],[139.69808313968142,35.58830482717198],[139.6981937676136,35.588447132610526],[139.69870131946038,35.58852911323858],[139.69883354742734,35.58833035870467]]]}},{"type":"Feature","properties":{"現象の種類":"急傾斜地の崩壊","区域区分":"土砂災害警戒区域","区域名":"-","所在地":"大田区久が原二丁目","告示日":"2019/10/30"},"geometry":{"type":"Polygon","coordinates":[[[139.69571483308056,35.58002099777244],[139.6955156859105,35.579935333765654],[139.69545374712422,35.58014940768251],[139.6956224137786,35.580210244536815],[139.69571483308056,35.58002099777244]]]}},{"type":"Feature","properties":{"現象の種類":"急傾斜地の崩壊","区域区分":"土砂災害警戒区域","区域名":"-","所在地":"板橋区赤塚四丁目","告示日":"2019/10/30"},"geometry":{"type":"Polygon","coordinates":[[[139.64229023701031,35.78621046011242],[139.6422431919021,35.78586731191499],[139.64192596339123,35.78568220447102],[139.64184125954074,35.78589230484176],[139.6419592457654,35.785939643270275],[139.64182492013512,35.78609567099821],[139.64183953209076,35.78617814725902],[139.64229023701031,35.78621046011242]]]}},{"type":"Feature","properties":{"現象の種類":"急傾斜地の崩壊","区域区分":"土砂災害警戒区域","区域名":"-","所在地":"品川区北品川五丁目","告示日":"2021/5/7"},"geometry":{"type":"Polygon","coordinates":[[[139.73281407452205,35.62255006112929],[139.73264868396026,35.622127062173014],[139.73219096008395,35.62211063562469],[139.73232089433944,35.62247415336656],[139.73241901990602,35.622452654310365],[139.73249439017314,35.622778156217656],[139.73248342606237,35.62308111568993],[139.7323827471192,35.62312418482773],[139.7323934858616,35.623227132462986],[139.7326952059538,35.623289726091265],[139.73283005575635,35.6230834690068],[139.73281407452205,35.62255006112929]]]}},{"type":"Feature","properties":{"現象の種類":"急傾斜地の崩壊","区域区分":"土砂災害警戒区域","区域名":"-","所在地":"新宿区若葉三丁目・南元町","告示日":"2022/11/18"},"geometry":{"type":"Polygon","coordinates":[[[139.72405800097647,35.68243277524918],[139.72397451416776,35.682248479708115],[139.72376407724414,35.682306277957025],[139.72367407773507,35.68248870709627],[139.72405800097647,35.68243277524918]]]}},{"type":"Feature","properties":{"現象の種類":"急傾斜地の崩壊","区域区分":"土砂災害警戒区域","区域名":"-","所在地":"文京区春日一丁目","告示日":"2022/11/18"},"geometry":{"type":"Polygon","coordinates":[[[139.74649067167903,35.708170942122095],[139.74693194108698,35.70812423727576],[139.7468672477502,35.7079795631565],[139.74640838771376,35.70802044013989],[139.74649067167903,35.708170942122095]]]}},{"type":"Feature","properties":{"現象の種類":"急傾斜地の崩壊","区域区分":"土砂災害警戒区域","区域名":"-","所在地":"大田区田園調布四丁目","告示日":"2022/12/20"},"geometry":{"type":"Polygon","coordinates":[[[139.66414868893668,35.59329698831495],[139.66455544441388,35.59273760827606],[139.66429002382827,35.592593181131704],[139.6638894471163,35.59320979807708],[139.66414868893668,35.59329698831495]]]}},{"type":"Feature","properties":{"現象の種類":"急傾斜地の崩壊","区域区分":"土砂災害警戒区域","区域名":"-","所在地":"杉並区久我山二丁目","告示日":"2023/4/26"},"geometry":{"type":"Polygon","coordinates":[[[139.60233552124652,35.685724288575635],[139.60215027293137,35.685506658397856],[139.6019124781518,35.68568672511591],[139.60161270319762,35.68602509334921],[139.60173435199079,35.68613281160081],[139.60233552124652,35.685724288575635]]]}},{"type":"Feature","properties":{"現象の種類":"急傾斜地の崩壊","区域区分":"土砂災害警戒区域","区域名":"-","所在地":"新宿区下落合二丁目","告示日":"2023/6/21"},"geometry":{"type":"Polygon","coordinates":[[[139.7037316910572,35.71743771531725],[139.70361822107276,35.71719930598579],[139.70315778641552,35.71726885801422],[139.70303258460825,35.71740295817974],[139.7037316910572,35.71743771531725]]]}},{"type":"Feature","properties":{"現象の種類":"急傾斜地の崩壊","区域区分":"土砂災害警戒区域","区域名":"-","所在地":"東京都新宿区下落合二丁目","告示日":"2023/6/21"},"geometry":{"type":"Polygon","coordinates":[[[139.7009118095529,35.717349517538516],[139.70027008271504,35.717271106937226],[139.7002326922104,35.71753995830646],[139.70092335371348,35.717631587750276],[139.7009118095529,35.717349517538516]]]}},{"type":"Feature","properties":{"現象の種類":"急傾斜地の崩壊","区域区分":"土砂災害警戒区域","区域名":"-","所在地":"新宿区下落合二丁目","告示日":"2023/6/21"},"geometry":{"type":"Polygon","coordinates":[[[139.70166216712033,35.717677590329714],[139.70173846349638,35.71742624280734],[139.7015730848831,35.71739212565432],[139.70157652977718,35.71732806879917],[139.70138847225402,35.71734359531742],[139.70139782677032,35.71762743528977],[139.70166216712033,35.717677590329714]]]}},{"type":"Feature","properties":{"現象の種類":"急傾斜地の崩壊","区域区分":"土砂災害警戒区域","区域名":"-","所在地":"東京都新宿区戸山二丁目","告示日":"2023/6/21"},"geometry":{"type":"Polygon","coordinates":[[[139.7122097443297,35.70249798091384],[139.71225241128275,35.701621147356015],[139.71217667573464,35.7015306859083],[139.7120447860105,35.70143430360561],[139.7118492740538,35.70142315222173],[139.71180023357408,35.701677831552786],[139.71189521958408,35.7017683672088],[139.71194630647952,35.70212727636559],[139.71189753562865,35.70245820461946],[139.7122097443297,35.70249798091384]]]}},{"type":"Feature","properties":{"現象の種類":"急傾斜地の崩壊","区域区分":"土砂災害警戒区域","区域名":"-","所在地":"品川区西五反田三丁目","告示日":"2023/6/21"},"geometry":{"type":"Polygon","coordinates":[[[139.71661478737695,35.62871875338242],[139.71716988742654,35.628527757953016],[139.7177141122221,35.62845262586488],[139.71840085335606,35.62864785049529],[139.71872655599148,35.628664821066245],[139.71872685965099,35.6284520556948],[139.71851525549462,35.62840274753559],[139.7182945293353,35.62811651921188],[139.71748279564022,35.62808174482893],[139.71658314327448,35.62836283606726],[139.7164446420723,35.62847421160542],[139.71661478737695,35.62871875338242]]]}},{"type":"Feature","properties":{"現象の種類":"急傾斜地の崩壊","区域区分":"土砂災害警戒区域","区域名":"-","所在地":"品川区東大井四丁目","告示日":"2023/6/21"},"geometry":{"type":"Polygon","coordinates":[[[139.74126535949327,35.60443376048872],[139.74071494772426,35.60377671293827],[139.74033881804883,35.60401018418168],[139.74058847061335,35.60426341500426],[139.7406540500107,35.60422361633456],[139.74097338237047,35.60458819632301],[139.74126535949327,35.60443376048872]]]}},{"type":"Feature","properties":{"現象の種類":"急傾斜地の崩壊","区域区分":"土砂災害警戒区域","区域名":"-","所在地":"北区赤羽台一丁目・赤羽台三丁目","告示日":"2023/6/21"},"geometry":{"type":"Polygon","coordinates":[[[139.7185581763775,35.780700578551865],[139.71828888252048,35.78049447434856],[139.71809573416016,35.780498504574474],[139.71791027877893,35.78036109478217],[139.7177600564399,35.78039482142849],[139.71723606866752,35.779920678613216],[139.71704283615637,35.7800942976597],[139.71767475210967,35.78072842915228],[139.71788442944822,35.78073797479105],[139.71782590128842,35.780850787777766],[139.71837320823823,35.78080073663121],[139.7185581763775,35.780700578551865]]]}},{"type":"Feature","properties":{"現象の種類":"急傾斜地の崩壊","区域区分":"土砂災害警戒区域","区域名":"-","所在地":"板橋区赤塚八丁目、赤塚五丁目","告示日":"2023/6/21"},"geometry":{"type":"Polygon","coordinates":[[[139.64525297464817,35.78395954329081],[139.6447292180432,35.783828002614804],[139.64472758725984,35.7842098359272],[139.64516687528908,35.78428678070537],[139.64525297464817,35.78395954329081]]]}},{"type":"Feature","properties":{"現象の種類":"急傾斜地の崩壊","区域区分":"土砂災害警戒区域","区域名":"-","所在地":"大田区池上一丁目","告示日":"2023/7/20"},"geometry":{"type":"Polygon","coordinates":[[[139.70676099462676,35.57674991272676],[139.7073001123105,35.57634098428234],[139.70861268772748,35.57659063080846],[139.70875306629046,35.5764008303638],[139.70858581689197,35.57632605292533],[139.70834188510125,35.575979795717664],[139.70790181650554,35.57590709724352],[139.7078862537522,35.57580591832966],[139.70772239426213,35.57577480469555],[139.7071262789484,35.57577242252283],[139.7066859331228,35.576022726530994],[139.70661372509105,35.576242494359875],[139.70657223505307,35.57620240357418],[139.70658245686172,35.576369828419566],[139.706200656562,35.57661904373962],[139.70625128293602,35.576709676239986],[139.70676099462676,35.57674991272676]]]}},{"type":"Feature","properties":{"現象の種類":"急傾斜地の崩壊","区域区分":"土砂災害警戒区域","区域名":"-","所在地":"世田谷区瀬田四丁目","告示日":"2024/3/22"},"geometry":{"type":"Polygon","coordinates":[[[139.62494076939603,35.62035441382275],[139.62529533367345,35.62020595180857],[139.62521585038456,35.62014481166627],[139.6249089948657,35.62019284524941],[139.62494076939603,35.62035441382275]]]}},{"type":"Feature","properties":{"現象の種類":"急傾斜地の崩壊","区域区分":"土砂災害警戒区域","区域名":"-","所在地":"世田谷区瀬田四丁目","告示日":"2024/3/22"},"geometry":{"type":"Polygon","coordinates":[[[139.62569410412618,35.620804586278815],[139.62548574728712,35.62069413125931],[139.6253963280834,35.62078742932624],[139.6254450714835,35.62091177165823],[139.62566931044563,35.620867569619946],[139.62569410412618,35.620804586278815]]]}},{"type":"Feature","properties":{"現象の種類":"急傾斜地の崩壊","区域区分":"土砂災害警戒区域","区域名":"-","所在地":"世田谷区瀬田一丁目","告示日":"2024/3/22"},"geometry":{"type":"Polygon","coordinates":[[[139.632924724774,35.61252440183883],[139.63303204726233,35.612647918225214],[139.63305677703107,35.612650544751844],[139.63296769231349,35.612496140598054],[139.632924724774,35.61252440183883]]]}},{"type":"Feature","properties":{"現象の種類":"急傾斜地の崩壊","区域区分":"土砂災害警戒区域","区域名":"-","所在地":"世田谷区岡本二丁目、岡本一丁目、岡本三丁目","告示日":"2024/3/22"},"geometry":{"type":"Polygon","coordinates":[[[139.6181752097595,35.624789499339215],[139.61870775920505,35.62478626509676],[139.61886950096053,35.62462923216472],[139.61872137758368,35.62452494022318],[139.61888981851575,35.624040988163216],[139.61863569603466,35.62395473947817],[139.61836348160458,35.62446545203252],[139.61825646975112,35.624434252266],[139.6181752097595,35.624789499339215]]]}},{"type":"Feature","properties":{"現象の種類":"急傾斜地の崩壊","区域区分":"土砂災害警戒区域","区域名":"-","所在地":"世田谷区野毛二丁目","告示日":"2024/3/22"},"geometry":{"type":"Polygon","coordinates":[[[139.63947245371497,35.60476345270422],[139.63964263986446,35.60453335418313],[139.6391965896018,35.604332760642116],[139.63910580641118,35.60454445919525],[139.63904431564637,35.604509603215995],[139.63903084798508,35.60470800180289],[139.63932368819022,35.60495355412706],[139.63952583697855,35.60479702517528],[139.63947245371497,35.60476345270422]]]}},{"type":"Feature","properties":{"現象の種類":"急傾斜地の崩壊","区域区分":"土砂災害警戒区域","区域名":"-","所在地":"世田谷区瀬田四丁目","告示日":"2024/3/22"},"geometry":{"type":"Polygon","coordinates":[[[139.6244781036084,35.61969351946295],[139.6243469957557,35.61971274072706],[139.6243746780738,35.61994785754135],[139.62449108677683,35.61993107231546],[139.6244781036084,35.61969351946295]]]}},{"type":"Feature","properties":{"現象の種類":"急傾斜地の崩壊","区域区分":"土砂災害警戒区域","区域名":"-","所在地":"港区赤坂六丁目","告示日":"2024/6/21"},"geometry":{"type":"Polygon","coordinates":[[[139.73581030175043,35.668877976592164],[139.7359499448281,35.66873860698905],[139.73605591584717,35.66838975796074],[139.73580501641305,35.66824995621422],[139.735595352699,35.6685863646777],[139.73525687218677,35.6682720980895],[139.73498074107616,35.66844633348486],[139.7351338209864,35.66870787440163],[139.73546291071992,35.66890037947272],[139.73543366923766,35.66894891167445],[139.73581030175043,35.668877976592164]]]}},{"type":"Feature","properties":{"現象の種類":"急傾斜地の崩壊","区域区分":"土砂災害警戒区域","区域名":"-","所在地":"港区元麻布一丁目","告示日":"2024/6/21"},"geometry":{"type":"Polygon","coordinates":[[[139.73169485031875,35.65267894092965],[139.7315509491677,35.65269322879919],[139.7315926768484,35.652895887604124],[139.73172365346448,35.65290211223209],[139.73169485031875,35.65267894092965]]]}},{"type":"Feature","properties":{"現象の種類":"急傾斜地の崩壊","区域区分":"土砂災害警戒区域","区域名":"-","所在地":"港区高輪一丁目","告示日":"2024/6/21"},"geometry":{"type":"Polygon","coordinates":[[[139.73658438011293,35.643237663782486],[139.73665943513893,35.64282008697661],[139.7362774762649,35.642687214866505],[139.73614060619224,35.64312148192652],[139.73658438011293,35.643237663782486]]]}},{"type":"Feature","properties":{"現象の種類":"急傾斜地の崩壊","区域区分":"土砂災害警戒区域","区域名":"-","所在地":"中野区上高田四丁目","告示日":"2024/6/21"},"geometry":{"type":"Polygon","coordinates":[[[139.6784176825388,35.71373257852981],[139.67895142836537,35.71366656385296],[139.67904150963264,35.7135758217043],[139.67900054961208,35.713449530281856],[139.6790766585239,35.713417332668115],[139.6790071085846,35.713238634947],[139.67822650491894,35.71341699516841],[139.67826406192134,35.713661168407086],[139.6784176825388,35.71373257852981]]]}},{"type":"Feature","properties":{"現象の種類":"急傾斜地の崩壊","区域区分":"土砂災害警戒区域","区域名":"-","所在地":"中野区弥生町六丁目","告示日":"2024/6/21"},"geometry":{"type":"Polygon","coordinates":[[[139.6631952875234,35.686644974342926],[139.6627142059958,35.68549065686092],[139.66241133386671,35.685534767941654],[139.6628726817961,35.68672787820925],[139.6631952875234,35.686644974342926]]]}},{"type":"Feature","properties":{"現象の種類":"急傾斜地の崩壊","区域区分":"土砂災害警戒区域","区域名":"-","所在地":"中野区中央一丁目","告示日":"2024/6/21"},"geometry":{"type":"Polygon","coordinates":[[[139.68657119108096,35.69991458462497],[139.68655376421256,35.699795832551075],[139.68630287070903,35.69981494322595],[139.68633982506088,35.69996937355038],[139.68657119108096,35.69991458462497]]]}},{"type":"Feature","properties":{"現象の種類":"急傾斜地の崩壊","区域区分":"土砂災害警戒区域","区域名":"-","所在地":"千代田区富士見一丁目、飯田橋一丁目","告示日":"2024/10/18"},"geometry":{"type":"Polygon","coordinates":[[[139.7492342613354,35.69817500949808],[139.74896976538858,35.69793923211733],[139.74922968244738,35.69819436129827],[139.7492342613354,35.69817500949808]]]}},{"type":"Feature","properties":{"現象の種類":"急傾斜地の崩壊","区域区分":"土砂災害警戒区域","区域名":"-","所在地":"文京区大塚一丁目、大塚二丁目","告示日":"2024/10/18"},"geometry":{"type":"Polygon","coordinates":[[[139.72956063964008,35.71719007347639],[139.73108507966091,35.71724657009106],[139.73114121322976,35.717016756911185],[139.7301596210211,35.71681777383097],[139.72978152077317,35.71682702148995],[139.7295202440497,35.7170438058757],[139.72956063964008,35.71719007347639]]]}},{"type":"Feature","properties":{"現象の種類":"急傾斜地の崩壊","区域区分":"土砂災害警戒区域","区域名":"-","所在地":"品川区上大崎三丁目、東五反田五丁目","告示日":"2024/10/18"},"geometry":{"type":"Polygon","coordinates":[[[139.72072452968797,35.630971885035684],[139.72081133879936,35.63095132723166],[139.72080901940615,35.63082857734368],[139.72069626211808,35.630741519277706],[139.72078819746739,35.63053673093813],[139.72032536080175,35.63051311588961],[139.7204244707321,35.63080903961866],[139.72050497011048,35.63084089931598],[139.7204700679878,35.63093535059691],[139.72081310174784,35.630998004520436],[139.72072452968797,35.630971885035684]]]}},{"type":"Feature","properties":{"現象の種類":"急傾斜地の崩壊","区域区分":"土砂災害警戒区域","区域名":"-","所在地":"港区虎ノ門五丁目、麻布台一丁目","告示日":"2024/10/18"},"geometry":{"type":"Polygon","coordinates":[[[139.7425284182883,35.66191462118114],[139.74335491373878,35.66190973190261],[139.74363097800364,35.6617117543915],[139.74334471764232,35.6612983631778],[139.74340562172918,35.66126765043524],[139.743105682854,35.66118951735128],[139.74291373604518,35.661351526092226],[139.7430408914748,35.66144246140412],[139.74306402600337,35.66157947097351],[139.7425959805271,35.66154277237247],[139.7425284182883,35.66191462118114]]]}},{"type":"Feature","properties":{"現象の種類":"急傾斜地の崩壊","区域区分":"土砂災害警戒区域","区域名":"-","所在地":"港区元麻布一丁目","告示日":"2024/12/27"},"geometry":{"type":"Polygon","coordinates":[[[139.73375175085084,35.654903815669826],[139.7333955165284,35.654845775911085],[139.73339202800736,35.65491446984207],[139.7332767620537,35.65492082094715],[139.7327831706284,35.65487534905654],[139.7327587034621,35.6551115980347],[139.73362929547116,35.65515568903296],[139.73367340137023,35.6552553698981],[139.73382443990377,35.65511604539985],[139.73375175085084,35.654903815669826]]]}},{"type":"Feature","properties":{"現象の種類":"急傾斜地の崩壊","区域区分":"土砂災害警戒区域","区域名":"-","所在地":"北区赤羽北二丁目・赤羽北三丁目","告示日":"2024/12/27"},"geometry":{"type":"Polygon","coordinates":[[[139.70660606741853,35.783323357083354],[139.70614717094415,35.78303467476519],[139.70527703356134,35.78277754700974],[139.70512927265386,35.78322260985559],[139.70544237462448,35.78322677169653],[139.7063481086723,35.78362881365245],[139.70660606741853,35.783323357083354]]]}},{"type":"Feature","properties":{"現象の種類":"急傾斜地の崩壊","区域区分":"土砂災害警戒区域","区域名":"-","所在地":"北区赤羽台二丁目","告示日":"2024/12/27"},"geometry":{"type":"Polygon","coordinates":[[[139.71445370018637,35.77476494937165],[139.7146775095877,35.77453110354501],[139.7144419235638,35.77433990222032],[139.71421475679617,35.77424308592072],[139.71399841734728,35.77437213627783],[139.71418512120493,35.77468407577998],[139.71445370018637,35.77476494937165]]]}},{"type":"Feature","properties":{"現象の種類":"急傾斜地の崩壊","区域区分":"土砂災害警戒区域","区域名":"-","所在地":"荒川区西日暮里四丁目","告示日":"2024/12/27"},"geometry":{"type":"Polygon","coordinates":[[[139.76348461703736,35.73332378753346],[139.76327517218144,35.73318098828556],[139.76315135634505,35.733305731795404],[139.763357028954,35.73345214541368],[139.76348461703736,35.73332378753346]]]}},{"type":"Feature","properties":{"現象の種類":"急傾斜地の崩壊","区域区分":"土砂災害警戒区域","区域名":"-","所在地":"港区南麻布一丁目","告示日":"2025/3/19"},"geometry":{"type":"Polygon","coordinates":[[[139.73309640766942,35.65128436785657],[139.7330010150483,35.65118230812606],[139.732769423352,35.65119398789719],[139.73278257004026,35.651298199811414],[139.73262704950284,35.65133642179232],[139.7326355068813,35.651467173836295],[139.73270631946875,35.65152347457305],[139.73307963995265,35.65137723341396],[139.73309640766942,35.65128436785657]]]}},{"type":"Feature","properties":{"現象の種類":"急傾斜地の崩壊","区域区分":"土砂災害警戒区域","区域名":"-","所在地":"新宿区若葉一丁目","告示日":"2025/3/19"},"geometry":{"type":"Polygon","coordinates":[[[139.72638460656023,35.68352193495725],[139.7263684197937,35.683130175272126],[139.72606860286416,35.6831702276059],[139.72609272669735,35.68354049484111],[139.72638460656023,35.68352193495725]]]}},{"type":"Feature","properties":{"現象の種類":"急傾斜地の崩壊","区域区分":"土砂災害警戒区域","区域名":"-","所在地":"品川区東大井三丁目","告示日":"2025/3/19"},"geometry":{"type":"Polygon","coordinates":[[[139.73920969772655,35.60313320793009],[139.73955297063438,35.60290213239548],[139.73934996349388,35.602965852173284],[139.73926735590413,35.60290896406999],[139.73939939466445,35.60276156320256],[139.73901746318796,35.603010830698935],[139.73920969772655,35.60313320793009]]]}},{"type":"Feature","properties":{"現象の種類":"急傾斜地の崩壊","区域区分":"土砂災害警戒区域","区域名":"-","所在地":"中野区上高田四丁目","告示日":"2023/6/21"},"geometry":{"type":"MultiPolygon","coordinates":[[[[139.68098846182028,35.71300779570112],[139.68100026245813,35.71321555227235],[139.68103822195485,35.71321106786604],[139.68101485287778,35.713115604364006],[139.68098846182028,35.71300779570112]]],[[[139.68078942275508,35.71301872107687],[139.68043265956243,35.713036369591684],[139.68033749198133,35.71322649413143],[139.68082686302023,35.71331280873908],[139.68078942275508,35.71301872107687]]]]}},{"type":"Feature","properties":{"現象の種類":"急傾斜地の崩壊","区域区分":"土砂災害警戒区域","区域名":"-","所在地":"渋谷区元代々木町","告示日":"2023/6/21"},"geometry":{"type":"MultiPolygon","coordinates":[[[[139.68620202428045,35.674022238278475],[139.68649680494173,35.673934438333376],[139.6863830189962,35.67374910169295],[139.6861245898568,35.67376483713541],[139.68620202428045,35.674022238278475]]],[[[139.6858454166129,35.673757488569365],[139.68572935496613,35.67397673640279],[139.68595910066682,35.67408230329364],[139.6860124314579,35.67376713664329],[139.6858454166129,35.673757488569365]]]]}},{"type":"Feature","properties":{"現象の種類":"急傾斜地の崩壊","区域区分":"土砂災害警戒区域","区域名":"-","所在地":"台東区谷中二丁目","告示日":"2025/4/25"},"geometry":{"type":"Polygon","coordinates":[[[139.76427313877144,35.72210279184922],[139.7651787031857,35.72121392764629],[139.76504037922774,35.721168050811954],[139.76478551109105,35.721321525453334],[139.76399675941917,35.72208290625447],[139.7645262247175,35.72295781130372],[139.76473934445767,35.72287204835321],[139.76427313877144,35.72210279184922]]]}},{"type":"Feature","properties":{"現象の種類":"急傾斜地の崩壊","区域区分":"土砂災害警戒区域","区域名":"-","所在地":"目黒区青葉台三丁目","告示日":"2025/4/25"},"geometry":{"type":"Polygon","coordinates":[[[139.6930053117878,35.65158529670701],[139.6933747850947,35.65132767589802],[139.69317605265155,35.65117001341534],[139.69280546648662,35.65142469175697],[139.6930053117878,35.65158529670701]]]}},{"type":"Feature","properties":{"現象の種類":"急傾斜地の崩壊","区域区分":"土砂災害警戒区域","区域名":"-","所在地":"目黒区青葉台二丁目","告示日":"2025/4/25"},"geometry":{"type":"Polygon","coordinates":[[[139.69584705113311,35.65038083879341],[139.69609731391483,35.650245177840674],[139.69594409447842,35.649768234365496],[139.695406131066,35.64994619514209],[139.69525954137399,35.650226403616514],[139.69542339533083,35.65046656995145],[139.69584705113311,35.65038083879341]]]}},{"type":"Feature","properties":{"現象の種類":"急傾斜地の崩壊","区域区分":"土砂災害警戒区域","区域名":"-","所在地":"目黒区青葉台二丁目、青葉台一丁目","告示日":"2025/4/25"},"geometry":{"type":"Polygon","coordinates":[[[139.69639023944924,35.64995229811265],[139.69617101782714,35.64983654854896],[139.69604496948747,35.65025025801854],[139.69613838842307,35.65029774823805],[139.69639023944924,35.64995229811265]]]}},{"type":"Feature","properties":{"現象の種類":"急傾斜地の崩壊","区域区分":"土砂災害警戒区域","区域名":"-","所在地":"目黒区目黒三丁目","告示日":"2025/4/25"},"geometry":{"type":"Polygon","coordinates":[[[139.70498423468226,35.632923393180384],[139.70473502870533,35.63287300078886],[139.70467145876853,35.63309599105491],[139.7047212318303,35.63315267834478],[139.7049635127448,35.63313182819706],[139.70498423468226,35.632923393180384]]]}},{"type":"Feature","properties":{"現象の種類":"急傾斜地の崩壊","区域区分":"土砂災害警戒区域","区域名":"-","所在地":"目黒区大橋二丁目","告示日":"2025/4/25"},"geometry":{"type":"Polygon","coordinates":[[[139.6881556209862,35.65275613751878],[139.68821687221038,35.6523362690378],[139.68811664839856,35.65236661419553],[139.68811405056098,35.65228356558127],[139.6880264824473,35.65228165782535],[139.68795152789937,35.65268444528454],[139.6881556209862,35.65275613751878]]]}},{"type":"Feature","properties":{"現象の種類":"急傾斜地の崩壊","区域区分":"土砂災害警戒区域","区域名":"-","所在地":"目黒区目黒三丁目","告示日":"2025/4/25"},"geometry":{"type":"Polygon","coordinates":[[[139.7054006517735,35.633216557641965],[139.7055285441753,35.63302641330238],[139.70526042651903,35.63291817537475],[139.70519981172689,35.63313709504047],[139.7054006517735,35.633216557641965]]]}},{"type":"Feature","properties":{"現象の種類":"急傾斜地の崩壊","区域区分":"土砂災害警戒区域","区域名":"-","所在地":"世田谷区池尻四丁目","告示日":"2025/4/25"},"geometry":{"type":"Polygon","coordinates":[[[139.68325309504561,35.6526078140294],[139.68256989942324,35.652507662231876],[139.68254709445742,35.6527972719903],[139.68321885314964,35.652843258747325],[139.68325309504561,35.6526078140294]]]}},{"type":"Feature","properties":{"現象の種類":"急傾斜地の崩壊","区域区分":"土砂災害警戒区域","区域名":"-","所在地":"文京区小石川三丁目","告示日":"2025/7/30"},"geometry":{"type":"MultiPolygon","coordinates":[[[[139.74850329579235,35.71277311790193],[139.7487563549889,35.71269927749883],[139.74878171696452,35.71258261498823],[139.74863043984806,35.7124487254589],[139.7483868312276,35.71251745728023],[139.74850329579235,35.71277311790193]]],[[[139.74829775805833,35.71287894326243],[139.74840350773735,35.712869684920335],[139.74824132591465,35.71256542538478],[139.74809610051835,35.71263113377162],[139.74829775805833,35.71287894326243]]]]}},{"type":"Feature","properties":{"現象の種類":"急傾斜地の崩壊","区域区分":"土砂災害警戒区域","区域名":"-","所在地":"目黒区上目黒一丁目","告示日":"2025/7/30"},"geometry":{"type":"Polygon","coordinates":[[[139.7002844480865,35.64580219232154],[139.7001208179166,35.64581744661669],[139.70005308534633,35.64598320512429],[139.700180470702,35.64614646530223],[139.70066255715383,35.64622895112512],[139.70076288562058,35.64604120134152],[139.7002844480865,35.64580219232154]]]}},{"type":"Feature","properties":{"現象の種類":"急傾斜地の崩壊","区域区分":"土砂災害警戒区域","区域名":"-","所在地":"港区愛宕一丁目・愛宕二丁目・虎ノ門三丁目","告示日":"2025/7/30"},"geometry":{"type":"Polygon","coordinates":[[[139.74956005517933,35.66559712937524],[139.7495746631569,35.665041648319985],[139.74944684886714,35.665012102247104],[139.74958825837456,35.664815818629116],[139.74929999808782,35.66425316230595],[139.7491830975483,35.66381863198603],[139.74883556903035,35.663597253149554],[139.74871199457178,35.6632306645058],[139.7484326999648,35.66317009705788],[139.74840914028962,35.663013901914546],[139.74821493960647,35.66287946785057],[139.7482393845569,35.662772431475986],[139.74832828018924,35.66275035893608],[139.74817644755169,35.66267187433633],[139.74781099702471,35.662679429227964],[139.7478323335395,35.663272886866444],[139.74813687062309,35.66355435303159],[139.7483102437623,35.66359136124782],[139.74880876124595,35.665028666248034],[139.74882710624703,35.66529246949732],[139.7487497934344,35.665235329933985],[139.74847581822743,35.66560105800049],[139.74895181644072,35.66576662179015],[139.74956005517933,35.66559712937524]]]}},{"type":"Feature","properties":{"現象の種類":"急傾斜地の崩壊","区域区分":"土砂災害警戒区域","区域名":"-","所在地":"千代田区永田町二丁目","告示日":"2025/7/30"},"geometry":{"type":"Polygon","coordinates":[[[139.74091651784335,35.67645646142242],[139.74084871003393,35.67639691354692],[139.74088460749613,35.67607893816571],[139.74053425141554,35.67606787550421],[139.74053973227666,35.676385165396766],[139.7402792058345,35.67641611105529],[139.74028775856885,35.67663504140401],[139.74044471717437,35.67672294979177],[139.740812412433,35.67668607486756],[139.74091651784335,35.67645646142242]]]}},{"type":"Feature","properties":{"現象の種類":"急傾斜地の崩壊","区域区分":"土砂災害警戒区域","区域名":"-","所在地":"港区六本木五丁目","告示日":"2025/10/16"},"geometry":{"type":"Polygon","coordinates":[[[139.7349286155511,35.65830191061337],[139.73474696670706,35.65808113174179],[139.7345540051721,35.65816387326548],[139.73475189778415,35.6583896607911],[139.7349286155511,35.65830191061337]]]}},{"type":"Feature","properties":{"現象の種類":"急傾斜地の崩壊","区域区分":"土砂災害警戒区域","区域名":"-","所在地":"港区三田一丁目","告示日":"2025/10/16"},"geometry":{"type":"Polygon","coordinates":[[[139.7404845649002,35.65319143763391],[139.74023993344142,35.65254549353273],[139.73999498551993,35.65257977188238],[139.7400764660257,35.65324455172721],[139.7403131204603,35.65331483510615],[139.7404845649002,35.65319143763391]]]}},{"type":"Feature","properties":{"現象の種類":"急傾斜地の崩壊","区域区分":"土砂災害警戒区域","区域名":"-","所在地":"港区三田一丁目","告示日":"2025/10/16"},"geometry":{"type":"Polygon","coordinates":[[[139.74205956094573,35.653310506908454],[139.74187032422026,35.653230480551834],[139.74102194709215,35.65339790720771],[139.74117240690722,35.65378633939335],[139.74193536188062,35.65364443982632],[139.74207344220673,35.65350580435227],[139.74205956094573,35.653310506908454]]]}},{"type":"Feature","properties":{"現象の種類":"急傾斜地の崩壊","区域区分":"土砂災害警戒区域","区域名":"-","所在地":"新宿区新宿六丁目","告示日":"2025/10/16"},"geometry":{"type":"Polygon","coordinates":[[[139.71132753243347,35.69677716996172],[139.71124312237004,35.69664279567387],[139.71097916327753,35.69670932188255],[139.71107935833575,35.69687189470634],[139.71132753243347,35.69677716996172]]]}},{"type":"Feature","properties":{"現象の種類":"急傾斜地の崩壊","区域区分":"土砂災害警戒区域","区域名":"-","所在地":"品川区上大崎三丁目","告示日":"2026/1/22"},"geometry":{"type":"Polygon","coordinates":[[[139.71813026536066,35.63183660488025],[139.71821419131874,35.631650596202626],[139.7179415266092,35.63160095646447],[139.71789568591112,35.63170600588844],[139.7178183752346,35.63169506183042],[139.7178376720468,35.63185827734034],[139.71813026536066,35.63183660488025]]]}},{"type":"Feature","properties":{"現象の種類":"急傾斜地の崩壊","区域区分":"土砂災害警戒区域","区域名":"-","所在地":"品川区東五反田五丁目","告示日":"2026/1/22"},"geometry":{"type":"Polygon","coordinates":[[[139.72482840719127,35.628181341037205],[139.72507703390576,35.62795522742031],[139.72485588334604,35.6277826225418],[139.7246353548618,35.62782615081373],[139.7242419941729,35.62748704158646],[139.72377702425933,35.62747365962185],[139.72376707000078,35.62786114601022],[139.72412000988888,35.62787941580638],[139.72439425699847,35.62805151879817],[139.72482840719127,35.628181341037205]]]}},{"type":"Feature","properties":{"現象の種類":"急傾斜地の崩壊","区域区分":"土砂災害警戒区域","区域名":"-","所在地":"板橋区志村二丁目、志村三丁目","告示日":"2026/3/25"},"geometry":{"type":"Polygon","coordinates":[[[139.6882317122814,35.77711924803185],[139.68821149997322,35.77670492523319],[139.68691721142005,35.77637071285831],[139.68689169640834,35.77628596694472],[139.68632730356242,35.7761909348904],[139.6860349387458,35.77671222960167],[139.6865665902268,35.77688359198086],[139.68676580903048,35.77689417498551],[139.6867944354745,35.77680646038132],[139.68716601229215,35.77702884585514],[139.68739519141099,35.776982228944384],[139.6877726331162,35.77711042294456],[139.6882317122814,35.77711924803185]]]}},{"type":"Feature","properties":{"現象の種類":"急傾斜地の崩壊","区域区分":"土砂災害警戒区域","区域名":"-","所在地":"板橋区西台一丁目","告示日":"2026/3/25"},"geometry":{"type":"Polygon","coordinates":[[[139.67217655123986,35.77410182987008],[139.67192344935222,35.774066020281175],[139.67137683913063,35.77422882692919],[139.67167989166552,35.7746080196516],[139.67208906187673,35.77448257604767],[139.6722788245732,35.77432564692167],[139.67217655123986,35.77410182987008]]]}},{"type":"Feature","properties":{"現象の種類":"急傾斜地の崩壊","区域区分":"土砂災害警戒区域","区域名":"-","所在地":"板橋区中台二丁目","告示日":"2026/3/25"},"geometry":{"type":"Polygon","coordinates":[[[139.68243568699373,35.769291304482174],[139.68190369247347,35.76906472096986],[139.68165904293824,35.76914872878866],[139.68168736699639,35.76940094006496],[139.68202839180609,35.76958383544499],[139.68241226644164,35.76939160996088],[139.68243568699373,35.769291304482174]]]}},{"type":"Feature","properties":{"現象の種類":"急傾斜地の崩壊","区域区分":"土砂災害警戒区域","区域名":"-","所在地":"板橋区西台一丁目、若木三丁目","告示日":"2026/3/25"},"geometry":{"type":"Polygon","coordinates":[[[139.67295723280324,35.7742319978495],[139.67346562525125,35.77415564658985],[139.67389181234913,35.77390807665975],[139.6738752746668,35.77383437100559],[139.67330993541876,35.773812352943274],[139.67284414186514,35.774006499085246],[139.67295723280324,35.7742319978495]]]}},{"type":"Feature","properties":{"現象の種類":"急傾斜地の崩壊","区域区分":"土砂災害警戒区域","区域名":"-","所在地":"板橋区徳丸三丁目","告示日":"2026/3/25"},"geometry":{"type":"Polygon","coordinates":[[[139.6578335308343,35.77458974164058],[139.65792157038382,35.774483408314865],[139.65794904012313,35.77452937824245],[139.65784371314598,35.774175520379586],[139.6577070575067,35.77426538530822],[139.6578335308343,35.77458974164058]]]}},{"type":"Feature","properties":{"現象の種類":"急傾斜地の崩壊","区域区分":"土砂災害警戒区域","区域名":"-","所在地":"板橋区西台一丁目","告示日":"2026/3/25"},"geometry":{"type":"Polygon","coordinates":[[[139.67376137893424,35.774987663083664],[139.67405794564337,35.77482437439602],[139.67398086452,35.774707134207986],[139.67363417271878,35.77485929354593],[139.67376137893424,35.774987663083664]]]}},{"type":"Feature","properties":{"現象の種類":"急傾斜地の崩壊","区域区分":"土砂災害警戒区域","区域名":"-","所在地":"板橋区中台二丁目","告示日":"2026/3/25"},"geometry":{"type":"Polygon","coordinates":[[[139.68351014049549,35.7718313856928],[139.68343660290805,35.771481476813484],[139.68351759158077,35.77143598682572],[139.68330448733604,35.77100030905507],[139.6833462433429,35.77085358863424],[139.68268124008748,35.771012138474426],[139.6830698736592,35.771892758969464],[139.68351014049549,35.7718313856928]]]}},{"type":"Feature","properties":{"現象の種類":"急傾斜地の崩壊","区域区分":"土砂災害警戒区域","区域名":"-","所在地":"板橋区小豆沢三丁目","告示日":"2026/3/25"},"geometry":{"type":"Polygon","coordinates":[[[139.69633704719482,35.77990323315649],[139.69715063672612,35.77951540529093],[139.69722232821934,35.779280012436644],[139.69740558886056,35.77909403025406],[139.69723846899393,35.778876204593644],[139.6965711527903,35.779323926388834],[139.69638163804186,35.779223086644144],[139.69571225075347,35.779107520578506],[139.69539209403652,35.778936188447965],[139.69535238611556,35.77898936049738],[139.69506161235014,35.77889709011977],[139.69508810353045,35.77884074935734],[139.69471189494158,35.778715195396714],[139.69446721300127,35.77933847188654],[139.6948140757712,35.77927659699696],[139.69487562890873,35.77919125666673],[139.69514485489557,35.77930777717514],[139.69515941955922,35.77960101175696],[139.69595064418647,35.77974084005917],[139.69633704719482,35.77990323315649]]]}},{"type":"Feature","properties":{"現象の種類":"急傾斜地の崩壊","区域区分":"土砂災害警戒区域","区域名":"-","所在地":"板橋区西台一丁目","告示日":"2026/3/25"},"geometry":{"type":"Polygon","coordinates":[[[139.6760283508483,35.776700751608765],[139.67599703029202,35.77660422409547],[139.67556308432714,35.77678768055281],[139.67561971898476,35.77686608776577],[139.6760283508483,35.776700751608765]]]}},{"type":"Feature","properties":{"現象の種類":"急傾斜地の崩壊","区域区分":"土砂災害警戒区域","区域名":"-","所在地":"板橋区板橋四丁目","告示日":"2026/3/25"},"geometry":{"type":"Polygon","coordinates":[[[139.7207660677473,35.74887233790324],[139.72067385094462,35.74890898674686],[139.7207443159891,35.74916122098259],[139.7208879747347,35.74916316658321],[139.7207660677473,35.74887233790324]]]}},{"type":"Feature","properties":{"現象の種類":"急傾斜地の崩壊","区域区分":"土砂災害警戒区域","区域名":"-","所在地":"板橋区小豆沢三丁目","告示日":"2026/3/25"},"geometry":{"type":"Polygon","coordinates":[[[139.69756577040937,35.77914605905859],[139.69800064206652,35.77880178878314],[139.69773606941095,35.77869281742915],[139.69724490410306,35.778884591896706],[139.69740910313314,35.779098612199824],[139.69756577040937,35.77914605905859]]]}},{"type":"Feature","properties":{"現象の種類":"急傾斜地の崩壊","区域区分":"土砂災害警戒区域","区域名":"-","所在地":"板橋区志村二丁目","告示日":"2026/3/25"},"geometry":{"type":"Polygon","coordinates":[[[139.6861176812789,35.77496853160256],[139.6866470270038,35.774918483986184],[139.68696745116833,35.7749689250955],[139.68701696997093,35.77477473566984],[139.68663955683246,35.774587079310535],[139.6860653994198,35.77449999746376],[139.6861176812789,35.77496853160256]]]}},{"type":"Feature","properties":{"現象の種類":"急傾斜地の崩壊","区域区分":"土砂災害警戒区域","区域名":"-","所在地":"板橋区西台二丁目","告示日":"2026/3/25"},"geometry":{"type":"Polygon","coordinates":[[[139.66987823242593,35.77969797290896],[139.66977223870762,35.77963703549964],[139.66958759466416,35.779835110992025],[139.66966380876323,35.77992642669917],[139.66984134195627,35.779915933208386],[139.66987823242593,35.77969797290896]]]}},{"type":"Feature","properties":{"現象の種類":"急傾斜地の崩壊","区域区分":"土砂災害警戒区域","区域名":"-","所在地":"板橋区志村二丁目","告示日":"2026/3/25"},"geometry":{"type":"Polygon","coordinates":[[[139.69013723471664,35.77733721475394],[139.69000023814286,35.77726922656273],[139.68981775163616,35.777585344506775],[139.690038218869,35.77761119627828],[139.69013723471664,35.77733721475394]]]}},{"type":"Feature","properties":{"現象の種類":"急傾斜地の崩壊","区域区分":"土砂災害警戒区域","区域名":"-","所在地":"板橋区徳丸一丁目","告示日":"2026/3/25"},"geometry":{"type":"Polygon","coordinates":[[[139.6649906060899,35.77469436596868],[139.66489352357428,35.77455988937002],[139.66458525608456,35.774621519657366],[139.66481886712336,35.77488452698527],[139.6649906060899,35.77469436596868]]]}},{"type":"Feature","properties":{"現象の種類":"急傾斜地の崩壊","区域区分":"土砂災害警戒区域","区域名":"-","所在地":"大田区田園調布一丁目、田園調布二丁目","告示日":"2026/6/24"},"geometry":{"type":"Polygon","coordinates":[[[139.6691724420498,35.59095505949235],[139.6693798416379,35.590844392160164],[139.66987809555573,35.59091193738864],[139.67020238491176,35.59054117674081],[139.66985507486393,35.590255741075474],[139.66952654913365,35.590484124383174],[139.66968569863093,35.590571743960844],[139.6692777667079,35.59055320949881],[139.66903163509053,35.59072841525758],[139.6691724420498,35.59095505949235]]]}},{"type":"Feature","properties":{"現象の種類":"急傾斜地の崩壊","区域区分":"土砂災害警戒区域","区域名":"-","所在地":"大田区田園調布五丁目","告示日":"2026/6/24"},"geometry":{"type":"Polygon","coordinates":[[[139.65822759701857,35.59690286609191],[139.65835822780153,35.59664465733722],[139.65803191709233,35.596599936416055],[139.65791006558337,35.59682794348229],[139.65822759701857,35.59690286609191]]]}},{"type":"Feature","properties":{"現象の種類":"急傾斜地の崩壊","区域区分":"土砂災害警戒区域","区域名":"-","所在地":"大田区東雪谷五丁目","告示日":"2026/6/24"},"geometry":{"type":"Polygon","coordinates":[[[139.6920522114264,35.59010111251318],[139.6921108310918,35.590217393908155],[139.6922707967295,35.59017147852594],[139.69234948768104,35.590232898149544],[139.69279926368733,35.59011111821242],[139.6927170617531,35.58989505660622],[139.6920522114264,35.59010111251318]]]}},{"type":"Feature","properties":{"現象の種類":"急傾斜地の崩壊","区域区分":"土砂災害警戒区域","区域名":"-","所在地":"大田区田園調布四丁目","告示日":"2026/6/24"},"geometry":{"type":"Polygon","coordinates":[[[139.66353027385537,35.594374639138856],[139.66405447640403,35.593683666902365],[139.6638445578277,35.593575298846964],[139.6632662365324,35.594233341433686],[139.66353027385537,35.594374639138856]]]}},{"type":"Feature","properties":{"現象の種類":"急傾斜地の崩壊","区域区分":"土砂災害警戒区域","区域名":"-","所在地":"大田区田園調布四丁目","告示日":"2026/6/24"},"geometry":{"type":"Polygon","coordinates":[[[139.6629328480592,35.594967217549936],[139.66318431314093,35.59476856578716],[139.66342177589252,35.59450566102789],[139.66316134014323,35.59436485363855],[139.66272243873826,35.594872322987214],[139.6629328480592,35.594967217549936]]]}},{"type":"Feature","properties":{"現象の種類":"急傾斜地の崩壊","区域区分":"土砂災害警戒区域","区域名":"-","所在地":"大田区上池台五丁目","告示日":"2026/6/24"},"geometry":{"type":"Polygon","coordinates":[[[139.70068910647203,35.59462753678418],[139.7005661750831,35.594476557687166],[139.70037041856563,35.59461409662834],[139.70044607789356,35.59473427765709],[139.70068910647203,35.59462753678418]]]}},{"type":"Feature","properties":{"現象の種類":"急傾斜地の崩壊","区域区分":"土砂災害警戒区域","区域名":"-","所在地":"大田区山王三丁目","告示日":"2026/6/24"},"geometry":{"type":"Polygon","coordinates":[[[139.72394802136225,35.5857476262988],[139.724259355363,35.58570979549196],[139.72426115380995,35.58555387343538],[139.72407480785043,35.58538375667261],[139.72378236639173,35.58529107734847],[139.72371962975774,35.58553450368148],[139.72387293832904,35.58560038995768],[139.72379373718076,35.58566353515898],[139.72394802136225,35.5857476262988]]]}},{"type":"Feature","properties":{"現象の種類":"急傾斜地の崩壊","区域区分":"土砂災害警戒区域","区域名":"-","所在地":"大田区山王四丁目","告示日":"2026/6/24"},"geometry":{"type":"Polygon","coordinates":[[[139.72079048295996,35.58728348673624],[139.72053543824438,35.58714913002997],[139.72041863427384,35.58730710086534],[139.72071233535488,35.587455528245876],[139.72079048295996,35.58728348673624]]]}},{"type":"Feature","properties":{"現象の種類":"急傾斜地の崩壊","区域区分":"土砂災害警戒区域","区域名":"-","所在地":"大田区山王四丁目","告示日":"2026/6/24"},"geometry":{"type":"Polygon","coordinates":[[[139.72095143677473,35.586919042477874],[139.7206891707703,35.58694515724323],[139.72093224747843,35.58703398994029],[139.72095143677473,35.586919042477874]]]}},{"type":"Feature","properties":{"現象の種類":"急傾斜地の崩壊","区域区分":"土砂災害警戒区域","区域名":"-","所在地":"大田区池上二丁目","告示日":"2026/6/24"},"geometry":{"type":"Polygon","coordinates":[[[139.70357580450656,35.5807956241577],[139.70374227499315,35.58060744658525],[139.7032789303359,35.5804381316179],[139.70333032646977,35.58071944301804],[139.70357580450656,35.5807956241577]]]}},{"type":"Feature","properties":{"現象の種類":"急傾斜地の崩壊","区域区分":"土砂災害警戒区域","区域名":"-","所在地":"大田区東雪谷二丁目","告示日":"2026/6/24"},"geometry":{"type":"Polygon","coordinates":[[[139.686303385989,35.5991952145543],[139.68637025118164,35.5990664909763],[139.68613273962038,35.59895123597755],[139.68604418534403,35.59915573721482],[139.686303385989,35.5991952145543]]]}},{"type":"Feature","properties":{"現象の種類":"急傾斜地の崩壊","区域区分":"土砂災害警戒区域","区域名":"-","所在地":"大田区山王四丁目","告示日":"2026/6/24"},"geometry":{"type":"Polygon","coordinates":[[[139.72045744699295,35.58766730685157],[139.7206446617081,35.58767659068467],[139.72064535928212,35.587479197723916],[139.72047426337943,35.587480323470565],[139.72045744699295,35.58766730685157]]]}},{"type":"Feature","properties":{"現象の種類":"急傾斜地の崩壊","区域区分":"土砂災害警戒区域","区域名":"-","所在地":"大田区田園調布四丁目","告示日":"2026/6/24"},"geometry":{"type":"Polygon","coordinates":[[[139.6619349348131,35.59380494066871],[139.66194097421638,35.59366464505556],[139.66159716221654,35.593712469234156],[139.661624121582,35.59386725807479],[139.6619349348131,35.59380494066871]]]}},{"type":"Feature","properties":{"現象の種類":"急傾斜地の崩壊","区域区分":"土砂災害警戒区域","区域名":"-","所在地":"大田区田園調布五丁目","告示日":"2026/6/24"},"geometry":{"type":"Polygon","coordinates":[[[139.65959054470045,35.597254024977474],[139.6598026428948,35.59711846201345],[139.65973420215175,35.59700877597947],[139.65939853161393,35.59723314387572],[139.65959054470045,35.597254024977474]]]}},{"type":"Feature","properties":{"現象の種類":"急傾斜地の崩壊","区域区分":"土砂災害警戒区域","区域名":"-","所在地":"大田区田園調布五丁目","告示日":"2026/6/24"},"geometry":{"type":"Polygon","coordinates":[[[139.6597900022361,35.59678982987829],[139.65977746794354,35.59670274153531],[139.65942234663507,35.596750410555714],[139.6594793346255,35.59682362622985],[139.6597900022361,35.59678982987829]]]}},{"type":"Feature","properties":{"現象の種類":"急傾斜地の崩壊","区域区分":"土砂災害警戒区域","区域名":"-","所在地":"大田区田園調布五丁目","告示日":"2026/6/24"},"geometry":{"type":"Polygon","coordinates":[[[139.65962530779314,35.59703930709887],[139.65961143184862,35.59676886246314],[139.65950745361047,35.59677195367013],[139.6594141764075,35.596945089857606],[139.65962530779314,35.59703930709887]]]}},{"type":"Feature","properties":{"現象の種類":"急傾斜地の崩壊","区域区分":"土砂災害警戒区域","区域名":"-","所在地":"大田区山王二丁目","告示日":"2026/6/24"},"geometry":{"type":"Polygon","coordinates":[[[139.7231579294324,35.588950349585005],[139.7242932343711,35.58837849608228],[139.7246383986121,35.58818842666751],[139.72447350741862,35.58797822724136],[139.72299135391955,35.588752960577025],[139.7231579294324,35.588950349585005]]]}},{"type":"Feature","properties":{"現象の種類":"急傾斜地の崩壊","区域区分":"土砂災害警戒区域","区域名":"-","所在地":"大田区池上二丁目","告示日":"2026/6/24"},"geometry":{"type":"Polygon","coordinates":[[[139.70395359520995,35.58024452529984],[139.70379224123133,35.58008212773981],[139.70363824985313,35.58017920321881],[139.70394374539885,35.58036173913723],[139.70395359520995,35.58024452529984]]]}},{"type":"Feature","properties":{"現象の種類":"急傾斜地の崩壊","区域区分":"土砂災害警戒区域","区域名":"-","所在地":"大田区山王二丁目、山王三丁目","告示日":"2026/6/24"},"geometry":{"type":"Polygon","coordinates":[[[139.72562333785746,35.58728966004077],[139.7257593515745,35.58745801840563],[139.72605934752053,35.58733154400254],[139.72596799248078,35.587184989084236],[139.72562333785746,35.58728966004077]]]}},{"type":"Feature","properties":{"現象の種類":"急傾斜地の崩壊","区域区分":"土砂災害警戒区域","区域名":"-","所在地":"大田区池上二丁目、南馬込六丁目、池上一丁目","告示日":"2026/6/24"},"geometry":{"type":"Polygon","coordinates":[[[139.7030744669979,35.58205900505836],[139.7039440429636,35.582037319518186],[139.70429822991204,35.581713767955655],[139.70410846509176,35.58156805306419],[139.70390625792461,35.5817218225894],[139.70303710675768,35.58163942277906],[139.7030744669979,35.58205900505836]]]}},{"type":"Feature","properties":{"現象の種類":"急傾斜地の崩壊","区域区分":"土砂災害警戒区域","区域名":"-","所在地":"港区赤坂九丁目","告示日":"2026/6/24"},"geometry":{"type":"Polygon","coordinates":[[[139.72807268229525,35.66794348492526],[139.7283422387682,35.667568504112104],[139.72814506098894,35.66745884745525],[139.72800617252008,35.66763293376175],[139.72786796026318,35.66756974557085],[139.72771000914196,35.66774574783735],[139.72807268229525,35.66794348492526]]]}},{"type":"Feature","properties":{"現象の種類":"急傾斜地の崩壊","区域区分":"土砂災害警戒区域","区域名":"-","所在地":"港区赤坂九丁目","告示日":"2026/6/24"},"geometry":{"type":"Polygon","coordinates":[[[139.72827772424878,35.66754023079075],[139.72836411567008,35.6674048417875],[139.7285421390013,35.66752836973014],[139.72865528733868,35.66735137619082],[139.72843331973607,35.66726019437545],[139.72828006473003,35.667354909347296],[139.72833818858692,35.66738685130414],[139.72827772424878,35.66754023079075]]]}},{"type":"Feature","properties":{"現象の種類":"急傾斜地の崩壊","区域区分":"土砂災害警戒区域","区域名":"-","所在地":"豊島区高田一丁目、高田二丁目","告示日":"2026/6/24"},"geometry":{"type":"Polygon","coordinates":[[[139.71533597969668,35.71737204635847],[139.71517153541578,35.71720879511784],[139.71509094849316,35.71726326958377],[139.7151148499177,35.71737503309032],[139.71533597969668,35.71737204635847]]]}},{"type":"Feature","properties":{"現象の種類":"急傾斜地の崩壊","区域区分":"土砂災害特別警戒区域","区域名":"-","所在地":"新宿区下落合四丁目","告示日":"2021/9/15"},"geometry":{"type":"Polygon","coordinates":[[[139.6983584818254,35.717792215074724],[139.69831450447097,35.717738462520664],[139.69831136105913,35.717775583175865],[139.6983584818254,35.717792215074724]]]}},{"type":"Feature","properties":{"現象の種類":"急傾斜地の崩壊","区域区分":"土砂災害特別警戒区域","区域名":"-","所在地":"北区赤羽西三丁目","告示日":"2016/3/9"},"geometry":{"type":"Polygon","coordinates":[[[139.71696567912787,35.77128312659499],[139.7170256471693,35.771078680142786],[139.7169552849395,35.771090754469704],[139.71696567912787,35.77128312659499]]]}},{"type":"Feature","properties":{"現象の種類":"急傾斜地の崩壊","区域区分":"土砂災害特別警戒区域","区域名":"-","所在地":"北区赤羽北三丁目・四丁目","告示日":"2016/3/9"},"geometry":{"type":"Polygon","coordinates":[[[139.71754504162533,35.783594795446504],[139.7175517621883,35.78332411383589],[139.71742339183535,35.78338579037419],[139.71739296075518,35.783581529549274],[139.71754504162533,35.783594795446504]]]}},{"type":"Feature","properties":{"現象の種類":"急傾斜地の崩壊","区域区分":"土砂災害特別警戒区域","区域名":"-","所在地":"北区赤羽西一丁目","告示日":"2016/3/9"},"geometry":{"type":"Polygon","coordinates":[[[139.71989835477956,35.77598372366265],[139.71973650737397,35.775915274115654],[139.7195715544666,35.776133078862635],[139.7196074971197,35.77618285183042],[139.71989835477956,35.77598372366265]]]}},{"type":"Feature","properties":{"現象の種類":"急傾斜地の崩壊","区域区分":"土砂災害特別警戒区域","区域名":"-","所在地":"北区赤羽西四丁目","告示日":"2018/5/31"},"geometry":{"type":"Polygon","coordinates":[[[139.71834953093304,35.774471794401926],[139.71822603190506,35.774447248684034],[139.718319725782,35.77452501311165],[139.71834953093304,35.774471794401926]]]}},{"type":"Feature","properties":{"現象の種類":"急傾斜地の崩壊","区域区分":"土砂災害特別警戒区域","区域名":"-","所在地":"北区赤羽北二丁目・三丁目","告示日":"2016/3/9"},"geometry":{"type":"Polygon","coordinates":[[[139.70795819315893,35.78398013893499],[139.70790408233665,35.783948106100276],[139.70784755360438,35.78406016486414],[139.70791040970104,35.784081874524624],[139.70795819315893,35.78398013893499]]]}},{"type":"Feature","properties":{"現象の種類":"急傾斜地の崩壊","区域区分":"土砂災害特別警戒区域","区域名":"-","所在地":"世田谷区岡本一丁目・二丁目","告示日":"2016/3/9"},"geometry":{"type":"Polygon","coordinates":[[[139.61941279946714,35.62321954822575],[139.61976723132886,35.623081498324915],[139.6201088257475,35.62275440078259],[139.6199796850498,35.62266892298841],[139.61958262673687,35.62293572117537],[139.6196496974763,35.62302599289306],[139.61943792767562,35.62308112455768],[139.61941279946714,35.62321954822575]]]}},{"type":"Feature","properties":{"現象の種類":"急傾斜地の崩壊","区域区分":"土砂災害特別警戒区域","区域名":"-","所在地":"世田谷区岡本二丁目","告示日":"2016/3/9"},"geometry":{"type":"Polygon","coordinates":[[[139.61552476013244,35.623433597991145],[139.6155650545878,35.623359926367804],[139.6154959970519,35.62339054124334],[139.61552476013244,35.623433597991145]]]}},{"type":"Feature","properties":{"現象の種類":"急傾斜地の崩壊","区域区分":"土砂災害特別警戒区域","区域名":"-","所在地":"世田谷区岡本二丁目","告示日":"2016/3/9"},"geometry":{"type":"Polygon","coordinates":[[[139.61605445384464,35.62313569896088],[139.61601343455695,35.62310444929201],[139.6159340380022,35.623137909479254],[139.6159468111218,35.62318120348171],[139.61605445384464,35.62313569896088]]]}},{"type":"Feature","properties":{"現象の種類":"急傾斜地の崩壊","区域区分":"土砂災害特別警戒区域","区域名":"-","所在地":"世田谷区岡本二丁目","告示日":"2016/3/9"},"geometry":{"type":"Polygon","coordinates":[[[139.61615501753508,35.6229841924336],[139.6162201628891,35.622999026346065],[139.61659208498762,35.6228948393246],[139.61656115593317,35.62280428502093],[139.616167582959,35.622875992191176],[139.61615501753508,35.6229841924336]]]}},{"type":"Feature","properties":{"現象の種類":"急傾斜地の崩壊","区域区分":"土砂災害特別警戒区域","区域名":"-","所在地":"世田谷区成城四丁目・調布市入間町三丁目","告示日":"2016/3/9"},"geometry":{"type":"Polygon","coordinates":[[[139.5890293083058,35.645207800344494],[139.588549897906,35.64528570111306],[139.58826153198154,35.64564656418002],[139.58829631283658,35.64567791524498],[139.58865569693972,35.64537214679571],[139.5890293083058,35.645207800344494]]]}},{"type":"Feature","properties":{"現象の種類":"急傾斜地の崩壊","区域区分":"土砂災害特別警戒区域","区域名":"-","所在地":"世田谷区成城四丁目","告示日":"2016/3/9"},"geometry":{"type":"Polygon","coordinates":[[[139.59017901240574,35.64218556890332],[139.59021868503726,35.64164372118807],[139.59002681006882,35.642302036828],[139.59012107908924,35.64232812982729],[139.59017901240574,35.64218556890332]]]}},{"type":"Feature","properties":{"現象の種類":"急傾斜地の崩壊","区域区分":"土砂災害特別警戒区域","区域名":"-","所在地":"世田谷区成城四丁目","告示日":"2016/3/9"},"geometry":{"type":"Polygon","coordinates":[[[139.5911998305419,35.6404025627065],[139.5910594623988,35.640320561050984],[139.59103788629562,35.6402790877014],[139.5910219285628,35.640388271407],[139.5911998305419,35.6404025627065]]]}},{"type":"Feature","properties":{"現象の種類":"急傾斜地の崩壊","区域区分":"土砂災害特別警戒区域","区域名":"-","所在地":"世田谷区成城四丁目","告示日":"2016/3/9"},"geometry":{"type":"Polygon","coordinates":[[[139.59152853387943,35.64000215122344],[139.59137561165164,35.640073025791175],[139.59111902351387,35.64039015649143],[139.59132962513002,35.64047711769081],[139.59157815737748,35.64020006259151],[139.59152853387943,35.64000215122344]]]}},{"type":"Feature","properties":{"現象の種類":"急傾斜地の崩壊","区域区分":"土砂災害特別警戒区域","区域名":"-","所在地":"世田谷区成城四丁目","告示日":"2016/3/9"},"geometry":{"type":"Polygon","coordinates":[[[139.59239965419647,35.64005833807626],[139.5921276084533,35.639829605013475],[139.5918773367245,35.63995803614205],[139.5924755675931,35.640367066725034],[139.59239965419647,35.64005833807626]]]}},{"type":"Feature","properties":{"現象の種類":"急傾斜地の崩壊","区域区分":"土砂災害特別警戒区域","区域名":"-","所在地":"世田谷区大蔵五丁目","告示日":"2016/3/9"},"geometry":{"type":"Polygon","coordinates":[[[139.60690061548726,35.62776460300811],[139.6068575648172,35.627680762403735],[139.60664696191083,35.62776176621131],[139.6066974411726,35.62784459250042],[139.60690061548726,35.62776460300811]]]}},{"type":"Feature","properties":{"現象の種類":"急傾斜地の崩壊","区域区分":"土砂災害特別警戒区域","区域名":"-","所在地":"世田谷区大蔵三丁目","告示日":"2016/3/9"},"geometry":{"type":"Polygon","coordinates":[[[139.6068249938498,35.633842502567575],[139.6069946977508,35.633785739178506],[139.60695683291524,35.63369817642601],[139.6067827011368,35.6337740531618],[139.6068249938498,35.633842502567575]]]}},{"type":"Feature","properties":{"現象の種類":"急傾斜地の崩壊","区域区分":"土砂災害特別警戒区域","区域名":"-","所在地":"世田谷区大蔵三丁目","告示日":"2016/3/9"},"geometry":{"type":"Polygon","coordinates":[[[139.60974312562092,35.63218765063442],[139.60960779989125,35.63192280666276],[139.60943505010917,35.631928259594964],[139.60940018078966,35.63206639385614],[139.6095067593787,35.63218472956244],[139.60937293224382,35.632265333432315],[139.60941776910926,35.63238437650212],[139.60931633295985,35.632395250658135],[139.6094482300114,35.632569202180285],[139.60960638606926,35.63249693730615],[139.609606622007,35.632339198949],[139.60974312562092,35.63218765063442]]]}},{"type":"Feature","properties":{"現象の種類":"急傾斜地の崩壊","区域区分":"土砂災害特別警戒区域","区域名":"-","所在地":"世田谷区大蔵三丁目・四丁目","告示日":"2016/3/9"},"geometry":{"type":"Polygon","coordinates":[[[139.60990498620055,35.63181596027251],[139.60944393706257,35.631303381755096],[139.60926211456226,35.631438834476654],[139.60957130191926,35.631624101071125],[139.60987067641875,35.63199858335515],[139.60995610444093,35.63198363484534],[139.60990498620055,35.63181596027251]]]}},{"type":"Feature","properties":{"現象の種類":"急傾斜地の崩壊","区域区分":"土砂災害特別警戒区域","区域名":"-","所在地":"世田谷区大蔵四丁目","告示日":"2016/3/9"},"geometry":{"type":"Polygon","coordinates":[[[139.60929699127857,35.63057073836898],[139.60925299351672,35.63053365727775],[139.60905491539242,35.630713329177894],[139.6092103809114,35.63068754710478],[139.60929699127857,35.63057073836898]]]}},{"type":"Feature","properties":{"現象の種類":"急傾斜地の崩壊","区域区分":"土砂災害特別警戒区域","区域名":"-","所在地":"世田谷区大蔵四丁目","告示日":"2016/3/9"},"geometry":{"type":"Polygon","coordinates":[[[139.60948382271874,35.630410611793316],[139.60944314166449,35.63027671239557],[139.60938789635566,35.63039003346462],[139.60948382271874,35.630410611793316]]]}},{"type":"Feature","properties":{"現象の種類":"急傾斜地の崩壊","区域区分":"土砂災害特別警戒区域","区域名":"-","所在地":"世田谷区大蔵四丁目","告示日":"2016/3/9"},"geometry":{"type":"Polygon","coordinates":[[[139.61020738119888,35.629335074243194],[139.61007157464496,35.629311225556],[139.60963245974554,35.62963673758643],[139.6094870461401,35.62992626396294],[139.6095439426922,35.63001431806586],[139.609499878978,35.63021900631463],[139.60960396332018,35.630096713629165],[139.60983647717256,35.63006466028396],[139.60978045669955,35.62997382078073],[139.60989173706787,35.62965384252893],[139.61020738119888,35.629335074243194]]]}},{"type":"Feature","properties":{"現象の種類":"急傾斜地の崩壊","区域区分":"土砂災害特別警戒区域","区域名":"-","所在地":"世田谷区大蔵四丁目","告示日":"2016/3/9"},"geometry":{"type":"Polygon","coordinates":[[[139.61080023148907,35.62914392052436],[139.61077339707253,35.62908296130353],[139.6104485399568,35.62935917964746],[139.61051249174528,35.62941433131568],[139.61080023148907,35.62914392052436]]]}},{"type":"Feature","properties":{"現象の種類":"急傾斜地の崩壊","区域区分":"土砂災害特別警戒区域","区域名":"-","所在地":"世田谷区大蔵四丁目","告示日":"2016/3/9"},"geometry":{"type":"Polygon","coordinates":[[[139.61103994329716,35.62898920479032],[139.61129515613894,35.628627241768186],[139.61121487623413,35.62856146229701],[139.6109836904525,35.62872949062019],[139.61087999591462,35.628963254792886],[139.61105696449604,35.62907935597647],[139.61103994329716,35.62898920479032]]]}},{"type":"Feature","properties":{"現象の種類":"急傾斜地の崩壊","区域区分":"土砂災害特別警戒区域","区域名":"-","所在地":"世田谷区野毛一丁目・等々力一丁目","告示日":"2016/3/9"},"geometry":{"type":"Polygon","coordinates":[[[139.64581644923294,35.60430650973254],[139.64560098422655,35.60420105961264],[139.64554758491062,35.60430472645633],[139.64559272542033,35.604480481031665],[139.64549089476475,35.60483885569374],[139.645588930294,35.60485092613392],[139.6457783264713,35.604681559565286],[139.64581644923294,35.60430650973254]]]}},{"type":"Feature","properties":{"現象の種類":"急傾斜地の崩壊","区域区分":"土砂災害特別警戒区域","区域名":"-","所在地":"世田谷区野毛一丁目・等々力一丁目","告示日":"2016/3/9"},"geometry":{"type":"Polygon","coordinates":[[[139.6456007725626,35.605199465969015],[139.64562758189734,35.60490865623827],[139.6454841809043,35.60491650838911],[139.64550323848476,35.605188908898285],[139.64537270815833,35.6052535966215],[139.6456007725626,35.605199465969015]]]}},{"type":"Feature","properties":{"現象の種類":"急傾斜地の崩壊","区域区分":"土砂災害特別警戒区域","区域名":"-","所在地":"世田谷区野毛一丁目・等々力一丁目","告示日":"2016/3/9"},"geometry":{"type":"Polygon","coordinates":[[[139.64535200155765,35.60535874419572],[139.64539859854892,35.605270367530245],[139.64531650480333,35.605354235119904],[139.6453827117584,35.605486541531526],[139.64544055061074,35.605470746899705],[139.64535200155765,35.60535874419572]]]}},{"type":"Feature","properties":{"現象の種類":"急傾斜地の崩壊","区域区分":"土砂災害特別警戒区域","区域名":"-","所在地":"世田谷区中町一丁目・等々力二丁目","告示日":"2016/3/9"},"geometry":{"type":"Polygon","coordinates":[[[139.64593711602203,35.606657294615815],[139.6455455655106,35.60579197626173],[139.6453614730845,35.60584035031063],[139.64561864736507,35.60630670086221],[139.64552428858406,35.606328292104564],[139.6455861491168,35.60648771119444],[139.6457956346237,35.6067302565663],[139.64593711602203,35.606657294615815]]]}},{"type":"Feature","properties":{"現象の種類":"急傾斜地の崩壊","区域区分":"土砂災害特別警戒区域","区域名":"-","所在地":"世田谷区中町一丁目・等々力二丁目","告示日":"2016/3/9"},"geometry":{"type":"Polygon","coordinates":[[[139.64653960609544,35.60771174704586],[139.64629352482785,35.60700673952882],[139.6460163117817,35.60673120566613],[139.64587321044564,35.60682226564437],[139.64611565398056,35.60708593911862],[139.64639551355967,35.60774436828923],[139.64653960609544,35.60771174704586]]]}},{"type":"Feature","properties":{"現象の種類":"急傾斜地の崩壊","区域区分":"土砂災害特別警戒区域","区域名":"-","所在地":"板橋区赤塚五丁目・八丁目","告示日":"2016/3/9"},"geometry":{"type":"Polygon","coordinates":[[[139.64447544183608,35.7853841385839],[139.64434835440215,35.78535568255476],[139.64432176138666,35.78561733634766],[139.64447544183608,35.7853841385839]]]}},{"type":"Feature","properties":{"現象の種類":"急傾斜地の崩壊","区域区分":"土砂災害特別警戒区域","区域名":"-","所在地":"世田谷区尾山台二丁目","告示日":"2016/3/9"},"geometry":{"type":"Polygon","coordinates":[[[139.65530899973265,35.600904884829994],[139.65478648480473,35.60076279226843],[139.65458624901646,35.60066247473026],[139.65471849600655,35.600872723437185],[139.6552287644758,35.60100503271242],[139.65530899973265,35.600904884829994]]]}},{"type":"Feature","properties":{"現象の種類":"急傾斜地の崩壊","区域区分":"土砂災害特別警戒区域","区域名":"-","所在地":"世田谷区成城四丁目","告示日":"2016/3/9"},"geometry":{"type":"Polygon","coordinates":[[[139.58981773171234,35.643338117464765],[139.58960192366752,35.64330358243266],[139.5895820814774,35.64350081592492],[139.58978937959273,35.643533215016824],[139.58981773171234,35.643338117464765]]]}},{"type":"Feature","properties":{"現象の種類":"急傾斜地の崩壊","区域区分":"土砂災害特別警戒区域","区域名":"-","所在地":"世田谷区成城四丁目","告示日":"2016/3/9"},"geometry":{"type":"Polygon","coordinates":[[[139.59015794041488,35.64234480395987],[139.5899730417632,35.642324388707266],[139.5899780772783,35.64245244616513],[139.59008387096486,35.64247258622171],[139.59015794041488,35.64234480395987]]]}},{"type":"Feature","properties":{"現象の種類":"急傾斜地の崩壊","区域区分":"土砂災害特別警戒区域","区域名":"-","所在地":"世田谷区成城四丁目","告示日":"2016/3/9"},"geometry":{"type":"Polygon","coordinates":[[[139.58979287156856,35.644189959067496],[139.58974841761537,35.64414086118801],[139.58973849052495,35.64416534433268],[139.58979287156856,35.644189959067496]]]}},{"type":"Feature","properties":{"現象の種類":"急傾斜地の崩壊","区域区分":"土砂災害特別警戒区域","区域名":"-","所在地":"世田谷区等々力一丁目・野毛一丁目","告示日":"2016/3/9"},"geometry":{"type":"Polygon","coordinates":[[[139.64634291387773,35.60440582265133],[139.64668029093542,35.60411781933467],[139.64678918740498,35.60391227862435],[139.64655456735878,35.60342968798974],[139.64594584990482,35.60289038341333],[139.64584953875283,35.60246445658565],[139.64576918185523,35.6024645107739],[139.64580446377678,35.602866245378834],[139.64629291436694,35.603310549526476],[139.64634644423396,35.60350143698342],[139.646431273106,35.60352031276688],[139.6463837532731,35.60367880339676],[139.64655871616662,35.60385409070718],[139.6462908658701,35.60414128883116],[139.64605941030288,35.60461118800932],[139.64588283341993,35.604661302393616],[139.64613760235875,35.6047283195744],[139.64639935482504,35.6044374063843],[139.64634291387773,35.60440582265133]]]}},{"type":"Feature","properties":{"現象の種類":"急傾斜地の崩壊","区域区分":"土砂災害特別警戒区域","区域名":"-","所在地":"世田谷区等々力二丁目・中町一丁目","告示日":"2016/3/9"},"geometry":{"type":"Polygon","coordinates":[[[139.64665720395325,35.607934569055544],[139.64652710018927,35.60789245123024],[139.64659096753303,35.60792197837361],[139.64656028022944,35.608022157986724],[139.6463370596103,35.60832286251232],[139.6463868884803,35.60835386607729],[139.64663451277158,35.60805434786863],[139.64665720395325,35.607934569055544]]]}},{"type":"Feature","properties":{"現象の種類":"急傾斜地の崩壊","区域区分":"土砂災害特別警戒区域","区域名":"-","所在地":"世田谷区等々力二丁目・中町一丁目","告示日":"2016/3/9"},"geometry":{"type":"Polygon","coordinates":[[[139.6457926007237,35.605966871374726],[139.6456160844551,35.605756731860914],[139.64550351919266,35.60578767993492],[139.64572353919897,35.60646562689622],[139.6462529170951,35.607126841599346],[139.64652563203416,35.607841972476244],[139.64660198267498,35.607830707156026],[139.64642780247473,35.607026034852844],[139.64600342178755,35.60658504797849],[139.6457926007237,35.605966871374726]]]}},{"type":"Feature","properties":{"現象の種類":"急傾斜地の崩壊","区域区分":"土砂災害特別警戒区域","区域名":"-","所在地":"世田谷区野毛一丁目","告示日":"2016/3/9"},"geometry":{"type":"Polygon","coordinates":[[[139.64608874591318,35.60328011669339],[139.6458533645497,35.60319830610747],[139.6458045135726,35.60332472021026],[139.64614313473083,35.60345352826874],[139.64608874591318,35.60328011669339]]]}},{"type":"Feature","properties":{"現象の種類":"急傾斜地の崩壊","区域区分":"土砂災害特別警戒区域","区域名":"-","所在地":"世田谷区中町一丁目","告示日":"2016/3/9"},"geometry":{"type":"Polygon","coordinates":[[[139.645398387101,35.6085730845005],[139.64579789344916,35.608309899751255],[139.64626698103112,35.60831540875697],[139.64643467842845,35.60810144432734],[139.64652754431245,35.60789706639475],[139.64628814076235,35.6082364311061],[139.64577139889096,35.60827029400615],[139.6454316863986,35.60851068929346],[139.645398387101,35.6085730845005]]]}},{"type":"Feature","properties":{"現象の種類":"急傾斜地の崩壊","区域区分":"土砂災害特別警戒区域","区域名":"-","所在地":"板橋区成増一丁目・練馬区旭町三丁目","告示日":"2016/3/9"},"geometry":{"type":"Polygon","coordinates":[[[139.62573187882754,35.778730103796555],[139.62556076971492,35.778423162501575],[139.62549087518138,35.778442371384656],[139.6255937410085,35.77873396157448],[139.62567762412934,35.77878243116319],[139.62573187882754,35.778730103796555]]]}},{"type":"Feature","properties":{"現象の種類":"急傾斜地の崩壊","区域区分":"土砂災害特別警戒区域","区域名":"-","所在地":"板橋区中台二丁目","告示日":"2016/3/9"},"geometry":{"type":"Polygon","coordinates":[[[139.68284943354283,35.77042328688475],[139.68278509503736,35.770174536782086],[139.68257602834422,35.770189568937994],[139.68253105947875,35.77037043998364],[139.6826127446757,35.77054026516092],[139.68284943354283,35.77042328688475]]]}},{"type":"Feature","properties":{"現象の種類":"急傾斜地の崩壊","区域区分":"土砂災害特別警戒区域","区域名":"-","所在地":"板橋区西台三丁目","告示日":"2016/3/9"},"geometry":{"type":"Polygon","coordinates":[[[139.66768437919572,35.776989729149655],[139.66787350617037,35.77696453750852],[139.66793035397038,35.776941863134866],[139.6678713574083,35.77688667881493],[139.66768437919572,35.776989729149655]]]}},{"type":"Feature","properties":{"現象の種類":"急傾斜地の崩壊","区域区分":"土砂災害特別警戒区域","区域名":"-","所在地":"板橋区西台二丁目","告示日":"2016/3/9"},"geometry":{"type":"Polygon","coordinates":[[[139.67201127975102,35.7791171683669],[139.67180382273565,35.77878635857224],[139.67169985211868,35.77885573542678],[139.67198635492628,35.7793480921835],[139.67201127975102,35.7791171683669]]]}},{"type":"Feature","properties":{"現象の種類":"急傾斜地の崩壊","区域区分":"土砂災害特別警戒区域","区域名":"-","所在地":"板橋区志村二丁目・三丁目・前野町四丁目","告示日":"2016/3/9"},"geometry":{"type":"Polygon","coordinates":[[[139.68723216203682,35.77445631544211],[139.68718376601853,35.77443589118203],[139.68707609225822,35.77466656677724],[139.68712227713257,35.77468283160266],[139.68723216203682,35.77445631544211]]]}},{"type":"Feature","properties":{"現象の種類":"急傾斜地の崩壊","区域区分":"土砂災害特別警戒区域","区域名":"-","所在地":"板橋区志村二丁目・三丁目・前野町四丁目","告示日":"2016/3/9"},"geometry":{"type":"Polygon","coordinates":[[[139.68731774709545,35.77430248261197],[139.6873132197621,35.774381467496326],[139.68790794288049,35.774487318131065],[139.68793970567307,35.77439033423584],[139.68731774709545,35.77430248261197]]]}},{"type":"Feature","properties":{"現象の種類":"急傾斜地の崩壊","区域区分":"土砂災害特別警戒区域","区域名":"-","所在地":"板橋区志村一丁目・二丁目","告示日":"2016/3/9"},"geometry":{"type":"Polygon","coordinates":[[[139.68841779066577,35.774639175706824],[139.68828929327606,35.77451052227925],[139.6882710800937,35.77456184704379],[139.68841779066577,35.774639175706824]]]}},{"type":"Feature","properties":{"現象の種類":"急傾斜地の崩壊","区域区分":"土砂災害特別警戒区域","区域名":"-","所在地":"板橋区中台三丁目","告示日":"2016/3/9"},"geometry":{"type":"Polygon","coordinates":[[[139.6813958863634,35.774246276622925],[139.6813380019558,35.77406145207513],[139.68119932672582,35.7741711695255],[139.68120994375758,35.774362472327915],[139.6813377366071,35.774343150755804],[139.6813958863634,35.774246276622925]]]}},{"type":"Feature","properties":{"現象の種類":"急傾斜地の崩壊","区域区分":"土砂災害特別警戒区域","区域名":"-","所在地":"板橋区中台三丁目","告示日":"2016/3/9"},"geometry":{"type":"Polygon","coordinates":[[[139.68134921016616,35.77524517114609],[139.68122682305187,35.77484487413747],[139.68128100624614,35.7746599828456],[139.68108453855385,35.774636832052266],[139.68099728922425,35.77472361932124],[139.68115257710073,35.77470970257702],[139.68113398115304,35.77479274529684],[139.6809935595574,35.774842347731166],[139.6811151731803,35.77512602468033],[139.6812210311966,35.77526587822327],[139.68134921016616,35.77524517114609]]]}},{"type":"Feature","properties":{"現象の種類":"急傾斜地の崩壊","区域区分":"土砂災害特別警戒区域","区域名":"-","所在地":"板橋区徳丸八丁目","告示日":"2016/3/9"},"geometry":{"type":"Polygon","coordinates":[[[139.6588210713936,35.78217175948849],[139.65928050571415,35.78212478940076],[139.65937876219874,35.78199090708652],[139.65928527915585,35.78193179783373],[139.6590756461587,35.78203176750764],[139.6588377233178,35.7819957717071],[139.6587796623621,35.78207647832744],[139.6588210713936,35.78217175948849]]]}},{"type":"Feature","properties":{"現象の種類":"急傾斜地の崩壊","区域区分":"土砂災害特別警戒区域","区域名":"-","所在地":"板橋区徳丸八丁目","告示日":"2016/3/9"},"geometry":{"type":"Polygon","coordinates":[[[139.66028902840702,35.78187553645246],[139.66040401582788,35.781778882500966],[139.66033059166844,35.78170245852052],[139.6598573647596,35.78179691762216],[139.65980951916598,35.781902324667044],[139.66028902840702,35.78187553645246]]]}},{"type":"Feature","properties":{"現象の種類":"急傾斜地の崩壊","区域区分":"土砂災害特別警戒区域","区域名":"-","所在地":"板橋区徳丸七丁目","告示日":"2016/3/9"},"geometry":{"type":"Polygon","coordinates":[[[139.66083691089548,35.781745896510856],[139.6625454734061,35.78150162901499],[139.66379368389332,35.78108809325683],[139.6637482388601,35.781001723653816],[139.66254633493963,35.78133845268699],[139.66118437090705,35.78152394283023],[139.66075863539137,35.78170143392617],[139.66083691089548,35.781745896510856]]]}},{"type":"Feature","properties":{"現象の種類":"急傾斜地の崩壊","区域区分":"土砂災害特別警戒区域","区域名":"-","所在地":"板橋区徳丸三丁目","告示日":"2016/3/9"},"geometry":{"type":"Polygon","coordinates":[[[139.6579692515743,35.77545549826446],[139.65817024346254,35.77544707243182],[139.657949982722,35.775436642871966],[139.6579692515743,35.77545549826446]]]}},{"type":"Feature","properties":{"現象の種類":"急傾斜地の崩壊","区域区分":"土砂災害特別警戒区域","区域名":"-","所在地":"板橋区中台二丁目","告示日":"2016/3/9"},"geometry":{"type":"Polygon","coordinates":[[[139.681792031736,35.76902130852093],[139.6816488883265,35.768833537781546],[139.6816095649132,35.76884104267153],[139.6816741517369,35.76915062758329],[139.681792031736,35.76902130852093]]]}},{"type":"Feature","properties":{"現象の種類":"急傾斜地の崩壊","区域区分":"土砂災害特別警戒区域","区域名":"-","所在地":"板橋区中台三丁目","告示日":"2016/3/9"},"geometry":{"type":"Polygon","coordinates":[[[139.67769386111104,35.77148748409347],[139.67742319266802,35.77123532731908],[139.67732202599956,35.77135493021483],[139.67763343661977,35.7715254219384],[139.67769386111104,35.77148748409347]]]}},{"type":"Feature","properties":{"現象の種類":"急傾斜地の崩壊","区域区分":"土砂災害特別警戒区域","区域名":"-","所在地":"板橋区中台三丁目","告示日":"2016/3/9"},"geometry":{"type":"Polygon","coordinates":[[[139.68067808881727,35.772511665427324],[139.68063624556822,35.77232599966846],[139.6804896376603,35.772316223578684],[139.68067808881727,35.772511665427324]]]}},{"type":"Feature","properties":{"現象の種類":"急傾斜地の崩壊","区域区分":"土砂災害特別警戒区域","区域名":"-","所在地":"板橋区中台三丁目","告示日":"2016/3/9"},"geometry":{"type":"Polygon","coordinates":[[[139.68096769267513,35.773115623568636],[139.68092477325172,35.77295801089997],[139.68078460171128,35.77300234235236],[139.68086040288662,35.7731383304991],[139.68096769267513,35.773115623568636]]]}},{"type":"Feature","properties":{"現象の種類":"急傾斜地の崩壊","区域区分":"土砂災害特別警戒区域","区域名":"-","所在地":"板橋区中台三丁目","告示日":"2016/3/9"},"geometry":{"type":"Polygon","coordinates":[[[139.6793708150128,35.77360219333834],[139.67953399130667,35.77340513378869],[139.67945653947407,35.77336932728956],[139.67930904758137,35.77351213913118],[139.6789344170307,35.77352928996046],[139.6789438007279,35.77358342867159],[139.6793708150128,35.77360219333834]]]}},{"type":"Feature","properties":{"現象の種類":"急傾斜地の崩壊","区域区分":"土砂災害特別警戒区域","区域名":"-","所在地":"板橋区中台三丁目","告示日":"2016/3/9"},"geometry":{"type":"Polygon","coordinates":[[[139.67950267265718,35.7728579155322],[139.67934170659802,35.77279785942238],[139.67929510956196,35.77295231383108],[139.67945554913604,35.772940858980505],[139.67950267265718,35.7728579155322]]]}},{"type":"Feature","properties":{"現象の種類":"急傾斜地の崩壊","区域区分":"土砂災害特別警戒区域","区域名":"-","所在地":"板橋区赤塚五丁目","告示日":"2016/3/9"},"geometry":{"type":"Polygon","coordinates":[[[139.64249989828133,35.78506560809645],[139.64234370438822,35.784872132426734],[139.64223406704065,35.78489817341464],[139.642416996263,35.78516627445173],[139.64249989828133,35.78506560809645]]]}},{"type":"Feature","properties":{"現象の種類":"急傾斜地の崩壊","区域区分":"土砂災害特別警戒区域","区域名":"-","所在地":"板橋区中台三丁目","告示日":"2016/3/9"},"geometry":{"type":"Polygon","coordinates":[[[139.67783970700236,35.77602278446238],[139.67712428962412,35.77575417199045],[139.67707555370478,35.77576804973347],[139.6774852370155,35.77595974097409],[139.67783970700236,35.77602278446238]]]}},{"type":"Feature","properties":{"現象の種類":"急傾斜地の崩壊","区域区分":"土砂災害特別警戒区域","区域名":"-","所在地":"板橋区大門・高島平四丁目","告示日":"2016/3/9"},"geometry":{"type":"Polygon","coordinates":[[[139.6471484696725,35.78537137039781],[139.6480303114029,35.78541593556458],[139.64961212607332,35.78494231180364],[139.64941510946255,35.784703585856306],[139.6477123137133,35.78518877787199],[139.6466370033541,35.78532044458111],[139.6466028286597,35.78545551895361],[139.64695554740783,35.785453358478875],[139.6471484696725,35.78537137039781]]]}},{"type":"Feature","properties":{"現象の種類":"急傾斜地の崩壊","区域区分":"土砂災害特別警戒区域","区域名":"-","所在地":"板橋区前野町五丁目","告示日":"2016/3/9"},"geometry":{"type":"Polygon","coordinates":[[[139.68419045442783,35.77098839031467],[139.68397457411467,35.770382220494],[139.68373116812913,35.77054916105796],[139.68409303320436,35.771155973913906],[139.68417036951996,35.77113477632297],[139.68419045442783,35.77098839031467]]]}},{"type":"Feature","properties":{"現象の種類":"急傾斜地の崩壊","区域区分":"土砂災害特別警戒区域","区域名":"-","所在地":"板橋区赤塚八丁目","告示日":"2016/3/9"},"geometry":{"type":"Polygon","coordinates":[[[139.6450446167627,35.78460579100946],[139.64484789905723,35.78450444497979],[139.64484473358286,35.7846028411738],[139.64497765992348,35.78462878489774],[139.64461967438857,35.78502191085431],[139.64471228002213,35.78504210948546],[139.64489016251315,35.78490188176613],[139.6450446167627,35.78460579100946]]]}},{"type":"Feature","properties":{"現象の種類":"急傾斜地の崩壊","区域区分":"土砂災害特別警戒区域","区域名":"-","所在地":"板橋区赤塚四丁目","告示日":"2016/3/9"},"geometry":{"type":"Polygon","coordinates":[[[139.6409691261824,35.78379570234718],[139.64072901054655,35.78393751819111],[139.64075589003153,35.784002426314906],[139.64106724364973,35.78386600062439],[139.6409691261824,35.78379570234718]]]}},{"type":"Feature","properties":{"現象の種類":"急傾斜地の崩壊","区域区分":"土砂災害特別警戒区域","区域名":"-","所在地":"板橋区赤塚五丁目・三園一丁目","告示日":"2016/3/9"},"geometry":{"type":"Polygon","coordinates":[[[139.6398090312129,35.787505053140805],[139.64006189669607,35.78728563761453],[139.6407173079975,35.7869782052801],[139.64175976492328,35.786670327248395],[139.64168860796622,35.78653827178163],[139.64105289149853,35.78671232607406],[139.63956130141577,35.787297503433464],[139.6398090312129,35.787505053140805]]]}},{"type":"Feature","properties":{"現象の種類":"急傾斜地の崩壊","区域区分":"土砂災害特別警戒区域","区域名":"-","所在地":"板橋区赤塚五丁目","告示日":"2016/3/9"},"geometry":{"type":"Polygon","coordinates":[[[139.64422352692108,35.78459949406717],[139.64437158476798,35.783891987126275],[139.64423640354752,35.78394487673775],[139.64405924875143,35.78455476020719],[139.64422352692108,35.78459949406717]]]}},{"type":"Feature","properties":{"現象の種類":"急傾斜地の崩壊","区域区分":"土砂災害特別警戒区域","区域名":"-","所在地":"板橋区赤塚五丁目","告示日":"2016/3/9"},"geometry":{"type":"Polygon","coordinates":[[[139.644046817169,35.78305956417807],[139.64388756443591,35.783042315776754],[139.64386587442968,35.783086731061296],[139.64402160344326,35.78311209356236],[139.644046817169,35.78305956417807]]]}},{"type":"Feature","properties":{"現象の種類":"急傾斜地の崩壊","区域区分":"土砂災害特別警戒区域","区域名":"-","所在地":"板橋区赤塚四丁目・五丁目","告示日":"2016/3/9"},"geometry":{"type":"Polygon","coordinates":[[[139.64180943261658,35.78402448959264],[139.64158379785533,35.783827155644495],[139.64191465610546,35.78435765030409],[139.64180943261658,35.78402448959264]]]}},{"type":"Feature","properties":{"現象の種類":"急傾斜地の崩壊","区域区分":"土砂災害特別警戒区域","区域名":"-","所在地":"板橋区西台三丁目","告示日":"2016/3/9"},"geometry":{"type":"Polygon","coordinates":[[[139.6676679749064,35.77608233471633],[139.66751870204837,35.776103290987784],[139.6672792618795,35.77642945637037],[139.66738703442257,35.77651415071005],[139.66751476207438,35.77621526675143],[139.6676679749064,35.77608233471633]]]}},{"type":"Feature","properties":{"現象の種類":"急傾斜地の崩壊","区域区分":"土砂災害特別警戒区域","区域名":"-","所在地":"板橋区西台一丁目","告示日":"2016/3/9"},"geometry":{"type":"Polygon","coordinates":[[[139.67240565143612,35.77396110331437],[139.67258243590362,35.77380928449913],[139.67234422456454,35.77384963869086],[139.67240565143612,35.77396110331437]]]}},{"type":"Feature","properties":{"現象の種類":"急傾斜地の崩壊","区域区分":"土砂災害特別警戒区域","区域名":"-","所在地":"板橋区西台一丁目・若木三丁目","告示日":"2016/3/9"},"geometry":{"type":"Polygon","coordinates":[[[139.6742555307639,35.77490697855181],[139.67413382083166,35.774957651658184],[139.67439924024364,35.775319485243244],[139.67450142384348,35.77520130322245],[139.6742555307639,35.77490697855181]]]}},{"type":"Feature","properties":{"現象の種類":"急傾斜地の崩壊","区域区分":"土砂災害特別警戒区域","区域名":"-","所在地":"板橋区西台一丁目","告示日":"2016/3/9"},"geometry":{"type":"Polygon","coordinates":[[[139.67319026727284,35.77468319110679],[139.67340536345202,35.77457190754939],[139.67310974435003,35.77462692853372],[139.67319026727284,35.77468319110679]]]}},{"type":"Feature","properties":{"現象の種類":"急傾斜地の崩壊","区域区分":"土砂災害特別警戒区域","区域名":"-","所在地":"板橋区成増五丁目","告示日":"2016/3/9"},"geometry":{"type":"Polygon","coordinates":[[[139.63144474943923,35.7858245226365],[139.63084432451743,35.78549022619357],[139.63076417866995,35.78556949088251],[139.63138113664655,35.78590156679618],[139.63144474943923,35.7858245226365]]]}},{"type":"Feature","properties":{"現象の種類":"急傾斜地の崩壊","区域区分":"土砂災害特別警戒区域","区域名":"-","所在地":"板橋区成増一丁目・二丁目","告示日":"2016/3/9"},"geometry":{"type":"Polygon","coordinates":[[[139.62718758405592,35.778635871535315],[139.62583014773548,35.77913599477442],[139.62575685358763,35.77925519932862],[139.62721800647503,35.77868637255666],[139.62718758405592,35.778635871535315]]]}},{"type":"Feature","properties":{"現象の種類":"急傾斜地の崩壊","区域区分":"土砂災害特別警戒区域","区域名":"-","所在地":"板橋区小豆沢四丁目","告示日":"2016/3/9"},"geometry":{"type":"Polygon","coordinates":[[[139.69851939599147,35.780232578277854],[139.69757466530677,35.77993518867395],[139.69724808253613,35.77997779898749],[139.6982819411416,35.78040874940252],[139.6984502727497,35.78040091029135],[139.69851939599147,35.780232578277854]]]}},{"type":"Feature","properties":{"現象の種類":"急傾斜地の崩壊","区域区分":"土砂災害特別警戒区域","区域名":"-","所在地":"板橋区小豆沢四丁目","告示日":"2016/3/9"},"geometry":{"type":"Polygon","coordinates":[[[139.6995488070424,35.780608404218576],[139.69865565569575,35.78032330962271],[139.69866689682286,35.78049364289744],[139.69882083875962,35.78062544165087],[139.69924660221503,35.78080357048369],[139.6996322787834,35.78083374944648],[139.6996948321747,35.78093737639825],[139.69997629039773,35.78102000308518],[139.6995488070424,35.780608404218576]]]}},{"type":"Feature","properties":{"現象の種類":"急傾斜地の崩壊","区域区分":"土砂災害特別警戒区域","区域名":"-","所在地":"板橋区小豆沢四丁目","告示日":"2016/3/9"},"geometry":{"type":"Polygon","coordinates":[[[139.70029024183074,35.78091634902121],[139.6997538648628,35.780712557551134],[139.70024801439132,35.781052616639094],[139.70029024183074,35.78091634902121]]]}},{"type":"Feature","properties":{"現象の種類":"急傾斜地の崩壊","区域区分":"土砂災害特別警戒区域","区域名":"-","所在地":"板橋区小豆沢四丁目","告示日":"2016/3/9"},"geometry":{"type":"Polygon","coordinates":[[[139.70168275516465,35.78148471613371],[139.70038061280664,35.780943337705025],[139.70031617636423,35.78109677201991],[139.7006350300294,35.78128308066132],[139.70162752771745,35.78162195432096],[139.70168275516465,35.78148471613371]]]}},{"type":"Feature","properties":{"現象の種類":"急傾斜地の崩壊","区域区分":"土砂災害特別警戒区域","区域名":"-","所在地":"北区赤羽西五丁目","告示日":"2016/3/9"},"geometry":{"type":"Polygon","coordinates":[[[139.71277486324408,35.773360178497285],[139.71202245434307,35.77312936053434],[139.7117144905556,35.773206769904775],[139.71177323018154,35.773274214867676],[139.71226835571414,35.77327650736461],[139.71269546216607,35.77344611444209],[139.71277486324408,35.773360178497285]]]}},{"type":"Feature","properties":{"現象の種類":"急傾斜地の崩壊","区域区分":"土砂災害特別警戒区域","区域名":"-","所在地":"北区赤羽北三丁目","告示日":"2016/3/9"},"geometry":{"type":"Polygon","coordinates":[[[139.7123706096983,35.77750252341278],[139.71223883875462,35.7774862556501],[139.71240451934895,35.777604646417664],[139.7123706096983,35.77750252341278]]]}},{"type":"Feature","properties":{"現象の種類":"急傾斜地の崩壊","区域区分":"土砂災害特別警戒区域","区域名":"-","所在地":"板橋区志村一丁目","告示日":"2016/3/9"},"geometry":{"type":"Polygon","coordinates":[[[139.691229438151,35.77493352096854],[139.69109227446552,35.774964909235024],[139.6913118935149,35.77527404653379],[139.69140543433815,35.775176441589764],[139.691229438151,35.77493352096854]]]}},{"type":"Feature","properties":{"現象の種類":"急傾斜地の崩壊","区域区分":"土砂災害特別警戒区域","区域名":"-","所在地":"板橋区四葉二丁目","告示日":"2016/3/9"},"geometry":{"type":"Polygon","coordinates":[[[139.65100033212028,35.78338303985612],[139.65090820136612,35.78315929242801],[139.65081763336983,35.78321195906388],[139.65091542694339,35.783398747933454],[139.65100033212028,35.78338303985612]]]}},{"type":"Feature","properties":{"現象の種類":"急傾斜地の崩壊","区域区分":"土砂災害特別警戒区域","区域名":"-","所在地":"板橋区四葉二丁目","告示日":"2016/3/9"},"geometry":{"type":"Polygon","coordinates":[[[139.65296985792202,35.78237859159598],[139.65277529824868,35.78243877794689],[139.65311113937415,35.78266362973148],[139.65318425752216,35.7825345826028],[139.65296985792202,35.78237859159598]]]}},{"type":"Feature","properties":{"現象の種類":"急傾斜地の崩壊","区域区分":"土砂災害特別警戒区域","区域名":"-","所在地":"北区赤羽北一丁目・赤羽台四丁目","告示日":"2016/3/9"},"geometry":{"type":"Polygon","coordinates":[[[139.71542044086647,35.785460929088906],[139.71529461747357,35.78549261747107],[139.71548185160103,35.785680141605496],[139.7154908862658,35.78555817435388],[139.71542044086647,35.785460929088906]]]}},{"type":"Feature","properties":{"現象の種類":"急傾斜地の崩壊","区域区分":"土砂災害特別警戒区域","区域名":"-","所在地":"北区赤羽北一丁目・赤羽台四丁目","告示日":"2016/3/9"},"geometry":{"type":"Polygon","coordinates":[[[139.71526609789188,35.78537708661378],[139.71532036381868,35.785306130518215],[139.71525355416935,35.78534008121911],[139.71526609789188,35.78537708661378]]]}},{"type":"Feature","properties":{"現象の種類":"急傾斜地の崩壊","区域区分":"土砂災害特別警戒区域","区域名":"-","所在地":"北区西ｹ原二丁目・栄町","告示日":"2016/3/9"},"geometry":{"type":"Polygon","coordinates":[[[139.74093954423807,35.749639052435384],[139.74082448857223,35.749598794965934],[139.74062506490398,35.74986764532669],[139.7408258131965,35.7499769656531],[139.74093954423807,35.749639052435384]]]}},{"type":"Feature","properties":{"現象の種類":"急傾斜地の崩壊","区域区分":"土砂災害特別警戒区域","区域名":"-","所在地":"北区赤羽北四丁目","告示日":"2016/3/9"},"geometry":{"type":"Polygon","coordinates":[[[139.7173845170653,35.78333859048081],[139.71747123605198,35.7831130104955],[139.717342369621,35.78311915321658],[139.71732329749045,35.78332595194875],[139.7173845170653,35.78333859048081]]]}},{"type":"Feature","properties":{"現象の種類":"急傾斜地の崩壊","区域区分":"土砂災害特別警戒区域","区域名":"-","所在地":"北区王子一丁目","告示日":"2016/3/9"},"geometry":{"type":"Polygon","coordinates":[[[139.73698884451355,35.75272848515466],[139.73760363021336,35.75239931101791],[139.7382669044944,35.7518830835272],[139.73810091840127,35.751724366232956],[139.73697240806015,35.75254040002085],[139.73698884451355,35.75272848515466]]]}},{"type":"Feature","properties":{"現象の種類":"急傾斜地の崩壊","区域区分":"土砂災害特別警戒区域","区域名":"-","所在地":"北区岸町一丁目・王子本町二丁目","告示日":"2016/3/9"},"geometry":{"type":"Polygon","coordinates":[[[139.73167031608642,35.75789476960651],[139.7319184922359,35.75792510267245],[139.73196166176024,35.757628014504824],[139.73229003086882,35.75733018011574],[139.73232347414648,35.757170654600685],[139.73251363616998,35.756961200248575],[139.73269312617668,35.7568590721102],[139.73249784559817,35.756745263956134],[139.73234672334783,35.75687038557787],[139.73211730700098,35.75720367026445],[139.73176703999394,35.757514066722784],[139.73179485114815,35.75788233251259],[139.73167031608642,35.75789476960651]]]}},{"type":"Feature","properties":{"現象の種類":"急傾斜地の崩壊","区域区分":"土砂災害特別警戒区域","区域名":"-","所在地":"北区赤羽北二丁目","告示日":"2016/3/9"},"geometry":{"type":"Polygon","coordinates":[[[139.71070279240809,35.78266503347915],[139.7102899065751,35.782718134538214],[139.70998037168638,35.78290172828038],[139.71005354921485,35.78296584430861],[139.71018572440633,35.78291235032422],[139.71070279240809,35.78266503347915]]]}},{"type":"Feature","properties":{"現象の種類":"急傾斜地の崩壊","区域区分":"土砂災害特別警戒区域","区域名":"-","所在地":"北区赤羽西二丁目","告示日":"2016/3/9"},"geometry":{"type":"Polygon","coordinates":[[[139.71958204014317,35.77350035197278],[139.7194945326347,35.77348025567779],[139.71939309076228,35.773546817734754],[139.7195345395784,35.77362139623297],[139.71958204014317,35.77350035197278]]]}},{"type":"Feature","properties":{"現象の種類":"急傾斜地の崩壊","区域区分":"土砂災害特別警戒区域","区域名":"-","所在地":"北区赤羽西二丁目","告示日":"2016/3/9"},"geometry":{"type":"Polygon","coordinates":[[[139.71959862343218,35.77355488264924],[139.71973588341666,35.77351169711],[139.71963247149426,35.77348811855231],[139.71959862343218,35.77355488264924]]]}},{"type":"Feature","properties":{"現象の種類":"急傾斜地の崩壊","区域区分":"土砂災害特別警戒区域","区域名":"-","所在地":"北区赤羽西二丁目","告示日":"2016/3/9"},"geometry":{"type":"Polygon","coordinates":[[[139.71971913825791,35.773723633191985],[139.72026193161986,35.773795815264684],[139.72027248414352,35.77368251715529],[139.71974259213033,35.773647439321714],[139.71971913825791,35.773723633191985]]]}},{"type":"Feature","properties":{"現象の種類":"急傾斜地の崩壊","区域区分":"土砂災害特別警戒区域","区域名":"-","所在地":"北区赤羽西三丁目","告示日":"2016/3/9"},"geometry":{"type":"Polygon","coordinates":[[[139.7180259677601,35.770241615843965],[139.71751130611702,35.76983051964736],[139.71747533830248,35.76989452827077],[139.7180259677601,35.770241615843965]]]}},{"type":"Feature","properties":{"現象の種類":"急傾斜地の崩壊","区域区分":"土砂災害特別警戒区域","区域名":"-","所在地":"北区赤羽西三丁目","告示日":"2016/3/9"},"geometry":{"type":"Polygon","coordinates":[[[139.7172905128665,35.76992498308652],[139.71721591114186,35.7700961129057],[139.71732788853697,35.77043546305665],[139.7174109499415,35.77039858320295],[139.7172917201817,35.77016601158282],[139.7172905128665,35.76992498308652]]]}},{"type":"Feature","properties":{"現象の種類":"急傾斜地の崩壊","区域区分":"土砂災害特別警戒区域","区域名":"-","所在地":"北区赤羽西三丁目","告示日":"2016/3/9"},"geometry":{"type":"Polygon","coordinates":[[[139.71743455859146,35.770597824488426],[139.71744122503446,35.77050123008089],[139.71736726333137,35.770533562512696],[139.71743455859146,35.770597824488426]]]}},{"type":"Feature","properties":{"現象の種類":"急傾斜地の崩壊","区域区分":"土砂災害特別警戒区域","区域名":"-","所在地":"北区赤羽北三丁目","告示日":"2016/3/9"},"geometry":{"type":"Polygon","coordinates":[[[139.71194070283602,35.777432125543406],[139.71213142673994,35.777387136172095],[139.71211471065592,35.77735104705424],[139.71194070283602,35.777432125543406]]]}},{"type":"Feature","properties":{"現象の種類":"急傾斜地の崩壊","区域区分":"土砂災害特別警戒区域","区域名":"-","所在地":"北区赤羽北四丁目","告示日":"2016/3/9"},"geometry":{"type":"Polygon","coordinates":[[[139.7107260100912,35.7833552400041],[139.71126852990935,35.783271468218075],[139.71141604461394,35.783182544138896],[139.71075343650494,35.78323452197402],[139.71066313522127,35.783287641724954],[139.7107260100912,35.7833552400041]]]}},{"type":"Feature","properties":{"現象の種類":"急傾斜地の崩壊","区域区分":"土砂災害特別警戒区域","区域名":"-","所在地":"北区赤羽北一丁目","告示日":"2016/3/9"},"geometry":{"type":"Polygon","coordinates":[[[139.71510452672706,35.786358958761404],[139.71448677133145,35.78620230789184],[139.7144468343471,35.78610485794034],[139.71458604628066,35.78597937684249],[139.71455226871424,35.785928854420014],[139.71435118808031,35.786090743548094],[139.71435292851487,35.78619040290984],[139.71448713221696,35.786288584380266],[139.71510452672706,35.786358958761404]]]}},{"type":"Feature","properties":{"現象の種類":"急傾斜地の崩壊","区域区分":"土砂災害特別警戒区域","区域名":"-","所在地":"北区赤羽北一丁目・赤羽台四丁目","告示日":"2016/3/9"},"geometry":{"type":"Polygon","coordinates":[[[139.71308736815368,35.78579670375577],[139.7131246665981,35.78564008443485],[139.71282532594424,35.78552410252681],[139.71270334603489,35.78559314496927],[139.71308736815368,35.78579670375577]]]}},{"type":"Feature","properties":{"現象の種類":"急傾斜地の崩壊","区域区分":"土砂災害特別警戒区域","区域名":"-","所在地":"北区赤羽北三丁目・四丁目","告示日":"2016/3/9"},"geometry":{"type":"Polygon","coordinates":[[[139.71754966372404,35.7829061854449],[139.7174211540327,35.78270706871915],[139.71728609597366,35.78284770280528],[139.7173693071827,35.782938290072046],[139.71735148827034,35.78311337747071],[139.7175634509801,35.783090127011185],[139.71754966372404,35.7829061854449]]]}},{"type":"Feature","properties":{"現象の種類":"急傾斜地の崩壊","区域区分":"土砂災害特別警戒区域","区域名":"-","所在地":"北区赤羽西一丁目","告示日":"2016/3/9"},"geometry":{"type":"Polygon","coordinates":[[[139.71963497079645,35.77575803308356],[139.7196782074922,35.77585703781266],[139.7197184453062,35.77585456328681],[139.71969628877042,35.77576551785329],[139.71963497079645,35.77575803308356]]]}},{"type":"Feature","properties":{"現象の種類":"急傾斜地の崩壊","区域区分":"土砂災害特別警戒区域","区域名":"-","所在地":"北区赤羽北二丁目・三丁目","告示日":"2016/3/9"},"geometry":{"type":"Polygon","coordinates":[[[139.70458930760216,35.78265514629205],[139.70341958915614,35.78230980813455],[139.70446544600867,35.78282058716844],[139.70458930760216,35.78265514629205]]]}},{"type":"Feature","properties":{"現象の種類":"急傾斜地の崩壊","区域区分":"土砂災害特別警戒区域","区域名":"-","所在地":"北区赤羽北二丁目・三丁目","告示日":"2016/3/9"},"geometry":{"type":"Polygon","coordinates":[[[139.70866763194903,35.78423153594237],[139.70804374233944,35.78400469878813],[139.70798624731546,35.7841077167832],[139.70865589419347,35.78431727182386],[139.70866763194903,35.78423153594237]]]}},{"type":"Feature","properties":{"現象の種類":"急傾斜地の崩壊","区域区分":"土砂災害特別警戒区域","区域名":"-","所在地":"北区赤羽西一丁目","告示日":"2018/5/31"},"geometry":{"type":"Polygon","coordinates":[[[139.72000542789058,35.775506606983974],[139.7199260722905,35.77550894554492],[139.7199949367441,35.77552814955006],[139.72000542789058,35.775506606983974]]]}},{"type":"Feature","properties":{"現象の種類":"急傾斜地の崩壊","区域区分":"土砂災害特別警戒区域","区域名":"-","所在地":"港区赤坂八丁目","告示日":"2017/3/13"},"geometry":{"type":"Polygon","coordinates":[[[139.7293434644149,35.66878859507145],[139.7293207810838,35.66866790635052],[139.72894518337267,35.66872885259413],[139.72894663040464,35.66878661411072],[139.7293434644149,35.66878859507145]]]}},{"type":"Feature","properties":{"現象の種類":"急傾斜地の崩壊","区域区分":"土砂災害特別警戒区域","区域名":"-","所在地":"港区赤坂八丁目","告示日":"2017/3/13"},"geometry":{"type":"Polygon","coordinates":[[[139.72947413624186,35.66884641168451],[139.72943310722596,35.668906202501645],[139.7294688641987,35.668959020574064],[139.7295146807953,35.668940920372],[139.72947413624186,35.66884641168451]]]}},{"type":"Feature","properties":{"現象の種類":"急傾斜地の崩壊","区域区分":"土砂災害特別警戒区域","区域名":"-","所在地":"港区六本木二丁目・赤坂二丁目","告示日":"2017/3/13"},"geometry":{"type":"Polygon","coordinates":[[[139.7375379708656,35.66674041667512],[139.73742287174534,35.666765786975986],[139.7374468707752,35.667031056401505],[139.7377616563474,35.66722236100206],[139.73784353834364,35.667128933334574],[139.73758441443553,35.66693646638355],[139.7375379708656,35.66674041667512]]]}},{"type":"Feature","properties":{"現象の種類":"急傾斜地の崩壊","区域区分":"土砂災害特別警戒区域","区域名":"-","所在地":"港区六本木二丁目・赤坂二丁目","告示日":"2017/3/13"},"geometry":{"type":"Polygon","coordinates":[[[139.73875129879883,35.6678737949609],[139.73809090335163,35.667250632563764],[139.7379866176824,35.667344278780014],[139.73836868669142,35.667822263286126],[139.73860328753102,35.66798187162028],[139.73875129879883,35.6678737949609]]]}},{"type":"Feature","properties":{"現象の種類":"急傾斜地の崩壊","区域区分":"土砂災害特別警戒区域","区域名":"-","所在地":"港区六本木二丁目・赤坂二丁目","告示日":"2017/3/13"},"geometry":{"type":"Polygon","coordinates":[[[139.73876174429313,35.66817698164489],[139.7386914118636,35.6681314103902],[139.7385273997481,35.668232309572645],[139.73857016217764,35.668280082077196],[139.73876174429313,35.66817698164489]]]}},{"type":"Feature","properties":{"現象の種類":"急傾斜地の崩壊","区域区分":"土砂災害特別警戒区域","区域名":"-","所在地":"港区六本木二丁目・四丁目","告示日":"2017/3/13"},"geometry":{"type":"Polygon","coordinates":[[[139.73591734437844,35.665995273906084],[139.73651173724218,35.666301687202434],[139.7365786782717,35.6662117960061],[139.7358857237359,35.66589910461884],[139.73555449953932,35.66638355001864],[139.73568103322606,35.66642685327555],[139.73591734437844,35.665995273906084]]]}},{"type":"Feature","properties":{"現象の種類":"急傾斜地の崩壊","区域区分":"土砂災害特別警戒区域","区域名":"-","所在地":"港区六本木二丁目・四丁目","告示日":"2017/3/13"},"geometry":{"type":"Polygon","coordinates":[[[139.73721649728276,35.66653903864922],[139.73710806440025,35.66646153509181],[139.73701766736679,35.66657137751093],[139.73712875493615,35.6666297006096],[139.73721649728276,35.66653903864922]]]}},{"type":"Feature","properties":{"現象の種類":"急傾斜地の崩壊","区域区分":"土砂災害特別警戒区域","区域名":"-","所在地":"港区赤坂一丁目","告示日":"2017/3/13"},"geometry":{"type":"Polygon","coordinates":[[[139.74290778125112,35.668267234308225],[139.74347558260416,35.668091437968606],[139.7434668758109,35.66804945757364],[139.74317462183402,35.66801918084169],[139.74287825296386,35.668165306550364],[139.74290778125112,35.668267234308225]]]}},{"type":"Feature","properties":{"現象の種類":"急傾斜地の崩壊","区域区分":"土砂災害特別警戒区域","区域名":"-","所在地":"港区三田二丁目","告示日":"2017/3/13"},"geometry":{"type":"Polygon","coordinates":[[[139.74414270600312,35.64808259723006],[139.74403092647097,35.648101895008615],[139.74411254008436,35.64821973848394],[139.7441469866821,35.64821807709559],[139.74414270600312,35.64808259723006]]]}},{"type":"Feature","properties":{"現象の種類":"急傾斜地の崩壊","区域区分":"土砂災害特別警戒区域","区域名":"-","所在地":"港区三田三丁目・四丁目","告示日":"2017/3/13"},"geometry":{"type":"Polygon","coordinates":[[[139.74249351025105,35.64517093851989],[139.7423250193215,35.645189663311456],[139.74246227739653,35.64540866409175],[139.7425796773411,35.64534010681276],[139.74249351025105,35.64517093851989]]]}},{"type":"Feature","properties":{"現象の種類":"急傾斜地の崩壊","区域区分":"土砂災害特別警戒区域","区域名":"-","所在地":"港区三田三丁目・四丁目","告示日":"2017/3/13"},"geometry":{"type":"Polygon","coordinates":[[[139.7420346586484,35.643818394992174],[139.7419350141945,35.64365864705609],[139.74154989988148,35.643855192722704],[139.74173460973032,35.64409965919018],[139.7419794530072,35.64469191711422],[139.7420346586484,35.643818394992174]]]}},{"type":"Feature","properties":{"現象の種類":"急傾斜地の崩壊","区域区分":"土砂災害特別警戒区域","区域名":"-","所在地":"港区愛宕二丁目・虎ノ門三丁目","告示日":"2017/3/13"},"geometry":{"type":"Polygon","coordinates":[[[139.7480603209961,35.662688196054184],[139.7482071560187,35.6625879908792],[139.748412960464,35.66257325670287],[139.74802659287272,35.662556317859455],[139.7480603209961,35.662688196054184]]]}},{"type":"Feature","properties":{"現象の種類":"急傾斜地の崩壊","区域区分":"土砂災害特別警戒区域","区域名":"-","所在地":"港区麻布台二丁目・東麻布二丁目","告示日":"2017/3/13"},"geometry":{"type":"Polygon","coordinates":[[[139.74147306212515,35.65777469258837],[139.74158752644675,35.657593628585175],[139.74112797243828,35.65772719565655],[139.74104318162043,35.65778983020836],[139.74109811857397,35.65793668704635],[139.74120742516035,35.65799080574072],[139.74147038651518,35.65788155232784],[139.74147306212515,35.65777469258837]]]}},{"type":"Feature","properties":{"現象の種類":"急傾斜地の崩壊","区域区分":"土砂災害特別警戒区域","区域名":"-","所在地":"港区麻布台二丁目・東麻布二丁目","告示日":"2017/3/13"},"geometry":{"type":"Polygon","coordinates":[[[139.7416944757053,35.65764990500721],[139.74221193124293,35.65761743147927],[139.7421688511124,35.65737063295358],[139.7416538508478,35.65756754257441],[139.7416944757053,35.65764990500721]]]}},{"type":"Feature","properties":{"現象の種類":"急傾斜地の崩壊","区域区分":"土砂災害特別警戒区域","区域名":"-","所在地":"港区麻布台二丁目・東麻布二丁目","告示日":"2017/3/13"},"geometry":{"type":"Polygon","coordinates":[[[139.74250658210204,35.657856351407396],[139.74242877441463,35.65765439842759],[139.74230543346056,35.657702863770695],[139.74241255101026,35.65788654198746],[139.74250658210204,35.657856351407396]]]}},{"type":"Feature","properties":{"現象の種類":"急傾斜地の崩壊","区域区分":"土砂災害特別警戒区域","区域名":"-","所在地":"港区芝公園四丁目","告示日":"2017/3/13"},"geometry":{"type":"Polygon","coordinates":[[[139.74606428181258,35.65760243501007],[139.745864445469,35.65752075861618],[139.74610643933647,35.65811475530116],[139.7463299131387,35.65836998743665],[139.7464929338256,35.65843724895823],[139.74606428181258,35.65760243501007]]]}},{"type":"Feature","properties":{"現象の種類":"急傾斜地の崩壊","区域区分":"土砂災害特別警戒区域","区域名":"-","所在地":"港区三田二丁目","告示日":"2017/3/13"},"geometry":{"type":"Polygon","coordinates":[[[139.741888762336,35.64854495175934],[139.7419936500272,35.648243202055625],[139.74256726346,35.648170019680805],[139.74257612888226,35.64808084138323],[139.7420171137463,35.64810481694087],[139.74179709768597,35.64827545585274],[139.74174353388452,35.648540238147746],[139.741888762336,35.64854495175934]]]}},{"type":"Feature","properties":{"現象の種類":"急傾斜地の崩壊","区域区分":"土砂災害特別警戒区域","区域名":"-","所在地":"港区三田三丁目・四丁目","告示日":"2017/3/13"},"geometry":{"type":"Polygon","coordinates":[[[139.7415355532069,35.643350915297276],[139.74122574642297,35.64283272732539],[139.74105604771177,35.642813985199346],[139.74104096833506,35.64275088009488],[139.74079875186666,35.64282707692314],[139.74111076823831,35.64299801514469],[139.7411941795416,35.64344757330213],[139.7415355532069,35.643350915297276]]]}},{"type":"Feature","properties":{"現象の種類":"急傾斜地の崩壊","区域区分":"土砂災害特別警戒区域","区域名":"-","所在地":"港区白金四丁目","告示日":"2017/3/13"},"geometry":{"type":"Polygon","coordinates":[[[139.72611501021797,35.643634988456334],[139.72622498748015,35.643582149385374],[139.72591406327317,35.643152002265595],[139.72589195811702,35.64331359931424],[139.72611501021797,35.643634988456334]]]}},{"type":"Feature","properties":{"現象の種類":"急傾斜地の崩壊","区域区分":"土砂災害特別警戒区域","区域名":"-","所在地":"港区高輪三丁目","告示日":"2017/3/13"},"geometry":{"type":"Polygon","coordinates":[[[139.73506306398343,35.63305378773687],[139.73490432015748,35.633024410833926],[139.73481032758588,35.633080890053904],[139.7348840976657,35.63315196616596],[139.73506306398343,35.63305378773687]]]}},{"type":"Feature","properties":{"現象の種類":"急傾斜地の崩壊","区域区分":"土砂災害特別警戒区域","区域名":"-","所在地":"港区高輪三丁目","告示日":"2017/3/13"},"geometry":{"type":"Polygon","coordinates":[[[139.73515434341738,35.63259520606592],[139.7350430795122,35.632647112735],[139.73514876125157,35.63264862265577],[139.73515434341738,35.63259520606592]]]}},{"type":"Feature","properties":{"現象の種類":"急傾斜地の崩壊","区域区分":"土砂災害特別警戒区域","区域名":"-","所在地":"港区高輪三丁目","告示日":"2017/3/13"},"geometry":{"type":"Polygon","coordinates":[[[139.73538255784547,35.63262904708104],[139.735430703982,35.6323390054394],[139.7353544677502,35.63234715454829],[139.73530066797903,35.63252893473662],[139.73508084532273,35.63252329631261],[139.73508268772068,35.63261488617639],[139.73538255784547,35.63262904708104]]]}},{"type":"Feature","properties":{"現象の種類":"急傾斜地の崩壊","区域区分":"土砂災害特別警戒区域","区域名":"-","所在地":"港区高輪三丁目","告示日":"2017/3/13"},"geometry":{"type":"Polygon","coordinates":[[[139.7360274817318,35.6312336786871],[139.73595767559524,35.63127522903153],[139.73624922085384,35.631593939202936],[139.7362157443372,35.63143361184103],[139.7360274817318,35.6312336786871]]]}},{"type":"Feature","properties":{"現象の種類":"急傾斜地の崩壊","区域区分":"土砂災害特別警戒区域","区域名":"-","所在地":"港区高輪四丁目","告示日":"2017/3/13"},"geometry":{"type":"Polygon","coordinates":[[[139.73533890263886,35.624943189133354],[139.73516999911277,35.62493203680287],[139.73520406034896,35.62502434956276],[139.73533299319803,35.62501125474436],[139.73533890263886,35.624943189133354]]]}},{"type":"Feature","properties":{"現象の種類":"急傾斜地の崩壊","区域区分":"土砂災害特別警戒区域","区域名":"-","所在地":"新宿区中落合四丁目・西落合一丁目","告示日":"2017/3/13"},"geometry":{"type":"Polygon","coordinates":[[[139.6797583435337,35.71803947360136],[139.67972024638266,35.717978488214904],[139.67957040937273,35.718003710498266],[139.67949345539142,35.718091952267166],[139.67967322225968,35.71813066082737],[139.6797583435337,35.71803947360136]]]}},{"type":"Feature","properties":{"現象の種類":"急傾斜地の崩壊","区域区分":"土砂災害特別警戒区域","区域名":"-","所在地":"新宿区中落合四丁目・中井二丁目","告示日":"2017/3/13"},"geometry":{"type":"Polygon","coordinates":[[[139.67945864648954,35.71711869326172],[139.6792927957651,35.71713657170242],[139.6793551770506,35.71750456920467],[139.6792294935846,35.717576479719696],[139.6792194789173,35.71781780535627],[139.67928804862345,35.717907393478036],[139.67940151612245,35.71789964009665],[139.67944200134627,35.717779846658026],[139.67945864648954,35.71711869326172]]]}},{"type":"Feature","properties":{"現象の種類":"急傾斜地の崩壊","区域区分":"土砂災害特別警戒区域","区域名":"-","所在地":"新宿区中井二丁目・中野区上高田五丁目","告示日":"2017/3/13"},"geometry":{"type":"Polygon","coordinates":[[[139.67950457156783,35.71659936021835],[139.6796210047028,35.71645196698413],[139.6795347579999,35.71645916331939],[139.67950457156783,35.71659936021835]]]}},{"type":"Feature","properties":{"現象の種類":"急傾斜地の崩壊","区域区分":"土砂災害特別警戒区域","区域名":"-","所在地":"新宿区中落合二丁目","告示日":"2017/3/13"},"geometry":{"type":"Polygon","coordinates":[[[139.6936430563245,35.7176017549815],[139.6936909770851,35.71754590361075],[139.6936295524312,35.71755130813549],[139.6936430563245,35.7176017549815]]]}},{"type":"Feature","properties":{"現象の種類":"急傾斜地の崩壊","区域区分":"土砂災害特別警戒区域","区域名":"-","所在地":"練馬区南田中五丁目","告示日":"2017/3/13"},"geometry":{"type":"Polygon","coordinates":[[[139.61189567386586,35.738528011966686],[139.6112450871812,35.73858464591909],[139.6112506720073,35.73862703314953],[139.61189567386586,35.738528011966686]]]}},{"type":"Feature","properties":{"現象の種類":"急傾斜地の崩壊","区域区分":"土砂災害特別警戒区域","区域名":"-","所在地":"新宿区下落合四丁目","告示日":"2017/3/13"},"geometry":{"type":"Polygon","coordinates":[[[139.69701699738707,35.71776796807749],[139.69684742563308,35.71779797240658],[139.69701579642975,35.7180369767192],[139.69710954192672,35.717995789619735],[139.69701699738707,35.71776796807749]]]}},{"type":"Feature","properties":{"現象の種類":"急傾斜地の崩壊","区域区分":"土砂災害特別警戒区域","区域名":"-","所在地":"新宿区下落合四丁目","告示日":"2017/3/13"},"geometry":{"type":"Polygon","coordinates":[[[139.69753909650586,35.71819255734739],[139.69747802962812,35.7181596921728],[139.69753049192437,35.71821916187485],[139.69753909650586,35.71819255734739]]]}},{"type":"Feature","properties":{"現象の種類":"急傾斜地の崩壊","区域区分":"土砂災害特別警戒区域","区域名":"-","所在地":"新宿区下落合四丁目","告示日":"2017/3/13"},"geometry":{"type":"Polygon","coordinates":[[[139.6976462448921,35.718046855918],[139.69781940376905,35.717981323936144],[139.69780819322187,35.71792840797455],[139.69762840860105,35.717968744650136],[139.6976462448921,35.718046855918]]]}},{"type":"Feature","properties":{"現象の種類":"急傾斜地の崩壊","区域区分":"土砂災害特別警戒区域","区域名":"-","所在地":"新宿区下落合二丁目・四丁目","告示日":"2017/3/13"},"geometry":{"type":"Polygon","coordinates":[[[139.69919274436992,35.717948319545854],[139.69914830432757,35.71787995380403],[139.6990850978916,35.717905978571295],[139.69913704480942,35.717967657400635],[139.69919274436992,35.717948319545854]]]}},{"type":"Feature","properties":{"現象の種類":"急傾斜地の崩壊","区域区分":"土砂災害特別警戒区域","区域名":"-","所在地":"文京区関口二丁目","告示日":"2017/3/13"},"geometry":{"type":"Polygon","coordinates":[[[139.72502457052332,35.71189080087344],[139.72492128894746,35.71185970308294],[139.72502277570396,35.712645635016656],[139.72492573009166,35.712788314758924],[139.72515317008697,35.71269731267322],[139.7251772162017,35.71251342151171],[139.7251325502408,35.712377074693634],[139.7252043659357,35.71216982530062],[139.72502457052332,35.71189080087344]]]}},{"type":"Feature","properties":{"現象の種類":"急傾斜地の崩壊","区域区分":"土砂災害特別警戒区域","区域名":"-","所在地":"新宿区戸山一丁目・三丁目","告示日":"2017/3/13"},"geometry":{"type":"Polygon","coordinates":[[[139.71661757783983,35.70532977122985],[139.71637364524688,35.70526349127618],[139.71636737566442,35.705404781271646],[139.71650421388617,35.70543043653912],[139.71661757783983,35.70532977122985]]]}},{"type":"Feature","properties":{"現象の種類":"急傾斜地の崩壊","区域区分":"土砂災害特別警戒区域","区域名":"-","所在地":"新宿区大久保三丁目","告示日":"2017/3/13"},"geometry":{"type":"Polygon","coordinates":[[[139.70447780077785,35.7050059344395],[139.70444024701067,35.70492494259342],[139.70444042386663,35.705007604048916],[139.70447780077785,35.7050059344395]]]}},{"type":"Feature","properties":{"現象の種類":"急傾斜地の崩壊","区域区分":"土砂災害特別警戒区域","区域名":"-","所在地":"新宿区大久保二丁目・三丁目","告示日":"2017/3/13"},"geometry":{"type":"Polygon","coordinates":[[[139.70417198989446,35.70474468130053],[139.7041466293689,35.70464237542312],[139.7041279138449,35.704644994271774],[139.704127891109,35.70469790907033],[139.70417198989446,35.70474468130053]]]}},{"type":"Feature","properties":{"現象の種類":"急傾斜地の崩壊","区域区分":"土砂災害特別警戒区域","区域名":"-","所在地":"新宿区本塩町・千代田区五番町先","告示日":"2017/3/13"},"geometry":{"type":"Polygon","coordinates":[[[139.73069169151515,35.68821568215889],[139.73020431194755,35.68736180150403],[139.73055264798586,35.688150815792675],[139.73066941642557,35.68888200324158],[139.73072498858974,35.68903795444259],[139.73079481489344,35.68902417343569],[139.73069169151515,35.68821568215889]]]}},{"type":"Feature","properties":{"現象の種類":"急傾斜地の崩壊","区域区分":"土砂災害特別警戒区域","区域名":"-","所在地":"文京区大塚五丁目","告示日":"2017/3/13"},"geometry":{"type":"Polygon","coordinates":[[[139.72614512844515,35.72082395475251],[139.7259910646654,35.72081841059279],[139.7259825461152,35.72085283021469],[139.72611371802276,35.72088453434698],[139.72614512844515,35.72082395475251]]]}},{"type":"Feature","properties":{"現象の種類":"急傾斜地の崩壊","区域区分":"土砂災害特別警戒区域","区域名":"-","所在地":"文京区大塚五丁目","告示日":"2017/3/13"},"geometry":{"type":"Polygon","coordinates":[[[139.72918685645334,35.721452263289436],[139.72901061414686,35.721368554737275],[139.72905499723427,35.72153027118914],[139.72935152311902,35.72180699763214],[139.72918685645334,35.721452263289436]]]}},{"type":"Feature","properties":{"現象の種類":"急傾斜地の崩壊","区域区分":"土砂災害特別警戒区域","区域名":"-","所在地":"文京区大塚一丁目・二丁目・音羽一丁目・二丁目","告示日":"2017/3/13"},"geometry":{"type":"Polygon","coordinates":[[[139.7297155685492,35.71716251387216],[139.7290613171114,35.71725039633969],[139.72904428617917,35.717415513967495],[139.72922773541916,35.71743301492258],[139.72920054978167,35.717318939733524],[139.7297155685492,35.71716251387216]]]}},{"type":"Feature","properties":{"現象の種類":"急傾斜地の崩壊","区域区分":"土砂災害特別警戒区域","区域名":"-","所在地":"文京区大塚一丁目・二丁目・音羽一丁目・二丁目","告示日":"2017/3/13"},"geometry":{"type":"Polygon","coordinates":[[[139.72989589838463,35.71714703390415],[139.72989824081367,35.71708237402193],[139.7298813521939,35.71713398849919],[139.72989589838463,35.71714703390415]]]}},{"type":"Feature","properties":{"現象の種類":"急傾斜地の崩壊","区域区分":"土砂災害特別警戒区域","区域名":"-","所在地":"文京区目白台一丁目","告示日":"2017/3/13"},"geometry":{"type":"Polygon","coordinates":[[[139.7209976259011,35.714564748612105],[139.7216975328303,35.714434823891374],[139.72192330733512,35.71418803581926],[139.7220325382289,35.71417830839752],[139.72189782940828,35.71414623499998],[139.72096258741456,35.71447043004071],[139.7209976259011,35.714564748612105]]]}},{"type":"Feature","properties":{"現象の種類":"急傾斜地の崩壊","区域区分":"土砂災害特別警戒区域","区域名":"-","所在地":"文京区関口二丁目","告示日":"2017/3/13"},"geometry":{"type":"Polygon","coordinates":[[[139.72353939959643,35.71249829739058],[139.72387426931869,35.71246778485406],[139.72408480419693,35.71227050320621],[139.72403754809997,35.71217227979919],[139.7243772061262,35.712008827701204],[139.72466499318196,35.711717160333706],[139.72345620024262,35.712337795489844],[139.72353939959643,35.71249829739058]]]}},{"type":"Feature","properties":{"現象の種類":"急傾斜地の崩壊","区域区分":"土砂災害特別警戒区域","区域名":"-","所在地":"文京区関口二丁目","告示日":"2017/3/13"},"geometry":{"type":"Polygon","coordinates":[[[139.72435651957537,35.712245981197185],[139.7243887297464,35.712125080940545],[139.72406753087495,35.71222094693343],[139.72410965262614,35.71228931694165],[139.72435651957537,35.712245981197185]]]}},{"type":"Feature","properties":{"現象の種類":"急傾斜地の崩壊","区域区分":"土砂災害特別警戒区域","区域名":"-","所在地":"文京区音羽一丁目","告示日":"2017/3/13"},"geometry":{"type":"Polygon","coordinates":[[[139.73083036871517,35.713640138737524],[139.73057405407081,35.713600439596725],[139.73066116441225,35.713998265418574],[139.73083036871517,35.713640138737524]]]}},{"type":"Feature","properties":{"現象の種類":"急傾斜地の崩壊","区域区分":"土砂災害特別警戒区域","区域名":"-","所在地":"文京区音羽一丁目","告示日":"2017/3/13"},"geometry":{"type":"Polygon","coordinates":[[[139.73112689911952,35.71298117289919],[139.73123301448535,35.71272324254213],[139.73106855901224,35.7129596138661],[139.73112689911952,35.71298117289919]]]}},{"type":"Feature","properties":{"現象の種類":"急傾斜地の崩壊","区域区分":"土砂災害特別警戒区域","区域名":"-","所在地":"文京区小日向一丁目・春日二丁目","告示日":"2017/3/13"},"geometry":{"type":"Polygon","coordinates":[[[139.74092143553173,35.710897661690154],[139.7410701218787,35.710918865482334],[139.7409777866684,35.710803015986755],[139.7403992999945,35.71106031608118],[139.74074223856223,35.71175185665955],[139.74069128369686,35.71217977073991],[139.74078959640812,35.71219301240843],[139.74086586499826,35.71173275959416],[139.74050075851972,35.71108573256996],[139.74092143553173,35.710897661690154]]]}},{"type":"Feature","properties":{"現象の種類":"急傾斜地の崩壊","区域区分":"土砂災害特別警戒区域","区域名":"-","所在地":"文京区湯島三丁目","告示日":"2017/3/13"},"geometry":{"type":"Polygon","coordinates":[[[139.7686384708557,35.70748519325187],[139.76851014878548,35.70748230550996],[139.76852985792425,35.70765358323974],[139.7686160393285,35.70765903687372],[139.7686384708557,35.70748519325187]]]}},{"type":"Feature","properties":{"現象の種類":"急傾斜地の崩壊","区域区分":"土砂災害特別警戒区域","区域名":"-","所在地":"大田区田園調布四丁目","告示日":"2017/3/13"},"geometry":{"type":"Polygon","coordinates":[[[139.6629153571849,35.59273704037049],[139.66275038888458,35.59261393557985],[139.6627871124808,35.592709227094126],[139.66265587708736,35.592796379944716],[139.66285157845252,35.59280902722887],[139.6629153571849,35.59273704037049]]]}},{"type":"Feature","properties":{"現象の種類":"急傾斜地の崩壊","区域区分":"土砂災害特別警戒区域","区域名":"-","所在地":"大田区田園調布四丁目","告示日":"2017/3/13"},"geometry":{"type":"Polygon","coordinates":[[[139.6636140060039,35.591904621354935],[139.6635658853316,35.591825247465096],[139.66354414599647,35.59184842239608],[139.6636140060039,35.591904621354935]]]}},{"type":"Feature","properties":{"現象の種類":"急傾斜地の崩壊","区域区分":"土砂災害特別警戒区域","区域名":"-","所在地":"大田区田園調布一丁目","告示日":"2017/3/13"},"geometry":{"type":"Polygon","coordinates":[[[139.667104760671,35.589127452517985],[139.66711025530523,35.588928083568376],[139.66691001368318,35.589152616235715],[139.667104760671,35.589127452517985]]]}},{"type":"Feature","properties":{"現象の種類":"急傾斜地の崩壊","区域区分":"土砂災害特別警戒区域","区域名":"-","所在地":"大田区田園調布一丁目","告示日":"2017/3/13"},"geometry":{"type":"Polygon","coordinates":[[[139.6681309020819,35.58769877152431],[139.6676609739854,35.58796312200869],[139.66748958705227,35.58835346070639],[139.66816281651197,35.58775151134941],[139.6681309020819,35.58769877152431]]]}},{"type":"Feature","properties":{"現象の種類":"急傾斜地の崩壊","区域区分":"土砂災害特別警戒区域","区域名":"-","所在地":"大田区田園調布一丁目","告示日":"2017/3/13"},"geometry":{"type":"Polygon","coordinates":[[[139.66809172053502,35.588749068490785],[139.66822508559932,35.58862567074758],[139.6682604212026,35.588545989803244],[139.6681286964712,35.58849631059433],[139.6679584911594,35.58874036883401],[139.66809172053502,35.588749068490785]]]}},{"type":"Feature","properties":{"現象の種類":"急傾斜地の崩壊","区域区分":"土砂災害特別警戒区域","区域名":"-","所在地":"大田区田園調布一丁目","告示日":"2017/3/13"},"geometry":{"type":"Polygon","coordinates":[[[139.66801385785524,35.588882890554416],[139.66785464836497,35.58881134586412],[139.66774517715592,35.588960223909105],[139.66789549015905,35.58904775183784],[139.66801385785524,35.588882890554416]]]}},{"type":"Feature","properties":{"現象の種類":"急傾斜地の崩壊","区域区分":"土砂災害特別警戒区域","区域名":"-","所在地":"大田区田園調布一丁目","告示日":"2017/3/13"},"geometry":{"type":"Polygon","coordinates":[[[139.67006477281595,35.58920972389006],[139.6697978229266,35.58929892808298],[139.6697217261149,35.58950868904121],[139.66952921299526,35.589558370810735],[139.66941507161866,35.58968582758645],[139.6693191466307,35.59002812859215],[139.66941280674098,35.590161088693534],[139.66961908921712,35.59025617497985],[139.66959593007496,35.589620645034515],[139.66994801610673,35.5894955255492],[139.66994429908357,35.58934787074406],[139.67006477281595,35.58920972389006]]]}},{"type":"Feature","properties":{"現象の種類":"急傾斜地の崩壊","区域区分":"土砂災害特別警戒区域","区域名":"-","所在地":"大田区田園調布一丁目","告示日":"2017/3/13"},"geometry":{"type":"Polygon","coordinates":[[[139.6704566133996,35.589458228066555],[139.6705899124342,35.589383162178045],[139.67056557212942,35.58905867597234],[139.67024071058245,35.58892879769783],[139.67042163567214,35.58910794896044],[139.6704699668468,35.58930919903595],[139.67023439706003,35.5891793292072],[139.6702120064487,35.58922524015097],[139.67029368773208,35.58939866689599],[139.6704566133996,35.589458228066555]]]}},{"type":"Feature","properties":{"現象の種類":"急傾斜地の崩壊","区域区分":"土砂災害特別警戒区域","区域名":"-","所在地":"大田区田園調布一丁目","告示日":"2017/3/13"},"geometry":{"type":"Polygon","coordinates":[[[139.6702181675045,35.588482365282545],[139.6700700583686,35.58840698551281],[139.67002410958213,35.58856539110164],[139.67013832353936,35.58867341836399],[139.6702181675045,35.588482365282545]]]}},{"type":"Feature","properties":{"現象の種類":"急傾斜地の崩壊","区域区分":"土砂災害特別警戒区域","区域名":"-","所在地":"大田区田園調布一丁目","告示日":"2017/3/13"},"geometry":{"type":"Polygon","coordinates":[[[139.6711043792574,35.58781050630934],[139.67100944078385,35.58769850398106],[139.67096187982878,35.58771623133511],[139.6711043792574,35.58781050630934]]]}},{"type":"Feature","properties":{"現象の種類":"急傾斜地の崩壊","区域区分":"土砂災害特別警戒区域","区域名":"-","所在地":"大田区西嶺町","告示日":"2017/3/13"},"geometry":{"type":"Polygon","coordinates":[[[139.6776842709823,35.58104206797556],[139.677612934495,35.58118640153328],[139.67768140519897,35.581250626742886],[139.67772067127686,35.58122254032372],[139.6776842709823,35.58104206797556]]]}},{"type":"Feature","properties":{"現象の種類":"急傾斜地の崩壊","区域区分":"土砂災害特別警戒区域","区域名":"-","所在地":"大田区西嶺町","告示日":"2017/3/13"},"geometry":{"type":"Polygon","coordinates":[[[139.67803575629605,35.5815735188578],[139.67790547105668,35.58157144585849],[139.6776940750657,35.58142350806726],[139.67789055336343,35.581634588161016],[139.6780345130797,35.581649249914584],[139.67803575629605,35.5815735188578]]]}},{"type":"Feature","properties":{"現象の種類":"急傾斜地の崩壊","区域区分":"土砂災害特別警戒区域","区域名":"-","所在地":"大田区千鳥三丁目","告示日":"2017/3/13"},"geometry":{"type":"Polygon","coordinates":[[[139.68824909098504,35.57313379372872],[139.6878044941825,35.57301625576088],[139.68691893672747,35.57299026823079],[139.6870857786916,35.573077102138214],[139.68824909098504,35.57313379372872]]]}},{"type":"Feature","properties":{"現象の種類":"急傾斜地の崩壊","区域区分":"土砂災害特別警戒区域","区域名":"-","所在地":"大田区南馬込二丁目","告示日":"2017/3/13"},"geometry":{"type":"Polygon","coordinates":[[[139.71561399163568,35.590358748668294],[139.71553894988307,35.59038519857476],[139.7155633510591,35.5904079873182],[139.71561399163568,35.590358748668294]]]}},{"type":"Feature","properties":{"現象の種類":"急傾斜地の崩壊","区域区分":"土砂災害特別警戒区域","区域名":"-","所在地":"練馬区桜台六丁目","告示日":"2017/3/13"},"geometry":{"type":"Polygon","coordinates":[[[139.65887397326043,35.748644878690754],[139.6587925913836,35.74860890096613],[139.6585808761947,35.74874832764684],[139.65867710122401,35.74880108578752],[139.65887397326043,35.748644878690754]]]}},{"type":"Feature","properties":{"現象の種類":"急傾斜地の崩壊","区域区分":"土砂災害特別警戒区域","区域名":"-","所在地":"練馬区桜台六丁目","告示日":"2017/3/13"},"geometry":{"type":"Polygon","coordinates":[[[139.65735781317224,35.74852289853693],[139.65721757039407,35.748453288368786],[139.65718730439664,35.74852475898685],[139.6573283053187,35.74860036624451],[139.65735781317224,35.74852289853693]]]}},{"type":"Feature","properties":{"現象の種類":"急傾斜地の崩壊","区域区分":"土砂災害特別警戒区域","区域名":"-","所在地":"練馬区桜台六丁目","告示日":"2017/3/13"},"geometry":{"type":"Polygon","coordinates":[[[139.65696606524443,35.74849392752987],[139.65690189509064,35.748459416174086],[139.65686273884296,35.74849115801367],[139.65696606524443,35.74849392752987]]]}},{"type":"Feature","properties":{"現象の種類":"急傾斜地の崩壊","区域区分":"土砂災害特別警戒区域","区域名":"-","所在地":"練馬区南田中五丁目","告示日":"2017/3/13"},"geometry":{"type":"Polygon","coordinates":[[[139.61217135121035,35.73859546066661],[139.61204513051774,35.73853404488416],[139.61201158096048,35.738564746955916],[139.61217135121035,35.73859546066661]]]}},{"type":"Feature","properties":{"現象の種類":"急傾斜地の崩壊","区域区分":"土砂災害特別警戒区域","区域名":"-","所在地":"港区元麻布一丁目","告示日":"2019/9/26"},"geometry":{"type":"Polygon","coordinates":[[[139.7339061198486,35.65368734583382],[139.733942486811,35.6536402041898],[139.73388301484314,35.65366435322423],[139.7339061198486,35.65368734583382]]]}},{"type":"Feature","properties":{"現象の種類":"急傾斜地の崩壊","区域区分":"土砂災害特別警戒区域","区域名":"-","所在地":"荒川区西日暮里四丁目、西日暮里五丁目","告示日":"2018/1/30"},"geometry":{"type":"Polygon","coordinates":[[[139.76598732612808,35.7329324635784],[139.7658577004598,35.732850299946556],[139.76574385893048,35.733084624904606],[139.76586279982718,35.7331435552958],[139.76598732612808,35.7329324635784]]]}},{"type":"Feature","properties":{"現象の種類":"急傾斜地の崩壊","区域区分":"土砂災害特別警戒区域","区域名":"-","所在地":"荒川区西日暮里四丁目、西日暮里五丁目","告示日":"2018/1/30"},"geometry":{"type":"Polygon","coordinates":[[[139.76598732612808,35.7329324635784],[139.7658577004598,35.732850299946556],[139.76574385893048,35.733084624904606],[139.76586279982718,35.7331435552958],[139.76598732612808,35.7329324635784]]]}},{"type":"Feature","properties":{"現象の種類":"急傾斜地の崩壊","区域区分":"土砂災害特別警戒区域","区域名":"-","所在地":"荒川区西日暮里四丁目、西日暮里五丁目","告示日":"2018/1/30"},"geometry":{"type":"Polygon","coordinates":[[[139.766204217624,35.732555086117365],[139.7664397320056,35.73223228609974],[139.7662484793184,35.73224148581254],[139.7660944734748,35.73250060294588],[139.766204217624,35.732555086117365]]]}},{"type":"Feature","properties":{"現象の種類":"急傾斜地の崩壊","区域区分":"土砂災害特別警戒区域","区域名":"-","所在地":"荒川区西日暮里四丁目、西日暮里五丁目","告示日":"2018/1/30"},"geometry":{"type":"Polygon","coordinates":[[[139.76620421762092,35.732555086121465],[139.76643973200586,35.73223228610341],[139.7662484793181,35.73224148580908],[139.7660944734725,35.73250060294923],[139.76620421762092,35.732555086121465]]]}},{"type":"Feature","properties":{"現象の種類":"急傾斜地の崩壊","区域区分":"土砂災害特別警戒区域","区域名":"-","所在地":"荒川区西日暮里三丁目","告示日":"2018/1/30"},"geometry":{"type":"Polygon","coordinates":[[[139.76634427506755,35.73100755557735],[139.7662918391859,35.730976747925595],[139.7661203505406,35.73130397855834],[139.76622926715132,35.73133595254554],[139.76634427506755,35.73100755557735]]]}},{"type":"Feature","properties":{"現象の種類":"急傾斜地の崩壊","区域区分":"土砂災害特別警戒区域","区域名":"-","所在地":"荒川区西日暮里三丁目","告示日":"2018/1/30"},"geometry":{"type":"Polygon","coordinates":[[[139.76641538329403,35.73072823757713],[139.7664799314503,35.73075189697727],[139.76659469147123,35.730582911791195],[139.76647467207442,35.73058935437334],[139.76641538329403,35.73072823757713]]]}},{"type":"Feature","properties":{"現象の種類":"急傾斜地の崩壊","区域区分":"土砂災害特別警戒区域","区域名":"-","所在地":"荒川区西日暮里三丁目","告示日":"2018/1/30"},"geometry":{"type":"Polygon","coordinates":[[[139.7667881334898,35.73013455867494],[139.76681488634,35.73002270874268],[139.7667487368005,35.7300023166396],[139.76667285920033,35.730084064059646],[139.7667881334898,35.73013455867494]]]}},{"type":"Feature","properties":{"現象の種類":"急傾斜地の崩壊","区域区分":"土砂災害特別警戒区域","区域名":"-","所在地":"荒川区西日暮里三丁目","告示日":"2018/1/30"},"geometry":{"type":"Polygon","coordinates":[[[139.7673730213474,35.72855634880833],[139.7672585478204,35.72852391082149],[139.7672331257655,35.728624170293955],[139.76722084283847,35.72875192283018],[139.76729184421245,35.72877689294877],[139.7673730213474,35.72855634880833]]]}},{"type":"Feature","properties":{"現象の種類":"急傾斜地の崩壊","区域区分":"土砂災害特別警戒区域","区域名":"-","所在地":"杉並区高井戸東一丁目、高井戸東二丁目","告示日":"2018/1/30"},"geometry":{"type":"Polygon","coordinates":[[[139.61917208010175,35.68083448328027],[139.61893425729642,35.68117030341986],[139.6188443989008,35.68141200423324],[139.6189218877172,35.6813999725887],[139.61921792658117,35.680864583336536],[139.61917208010175,35.68083448328027]]]}},{"type":"Feature","properties":{"現象の種類":"急傾斜地の崩壊","区域区分":"土砂災害特別警戒区域","区域名":"-","所在地":"杉並区高井戸東一丁目","告示日":"2018/1/30"},"geometry":{"type":"Polygon","coordinates":[[[139.6194170109051,35.68066850976371],[139.6197782635647,35.680450277328326],[139.61937216201474,35.68064021446901],[139.6194170109051,35.68066850976371]]]}},{"type":"Feature","properties":{"現象の種類":"急傾斜地の崩壊","区域区分":"土砂災害特別警戒区域","区域名":"-","所在地":"杉並区和泉四丁目","告示日":"2018/1/30"},"geometry":{"type":"Polygon","coordinates":[[[139.6542789710954,35.680281164846235],[139.65434126696715,35.68033678726186],[139.65434630301496,35.68028514122937],[139.6542789710954,35.680281164846235]]]}},{"type":"Feature","properties":{"現象の種類":"急傾斜地の崩壊","区域区分":"土砂災害特別警戒区域","区域名":"-","所在地":"杉並区久我山二丁目","告示日":"2018/1/30"},"geometry":{"type":"Polygon","coordinates":[[[139.6007005679793,35.68679011482516],[139.60033676939875,35.68685332449867],[139.6003514183556,35.68689265631338],[139.6007005679793,35.68679011482516]]]}},{"type":"Feature","properties":{"現象の種類":"急傾斜地の崩壊","区域区分":"土砂災害特別警戒区域","区域名":"-","所在地":"世田谷区代田四丁目","告示日":"2018/1/30"},"geometry":{"type":"Polygon","coordinates":[[[139.6545942247043,35.65761335776721],[139.6544387494409,35.65751829321999],[139.65443531915176,35.65762673388131],[139.6545942247043,35.65761335776721]]]}},{"type":"Feature","properties":{"現象の種類":"急傾斜地の崩壊","区域区分":"土砂災害特別警戒区域","区域名":"-","所在地":"世田谷区北沢一丁目、目黒区駒場四丁目","告示日":"2018/1/30"},"geometry":{"type":"Polygon","coordinates":[[[139.67622883639675,35.66166088476617],[139.67627731390306,35.661190205202566],[139.67614155243584,35.661664557000485],[139.67622883639675,35.66166088476617]]]}},{"type":"Feature","properties":{"現象の種類":"急傾斜地の崩壊","区域区分":"土砂災害特別警戒区域","区域名":"-","所在地":"世田谷区池尻四丁目","告示日":"2018/1/30"},"geometry":{"type":"Polygon","coordinates":[[[139.67900359137263,35.652507697977434],[139.67903011718175,35.652640517332294],[139.67914066274682,35.652661933416155],[139.67909295822818,35.6525525249798],[139.67924584379188,35.65239361261325],[139.67916150009543,35.65234203118744],[139.67900359137263,35.652507697977434]]]}},{"type":"Feature","properties":{"現象の種類":"急傾斜地の崩壊","区域区分":"土砂災害特別警戒区域","区域名":"-","所在地":"世田谷区池尻四丁目","告示日":"2018/1/30"},"geometry":{"type":"Polygon","coordinates":[[[139.68019708767568,35.652412404379845],[139.6800031314237,35.65232760046071],[139.67999937048828,35.652484269792524],[139.6801350571085,35.65250598740825],[139.68019708767568,35.652412404379845]]]}},{"type":"Feature","properties":{"現象の種類":"急傾斜地の崩壊","区域区分":"土砂災害特別警戒区域","区域名":"-","所在地":"世田谷区池尻四丁目","告示日":"2018/1/30"},"geometry":{"type":"Polygon","coordinates":[[[139.68114217013854,35.652510148932045],[139.68035772443676,35.65243893121552],[139.68034047975016,35.6525492482757],[139.6811374455342,35.65259974829776],[139.68114217013854,35.652510148932045]]]}},{"type":"Feature","properties":{"現象の種類":"急傾斜地の崩壊","区域区分":"土砂災害特別警戒区域","区域名":"-","所在地":"世田谷区成城四丁目","告示日":"2018/1/30"},"geometry":{"type":"Polygon","coordinates":[[[139.59272129313982,35.63904812525506],[139.59287710028408,35.63893521267313],[139.5929333425872,35.63882805087657],[139.5928667477181,35.6387731090233],[139.59272129313982,35.63904812525506]]]}},{"type":"Feature","properties":{"現象の種類":"急傾斜地の崩壊","区域区分":"土砂災害特別警戒区域","区域名":"-","所在地":"世田谷区成城三丁目","告示日":"2018/1/30"},"geometry":{"type":"Polygon","coordinates":[[[139.5937008282664,35.637797585578745],[139.59351358123843,35.63782642033096],[139.59357658243772,35.63792570665179],[139.59370001782395,35.637886017468574],[139.5937008282664,35.637797585578745]]]}},{"type":"Feature","properties":{"現象の種類":"急傾斜地の崩壊","区域区分":"土砂災害特別警戒区域","区域名":"-","所在地":"世田谷区成城三丁目","告示日":"2018/1/30"},"geometry":{"type":"Polygon","coordinates":[[[139.59360429288904,35.63755192516807],[139.5936331985862,35.637601292708794],[139.59363397527545,35.63755468862487],[139.59360429288904,35.63755192516807]]]}},{"type":"Feature","properties":{"現象の種類":"急傾斜地の崩壊","区域区分":"土砂災害特別警戒区域","区域名":"-","所在地":"世田谷区成城三丁目","告示日":"2018/1/30"},"geometry":{"type":"Polygon","coordinates":[[[139.5936567338324,35.63740563195136],[139.59361102779317,35.637431503132476],[139.59366741876582,35.63742638685682],[139.5936567338324,35.63740563195136]]]}},{"type":"Feature","properties":{"現象の種類":"急傾斜地の崩壊","区域区分":"土砂災害特別警戒区域","区域名":"-","所在地":"世田谷区成城三丁目","告示日":"2018/1/30"},"geometry":{"type":"Polygon","coordinates":[[[139.59673295037302,35.635286243699184],[139.5968876485378,35.63526716598346],[139.59688322023698,35.63525552841524],[139.59673295037302,35.635286243699184]]]}},{"type":"Feature","properties":{"現象の種類":"急傾斜地の崩壊","区域区分":"土砂災害特別警戒区域","区域名":"-","所在地":"世田谷区成城一丁目","告示日":"2018/1/30"},"geometry":{"type":"Polygon","coordinates":[[[139.60116105961535,35.63281322061988],[139.60118002422828,35.632711121327915],[139.6011237808418,35.63272949293296],[139.60116105961535,35.63281322061988]]]}},{"type":"Feature","properties":{"現象の種類":"急傾斜地の崩壊","区域区分":"土砂災害特別警戒区域","区域名":"-","所在地":"世田谷区喜多見六丁目","告示日":"2018/1/30"},"geometry":{"type":"Polygon","coordinates":[[[139.60462258295365,35.6313301731488],[139.60484924206926,35.63104583076221],[139.60457289329403,35.6312863577966],[139.60462258295365,35.6313301731488]]]}},{"type":"Feature","properties":{"現象の種類":"急傾斜地の崩壊","区域区分":"土砂災害特別警戒区域","区域名":"-","所在地":"世田谷区大蔵六丁目","告示日":"2018/1/30"},"geometry":{"type":"Polygon","coordinates":[[[139.60977876664313,35.625484388906806],[139.609675035389,35.62558669294792],[139.60980229006927,35.625539241626],[139.60977876664313,35.625484388906806]]]}},{"type":"Feature","properties":{"現象の種類":"急傾斜地の崩壊","区域区分":"土砂災害特別警戒区域","区域名":"-","所在地":"世田谷区大蔵六丁目","告示日":"2018/1/30"},"geometry":{"type":"Polygon","coordinates":[[[139.61007918150818,35.6253527912098],[139.61003277255418,35.62543933598835],[139.6101019329072,35.625390604752525],[139.61007918150818,35.6253527912098]]]}},{"type":"Feature","properties":{"現象の種類":"急傾斜地の崩壊","区域区分":"土砂災害特別警戒区域","区域名":"-","所在地":"世田谷区岡本三丁目","告示日":"2018/1/30"},"geometry":{"type":"Polygon","coordinates":[[[139.61306608311776,35.62784858597311],[139.6128487189436,35.6278128509408],[139.61298557958642,35.62798221611761],[139.61307118564807,35.62794712539392],[139.61306608311776,35.62784858597311]]]}},{"type":"Feature","properties":{"現象の種類":"急傾斜地の崩壊","区域区分":"土砂災害特別警戒区域","区域名":"-","所在地":"世田谷区岡本三丁目","告示日":"2018/1/30"},"geometry":{"type":"Polygon","coordinates":[[[139.61333046004148,35.62664597413423],[139.61332614485826,35.62649262707394],[139.61305921401248,35.626568132808174],[139.61303481723613,35.626764337104],[139.61322054744238,35.62681182319888],[139.61333046004148,35.62664597413423]]]}},{"type":"Feature","properties":{"現象の種類":"急傾斜地の崩壊","区域区分":"土砂災害特別警戒区域","区域名":"-","所在地":"世田谷区岡本三丁目","告示日":"2018/1/30"},"geometry":{"type":"Polygon","coordinates":[[[139.61323465332373,35.626416376320826],[139.6131828010526,35.62652968586556],[139.61337279464385,35.626450072964744],[139.61329726285047,35.626431635298474],[139.61323465332373,35.626416376320826]]]}},{"type":"Feature","properties":{"現象の種類":"急傾斜地の崩壊","区域区分":"土砂災害特別警戒区域","区域名":"-","所在地":"世田谷区岡本一丁目","告示日":"2018/1/30"},"geometry":{"type":"Polygon","coordinates":[[[139.61867755978568,35.625231305158756],[139.61876304969553,35.62530582832721],[139.61888705754853,35.625278554434814],[139.61875192089835,35.62521079407352],[139.61867755978568,35.625231305158756]]]}},{"type":"Feature","properties":{"現象の種類":"急傾斜地の崩壊","区域区分":"土砂災害特別警戒区域","区域名":"-","所在地":"世田谷区岡本一丁目","告示日":"2018/1/30"},"geometry":{"type":"Polygon","coordinates":[[[139.61967099631033,35.624769447509976],[139.6196318812521,35.6246512861795],[139.61958033953104,35.62465173562339],[139.61960087573124,35.62477076547734],[139.61967099631033,35.624769447509976]]]}},{"type":"Feature","properties":{"現象の種類":"急傾斜地の崩壊","区域区分":"土砂災害特別警戒区域","区域名":"-","所在地":"世田谷区岡本一丁目","告示日":"2018/1/30"},"geometry":{"type":"Polygon","coordinates":[[[139.61966678061142,35.62412921934668],[139.6196978990826,35.624035612276],[139.61961814292337,35.62409929457382],[139.61966678061142,35.62412921934668]]]}},{"type":"Feature","properties":{"現象の種類":"急傾斜地の崩壊","区域区分":"土砂災害特別警戒区域","区域名":"-","所在地":"世田谷区岡本一丁目","告示日":"2018/1/30"},"geometry":{"type":"Polygon","coordinates":[[[139.62057845683958,35.623586978641534],[139.62025455646287,35.623621563380105],[139.6199344465086,35.62384023320669],[139.61997033939514,35.62386878308495],[139.62057845683958,35.623586978641534]]]}},{"type":"Feature","properties":{"現象の種類":"急傾斜地の崩壊","区域区分":"土砂災害特別警戒区域","区域名":"-","所在地":"世田谷区岡本二丁目","告示日":"2018/1/30"},"geometry":{"type":"Polygon","coordinates":[[[139.6182866350005,35.62254351993613],[139.61854750039808,35.62248196444182],[139.6187221093132,35.62229296781568],[139.61818434787065,35.62245210899956],[139.6182866350005,35.62254351993613]]]}},{"type":"Feature","properties":{"現象の種類":"急傾斜地の崩壊","区域区分":"土砂災害特別警戒区域","区域名":"-","所在地":"世田谷区瀬田四丁目","告示日":"2018/1/30"},"geometry":{"type":"Polygon","coordinates":[[[139.62552863986434,35.620247123703656],[139.6255506531413,35.620537343594336],[139.6256549734894,35.62051381490104],[139.6256336666086,35.62023197988004],[139.62552863986434,35.620247123703656]]]}},{"type":"Feature","properties":{"現象の種類":"急傾斜地の崩壊","区域区分":"土砂災害特別警戒区域","区域名":"-","所在地":"世田谷区瀬田四丁目","告示日":"2018/1/30"},"geometry":{"type":"Polygon","coordinates":[[[139.6254711013345,35.61982144229776],[139.62543238296558,35.619899442461225],[139.62548687223799,35.61988475242819],[139.6254711013345,35.61982144229776]]]}},{"type":"Feature","properties":{"現象の種類":"急傾斜地の崩壊","区域区分":"土砂災害特別警戒区域","区域名":"-","所在地":"世田谷区瀬田四丁目","告示日":"2018/1/30"},"geometry":{"type":"Polygon","coordinates":[[[139.62593502039823,35.619613281911754],[139.62595933402727,35.6195420177864],[139.6258132304014,35.619632273434064],[139.62593502039823,35.619613281911754]]]}},{"type":"Feature","properties":{"現象の種類":"急傾斜地の崩壊","区域区分":"土砂災害特別警戒区域","区域名":"-","所在地":"世田谷区瀬田四丁目","告示日":"2018/1/30"},"geometry":{"type":"Polygon","coordinates":[[[139.6268883274302,35.619771323519764],[139.62680671502508,35.61971087556478],[139.626684537671,35.61973888196547],[139.6268413668625,35.61979738556457],[139.6268883274302,35.619771323519764]]]}},{"type":"Feature","properties":{"現象の種類":"急傾斜地の崩壊","区域区分":"土砂災害特別警戒区域","区域名":"-","所在地":"世田谷区瀬田四丁目","告示日":"2018/1/30"},"geometry":{"type":"Polygon","coordinates":[[[139.6272831821094,35.619543477758754],[139.62739817025533,35.61944261998997],[139.6272588760846,35.6195057549005],[139.6272831821094,35.619543477758754]]]}},{"type":"Feature","properties":{"現象の種類":"急傾斜地の崩壊","区域区分":"土砂災害特別警戒区域","区域名":"-","所在地":"世田谷区瀬田四丁目","告示日":"2018/1/30"},"geometry":{"type":"Polygon","coordinates":[[[139.62817586672514,35.61901683201222],[139.6279942183424,35.61897902157288],[139.6284959958546,35.61955987909791],[139.62846827232963,35.61932671278748],[139.62817586672514,35.61901683201222]]]}},{"type":"Feature","properties":{"現象の種類":"急傾斜地の崩壊","区域区分":"土砂災害特別警戒区域","区域名":"-","所在地":"世田谷区瀬田一丁目","告示日":"2018/1/30"},"geometry":{"type":"Polygon","coordinates":[[[139.63043755536995,35.61430085264762],[139.6302242999234,35.614235948317216],[139.63019907153168,35.614275029458604],[139.63034535803237,35.61435884198681],[139.63043755536995,35.61430085264762]]]}},{"type":"Feature","properties":{"現象の種類":"急傾斜地の崩壊","区域区分":"土砂災害特別警戒区域","区域名":"-","所在地":"世田谷区瀬田一丁目","告示日":"2018/1/30"},"geometry":{"type":"Polygon","coordinates":[[[139.63188987271369,35.61328796697811],[139.6321012863337,35.61317897226092],[139.63205258164308,35.61310388883453],[139.63182193704057,35.61318454523606],[139.63188987271369,35.61328796697811]]]}},{"type":"Feature","properties":{"現象の種類":"急傾斜地の崩壊","区域区分":"土砂災害特別警戒区域","区域名":"-","所在地":"世田谷区瀬田一丁目","告示日":"2018/1/30"},"geometry":{"type":"Polygon","coordinates":[[[139.63233961077242,35.613012688743034],[139.63231484367915,35.61297712961559],[139.63233050664283,35.61304882239445],[139.63233961077242,35.613012688743034]]]}},{"type":"Feature","properties":{"現象の種類":"急傾斜地の崩壊","区域区分":"土砂災害特別警戒区域","区域名":"-","所在地":"世田谷区瀬田一丁目","告示日":"2018/1/30"},"geometry":{"type":"Polygon","coordinates":[[[139.6325929841202,35.613163566014364],[139.63283809629826,35.612976739361955],[139.63255162285006,35.61299158728892],[139.63244168192895,35.61308290297129],[139.6325929841202,35.613163566014364]]]}},{"type":"Feature","properties":{"現象の種類":"急傾斜地の崩壊","区域区分":"土砂災害特別警戒区域","区域名":"-","所在地":"世田谷区瀬田一丁目","告示日":"2018/1/30"},"geometry":{"type":"Polygon","coordinates":[[[139.63277650118894,35.61281311068419],[139.6328062904202,35.61273347055099],[139.63269099930983,35.61274346520861],[139.63277650118894,35.61281311068419]]]}},{"type":"Feature","properties":{"現象の種類":"急傾斜地の崩壊","区域区分":"土砂災害特別警戒区域","区域名":"-","所在地":"世田谷区上野毛二丁目、上野毛三丁目","告示日":"2018/1/30"},"geometry":{"type":"Polygon","coordinates":[[[139.6364712675536,35.61059834833051],[139.63609498225296,35.610411219313626],[139.63605659925634,35.61046993217638],[139.6364712675536,35.61059834833051]]]}},{"type":"Feature","properties":{"現象の種類":"急傾斜地の崩壊","区域区分":"土砂災害特別警戒区域","区域名":"-","所在地":"世田谷区上野毛二丁目","告示日":"2018/1/30"},"geometry":{"type":"Polygon","coordinates":[[[139.63678858345634,35.6090624946781],[139.6370037575155,35.60915849120353],[139.6369441991291,35.60909051361331],[139.63703513012376,35.608987443695476],[139.63689730632268,35.60894376833997],[139.63678858345634,35.6090624946781]]]}},{"type":"Feature","properties":{"現象の種類":"急傾斜地の崩壊","区域区分":"土砂災害特別警戒区域","区域名":"-","所在地":"世田谷区上野毛二丁目","告示日":"2018/1/30"},"geometry":{"type":"Polygon","coordinates":[[[139.63717289258034,35.60767630242606],[139.6369971188902,35.607664837955845],[139.63715472864757,35.60784457696196],[139.6370276020968,35.60808127575427],[139.63726996066285,35.60807959695613],[139.63717289258034,35.60767630242606]]]}},{"type":"Feature","properties":{"現象の種類":"急傾斜地の崩壊","区域区分":"土砂災害特別警戒区域","区域名":"-","所在地":"世田谷区野毛三丁目、上野毛二丁目","告示日":"2018/1/30"},"geometry":{"type":"Polygon","coordinates":[[[139.63732283272196,35.60704407630932],[139.63722804856,35.6070483392894],[139.63733668746582,35.60714930019132],[139.63732283272196,35.60704407630932]]]}},{"type":"Feature","properties":{"現象の種類":"急傾斜地の崩壊","区域区分":"土砂災害特別警戒区域","区域名":"-","所在地":"世田谷区野毛三丁目","告示日":"2018/1/30"},"geometry":{"type":"Polygon","coordinates":[[[139.63844105453413,35.60514415222775],[139.6382728872889,35.60518922400302],[139.638150299108,35.605284671321854],[139.63827988448742,35.605382059452424],[139.63850191676548,35.60523692161372],[139.63844105453413,35.60514415222775]]]}},{"type":"Feature","properties":{"現象の種類":"急傾斜地の崩壊","区域区分":"土砂災害特別警戒区域","区域名":"-","所在地":"世田谷区野毛二丁目","告示日":"2018/1/30"},"geometry":{"type":"Polygon","coordinates":[[[139.638935657673,35.60492300956347],[139.6389177515866,35.604798307565154],[139.63883046043793,35.60482980825266],[139.638935657673,35.60492300956347]]]}},{"type":"Feature","properties":{"現象の種類":"急傾斜地の崩壊","区域区分":"土砂災害特別警戒区域","区域名":"-","所在地":"世田谷区野毛二丁目","告示日":"2018/1/30"},"geometry":{"type":"Polygon","coordinates":[[[139.6395750274205,35.60450548739252],[139.639746742273,35.60442291839262],[139.63955845964543,35.604467238479835],[139.6395750274205,35.60450548739252]]]}},{"type":"Feature","properties":{"現象の種類":"急傾斜地の崩壊","区域区分":"土砂災害特別警戒区域","区域名":"-","所在地":"世田谷区野毛二丁目","告示日":"2018/1/30"},"geometry":{"type":"Polygon","coordinates":[[[139.64078630331073,35.603930218441185],[139.6405188391798,35.604270005100005],[139.64055578597356,35.60435200771885],[139.64044239749518,35.60459882870093],[139.6405868094052,35.604550380461816],[139.64060191196873,35.60428870824712],[139.64087418912868,35.60395379702296],[139.64078630331073,35.603930218441185]]]}},{"type":"Feature","properties":{"現象の種類":"急傾斜地の崩壊","区域区分":"土砂災害特別警戒区域","区域名":"-","所在地":"世田谷区野毛二丁目","告示日":"2018/1/30"},"geometry":{"type":"Polygon","coordinates":[[[139.64146513831318,35.60321905063148],[139.64127044997957,35.60301212381961],[139.64141674924946,35.60281998342303],[139.64124122047537,35.60301496193137],[139.64123095044022,35.60316017220525],[139.64144828496293,35.60330015599887],[139.64146513831318,35.60321905063148]]]}},{"type":"Feature","properties":{"現象の種類":"急傾斜地の崩壊","区域区分":"土砂災害特別警戒区域","区域名":"-","所在地":"世田谷区等々力一丁目","告示日":"2018/1/30"},"geometry":{"type":"Polygon","coordinates":[[[139.64991589547753,35.60254213472633],[139.6497499219893,35.60254864301458],[139.64972329426536,35.602568434768216],[139.6498385772599,35.60271419762785],[139.64996319043124,35.602681032950315],[139.64991589547753,35.60254213472633]]]}},{"type":"Feature","properties":{"現象の種類":"急傾斜地の崩壊","区域区分":"土砂災害特別警戒区域","区域名":"-","所在地":"世田谷区尾山台二丁目","告示日":"2018/1/30"},"geometry":{"type":"Polygon","coordinates":[[[139.65481277502286,35.60026381273113],[139.65474135607775,35.600244776052186],[139.654738778531,35.6004215504147],[139.65478311695622,35.600419272293855],[139.65481277502286,35.60026381273113]]]}},{"type":"Feature","properties":{"現象の種類":"急傾斜地の崩壊","区域区分":"土砂災害特別警戒区域","区域名":"-","所在地":"世田谷区尾山台二丁目","告示日":"2018/1/30"},"geometry":{"type":"Polygon","coordinates":[[[139.65828327125394,35.600794009824625],[139.65843639611677,35.60083326578254],[139.65842469958,35.60068621912122],[139.65831973365758,35.600729788003385],[139.65828327125394,35.600794009824625]]]}},{"type":"Feature","properties":{"現象の種類":"急傾斜地の崩壊","区域区分":"土砂災害特別警戒区域","区域名":"-","所在地":"世田谷区成城一丁目","告示日":"2018/1/30"},"geometry":{"type":"Polygon","coordinates":[[[139.60309046805833,35.6319258267062],[139.60300969855854,35.63204971373862],[139.60310845562955,35.63200473917415],[139.60309046805833,35.6319258267062]]]}},{"type":"Feature","properties":{"現象の種類":"急傾斜地の崩壊","区域区分":"土砂災害特別警戒区域","区域名":"-","所在地":"世田谷区上野毛三丁目","告示日":"2018/1/30"},"geometry":{"type":"Polygon","coordinates":[[[139.6353807488133,35.61081219283393],[139.63547910561292,35.610837865909794],[139.63558276509926,35.61078061258167],[139.63551457177505,35.61078077108886],[139.6353807488133,35.61081219283393]]]}},{"type":"Feature","properties":{"現象の種類":"急傾斜地の崩壊","区域区分":"土砂災害特別警戒区域","区域名":"-","所在地":"中野区松が丘二丁目","告示日":"2018/1/30"},"geometry":{"type":"Polygon","coordinates":[[[139.67076085699816,35.72309052168751],[139.67080208312464,35.722895533334146],[139.6707009057649,35.723083007701945],[139.67076085699816,35.72309052168751]]]}},{"type":"Feature","properties":{"現象の種類":"急傾斜地の崩壊","区域区分":"土砂災害特別警戒区域","区域名":"-","所在地":"中野区上高田五丁目","告示日":"2018/1/30"},"geometry":{"type":"Polygon","coordinates":[[[139.677369062745,35.719106402523025],[139.67727469267513,35.71902674380401],[139.67737396988676,35.719120001978304],[139.677369062745,35.719106402523025]]]}},{"type":"Feature","properties":{"現象の種類":"急傾斜地の崩壊","区域区分":"土砂災害特別警戒区域","区域名":"-","所在地":"中野区上高田五丁目","告示日":"2018/1/30"},"geometry":{"type":"Polygon","coordinates":[[[139.67681055146286,35.71851196713091],[139.6768545200677,35.71846606975997],[139.67681254557968,35.71846903219611],[139.67681055146286,35.71851196713091]]]}},{"type":"Feature","properties":{"現象の種類":"急傾斜地の崩壊","区域区分":"土砂災害特別警戒区域","区域名":"-","所在地":"中野区上高田四丁目","告示日":"2018/1/30"},"geometry":{"type":"Polygon","coordinates":[[[139.67803819611308,35.71362497756171],[139.67795044679298,35.71353764827025],[139.6779677162186,35.713621791247526],[139.67803819611308,35.71362497756171]]]}},{"type":"Feature","properties":{"現象の種類":"急傾斜地の崩壊","区域区分":"土砂災害特別警戒区域","区域名":"-","所在地":"中野区上高田四丁目","告示日":"2018/1/30"},"geometry":{"type":"Polygon","coordinates":[[[139.68025163413677,35.713212728407086],[139.68015051447293,35.713201086169875],[139.68013854917277,35.71329436758423],[139.68025150879876,35.713278270986464],[139.68025163413677,35.713212728407086]]]}},{"type":"Feature","properties":{"現象の種類":"急傾斜地の崩壊","区域区分":"土砂災害特別警戒区域","区域名":"-","所在地":"中野区上高田四丁目","告示日":"2018/1/30"},"geometry":{"type":"Polygon","coordinates":[[[139.68009920482862,35.71188876130806],[139.68003780440506,35.71185267029902],[139.6800612210532,35.71193810132317],[139.68009920482862,35.71188876130806]]]}},{"type":"Feature","properties":{"現象の種類":"急傾斜地の崩壊","区域区分":"土砂災害特別警戒区域","区域名":"-","所在地":"中野区上高田四丁目","告示日":"2018/1/30"},"geometry":{"type":"Polygon","coordinates":[[[139.68053701982996,35.71224714334038],[139.6804422417628,35.71219512579241],[139.68049921737497,35.7120655720145],[139.68038483320026,35.712186129293045],[139.68053701982996,35.71224714334038]]]}},{"type":"Feature","properties":{"現象の種類":"急傾斜地の崩壊","区域区分":"土砂災害特別警戒区域","区域名":"-","所在地":"中野区弥生町六丁目","告示日":"2018/1/30"},"geometry":{"type":"Polygon","coordinates":[[[139.6621351141257,35.68710725590063],[139.66193879788767,35.68703237989795],[139.66187710679816,35.687083990423616],[139.6621351141257,35.68710725590063]]]}},{"type":"Feature","properties":{"現象の種類":"急傾斜地の崩壊","区域区分":"土砂災害特別警戒区域","区域名":"-","所在地":"品川区上大崎一丁目","告示日":"2019/9/26"},"geometry":{"type":"Polygon","coordinates":[[[139.72264944908545,35.634440348093584],[139.72256164489517,35.63424996805107],[139.72261674337346,35.634448160787045],[139.72264944908545,35.634440348093584]]]}},{"type":"Feature","properties":{"現象の種類":"急傾斜地の崩壊","区域区分":"土砂災害特別警戒区域","区域名":"-","所在地":"北区赤羽西二丁目、赤羽西三丁目","告示日":"2018/5/31"},"geometry":{"type":"Polygon","coordinates":[[[139.72063451898418,35.771070411602096],[139.72069999822918,35.770961306127454],[139.72055619178437,35.77107411355268],[139.72063451898418,35.771070411602096]]]}},{"type":"Feature","properties":{"現象の種類":"急傾斜地の崩壊","区域区分":"土砂災害特別警戒区域","区域名":"-","所在地":"板橋区前野町五丁目、前野町六丁目","告示日":"2018/5/31"},"geometry":{"type":"Polygon","coordinates":[[[139.68381606213066,35.769906853148335],[139.68405976565398,35.76978570217198],[139.68369858737614,35.7698357096227],[139.68381606213066,35.769906853148335]]]}},{"type":"Feature","properties":{"現象の種類":"急傾斜地の崩壊","区域区分":"土砂災害特別警戒区域","区域名":"-","所在地":"板橋区中台三丁目","告示日":"2018/5/31"},"geometry":{"type":"Polygon","coordinates":[[[139.68099728818592,35.774723621744],[139.68104049431125,35.77461753830099],[139.68094581176896,35.7746775730448],[139.68099728818592,35.774723621744]]]}},{"type":"Feature","properties":{"現象の種類":"急傾斜地の崩壊","区域区分":"土砂災害特別警戒区域","区域名":"-","所在地":"北区岸町二丁目、中十条一丁目","告示日":"2018/5/31"},"geometry":{"type":"Polygon","coordinates":[[[139.72943530342172,35.75983047440423],[139.729388227686,35.75980956832098],[139.72934474379724,35.759916080253014],[139.72943530342172,35.75983047440423]]]}},{"type":"Feature","properties":{"現象の種類":"急傾斜地の崩壊","区域区分":"土砂災害特別警戒区域","区域名":"-","所在地":"大田区田園調布一丁目","告示日":"2018/5/31"},"geometry":{"type":"Polygon","coordinates":[[[139.66546413832924,35.59033985322726],[139.6653528291586,35.59027765372551],[139.66501683199778,35.59081590566624],[139.6650925577428,35.59086726804072],[139.66518494729235,35.590775277531876],[139.66546413832924,35.59033985322726]]]}},{"type":"Feature","properties":{"現象の種類":"急傾斜地の崩壊","区域区分":"土砂災害特別警戒区域","区域名":"-","所在地":"大田区田園調布五丁目","告示日":"2018/5/31"},"geometry":{"type":"Polygon","coordinates":[[[139.65718254778037,35.59543474410714],[139.65707618182475,35.595544947688424],[139.65705583514617,35.595576838765446],[139.6571581348409,35.595519195450464],[139.65718254778037,35.59543474410714]]]}},{"type":"Feature","properties":{"現象の種類":"急傾斜地の崩壊","区域区分":"土砂災害特別警戒区域","区域名":"-","所在地":"大田区田園調布五丁目","告示日":"2018/5/31"},"geometry":{"type":"Polygon","coordinates":[[[139.65902053326332,35.59567904983763],[139.6589283139022,35.59570314847186],[139.6589020925223,35.59582604865917],[139.6591817845065,35.59612284352948],[139.65923456965322,35.596098567052245],[139.65902053326332,35.59567904983763]]]}},{"type":"Feature","properties":{"現象の種類":"急傾斜地の崩壊","区域区分":"土砂災害特別警戒区域","区域名":"-","所在地":"大田区田園調布五丁目","告示日":"2018/5/31"},"geometry":{"type":"Polygon","coordinates":[[[139.6590893676488,35.595382239395974],[139.65897576609274,35.59537087430824],[139.65898342270486,35.59550517250099],[139.6590887940903,35.595516003597375],[139.6590893676488,35.595382239395974]]]}},{"type":"Feature","properties":{"現象の種類":"急傾斜地の崩壊","区域区分":"土砂災害特別警戒区域","区域名":"-","所在地":"大田区田園調布五丁目","告示日":"2018/5/31"},"geometry":{"type":"Polygon","coordinates":[[[139.65908221104485,35.59530104791496],[139.65902712616983,35.59520281199963],[139.6589968363491,35.595291425955786],[139.65908221104485,35.59530104791496]]]}},{"type":"Feature","properties":{"現象の種類":"急傾斜地の崩壊","区域区分":"土砂災害特別警戒区域","区域名":"-","所在地":"大田区田園調布四丁目","告示日":"2018/5/31"},"geometry":{"type":"Polygon","coordinates":[[[139.66441238049575,35.59274745566113],[139.66441226386206,35.59265969748955],[139.66435165392798,35.59273711642577],[139.66441238049575,35.59274745566113]]]}},{"type":"Feature","properties":{"現象の種類":"急傾斜地の崩壊","区域区分":"土砂災害特別警戒区域","区域名":"-","所在地":"大田区田園調布三丁目","告示日":"2018/5/31"},"geometry":{"type":"Polygon","coordinates":[[[139.66645578181985,35.59129800508231],[139.66660832986503,35.591274606620196],[139.66689900030732,35.59106742791939],[139.66685658839245,35.591010428571515],[139.66651926875102,35.591167850544394],[139.66641296226092,35.59123948756864],[139.66645578181985,35.59129800508231]]]}},{"type":"Feature","properties":{"現象の種類":"急傾斜地の崩壊","区域区分":"土砂災害特別警戒区域","区域名":"-","所在地":"大田区田園調布三丁目","告示日":"2018/5/31"},"geometry":{"type":"Polygon","coordinates":[[[139.6677264691705,35.59090096368703],[139.66771639871328,35.59079720647953],[139.66732576895333,35.59084696223302],[139.66733154518462,35.590902184953684],[139.6677264691705,35.59090096368703]]]}},{"type":"Feature","properties":{"現象の種類":"急傾斜地の崩壊","区域区分":"土砂災害特別警戒区域","区域名":"-","所在地":"大田区田園調布三丁目","告示日":"2018/5/31"},"geometry":{"type":"Polygon","coordinates":[[[139.66794426399724,35.59100599668339],[139.66782561729408,35.59100526685522],[139.66779932091166,35.591138335368996],[139.66787613483106,35.59116071776511],[139.66794426399724,35.59100599668339]]]}},{"type":"Feature","properties":{"現象の種類":"急傾斜地の崩壊","区域区分":"土砂災害特別警戒区域","区域名":"-","所在地":"大田区田園調布二丁目","告示日":"2018/5/31"},"geometry":{"type":"Polygon","coordinates":[[[139.66880945293292,35.593050559996804],[139.66872798494597,35.59303292575072],[139.66874814137026,35.593232942657465],[139.66881958967875,35.59323024607606],[139.66880945293292,35.593050559996804]]]}},{"type":"Feature","properties":{"現象の種類":"急傾斜地の崩壊","区域区分":"土砂災害特別警戒区域","区域名":"-","所在地":"大田区田園調布二丁目","告示日":"2018/5/31"},"geometry":{"type":"Polygon","coordinates":[[[139.66880972879764,35.59274404536472],[139.66877952481818,35.59258878826988],[139.6686810724685,35.592598842998946],[139.66869613400192,35.592755611787176],[139.66880972879764,35.59274404536472]]]}},{"type":"Feature","properties":{"現象の種類":"急傾斜地の崩壊","区域区分":"土砂災害特別警戒区域","区域名":"-","所在地":"大田区田園調布二丁目","告示日":"2018/5/31"},"geometry":{"type":"Polygon","coordinates":[[[139.66872270827696,35.59249585920625],[139.66873756931193,35.59228454238975],[139.6686213418442,35.592290399994575],[139.66861087418096,35.592463602775176],[139.66872270827696,35.59249585920625]]]}},{"type":"Feature","properties":{"現象の種類":"急傾斜地の崩壊","区域区分":"土砂災害特別警戒区域","区域名":"-","所在地":"大田区田園調布二丁目","告示日":"2018/5/31"},"geometry":{"type":"Polygon","coordinates":[[[139.668620488022,35.59171230316199],[139.66847609570763,35.59188487912414],[139.66841721095875,35.592145501475876],[139.66853814928405,35.59214837754279],[139.668620488022,35.59171230316199]]]}},{"type":"Feature","properties":{"現象の種類":"急傾斜地の崩壊","区域区分":"土砂災害特別警戒区域","区域名":"-","所在地":"大田区田園調布二丁目","告示日":"2018/5/31"},"geometry":{"type":"Polygon","coordinates":[[[139.66867798526107,35.591307210799755],[139.66863474560913,35.59148849084718],[139.66857415338944,35.59154788628299],[139.66864795990801,35.59155742465448],[139.66867798526107,35.591307210799755]]]}},{"type":"Feature","properties":{"現象の種類":"急傾斜地の崩壊","区域区分":"土砂災害特別警戒区域","区域名":"-","所在地":"大田区池上一丁目","告示日":"2018/5/31"},"geometry":{"type":"Polygon","coordinates":[[[139.70671053876848,35.57717551310367],[139.70666349556774,35.57702666761242],[139.70653501371729,35.57703885047293],[139.70651556391113,35.57719546859792],[139.70665517698288,35.57736072541752],[139.70671053876848,35.57717551310367]]]}},{"type":"Feature","properties":{"現象の種類":"急傾斜地の崩壊","区域区分":"土砂災害特別警戒区域","区域名":"-","所在地":"大田区田園調布一丁目","告示日":"2018/5/31"},"geometry":{"type":"Polygon","coordinates":[[[139.6673624069204,35.58820389464604],[139.6670962983974,35.58834159046933],[139.66620923990254,35.58912910682774],[139.66613455723873,35.58929407923536],[139.66618387499474,35.5894897197008],[139.6662985855807,35.58945694968156],[139.66641644423322,35.58918487582556],[139.66658638017662,35.58910357838682],[139.6673498529002,35.588352337946844],[139.6673624069204,35.58820389464604]]]}},{"type":"Feature","properties":{"現象の種類":"急傾斜地の崩壊","区域区分":"土砂災害特別警戒区域","区域名":"-","所在地":"大田区田園調布一丁目","告示日":"2018/5/31"},"geometry":{"type":"Polygon","coordinates":[[[139.66750134703983,35.5895288652403],[139.66762040435327,35.58943398987248],[139.66771182165937,35.58917409174497],[139.66789548669036,35.58904774982156],[139.66774514846023,35.58896020719292],[139.66754656158108,35.589158315227536],[139.66742545105402,35.589426714113785],[139.66717064170066,35.58946431824542],[139.66728307911947,35.58954479057008],[139.66750134703983,35.5895288652403]]]}},{"type":"Feature","properties":{"現象の種類":"急傾斜地の崩壊","区域区分":"土砂災害特別警戒区域","区域名":"-","所在地":"大田区田園調布南","告示日":"2018/5/31"},"geometry":{"type":"Polygon","coordinates":[[[139.67594245725098,35.58151061019905],[139.67660457199946,35.5809129263272],[139.67656838184337,35.58086204317719],[139.67589124834794,35.58135417107601],[139.67584792917054,35.58150147518093],[139.67594245725098,35.58151061019905]]]}},{"type":"Feature","properties":{"現象の種類":"急傾斜地の崩壊","区域区分":"土砂災害特別警戒区域","区域名":"-","所在地":"大田区鵜の木一丁目","告示日":"2018/5/31"},"geometry":{"type":"Polygon","coordinates":[[[139.68093346151372,35.57694162041311],[139.68087978813486,35.57706049701251],[139.6809639572629,35.57708949946764],[139.68102822831455,35.57697647648993],[139.68093346151372,35.57694162041311]]]}},{"type":"Feature","properties":{"現象の種類":"急傾斜地の崩壊","区域区分":"土砂災害特別警戒区域","区域名":"-","所在地":"大田区鵜の木一丁目","告示日":"2018/5/31"},"geometry":{"type":"Polygon","coordinates":[[[139.6812133869384,35.5766581600424],[139.68122342426602,35.57653835916374],[139.6811561288833,35.576627684908715],[139.6812133869384,35.5766581600424]]]}},{"type":"Feature","properties":{"現象の種類":"急傾斜地の崩壊","区域区分":"土砂災害特別警戒区域","区域名":"-","所在地":"大田区鵜の木一丁目","告示日":"2018/5/31"},"geometry":{"type":"Polygon","coordinates":[[[139.68157833423203,35.576211358772454],[139.68151514753566,35.576117009177395],[139.68149491912015,35.57618662931049],[139.68157833423203,35.576211358772454]]]}},{"type":"Feature","properties":{"現象の種類":"急傾斜地の崩壊","区域区分":"土砂災害特別警戒区域","区域名":"-","所在地":"大田区石川町一丁目","告示日":"2018/5/31"},"geometry":{"type":"Polygon","coordinates":[[[139.68299189846763,35.6026891825273],[139.68289719486773,35.60279420920221],[139.68282781941951,35.60293818871251],[139.6827979209067,35.60307441060497],[139.6828432204053,35.60318598655437],[139.6828476205082,35.60294205086028],[139.68299189846763,35.6026891825273]]]}},{"type":"Feature","properties":{"現象の種類":"急傾斜地の崩壊","区域区分":"土砂災害特別警戒区域","区域名":"-","所在地":"大田区東雪谷五丁目","告示日":"2018/5/31"},"geometry":{"type":"Polygon","coordinates":[[[139.69257148824835,35.5897876056639],[139.69249951927617,35.58978134886435],[139.69259511077965,35.58983354240738],[139.69257148824835,35.5897876056639]]]}},{"type":"Feature","properties":{"現象の種類":"急傾斜地の崩壊","区域区分":"土砂災害特別警戒区域","区域名":"-","所在地":"大田区上池台五丁目","告示日":"2018/5/31"},"geometry":{"type":"Polygon","coordinates":[[[139.7000581337884,35.59407259117935],[139.69995231795102,35.59404659171659],[139.6999175284962,35.59407874025323],[139.6999493624082,35.594110087638256],[139.7000581337884,35.59407259117935]]]}},{"type":"Feature","properties":{"現象の種類":"急傾斜地の崩壊","区域区分":"土砂災害特別警戒区域","区域名":"-","所在地":"大田区池上一丁目","告示日":"2018/5/31"},"geometry":{"type":"Polygon","coordinates":[[[139.70529061613556,35.57725515907159],[139.70522454534964,35.577244829695594],[139.70526128834626,35.577294775808674],[139.70529061613556,35.57725515907159]]]}},{"type":"Feature","properties":{"現象の種類":"急傾斜地の崩壊","区域区分":"土砂災害特別警戒区域","区域名":"-","所在地":"大田区池上一丁目","告示日":"2018/5/31"},"geometry":{"type":"Polygon","coordinates":[[[139.70593652848348,35.577015686249084],[139.70590268027763,35.57698471168894],[139.7059304308333,35.577047663364155],[139.70593652848348,35.577015686249084]]]}},{"type":"Feature","properties":{"現象の種類":"急傾斜地の崩壊","区域区分":"土砂災害特別警戒区域","区域名":"-","所在地":"大田区池上一丁目","告示日":"2018/5/31"},"geometry":{"type":"Polygon","coordinates":[[[139.70616298400535,35.57720420173003],[139.70606872776332,35.576963312334755],[139.70598506369572,35.577072358775254],[139.7060435167236,35.57721860901241],[139.70616298400535,35.57720420173003]]]}},{"type":"Feature","properties":{"現象の種類":"急傾斜地の崩壊","区域区分":"土砂災害特別警戒区域","区域名":"-","所在地":"大田区南馬込四丁目","告示日":"2018/5/31"},"geometry":{"type":"Polygon","coordinates":[[[139.7102480604871,35.58563525972785],[139.71011856807746,35.58543581215528],[139.70998641192048,35.585398469096695],[139.7102480604871,35.58563525972785]]]}},{"type":"Feature","properties":{"現象の種類":"急傾斜地の崩壊","区域区分":"土砂災害特別警戒区域","区域名":"-","所在地":"大田区中央五丁目","告示日":"2018/5/31"},"geometry":{"type":"Polygon","coordinates":[[[139.71196467555205,35.58165238172437],[139.71205415180836,35.58154674664136],[139.7119917219897,35.58149062299975],[139.71146338042573,35.58140616744768],[139.71144510398847,35.58146832765557],[139.71196625307581,35.58150673047632],[139.71196467555205,35.58165238172437]]]}},{"type":"Feature","properties":{"現象の種類":"急傾斜地の崩壊","区域区分":"土砂災害特別警戒区域","区域名":"-","所在地":"大田区中央五丁目","告示日":"2018/5/31"},"geometry":{"type":"Polygon","coordinates":[[[139.71265544754968,35.58141945031087],[139.71229675615356,35.58139077570256],[139.712237768969,35.581341220216366],[139.7122856769331,35.5814632726511],[139.7126362962513,35.58150691561137],[139.71265544754968,35.58141945031087]]]}},{"type":"Feature","properties":{"現象の種類":"急傾斜地の崩壊","区域区分":"土砂災害特別警戒区域","区域名":"-","所在地":"大田区中央五丁目","告示日":"2018/5/31"},"geometry":{"type":"Polygon","coordinates":[[[139.7126252265512,35.58032531389936],[139.71253553501631,35.58030979651209],[139.71268911739983,35.580373755992426],[139.7126252265512,35.58032531389936]]]}},{"type":"Feature","properties":{"現象の種類":"急傾斜地の崩壊","区域区分":"土砂災害特別警戒区域","区域名":"-","所在地":"大田区中央五丁目、中央四丁目","告示日":"2018/5/31"},"geometry":{"type":"Polygon","coordinates":[[[139.7143616481425,35.58014842854422],[139.71429884263912,35.58015689099941],[139.71433619076325,35.580202674511334],[139.7143616481425,35.58014842854422]]]}},{"type":"Feature","properties":{"現象の種類":"急傾斜地の崩壊","区域区分":"土砂災害特別警戒区域","区域名":"-","所在地":"大田区中央六丁目","告示日":"2018/5/31"},"geometry":{"type":"Polygon","coordinates":[[[139.71138755085195,35.57838399128671],[139.71180019750875,35.5784637375712],[139.71187605961686,35.57866025447194],[139.71202441726106,35.57860777810304],[139.71191771365554,35.578506558524076],[139.71193500617917,35.5783640986016],[139.71153307669158,35.57825177925702],[139.7112198304867,35.57828278571463],[139.7110577003558,35.57857466909737],[139.71112394905478,35.57867897945548],[139.71108494009275,35.578814149375724],[139.71124828047869,35.57865928619215],[139.71126216817277,35.57846078149315],[139.71138755085195,35.57838399128671]]]}},{"type":"Feature","properties":{"現象の種類":"急傾斜地の崩壊","区域区分":"土砂災害特別警戒区域","区域名":"-","所在地":"大田区東馬込一丁目","告示日":"2018/5/31"},"geometry":{"type":"Polygon","coordinates":[[[139.71618443968998,35.595951835727156],[139.71607516231515,35.59591635505705],[139.71610100370606,35.595978777375116],[139.71618443968998,35.595951835727156]]]}},{"type":"Feature","properties":{"現象の種類":"急傾斜地の崩壊","区域区分":"土砂災害特別警戒区域","区域名":"-","所在地":"大田区南馬込一丁目","告示日":"2018/5/31"},"geometry":{"type":"Polygon","coordinates":[[[139.7141896559058,35.59173099827504],[139.71409043323814,35.59174271502119],[139.71419557047506,35.59183662227041],[139.7141896559058,35.59173099827504]]]}},{"type":"Feature","properties":{"現象の種類":"急傾斜地の崩壊","区域区分":"土砂災害特別警戒区域","区域名":"-","所在地":"北区赤羽西四丁目","告示日":"2018/5/31"},"geometry":{"type":"Polygon","coordinates":[[[139.7184686303046,35.7744293720445],[139.7184457054731,35.77430248510192],[139.71837587917815,35.77434487694039],[139.7184686303046,35.7744293720445]]]}},{"type":"Feature","properties":{"現象の種類":"急傾斜地の崩壊","区域区分":"土砂災害特別警戒区域","区域名":"-","所在地":"大田区南馬込二丁目","告示日":"2018/5/31"},"geometry":{"type":"Polygon","coordinates":[[[139.7157626775535,35.58920311629011],[139.71578249951722,35.589138081077095],[139.71572151595493,35.58915394312808],[139.7157626775535,35.58920311629011]]]}},{"type":"Feature","properties":{"現象の種類":"急傾斜地の崩壊","区域区分":"土砂災害特別警戒区域","区域名":"-","所在地":"大田区山王四丁目","告示日":"2018/5/31"},"geometry":{"type":"Polygon","coordinates":[[[139.72110100741037,35.58748620259446],[139.7209650436448,35.58746333674152],[139.72097296172714,35.58757396088559],[139.72111463400105,35.587612345888694],[139.72110100741037,35.58748620259446]]]}},{"type":"Feature","properties":{"現象の種類":"急傾斜地の崩壊","区域区分":"土砂災害特別警戒区域","区域名":"-","所在地":"大田区山王四丁目","告示日":"2018/5/31"},"geometry":{"type":"Polygon","coordinates":[[[139.72114485623067,35.586127367201755],[139.7212100778868,35.5859796388334],[139.72119604908465,35.58591434466743],[139.7210708733712,35.585943606886545],[139.72102744142225,35.586169928581995],[139.72114485623067,35.586127367201755]]]}},{"type":"Feature","properties":{"現象の種類":"急傾斜地の崩壊","区域区分":"土砂災害特別警戒区域","区域名":"-","所在地":"大田区山王三丁目、山王四丁目","告示日":"2018/5/31"},"geometry":{"type":"Polygon","coordinates":[[[139.72102014774197,35.58530585333584],[139.72112753149366,35.58523798705647],[139.72101067104683,35.58529703259245],[139.72102014774197,35.58530585333584]]]}},{"type":"Feature","properties":{"現象の種類":"急傾斜地の崩壊","区域区分":"土砂災害特別警戒区域","区域名":"-","所在地":"大田区山王三丁目、山王四丁目","告示日":"2018/5/31"},"geometry":{"type":"Polygon","coordinates":[[[139.72091449056637,35.58521156389852],[139.72103877506646,35.58510414039817],[139.72085589958462,35.5851516496532],[139.72091449056637,35.58521156389852]]]}},{"type":"Feature","properties":{"現象の種類":"急傾斜地の崩壊","区域区分":"土砂災害特別警戒区域","区域名":"-","所在地":"大田区山王三丁目、山王四丁目","告示日":"2018/5/31"},"geometry":{"type":"Polygon","coordinates":[[[139.72085722684753,35.58434207541882],[139.72068796209572,35.584182449837215],[139.7206910494942,35.58433558303878],[139.72085722684753,35.58434207541882]]]}},{"type":"Feature","properties":{"現象の種類":"急傾斜地の崩壊","区域区分":"土砂災害特別警戒区域","区域名":"-","所在地":"大田区山王三丁目","告示日":"2018/5/31"},"geometry":{"type":"Polygon","coordinates":[[[139.72203815556685,35.58436556979619],[139.72210240822272,35.58427157646523],[139.72163557023597,35.58411037079341],[139.7215832264037,35.584000123761506],[139.72155393134017,35.584221697637695],[139.72203815556685,35.58436556979619]]]}},{"type":"Feature","properties":{"現象の種類":"急傾斜地の崩壊","区域区分":"土砂災害特別警戒区域","区域名":"-","所在地":"大田区南馬込三丁目","告示日":"2018/5/31"},"geometry":{"type":"Polygon","coordinates":[[[139.7178992190823,35.58328613992742],[139.7179224133686,35.58311082542583],[139.71726533412183,35.583070111200264],[139.7172920112485,35.58319690623159],[139.7178992190823,35.58328613992742]]]}},{"type":"Feature","properties":{"現象の種類":"急傾斜地の崩壊","区域区分":"土砂災害特別警戒区域","区域名":"-","所在地":"大田区南馬込三丁目","告示日":"2018/5/31"},"geometry":{"type":"Polygon","coordinates":[[[139.71853312668756,35.58324847374158],[139.71850442350367,35.5831846213659],[139.71809050174704,35.58311554632137],[139.71806831301137,35.58323815202144],[139.71853312668756,35.58324847374158]]]}},{"type":"Feature","properties":{"現象の種類":"急傾斜地の崩壊","区域区分":"土砂災害特別警戒区域","区域名":"-","所在地":"大田区山王三丁目、山王二丁目","告示日":"2018/5/31"},"geometry":{"type":"Polygon","coordinates":[[[139.72602012124807,35.587206336228284],[139.7259202979713,35.587195656588804],[139.72541725306982,35.587371695475824],[139.72602012124807,35.587206336228284]]]}},{"type":"Feature","properties":{"現象の種類":"急傾斜地の崩壊","区域区分":"土砂災害特別警戒区域","区域名":"-","所在地":"大田区山王二丁目","告示日":"2018/5/31"},"geometry":{"type":"Polygon","coordinates":[[[139.72725952824308,35.5882545340059],[139.7271033783386,35.5882124368715],[139.72706758071428,35.58826956299422],[139.72715302623584,35.58834945033641],[139.72713894790851,35.58849851323766],[139.72726233724035,35.588433059011045],[139.72725952824308,35.5882545340059]]]}},{"type":"Feature","properties":{"現象の種類":"急傾斜地の崩壊","区域区分":"土砂災害特別警戒区域","区域名":"-","所在地":"目黒区大橋二丁目","告示日":"2018/5/31"},"geometry":{"type":"Polygon","coordinates":[[[139.68713180435367,35.6524632513033],[139.68708713537868,35.65252944438554],[139.68712655622525,35.65259061321002],[139.6871413641033,35.65257663879905],[139.68713180435367,35.6524632513033]]]}},{"type":"Feature","properties":{"現象の種類":"急傾斜地の崩壊","区域区分":"土砂災害特別警戒区域","区域名":"-","所在地":"目黒区大橋二丁目","告示日":"2018/5/31"},"geometry":{"type":"Polygon","coordinates":[[[139.68778331716283,35.65251106228546],[139.68766358162847,35.65250377473251],[139.68745994100192,35.652436861069965],[139.68745928875816,35.65256932055973],[139.68773006895694,35.6525990813495],[139.68778331716283,35.65251106228546]]]}},{"type":"Feature","properties":{"現象の種類":"急傾斜地の崩壊","区域区分":"土砂災害特別警戒区域","区域名":"-","所在地":"目黒区青葉台三丁目","告示日":"2018/5/31"},"geometry":{"type":"Polygon","coordinates":[[[139.69238617570656,35.65208424234428],[139.6923737016032,35.65207840443187],[139.692465120442,35.65218771161685],[139.69238617570656,35.65208424234428]]]}},{"type":"Feature","properties":{"現象の種類":"急傾斜地の崩壊","区域区分":"土砂災害特別警戒区域","区域名":"-","所在地":"目黒区中目黒一丁目","告示日":"2018/5/31"},"geometry":{"type":"Polygon","coordinates":[[[139.70256140234866,35.64548742555284],[139.70262831332943,35.64544151396684],[139.70249347302135,35.64553403579407],[139.70256140234866,35.64548742555284]]]}},{"type":"Feature","properties":{"現象の種類":"急傾斜地の崩壊","区域区分":"土砂災害特別警戒区域","区域名":"-","所在地":"目黒区中目黒一丁目","告示日":"2018/5/31"},"geometry":{"type":"Polygon","coordinates":[[[139.70254863813042,35.6448530037837],[139.70241136047358,35.644895085130436],[139.70219995782375,35.64517549245923],[139.70256749239346,35.64499336981294],[139.70254863813042,35.6448530037837]]]}},{"type":"Feature","properties":{"現象の種類":"急傾斜地の崩壊","区域区分":"土砂災害特別警戒区域","区域名":"-","所在地":"目黒区目黒一丁目","告示日":"2018/5/31"},"geometry":{"type":"Polygon","coordinates":[[[139.7131483893732,35.63620835482142],[139.71321141565724,35.636154022228276],[139.71308321986118,35.636235948106226],[139.7131483893732,35.63620835482142]]]}},{"type":"Feature","properties":{"現象の種類":"急傾斜地の崩壊","区域区分":"土砂災害特別警戒区域","区域名":"-","所在地":"目黒区目黒一丁目","告示日":"2018/5/31"},"geometry":{"type":"Polygon","coordinates":[[[139.71341203572692,35.63562316250785],[139.71330501136688,35.635570042327956],[139.7132991842496,35.63559649789358],[139.71341203572692,35.63562316250785]]]}},{"type":"Feature","properties":{"現象の種類":"急傾斜地の崩壊","区域区分":"土砂災害特別警戒区域","区域名":"-","所在地":"目黒区下目黒一丁目","告示日":"2018/5/31"},"geometry":{"type":"Polygon","coordinates":[[[139.71344457770806,35.63260821252526],[139.71347518209132,35.632538290711],[139.7134013719826,35.63259702093288],[139.71344457770806,35.63260821252526]]]}},{"type":"Feature","properties":{"現象の種類":"急傾斜地の崩壊","区域区分":"土砂災害特別警戒区域","区域名":"-","所在地":"目黒区下目黒一丁目、品川区上大崎四丁目","告示日":"2018/5/31"},"geometry":{"type":"Polygon","coordinates":[[[139.71399362125888,35.632711273017065],[139.7138091107281,35.63271990298174],[139.71386114317662,35.63282001180386],[139.71379331807432,35.63288914026574],[139.71396224497448,35.63294302517758],[139.7140441283246,35.63282344054967],[139.71399362125888,35.632711273017065]]]}},{"type":"Feature","properties":{"現象の種類":"急傾斜地の崩壊","区域区分":"土砂災害特別警戒区域","区域名":"-","所在地":"目黒区下目黒一丁目","告示日":"2018/5/31"},"geometry":{"type":"Polygon","coordinates":[[[139.71438050442677,35.631045492694184],[139.7141715852344,35.630960170758144],[139.71410367249297,35.63103803745497],[139.71431579294423,35.63113165064466],[139.71438050442677,35.631045492694184]]]}},{"type":"Feature","properties":{"現象の種類":"急傾斜地の崩壊","区域区分":"土砂災害特別警戒区域","区域名":"-","所在地":"目黒区下目黒一丁目","告示日":"2018/5/31"},"geometry":{"type":"Polygon","coordinates":[[[139.71455652828774,35.629873011076505],[139.71442879523642,35.62984611639333],[139.7146372438709,35.62991637830142],[139.71455652828774,35.629873011076505]]]}},{"type":"Feature","properties":{"現象の種類":"急傾斜地の崩壊","区域区分":"土砂災害特別警戒区域","区域名":"-","所在地":"目黒区中目黒四丁目","告示日":"2018/5/31"},"geometry":{"type":"Polygon","coordinates":[[[139.7029493420196,35.63636537727726],[139.7028733609562,35.6362829145715],[139.70297542941995,35.63641836496372],[139.7029493420196,35.63636537727726]]]}},{"type":"Feature","properties":{"現象の種類":"急傾斜地の崩壊","区域区分":"土砂災害特別警戒区域","区域名":"-","所在地":"目黒区目黒四丁目","告示日":"2018/5/31"},"geometry":{"type":"Polygon","coordinates":[[[139.7035467170188,35.632594553583836],[139.70402421032355,35.6326073274241],[139.70403770538772,35.63254634365491],[139.7035980528268,35.632489190772965],[139.70351054454355,35.63253397343141],[139.7035467170188,35.632594553583836]]]}},{"type":"Feature","properties":{"現象の種類":"急傾斜地の崩壊","区域区分":"土砂災害特別警戒区域","区域名":"-","所在地":"北区赤羽西一丁目","告示日":"2018/5/31"},"geometry":{"type":"Polygon","coordinates":[[[139.71975972974957,35.7755824414161],[139.71980250032416,35.775420111896494],[139.71973109473498,35.77557490377831],[139.71975972974957,35.7755824414161]]]}},{"type":"Feature","properties":{"現象の種類":"急傾斜地の崩壊","区域区分":"土砂災害特別警戒区域","区域名":"-","所在地":"北区赤羽北二丁目、赤羽台四丁目","告示日":"2018/5/31"},"geometry":{"type":"Polygon","coordinates":[[[139.7092207772033,35.784531972415145],[139.70911339462083,35.78447606988864],[139.70900707091036,35.784514045385464],[139.70909774815792,35.78449920468869],[139.70916825153228,35.78460741159277],[139.7092207772033,35.784531972415145]]]}},{"type":"Feature","properties":{"現象の種類":"急傾斜地の崩壊","区域区分":"土砂災害特別警戒区域","区域名":"-","所在地":"北区赤羽北二丁目、赤羽台四丁目","告示日":"2018/5/31"},"geometry":{"type":"Polygon","coordinates":[[[139.71058033999154,35.78487973965482],[139.70932280212955,35.78457583440857],[139.70928117467687,35.784655058705106],[139.71052403381782,35.7850745283294],[139.71058033999154,35.78487973965482]]]}},{"type":"Feature","properties":{"現象の種類":"急傾斜地の崩壊","区域区分":"土砂災害特別警戒区域","区域名":"-","所在地":"北区赤羽台四丁目、赤羽北二丁目、赤羽北三丁目","告示日":"2018/5/31"},"geometry":{"type":"Polygon","coordinates":[[[139.70932245171292,35.78443032408131],[139.70888925622975,35.784244222210845],[139.70889254265313,35.78437399498619],[139.70929245158223,35.78451629980763],[139.70932245171292,35.78443032408131]]]}},{"type":"Feature","properties":{"現象の種類":"急傾斜地の崩壊","区域区分":"土砂災害特別警戒区域","区域名":"-","所在地":"北区赤羽台四丁目、赤羽北一丁目","告示日":"2018/5/31"},"geometry":{"type":"Polygon","coordinates":[[[139.7160437311438,35.78540885207155],[139.7159225084302,35.78529657329423],[139.71591321020034,35.78530420621133],[139.7160437311438,35.78540885207155]]]}},{"type":"Feature","properties":{"現象の種類":"急傾斜地の崩壊","区域区分":"土砂災害特別警戒区域","区域名":"-","所在地":"北区赤羽台三丁目","告示日":"2018/5/31"},"geometry":{"type":"Polygon","coordinates":[[[139.71276671609448,35.77997210811787],[139.7127427911355,35.779954981330484],[139.7127451374517,35.77997669643337],[139.71276671609448,35.77997210811787]]]}},{"type":"Feature","properties":{"現象の種類":"急傾斜地の崩壊","区域区分":"土砂災害特別警戒区域","区域名":"-","所在地":"北区赤羽台三丁目","告示日":"2018/5/31"},"geometry":{"type":"Polygon","coordinates":[[[139.71295235605388,35.78016405132262],[139.71310993491423,35.780105809425024],[139.71298644829318,35.779983674573934],[139.71288692538323,35.78004932852442],[139.71295235605388,35.78016405132262]]]}},{"type":"Feature","properties":{"現象の種類":"急傾斜地の崩壊","区域区分":"土砂災害特別警戒区域","区域名":"-","所在地":"北区赤羽台三丁目","告示日":"2018/5/31"},"geometry":{"type":"Polygon","coordinates":[[[139.7146202816207,35.78141547448064],[139.71465086213794,35.78132334948443],[139.71383950186592,35.78102797175495],[139.71436787821307,35.7813208370295],[139.7146202816207,35.78141547448064]]]}},{"type":"Feature","properties":{"現象の種類":"急傾斜地の崩壊","区域区分":"土砂災害特別警戒区域","区域名":"-","所在地":"北区赤羽台二丁目、赤羽西五丁目","告示日":"2018/5/31"},"geometry":{"type":"Polygon","coordinates":[[[139.71243934221204,35.774423439370864],[139.71241900363202,35.774371348013766],[139.71220541339406,35.77442083153157],[139.71168179762702,35.7746761746019],[139.71243934221204,35.774423439370864]]]}},{"type":"Feature","properties":{"現象の種類":"急傾斜地の崩壊","区域区分":"土砂災害特別警戒区域","区域名":"-","所在地":"北区赤羽台二丁目、赤羽西五丁目","告示日":"2018/5/31"},"geometry":{"type":"Polygon","coordinates":[[[139.7127311932271,35.77433246766623],[139.71262693459727,35.77434972225521],[139.7126410901841,35.774454433671885],[139.71270408552326,35.77446770191211],[139.7127311932271,35.77433246766623]]]}},{"type":"Feature","properties":{"現象の種類":"急傾斜地の崩壊","区域区分":"土砂災害特別警戒区域","区域名":"-","所在地":"北区赤羽西一丁目","告示日":"2018/5/31"},"geometry":{"type":"Polygon","coordinates":[[[139.7191913043059,35.77458540474577],[139.71907641137798,35.7745055401086],[139.71912708935255,35.77461155063677],[139.7191913043059,35.77458540474577]]]}},{"type":"Feature","properties":{"現象の種類":"急傾斜地の崩壊","区域区分":"土砂災害特別警戒区域","区域名":"-","所在地":"北区赤羽西一丁目","告示日":"2018/5/31"},"geometry":{"type":"Polygon","coordinates":[[[139.7188421819996,35.775225966129724],[139.71896366772305,35.775138652802866],[139.7191510701905,35.77496497706321],[139.71878539686276,35.77518349156606],[139.7188421819996,35.775225966129724]]]}},{"type":"Feature","properties":{"現象の種類":"急傾斜地の崩壊","区域区分":"土砂災害特別警戒区域","区域名":"-","所在地":"北区赤羽西一丁目","告示日":"2018/5/31"},"geometry":{"type":"Polygon","coordinates":[[[139.71821608164888,35.77600086361397],[139.71818113451934,35.77574385355558],[139.71818003568407,35.776001088051885],[139.71821608164888,35.77600086361397]]]}},{"type":"Feature","properties":{"現象の種類":"急傾斜地の崩壊","区域区分":"土砂災害特別警戒区域","区域名":"-","所在地":"北区赤羽西一丁目","告示日":"2018/5/31"},"geometry":{"type":"Polygon","coordinates":[[[139.71997119353296,35.775060387665285],[139.7200125680275,35.77498997522152],[139.7199640661406,35.77497333595865],[139.71997119353296,35.775060387665285]]]}},{"type":"Feature","properties":{"現象の種類":"急傾斜地の崩壊","区域区分":"土砂災害特別警戒区域","区域名":"-","所在地":"北区赤羽西一丁目","告示日":"2018/5/31"},"geometry":{"type":"Polygon","coordinates":[[[139.71997790455242,35.77496294597123],[139.71998258756045,35.77492352267809],[139.7199655597387,35.77495939497884],[139.71997790455242,35.77496294597123]]]}},{"type":"Feature","properties":{"現象の種類":"急傾斜地の崩壊","区域区分":"土砂災害特別警戒区域","区域名":"-","所在地":"北区西が丘二丁目","告示日":"2018/5/31"},"geometry":{"type":"Polygon","coordinates":[[[139.7151358926399,35.76769033508747],[139.71488592754537,35.76765391337622],[139.71466481484475,35.76762727183684],[139.7146674016393,35.76771631870695],[139.7150996917987,35.76779725282811],[139.7151358926399,35.76769033508747]]]}},{"type":"Feature","properties":{"現象の種類":"急傾斜地の崩壊","区域区分":"土砂災害特別警戒区域","区域名":"-","所在地":"北区西が丘二丁目","告示日":"2018/5/31"},"geometry":{"type":"Polygon","coordinates":[[[139.71531867637162,35.767850705721116],[139.71553579496637,35.76783417086192],[139.71554687174284,35.76775938794675],[139.71532817946795,35.767750665430704],[139.71531867637162,35.767850705721116]]]}},{"type":"Feature","properties":{"現象の種類":"急傾斜地の崩壊","区域区分":"土砂災害特別警戒区域","区域名":"-","所在地":"北区西が丘二丁目","告示日":"2018/5/31"},"geometry":{"type":"Polygon","coordinates":[[[139.71608799525916,35.76794793932558],[139.7160149777047,35.76784798472528],[139.71595202707772,35.76792647992595],[139.71608799525916,35.76794793932558]]]}},{"type":"Feature","properties":{"現象の種類":"急傾斜地の崩壊","区域区分":"土砂災害特別警戒区域","区域名":"-","所在地":"北区西が丘二丁目","告示日":"2018/5/31"},"geometry":{"type":"Polygon","coordinates":[[[139.71649953712688,35.76806889208401],[139.7162443458283,35.76789543396884],[139.7161361394616,35.7679550260275],[139.7164533866861,35.768114487942604],[139.71649953712688,35.76806889208401]]]}},{"type":"Feature","properties":{"現象の種類":"急傾斜地の崩壊","区域区分":"土砂災害特別警戒区域","区域名":"-","所在地":"北区西が丘二丁目","告示日":"2018/5/31"},"geometry":{"type":"Polygon","coordinates":[[[139.71656262352974,35.76809603040348],[139.71645874411337,35.768134444016006],[139.71655087469568,35.76822428848526],[139.71663423618503,35.7681606833817],[139.71656262352974,35.76809603040348]]]}},{"type":"Feature","properties":{"現象の種類":"急傾斜地の崩壊","区域区分":"土砂災害特別警戒区域","区域名":"-","所在地":"北区赤羽西三丁目、西が丘二丁目","告示日":"2018/5/31"},"geometry":{"type":"Polygon","coordinates":[[[139.71715505264874,35.768714413970635],[139.71691814369922,35.76857762610545],[139.71683090704468,35.76864155152852],[139.7170857902126,35.768790249790165],[139.71715505264874,35.768714413970635]]]}},{"type":"Feature","properties":{"現象の種類":"急傾斜地の崩壊","区域区分":"土砂災害特別警戒区域","区域名":"-","所在地":"北区上十条五丁目、西が丘二丁目","告示日":"2018/5/31"},"geometry":{"type":"Polygon","coordinates":[[[139.71545132794085,35.76750650484553],[139.71586272256533,35.76750502087758],[139.71595180898706,35.76734850207625],[139.715457592177,35.76737872493988],[139.71545132794085,35.76750650484553]]]}},{"type":"Feature","properties":{"現象の種類":"急傾斜地の崩壊","区域区分":"土砂災害特別警戒区域","区域名":"-","所在地":"北区十条仲原四丁目、赤羽西三丁目","告示日":"2018/5/31"},"geometry":{"type":"Polygon","coordinates":[[[139.7178136931743,35.76834728043341],[139.7185120597291,35.76835714436967],[139.71860363199386,35.76828700978883],[139.71823375071676,35.76817037677479],[139.71798649743516,35.76823280595545],[139.7174803645896,35.768121312215754],[139.7178136931743,35.76834728043341]]]}},{"type":"Feature","properties":{"現象の種類":"急傾斜地の崩壊","区域区分":"土砂災害特別警戒区域","区域名":"-","所在地":"北区十条仲原四丁目","告示日":"2018/5/31"},"geometry":{"type":"Polygon","coordinates":[[[139.71953667148577,35.76858523421145],[139.71957803576117,35.76838928193989],[139.7194996108984,35.7683612295998],[139.71938849027902,35.76860242047426],[139.71953667148577,35.76858523421145]]]}},{"type":"Feature","properties":{"現象の種類":"急傾斜地の崩壊","区域区分":"土砂災害特別警戒区域","区域名":"-","所在地":"北区十条仲原四丁目、赤羽西三丁目","告示日":"2018/5/31"},"geometry":{"type":"Polygon","coordinates":[[[139.72022953204927,35.768801614219],[139.7201297764984,35.76836662922688],[139.71999526196603,35.76836422291652],[139.7200218815099,35.768525554969706],[139.72009618490975,35.76851063273003],[139.72003488539988,35.76861354132527],[139.720122979789,35.768654566627056],[139.72004527905432,35.76867092475999],[139.72005144566583,35.76883463240073],[139.72022953204927,35.768801614219]]]}},{"type":"Feature","properties":{"現象の種類":"急傾斜地の崩壊","区域区分":"土砂災害特別警戒区域","区域名":"-","所在地":"北区中十条四丁目","告示日":"2018/5/31"},"geometry":{"type":"Polygon","coordinates":[[[139.72296256585204,35.76860083441455],[139.72286923385914,35.76847898252865],[139.72261488502136,35.768412249080384],[139.72260015910976,35.7684668485422],[139.72284690454816,35.768549660084275],[139.7228946801439,35.76864950028096],[139.72296256585204,35.76860083441455]]]}},{"type":"Feature","properties":{"現象の種類":"急傾斜地の崩壊","区域区分":"土砂災害特別警戒区域","区域名":"-","所在地":"北区中十条四丁目、東十条五丁目","告示日":"2018/5/31"},"geometry":{"type":"Polygon","coordinates":[[[139.7239323165499,35.76805395299281],[139.7237533771541,35.76813805033917],[139.7237805121454,35.76820327947906],[139.7239323165499,35.76805395299281]]]}},{"type":"Feature","properties":{"現象の種類":"急傾斜地の崩壊","区域区分":"土砂災害特別警戒区域","区域名":"-","所在地":"北区中十条四丁目、東十条五丁目","告示日":"2018/5/31"},"geometry":{"type":"Polygon","coordinates":[[[139.72436030763254,35.767569796464635],[139.72422843471037,35.767540569113976],[139.7241269213501,35.76772117244622],[139.72425066587437,35.767763620909165],[139.72436030763254,35.767569796464635]]]}},{"type":"Feature","properties":{"現象の種類":"急傾斜地の崩壊","区域区分":"土砂災害特別警戒区域","区域名":"-","所在地":"北区岸町二丁目、中十条一丁目","告示日":"2018/5/31"},"geometry":{"type":"Polygon","coordinates":[[[139.7279412316927,35.76176005567514],[139.72801868984783,35.76164149791792],[139.72807072712465,35.76159067051714],[139.7279806314626,35.761552287257516],[139.727858477081,35.761728118646005],[139.7279412316927,35.76176005567514]]]}},{"type":"Feature","properties":{"現象の種類":"急傾斜地の崩壊","区域区分":"土砂災害特別警戒区域","区域名":"-","所在地":"北区岸町二丁目、中十条一丁目","告示日":"2018/5/31"},"geometry":{"type":"Polygon","coordinates":[[[139.72821261200875,35.761485284355906],[139.72809001665487,35.76141095717305],[139.72803249526154,35.76146969939339],[139.72815819262505,35.76152597826376],[139.72821261200875,35.761485284355906]]]}},{"type":"Feature","properties":{"現象の種類":"急傾斜地の崩壊","区域区分":"土砂災害特別警戒区域","区域名":"-","所在地":"北区岸町二丁目、中十条一丁目","告示日":"2018/5/31"},"geometry":{"type":"Polygon","coordinates":[[[139.72854505981292,35.761063729192635],[139.7286599446731,35.76090759309082],[139.72861369486208,35.76086853212344],[139.72883804851682,35.76067458059673],[139.7287393845687,35.76062896542156],[139.72847204653957,35.760905746538164],[139.72843790235189,35.76100640229019],[139.72854505981292,35.761063729192635]]]}},{"type":"Feature","properties":{"現象の種類":"急傾斜地の崩壊","区域区分":"土砂災害特別警戒区域","区域名":"-","所在地":"北区岸町二丁目、中十条一丁目","告示日":"2018/5/31"},"geometry":{"type":"Polygon","coordinates":[[[139.72916462069477,35.76040133847687],[139.7290573597568,35.760360996332174],[139.72898272327515,35.760494137035046],[139.72916462069477,35.76040133847687]]]}},{"type":"Feature","properties":{"現象の種類":"急傾斜地の崩壊","区域区分":"土砂災害特別警戒区域","区域名":"-","所在地":"北区岸町二丁目、中十条一丁目","告示日":"2018/5/31"},"geometry":{"type":"Polygon","coordinates":[[[139.73051990300212,35.75911186320301],[139.7306458331192,35.75894600941159],[139.73046552317135,35.75885564284133],[139.73033108212334,35.759016404569216],[139.73051990300212,35.75911186320301]]]}},{"type":"Feature","properties":{"現象の種類":"急傾斜地の崩壊","区域区分":"土砂災害特別警戒区域","区域名":"-","所在地":"北区岸町一丁目、王子本町二丁目","告示日":"2018/5/31"},"geometry":{"type":"Polygon","coordinates":[[[139.73284193266298,35.75671764496487],[139.7327412277734,35.75652751896937],[139.73265266862722,35.75658384526748],[139.73284193266298,35.75671764496487]]]}},{"type":"Feature","properties":{"現象の種類":"急傾斜地の崩壊","区域区分":"土砂災害特別警戒区域","区域名":"-","所在地":"北区王子本町二丁目、岸町一丁目、王子本町一丁目","告示日":"2018/5/31"},"geometry":{"type":"Polygon","coordinates":[[[139.73350335094136,35.755825683913216],[139.73319697228948,35.75594629643668],[139.73293998321424,35.75628479441539],[139.73309797545502,35.75626430021044],[139.73350335094136,35.755825683913216]]]}},{"type":"Feature","properties":{"現象の種類":"急傾斜地の崩壊","区域区分":"土砂災害特別警戒区域","区域名":"-","所在地":"北区王子本町一丁目、岸町一丁目、王子一丁目","告示日":"2018/5/31"},"geometry":{"type":"Polygon","coordinates":[[[139.7360319881973,35.753807516646525],[139.73646421621183,35.753223743743135],[139.73624509471853,35.75290311123755],[139.73615809254449,35.75296447434465],[139.7363029781209,35.75323320456021],[139.73592721487978,35.75369131034026],[139.7360319881973,35.753807516646525]]]}},{"type":"Feature","properties":{"現象の種類":"急傾斜地の崩壊","区域区分":"土砂災害特別警戒区域","区域名":"-","所在地":"北区王子本町一丁目","告示日":"2018/5/31"},"geometry":{"type":"Polygon","coordinates":[[[139.73581524259848,35.75274228498033],[139.73594708995245,35.75271185100228],[139.73596026741242,35.752654851664765],[139.73581524259848,35.75274228498033]]]}},{"type":"Feature","properties":{"現象の種類":"急傾斜地の崩壊","区域区分":"土砂災害特別警戒区域","区域名":"-","所在地":"北区滝野川四丁目","告示日":"2018/5/31"},"geometry":{"type":"Polygon","coordinates":[[[139.72351161541286,35.7514099785665],[139.72365928252722,35.75134560041881],[139.72349678168584,35.751390473162594],[139.72351161541286,35.7514099785665]]]}},{"type":"Feature","properties":{"現象の種類":"急傾斜地の崩壊","区域区分":"土砂災害特別警戒区域","区域名":"-","所在地":"北区滝野川四丁目、滝野川五丁目","告示日":"2018/5/31"},"geometry":{"type":"Polygon","coordinates":[[[139.72376849792084,35.751444584606524],[139.72393262781344,35.75133413449736],[139.7238660427627,35.75122558680157],[139.7237443577347,35.75132780296981],[139.72376849792084,35.751444584606524]]]}},{"type":"Feature","properties":{"現象の種類":"急傾斜地の崩壊","区域区分":"土砂災害特別警戒区域","区域名":"-","所在地":"北区滝野川四丁目、滝野川五丁目","告示日":"2018/5/31"},"geometry":{"type":"Polygon","coordinates":[[[139.72405586949694,35.75135932487346],[139.72412366552825,35.75134775297942],[139.72402431991975,35.751338073913224],[139.72405586949694,35.75135932487346]]]}},{"type":"Feature","properties":{"現象の種類":"急傾斜地の崩壊","区域区分":"土砂災害特別警戒区域","区域名":"-","所在地":"北区滝野川二丁目","告示日":"2018/5/31"},"geometry":{"type":"Polygon","coordinates":[[[139.73144435927478,35.75160327643222],[139.73128970414513,35.75165064293852],[139.73116066458132,35.751756047646296],[139.7311997574299,35.75177706430704],[139.73144435927478,35.75160327643222]]]}},{"type":"Feature","properties":{"現象の種類":"急傾斜地の崩壊","区域区分":"土砂災害特別警戒区域","区域名":"-","所在地":"北区滝野川二丁目、王子本町一丁目","告示日":"2018/5/31"},"geometry":{"type":"Polygon","coordinates":[[[139.73162774204292,35.75171684588788],[139.7316085597215,35.7516375594213],[139.7315861046927,35.75170646688431],[139.73162774204292,35.75171684588788]]]}},{"type":"Feature","properties":{"現象の種類":"急傾斜地の崩壊","区域区分":"土砂災害特別警戒区域","区域名":"-","所在地":"北区田端一丁目","告示日":"2018/5/31"},"geometry":{"type":"Polygon","coordinates":[[[139.7620966049008,35.73476963826852],[139.76205556128258,35.73472160222987],[139.76184656188624,35.73484507348645],[139.7619208973585,35.73493220433727],[139.7620966049008,35.73476963826852]]]}},{"type":"Feature","properties":{"現象の種類":"急傾斜地の崩壊","区域区分":"土砂災害特別警戒区域","区域名":"-","所在地":"北区中十条三丁目、東十条三丁目","告示日":"2018/5/31"},"geometry":{"type":"Polygon","coordinates":[[[139.72600295159197,35.7644962662438],[139.7262041701526,35.76420565792598],[139.7261053537941,35.76410580548981],[139.72586658772767,35.764461627239726],[139.72600295159197,35.7644962662438]]]}},{"type":"Feature","properties":{"現象の種類":"急傾斜地の崩壊","区域区分":"土砂災害特別警戒区域","区域名":"-","所在地":"北区中十条三丁目、中十条二丁目、東十条三丁目","告示日":"2018/5/31"},"geometry":{"type":"Polygon","coordinates":[[[139.72675363295264,35.763225376298735],[139.7270186041968,35.76298538374028],[139.72685754853248,35.762931644292465],[139.72651143150674,35.76337555661418],[139.7264150257675,35.763675455517834],[139.7265919452918,35.76370612534687],[139.72655045062254,35.76358901649693],[139.72675363295264,35.763225376298735]]]}},{"type":"Feature","properties":{"現象の種類":"急傾斜地の崩壊","区域区分":"土砂災害特別警戒区域","区域名":"-","所在地":"北区中十条三丁目、東十条四丁目","告示日":"2018/5/31"},"geometry":{"type":"Polygon","coordinates":[[[139.72488200111536,35.76616890243243],[139.72506443619793,35.76607296099223],[139.7250637217451,35.76598853926569],[139.7251665945341,35.76601343675417],[139.72518669247074,35.76592607039984],[139.72500840324244,35.76595312699112],[139.72482930753077,35.766129801499204],[139.72488200111536,35.76616890243243]]]}},{"type":"Feature","properties":{"現象の種類":"急傾斜地の崩壊","区域区分":"土砂災害特別警戒区域","区域名":"-","所在地":"北区中十条三丁目、東十条四丁目","告示日":"2018/5/31"},"geometry":{"type":"Polygon","coordinates":[[[139.7256657250614,35.764963248042655],[139.7255168176507,35.765025073564914],[139.72561416867737,35.76506518306388],[139.7256657250614,35.764963248042655]]]}},{"type":"Feature","properties":{"現象の種類":"急傾斜地の崩壊","区域区分":"土砂災害特別警戒区域","区域名":"-","所在地":"板橋区大谷口二丁目、向原一丁目","告示日":"2018/5/31"},"geometry":{"type":"Polygon","coordinates":[[[139.68654657177015,35.743163741172495],[139.6864556344749,35.74310666955503],[139.6864781605503,35.74318434979884],[139.68654657177015,35.743163741172495]]]}},{"type":"Feature","properties":{"現象の種類":"急傾斜地の崩壊","区域区分":"土砂災害特別警戒区域","区域名":"-","所在地":"板橋区向原一丁目、向原三丁目","告示日":"2018/5/31"},"geometry":{"type":"Polygon","coordinates":[[[139.68260319542637,35.74269260298873],[139.68251809231563,35.742650626540865],[139.6825560565029,35.742711816739956],[139.68260319542637,35.74269260298873]]]}},{"type":"Feature","properties":{"現象の種類":"急傾斜地の崩壊","区域区分":"土砂災害特別警戒区域","区域名":"-","所在地":"板橋区泉町、前野町一丁目","告示日":"2018/5/31"},"geometry":{"type":"Polygon","coordinates":[[[139.69853461250923,35.765745778310574],[139.6983743342417,35.765734204240374],[139.69841398078464,35.76581372433259],[139.69851397611487,35.76582082136188],[139.69853461250923,35.765745778310574]]]}},{"type":"Feature","properties":{"現象の種類":"急傾斜地の崩壊","区域区分":"土砂災害特別警戒区域","区域名":"-","所在地":"板橋区大原町","告示日":"2018/5/31"},"geometry":{"type":"Polygon","coordinates":[[[139.6966639990068,35.76965137445932],[139.696522291724,35.76958335119966],[139.69602009474363,35.76953632958819],[139.69604036329397,35.769584415414414],[139.6966639990068,35.76965137445932]]]}},{"type":"Feature","properties":{"現象の種類":"急傾斜地の崩壊","区域区分":"土砂災害特別警戒区域","区域名":"-","所在地":"板橋区前野町四丁目","告示日":"2018/5/31"},"geometry":{"type":"Polygon","coordinates":[[[139.69393471398868,35.772696797636634],[139.69387946695247,35.77268407355471],[139.6937933605472,35.77281959245602],[139.69389318935072,35.77283474493326],[139.69393471398868,35.772696797636634]]]}},{"type":"Feature","properties":{"現象の種類":"急傾斜地の崩壊","区域区分":"土砂災害特別警戒区域","区域名":"-","所在地":"板橋区前野町四丁目","告示日":"2018/5/31"},"geometry":{"type":"Polygon","coordinates":[[[139.69404720440048,35.77309807660988],[139.69386887857934,35.773062325961746],[139.6938205735035,35.77356725921604],[139.69393082153684,35.77358078324995],[139.69404720440048,35.77309807660988]]]}},{"type":"Feature","properties":{"現象の種類":"急傾斜地の崩壊","区域区分":"土砂災害特別警戒区域","区域名":"-","所在地":"板橋区小豆沢四丁目","告示日":"2018/5/31"},"geometry":{"type":"Polygon","coordinates":[[[139.70031617651176,35.78109677210601],[139.7003806130807,35.780943337842864],[139.70031629175446,35.78090435797989],[139.7002480122727,35.78105262193187],[139.70031617651176,35.78109677210601]]]}},{"type":"Feature","properties":{"現象の種類":"急傾斜地の崩壊","区域区分":"土砂災害特別警戒区域","区域名":"-","所在地":"板橋区小豆沢四丁目","告示日":"2018/5/31"},"geometry":{"type":"Polygon","coordinates":[[[139.69836242169595,35.77935877696637],[139.69844600721072,35.779206708381835],[139.69836781954376,35.779181640896056],[139.69827917135055,35.77931891400783],[139.69836242169595,35.77935877696637]]]}},{"type":"Feature","properties":{"現象の種類":"急傾斜地の崩壊","区域区分":"土砂災害特別警戒区域","区域名":"-","所在地":"板橋区小豆沢三丁目","告示日":"2018/5/31"},"geometry":{"type":"Polygon","coordinates":[[[139.69813902768394,35.77855359178161],[139.6980420018665,35.77853254340381],[139.6979247282429,35.778681900492415],[139.69800873189072,35.778733274476856],[139.69813902768394,35.77855359178161]]]}},{"type":"Feature","properties":{"現象の種類":"急傾斜地の崩壊","区域区分":"土砂災害特別警戒区域","区域名":"-","所在地":"板橋区小豆沢三丁目","告示日":"2018/5/31"},"geometry":{"type":"Polygon","coordinates":[[[139.6935437810994,35.77780208737523],[139.69372083358758,35.77756411741971],[139.69347965375408,35.77776519865557],[139.6935437810994,35.77780208737523]]]}},{"type":"Feature","properties":{"現象の種類":"急傾斜地の崩壊","区域区分":"土砂災害特別警戒区域","区域名":"-","所在地":"板橋区志村二丁目","告示日":"2018/5/31"},"geometry":{"type":"Polygon","coordinates":[[[139.69223501634548,35.77802377337616],[139.69195342364446,35.77789588883903],[139.6919080889999,35.77799574206849],[139.69223501634548,35.77802377337616]]]}},{"type":"Feature","properties":{"現象の種類":"急傾斜地の崩壊","区域区分":"土砂災害特別警戒区域","区域名":"-","所在地":"板橋区志村二丁目","告示日":"2018/5/31"},"geometry":{"type":"Polygon","coordinates":[[[139.69165232129967,35.77784946927252],[139.69161172588736,35.777917349649734],[139.69176412282084,35.777946876435976],[139.69178017729655,35.77789260754021],[139.69165232129967,35.77784946927252]]]}},{"type":"Feature","properties":{"現象の種類":"急傾斜地の崩壊","区域区分":"土砂災害特別警戒区域","区域名":"-","所在地":"板橋区志村二丁目","告示日":"2018/5/31"},"geometry":{"type":"Polygon","coordinates":[[[139.69159832494637,35.777791348350505],[139.69143122772704,35.77774581095291],[139.69138862103978,35.77784920074973],[139.69155030836433,35.777888891582094],[139.69159832494637,35.777791348350505]]]}},{"type":"Feature","properties":{"現象の種類":"急傾斜地の崩壊","区域区分":"土砂災害特別警戒区域","区域名":"-","所在地":"板橋区志村二丁目","告示日":"2018/5/31"},"geometry":{"type":"Polygon","coordinates":[[[139.690183651036,35.777591022730384],[139.69008971418623,35.77750741121181],[139.6900650413538,35.77758351342477],[139.690183651036,35.777591022730384]]]}},{"type":"Feature","properties":{"現象の種類":"急傾斜地の崩壊","区域区分":"土砂災害特別警戒区域","区域名":"-","所在地":"板橋区志村二丁目","告示日":"2018/5/31"},"geometry":{"type":"Polygon","coordinates":[[[139.68944312119203,35.77725335299401],[139.6893553253871,35.77723821154469],[139.68930767138545,35.77734037479449],[139.68938238108527,35.77736756648445],[139.68944312119203,35.77725335299401]]]}},{"type":"Feature","properties":{"現象の種類":"急傾斜地の崩壊","区域区分":"土砂災害特別警戒区域","区域名":"-","所在地":"板橋区志村二丁目","告示日":"2018/5/31"},"geometry":{"type":"Polygon","coordinates":[[[139.68872391933712,35.77716571711382],[139.68867033032637,35.777090627209155],[139.6886536204898,35.77715906277402],[139.68872391933712,35.77716571711382]]]}},{"type":"Feature","properties":{"現象の種類":"急傾斜地の崩壊","区域区分":"土砂災害特別警戒区域","区域名":"-","所在地":"板橋区志村二丁目","告示日":"2018/5/31"},"geometry":{"type":"Polygon","coordinates":[[[139.685588457538,35.77558762964443],[139.68542476618867,35.775636939466295],[139.6853868641689,35.77567321183716],[139.6854598203145,35.77571831689291],[139.685588457538,35.77558762964443]]]}},{"type":"Feature","properties":{"現象の種類":"急傾斜地の崩壊","区域区分":"土砂災害特別警戒区域","区域名":"-","所在地":"板橋区志村二丁目、志村三丁目","告示日":"2018/5/31"},"geometry":{"type":"Polygon","coordinates":[[[139.68546284921985,35.77575273139666],[139.68518010628466,35.77571579570509],[139.68545401390404,35.77582075885779],[139.68546284921985,35.77575273139666]]]}},{"type":"Feature","properties":{"現象の種類":"急傾斜地の崩壊","区域区分":"土砂災害特別警戒区域","区域名":"-","所在地":"板橋区前野町五丁目、前野町六丁目","告示日":"2018/5/31"},"geometry":{"type":"Polygon","coordinates":[[[139.6839749899027,35.77038189448212],[139.6838191097075,35.77009445341559],[139.6836476636188,35.770167552517606],[139.68379877971702,35.770458217711365],[139.6839749899027,35.77038189448212]]]}},{"type":"Feature","properties":{"現象の種類":"急傾斜地の崩壊","区域区分":"土砂災害特別警戒区域","区域名":"-","所在地":"板橋区中台三丁目","告示日":"2018/5/31"},"geometry":{"type":"Polygon","coordinates":[[[139.68084732115352,35.77261341557429],[139.68072572111276,35.77247726819761],[139.68067810102895,35.77251165588407],[139.68078769999298,35.772651205620285],[139.6807845596796,35.773002357737475],[139.6809247142196,35.77295802473349],[139.68084732115352,35.77261341557429]]]}},{"type":"Feature","properties":{"現象の種類":"急傾斜地の崩壊","区域区分":"土砂災害特別警戒区域","区域名":"-","所在地":"板橋区中台三丁目","告示日":"2018/5/31"},"geometry":{"type":"Polygon","coordinates":[[[139.67900004614134,35.773539501945606],[139.67888531334893,35.773609945693096],[139.67899407281897,35.77361092943991],[139.67900004614134,35.773539501945606]]]}},{"type":"Feature","properties":{"現象の種類":"急傾斜地の崩壊","区域区分":"土砂災害特別警戒区域","区域名":"-","所在地":"板橋区中台三丁目","告示日":"2018/5/31"},"geometry":{"type":"Polygon","coordinates":[[[139.6788983198601,35.773566063056386],[139.67892210304228,35.773615582728254],[139.67893254313003,35.773565580130374],[139.6788983198601,35.773566063056386]]]}},{"type":"Feature","properties":{"現象の種類":"急傾斜地の崩壊","区域区分":"土砂災害特別警戒区域","区域名":"-","所在地":"板橋区中台三丁目","告示日":"2018/5/31"},"geometry":{"type":"Polygon","coordinates":[[[139.67946885966845,35.772957358533134],[139.67928548683,35.772969755086336],[139.67936937465723,35.773168631952565],[139.6795430068834,35.77314382315864],[139.67946885966845,35.772957358533134]]]}},{"type":"Feature","properties":{"現象の種類":"急傾斜地の崩壊","区域区分":"土砂災害特別警戒区域","区域名":"-","所在地":"板橋区中台三丁目","告示日":"2018/5/31"},"geometry":{"type":"Polygon","coordinates":[[[139.6785415867376,35.771067198171494],[139.67848360230397,35.77088577619276],[139.67840848038384,35.77092682803289],[139.6785415867376,35.771067198171494]]]}},{"type":"Feature","properties":{"現象の種類":"急傾斜地の崩壊","区域区分":"土砂災害特別警戒区域","区域名":"-","所在地":"板橋区中台三丁目","告示日":"2018/5/31"},"geometry":{"type":"Polygon","coordinates":[[[139.67633468129773,35.77076776693228],[139.67623563178964,35.77072497364069],[139.676154218907,35.770836624246016],[139.67627594821124,35.77083460844151],[139.67633468129773,35.77076776693228]]]}},{"type":"Feature","properties":{"現象の種類":"急傾斜地の崩壊","区域区分":"土砂災害特別警戒区域","区域名":"-","所在地":"板橋区中台三丁目、若木三丁目","告示日":"2018/5/31"},"geometry":{"type":"Polygon","coordinates":[[[139.67717051996001,35.77568912159704],[139.67701386099324,35.775673188777766],[139.67707555372584,35.7757680497335],[139.67717051996001,35.77568912159704]]]}},{"type":"Feature","properties":{"現象の種類":"急傾斜地の崩壊","区域区分":"土砂災害特別警戒区域","区域名":"-","所在地":"板橋区若木三丁目","告示日":"2018/5/31"},"geometry":{"type":"Polygon","coordinates":[[[139.67587483710955,35.77466125892813],[139.67563580847806,35.77448432017304],[139.67555700001438,35.77456323918823],[139.67578938999668,35.77477165716109],[139.67587483710955,35.77466125892813]]]}},{"type":"Feature","properties":{"現象の種類":"急傾斜地の崩壊","区域区分":"土砂災害特別警戒区域","区域名":"-","所在地":"板橋区若木二丁目、若木三丁目","告示日":"2018/5/31"},"geometry":{"type":"Polygon","coordinates":[[[139.67494386383717,35.77150726008782],[139.67485481230102,35.771547291760164],[139.67490479623444,35.77171658481923],[139.67499077317598,35.771626808207316],[139.67494386383717,35.77150726008782]]]}},{"type":"Feature","properties":{"現象の種類":"急傾斜地の崩壊","区域区分":"土砂災害特別警戒区域","区域名":"-","所在地":"板橋区若木二丁目","告示日":"2018/5/31"},"geometry":{"type":"Polygon","coordinates":[[[139.67404670811538,35.7704134335826],[139.67409283903334,35.77038885187505],[139.67403562139893,35.770395072530974],[139.67404670811538,35.7704134335826]]]}},{"type":"Feature","properties":{"現象の種類":"急傾斜地の崩壊","区域区分":"土砂災害特別警戒区域","区域名":"-","所在地":"板橋区若木二丁目","告示日":"2018/5/31"},"geometry":{"type":"Polygon","coordinates":[[[139.6725111680328,35.77024753574967],[139.67242554559138,35.77025783576456],[139.67244729010102,35.77028710988342],[139.6725111680328,35.77024753574967]]]}},{"type":"Feature","properties":{"現象の種類":"急傾斜地の崩壊","区域区分":"土砂災害特別警戒区域","区域名":"-","所在地":"板橋区西台一丁目","告示日":"2018/5/31"},"geometry":{"type":"Polygon","coordinates":[[[139.67435962755067,35.77534199308936],[139.6743078169828,35.77525113482807],[139.67424456279014,35.77531323887712],[139.67435962755067,35.77534199308936]]]}},{"type":"Feature","properties":{"現象の種類":"急傾斜地の崩壊","区域区分":"土砂災害特別警戒区域","区域名":"-","所在地":"板橋区西台一丁目、蓮根一丁目、相生町","告示日":"2018/5/31"},"geometry":{"type":"Polygon","coordinates":[[[139.6757202623172,35.77692269967326],[139.67557996362441,35.77696583884393],[139.6757210561223,35.777189753098455],[139.6758246076496,35.77707781715863],[139.6757202623172,35.77692269967326]]]}},{"type":"Feature","properties":{"現象の種類":"急傾斜地の崩壊","区域区分":"土砂災害特別警戒区域","区域名":"-","所在地":"板橋区西台二丁目","告示日":"2018/5/31"},"geometry":{"type":"Polygon","coordinates":[[[139.67155101339026,35.77868428010376],[139.67137378297193,35.77861226116132],[139.6716023532138,35.778752999212536],[139.67155101339026,35.77868428010376]]]}},{"type":"Feature","properties":{"現象の種類":"急傾斜地の崩壊","区域区分":"土砂災害特別警戒区域","区域名":"-","所在地":"板橋区西台二丁目","告示日":"2018/5/31"},"geometry":{"type":"Polygon","coordinates":[[[139.66942127629218,35.77933823800902],[139.66931756077093,35.77933715728369],[139.66938058307733,35.779554620993636],[139.6694468418945,35.779547955126255],[139.66942127629218,35.77933823800902]]]}},{"type":"Feature","properties":{"現象の種類":"急傾斜地の崩壊","区域区分":"土砂災害特別警戒区域","区域名":"-","所在地":"板橋区徳丸一丁目","告示日":"2018/5/31"},"geometry":{"type":"Polygon","coordinates":[[[139.6645523189652,35.77468482361289],[139.66453700033318,35.774612442706434],[139.6642553591202,35.774646544891226],[139.66441616141967,35.77471206961604],[139.6645523189652,35.77468482361289]]]}},{"type":"Feature","properties":{"現象の種類":"急傾斜地の崩壊","区域区分":"土砂災害特別警戒区域","区域名":"-","所在地":"板橋区徳丸一丁目","告示日":"2018/5/31"},"geometry":{"type":"Polygon","coordinates":[[[139.66458243706623,35.77306254379496],[139.66444613176563,35.773221834085284],[139.6645070789207,35.773276377806226],[139.664629355481,35.77313833589377],[139.66458243706623,35.77306254379496]]]}},{"type":"Feature","properties":{"現象の種類":"急傾斜地の崩壊","区域区分":"土砂災害特別警戒区域","区域名":"-","所在地":"板橋区徳丸一丁目","告示日":"2018/5/31"},"geometry":{"type":"Polygon","coordinates":[[[139.66408102731978,35.772969392141185],[139.66414645480972,35.77289826135143],[139.6641289860179,35.77288461440667],[139.66403737443312,35.77291754786601],[139.66408102731978,35.772969392141185]]]}},{"type":"Feature","properties":{"現象の種類":"急傾斜地の崩壊","区域区分":"土砂災害特別警戒区域","区域名":"-","所在地":"板橋区徳丸一丁目","告示日":"2018/5/31"},"geometry":{"type":"Polygon","coordinates":[[[139.66393920834813,35.77285752396953],[139.66398343396702,35.77282638158834],[139.66392898895018,35.77286472016534],[139.66393920834813,35.77285752396953]]]}},{"type":"Feature","properties":{"現象の種類":"急傾斜地の崩壊","区域区分":"土砂災害特別警戒区域","区域名":"-","所在地":"板橋区徳丸一丁目","告示日":"2018/5/31"},"geometry":{"type":"Polygon","coordinates":[[[139.6642053053185,35.77253482548317],[139.66417127712964,35.772404227114706],[139.66412011983593,35.772414599765625],[139.66414028258325,35.77257015565399],[139.6642053053185,35.77253482548317]]]}},{"type":"Feature","properties":{"現象の種類":"急傾斜地の崩壊","区域区分":"土砂災害特別警戒区域","区域名":"-","所在地":"板橋区徳丸一丁目","告示日":"2018/5/31"},"geometry":{"type":"Polygon","coordinates":[[[139.66547357276363,35.77197978111105],[139.66536876628743,35.77191757419322],[139.66524497610783,35.771932291447946],[139.66524440072794,35.77197316910661],[139.66547357276363,35.77197978111105]]]}},{"type":"Feature","properties":{"現象の種類":"急傾斜地の崩壊","区域区分":"土砂災害特別警戒区域","区域名":"-","所在地":"板橋区徳丸一丁目","告示日":"2018/5/31"},"geometry":{"type":"Polygon","coordinates":[[[139.6635248204095,35.76960789085686],[139.66357732375945,35.76947698090058],[139.66347179338672,35.76956422441072],[139.6635248204095,35.76960789085686]]]}},{"type":"Feature","properties":{"現象の種類":"急傾斜地の崩壊","区域区分":"土砂災害特別警戒区域","区域名":"-","所在地":"板橋区徳丸六丁目","告示日":"2018/5/31"},"geometry":{"type":"Polygon","coordinates":[[[139.66103694405132,35.777422242248825],[139.66097124361465,35.77735136073668],[139.6610614624354,35.77746347322852],[139.66103694405132,35.777422242248825]]]}},{"type":"Feature","properties":{"現象の種類":"急傾斜地の崩壊","区域区分":"土砂災害特別警戒区域","区域名":"-","所在地":"板橋区徳丸三丁目","告示日":"2018/5/31"},"geometry":{"type":"Polygon","coordinates":[[[139.65821912343955,35.77413905209173],[139.65810425121478,35.77419082566242],[139.65812373283782,35.774230683465795],[139.65821912343955,35.77413905209173]]]}},{"type":"Feature","properties":{"現象の種類":"急傾斜地の崩壊","区域区分":"土砂災害特別警戒区域","区域名":"-","所在地":"板橋区徳丸三丁目","告示日":"2018/5/31"},"geometry":{"type":"Polygon","coordinates":[[[139.65691544659242,35.77452046352635],[139.65691861362956,35.77444882414841],[139.65688276922674,35.77445985086971],[139.65691544659242,35.77452046352635]]]}},{"type":"Feature","properties":{"現象の種類":"急傾斜地の崩壊","区域区分":"土砂災害特別警戒区域","区域名":"-","所在地":"板橋区徳丸七丁目、徳丸八丁目","告示日":"2018/5/31"},"geometry":{"type":"Polygon","coordinates":[[[139.66071733954297,35.781752101156144],[139.66075852691205,35.78170170328933],[139.6606451228521,35.781679467389715],[139.66071733954297,35.781752101156144]]]}},{"type":"Feature","properties":{"現象の種類":"急傾斜地の崩壊","区域区分":"土砂災害特別警戒区域","区域名":"-","所在地":"板橋区徳丸八丁目、徳丸七丁目","告示日":"2018/5/31"},"geometry":{"type":"Polygon","coordinates":[[[139.66054740911093,35.78154450573978],[139.66048327424764,35.781367600768405],[139.66040741463638,35.78138532546076],[139.66047911028005,35.781550951427995],[139.66054740911093,35.78154450573978]]]}},{"type":"Feature","properties":{"現象の種類":"急傾斜地の崩壊","区域区分":"土砂災害特別警戒区域","区域名":"-","所在地":"板橋区徳丸八丁目","告示日":"2018/5/31"},"geometry":{"type":"Polygon","coordinates":[[[139.66048001717863,35.78167418959833],[139.66031394206385,35.78168506231858],[139.6604105699292,35.781785609884885],[139.66048001717863,35.78167418959833]]]}},{"type":"Feature","properties":{"現象の種類":"急傾斜地の崩壊","区域区分":"土砂災害特別警戒区域","区域名":"-","所在地":"板橋区徳丸八丁目","告示日":"2018/5/31"},"geometry":{"type":"Polygon","coordinates":[[[139.6592636293579,35.78191782900634],[139.65942681613555,35.78202132174053],[139.65950659066914,35.78180074630788],[139.65967086640595,35.781757309778385],[139.65979901566448,35.781925333221835],[139.65987194107123,35.781764743054595],[139.65967976926675,35.78164312947055],[139.65939955050223,35.781711034422244],[139.6592636293579,35.78191782900634]]]}},{"type":"Feature","properties":{"現象の種類":"急傾斜地の崩壊","区域区分":"土砂災害特別警戒区域","区域名":"-","所在地":"板橋区徳丸八丁目","告示日":"2018/5/31"},"geometry":{"type":"Polygon","coordinates":[[[139.65843081245362,35.78218027739171],[139.65844037440453,35.78202671493504],[139.65838204339659,35.782006636647665],[139.6582425569914,35.78214171203719],[139.65764785077747,35.78194409936417],[139.65770323728978,35.78209581819873],[139.65807891609413,35.78224598839193],[139.65843081245362,35.78218027739171]]]}},{"type":"Feature","properties":{"現象の種類":"急傾斜地の崩壊","区域区分":"土砂災害特別警戒区域","区域名":"-","所在地":"板橋区四葉二丁目","告示日":"2018/5/31"},"geometry":{"type":"Polygon","coordinates":[[[139.65431052426098,35.78317393569055],[139.65438695188143,35.78304146238069],[139.65426432327422,35.78310119810278],[139.65431052426098,35.78317393569055]]]}},{"type":"Feature","properties":{"現象の種類":"急傾斜地の崩壊","区域区分":"土砂災害特別警戒区域","区域名":"-","所在地":"板橋区大門","告示日":"2018/5/31"},"geometry":{"type":"Polygon","coordinates":[[[139.64961241745235,35.7849423032402],[139.6503701509621,35.78462275261387],[139.65038182849537,35.784443470807794],[139.65017904077922,35.78460817811395],[139.64976603828828,35.78471735225352],[139.64941517824417,35.78470354992711],[139.64961241745235,35.7849423032402]]]}},{"type":"Feature","properties":{"現象の種類":"急傾斜地の崩壊","区域区分":"土砂災害特別警戒区域","区域名":"-","所在地":"板橋区大門","告示日":"2018/5/31"},"geometry":{"type":"Polygon","coordinates":[[[139.6466370408148,35.78532035034128],[139.64657258569835,35.78531979757316],[139.646540567751,35.78543945352506],[139.64660286252186,35.78545539365952],[139.6466370408148,35.78532035034128]]]}},{"type":"Feature","properties":{"現象の種類":"急傾斜地の崩壊","区域区分":"土砂災害特別警戒区域","区域名":"-","所在地":"板橋区赤塚八丁目","告示日":"2018/5/31"},"geometry":{"type":"Polygon","coordinates":[[[139.64559479223308,35.78291948140317],[139.64534649071277,35.78281836855262],[139.64532607530396,35.782873358116575],[139.64559479223308,35.78291948140317]]]}},{"type":"Feature","properties":{"現象の種類":"急傾斜地の崩壊","区域区分":"土砂災害特別警戒区域","区域名":"-","所在地":"板橋区赤塚五丁目","告示日":"2018/5/31"},"geometry":{"type":"Polygon","coordinates":[[[139.64471351112925,35.782579478124134],[139.64428496825613,35.782852182859834],[139.64430588789884,35.782912032720134],[139.6445917485982,35.782719068853964],[139.64471351112925,35.782579478124134]]]}},{"type":"Feature","properties":{"現象の種類":"急傾斜地の崩壊","区域区分":"土砂災害特別警戒区域","区域名":"-","所在地":"板橋区赤塚五丁目","告示日":"2018/5/31"},"geometry":{"type":"Polygon","coordinates":[[[139.64351888367545,35.78276080091593],[139.6433531600366,35.78266224155001],[139.6432970477263,35.782712063606006],[139.64348623705348,35.78293401339279],[139.6436020232098,35.7829227114371],[139.64351888367545,35.78276080091593]]]}},{"type":"Feature","properties":{"現象の種類":"急傾斜地の崩壊","区域区分":"土砂災害特別警戒区域","区域名":"-","所在地":"板橋区赤塚四丁目","告示日":"2018/5/31"},"geometry":{"type":"Polygon","coordinates":[[[139.64041580377418,35.78568314736808],[139.64020264679743,35.7857168231964],[139.64024827701033,35.78578965750872],[139.64041580377418,35.78568314736808]]]}},{"type":"Feature","properties":{"現象の種類":"急傾斜地の崩壊","区域区分":"土砂災害特別警戒区域","区域名":"-","所在地":"板橋区成増四丁目","告示日":"2018/5/31"},"geometry":{"type":"Polygon","coordinates":[[[139.63639350079274,35.78771759547852],[139.6364293742607,35.78763812768037],[139.6363866950956,35.787722560220075],[139.63639350079274,35.78771759547852]]]}},{"type":"Feature","properties":{"現象の種類":"急傾斜地の崩壊","区域区分":"土砂災害特別警戒区域","区域名":"-","所在地":"板橋区成増四丁目","告示日":"2018/5/31"},"geometry":{"type":"Polygon","coordinates":[[[139.63626985092446,35.787629155724204],[139.63629338319305,35.787516170431495],[139.63622879015,35.787606680727784],[139.63626985092446,35.787629155724204]]]}},{"type":"Feature","properties":{"現象の種類":"急傾斜地の崩壊","区域区分":"土砂災害特別警戒区域","区域名":"-","所在地":"板橋区成増四丁目","告示日":"2018/5/31"},"geometry":{"type":"Polygon","coordinates":[[[139.6357384777963,35.78701658494517],[139.63543325040075,35.786937466288535],[139.6353167291003,35.787042947665945],[139.63566116657765,35.78726534951844],[139.6357384777963,35.78701658494517]]]}},{"type":"Feature","properties":{"現象の種類":"急傾斜地の崩壊","区域区分":"土砂災害特別警戒区域","区域名":"-","所在地":"板橋区成増五丁目","告示日":"2018/5/31"},"geometry":{"type":"Polygon","coordinates":[[[139.63335042353955,35.78552426207328],[139.63322256480637,35.78560708387623],[139.63323806090946,35.785718870899295],[139.63337982466444,35.78566761169936],[139.63335042353955,35.78552426207328]]]}},{"type":"Feature","properties":{"現象の種類":"急傾斜地の崩壊","区域区分":"土砂災害特別警戒区域","区域名":"-","所在地":"板橋区成増三丁目","告示日":"2018/5/31"},"geometry":{"type":"Polygon","coordinates":[[[139.6313832161997,35.781476042097225],[139.63128269633157,35.781448673902034],[139.6313592587506,35.7815141201318],[139.6313832161997,35.781476042097225]]]}},{"type":"Feature","properties":{"現象の種類":"急傾斜地の崩壊","区域区分":"土砂災害特別警戒区域","区域名":"-","所在地":"板橋区成増二丁目","告示日":"2018/5/31"},"geometry":{"type":"Polygon","coordinates":[[[139.63458570061792,35.776081086740426],[139.63454928645805,35.7759265715768],[139.63448047998358,35.7759361136287],[139.63450555330087,35.776107643879065],[139.63458570061792,35.776081086740426]]]}},{"type":"Feature","properties":{"現象の種類":"急傾斜地の崩壊","区域区分":"土砂災害特別警戒区域","区域名":"-","所在地":"板橋区成増二丁目","告示日":"2018/5/31"},"geometry":{"type":"Polygon","coordinates":[[[139.6261071197418,35.77960504709268],[139.62617547498732,35.7797006418648],[139.62620626181086,35.77966153797386],[139.6261071197418,35.77960504709268]]]}},{"type":"Feature","properties":{"現象の種類":"急傾斜地の崩壊","区域区分":"土砂災害特別警戒区域","区域名":"-","所在地":"練馬区旭町三丁目","告示日":"2018/5/31"},"geometry":{"type":"Polygon","coordinates":[[[139.62660182219116,35.77393168840433],[139.62669995956736,35.7738302127969],[139.62657894586047,35.77383620403444],[139.62660182219116,35.77393168840433]]]}},{"type":"Feature","properties":{"現象の種類":"急傾斜地の崩壊","区域区分":"土砂災害特別警戒区域","区域名":"-","所在地":"練馬区旭町二丁目","告示日":"2018/5/31"},"geometry":{"type":"Polygon","coordinates":[[[139.6263869760658,35.771059794358976],[139.62620358059343,35.77110145494646],[139.62610555213715,35.771136566186065],[139.62613151248743,35.77117974735036],[139.6263869760658,35.771059794358976]]]}},{"type":"Feature","properties":{"現象の種類":"急傾斜地の崩壊","区域区分":"土砂災害特別警戒区域","区域名":"-","所在地":"練馬区土支田四丁目","告示日":"2018/5/31"},"geometry":{"type":"Polygon","coordinates":[[[139.61077453879295,35.7665478647756],[139.6108774110344,35.76637624204531],[139.61078922965052,35.76645594994162],[139.61042000651634,35.76641097401505],[139.61039813203462,35.76649187961244],[139.61077453879295,35.7665478647756]]]}},{"type":"Feature","properties":{"現象の種類":"急傾斜地の崩壊","区域区分":"土砂災害特別警戒区域","区域名":"-","所在地":"練馬区大泉町一丁目","告示日":"2018/5/31"},"geometry":{"type":"Polygon","coordinates":[[[139.6066805022923,35.76744976434234],[139.6067197251386,35.76726019465813],[139.60662652819755,35.76716536502716],[139.60635346749615,35.76718880167326],[139.60629622121527,35.76727982175442],[139.60630575706756,35.76738560942294],[139.60644484388249,35.76747177747681],[139.6066805022923,35.76744976434234]],[[139.60650014427318,35.76729841298991],[139.60661027608114,35.767320053166394],[139.60661599432245,35.76741659228791],[139.60640620019285,35.767377814174914],[139.60650014427318,35.76729841298991]]]}},{"type":"Feature","properties":{"現象の種類":"急傾斜地の崩壊","区域区分":"土砂災害特別警戒区域","区域名":"-","所在地":"練馬区大泉町三丁目、大泉町一丁目","告示日":"2018/5/31"},"geometry":{"type":"Polygon","coordinates":[[[139.60210000415907,35.76714335324951],[139.60187332255694,35.767173458867724],[139.60201947707048,35.76728059162489],[139.60210000415907,35.76714335324951]]]}},{"type":"Feature","properties":{"現象の種類":"急傾斜地の崩壊","区域区分":"土砂災害特別警戒区域","区域名":"-","所在地":"練馬区上石神井三丁目","告示日":"2018/5/31"},"geometry":{"type":"Polygon","coordinates":[[[139.59263174966435,35.73335076143921],[139.59328637961838,35.733299213537926],[139.59352382568235,35.73319306328525],[139.59283243078087,35.73326033407747],[139.59263174966435,35.73335076143921]]]}},{"type":"Feature","properties":{"現象の種類":"急傾斜地の崩壊","区域区分":"土砂災害特別警戒区域","区域名":"-","所在地":"練馬区関町北三丁目","告示日":"2018/5/31"},"geometry":{"type":"Polygon","coordinates":[[[139.56683713206004,35.72472426628257],[139.56659341112805,35.72465235660123],[139.56676711561033,35.724783048291386],[139.56683713206004,35.72472426628257]]]}},{"type":"Feature","properties":{"現象の種類":"急傾斜地の崩壊","区域区分":"土砂災害特別警戒区域","区域名":"-","所在地":"渋谷区恵比寿四丁目","告示日":"2019/9/26"},"geometry":{"type":"Polygon","coordinates":[[[139.71358110309944,35.6452521324929],[139.71355018285746,35.64515861996937],[139.7134049561423,35.64518416717091],[139.71343615378765,35.64527479532376],[139.71358110309944,35.6452521324929]]]}},{"type":"Feature","properties":{"現象の種類":"急傾斜地の崩壊","区域区分":"土砂災害特別警戒区域","区域名":"-","所在地":"豊島区雑司が谷一丁目","告示日":"2019/3/15"},"geometry":{"type":"Polygon","coordinates":[[[139.72002491406803,35.71916064238419],[139.72013232382653,35.71895708614122],[139.71995981293756,35.719100532297574],[139.72002491406803,35.71916064238419]]]}},{"type":"Feature","properties":{"現象の種類":"急傾斜地の崩壊","区域区分":"土砂災害特別警戒区域","区域名":"-","所在地":"台東区谷中二丁目","告示日":"2019/3/15"},"geometry":{"type":"Polygon","coordinates":[[[139.76617155229786,35.72081145307973],[139.76600202536756,35.72089841660515],[139.76578896725488,35.721180847289446],[139.76617155229786,35.72081145307973]]]}},{"type":"Feature","properties":{"現象の種類":"急傾斜地の崩壊","区域区分":"土砂災害特別警戒区域","区域名":"-","所在地":"豊島区駒込二丁目","告示日":"2019/3/15"},"geometry":{"type":"Polygon","coordinates":[[[139.74709409000747,35.73812820080478],[139.74701171973177,35.738189144620605],[139.74702345637203,35.73820641844722],[139.74704418336552,35.738218825627484],[139.74709409000747,35.73812820080478]]]}},{"type":"Feature","properties":{"現象の種類":"急傾斜地の崩壊","区域区分":"土砂災害特別警戒区域","区域名":"-","所在地":"豊島区南池袋四丁目","告示日":"2019/3/15"},"geometry":{"type":"Polygon","coordinates":[[[139.7175488839675,35.72143856814683],[139.71744926294815,35.721458456838825],[139.7173856731311,35.72158600647855],[139.7174297615689,35.72160822988264],[139.7175488839675,35.72143856814683]]]}},{"type":"Feature","properties":{"現象の種類":"急傾斜地の崩壊","区域区分":"土砂災害特別警戒区域","区域名":"-","所在地":"豊島区南大塚一丁目","告示日":"2019/3/15"},"geometry":{"type":"Polygon","coordinates":[[[139.7363453798374,35.726857671729704],[139.73610795416081,35.72675564535296],[139.7359225214352,35.72672748421031],[139.7358083221086,35.72675224843596],[139.7363453798374,35.726857671729704]]]}},{"type":"Feature","properties":{"現象の種類":"急傾斜地の崩壊","区域区分":"土砂災害特別警戒区域","区域名":"-","所在地":"豊島区目白一丁目","告示日":"2019/3/15"},"geometry":{"type":"Polygon","coordinates":[[[139.7110755156227,35.71719509917811],[139.7110850166676,35.71702805766844],[139.71030344249752,35.71676381511463],[139.7102564319938,35.716855246459865],[139.7102328930991,35.71703339177155],[139.71143144916232,35.71737477342777],[139.71144450901843,35.717484703185],[139.71153182611508,35.71741770203588],[139.7114825590337,35.71728188375748],[139.7110755156227,35.71719509917811]]]}},{"type":"Feature","properties":{"現象の種類":"急傾斜地の崩壊","区域区分":"土砂災害特別警戒区域","区域名":"-","所在地":"豊島区高田二丁目","告示日":"2019/3/15"},"geometry":{"type":"Polygon","coordinates":[[[139.71491309951776,35.716895517481234],[139.71494517694958,35.716776151656624],[139.71490475543814,35.71677688752943],[139.71491309951776,35.716895517481234]]]}},{"type":"Feature","properties":{"現象の種類":"急傾斜地の崩壊","区域区分":"土砂災害特別警戒区域","区域名":"-","所在地":"豊島区雑司が谷一丁目","告示日":"2019/3/15"},"geometry":{"type":"Polygon","coordinates":[[[139.72099003532924,35.718930646869076],[139.72079652939684,35.71877423046003],[139.72076514826702,35.71880874342575],[139.7209339130873,35.71899216958125],[139.72099003532924,35.718930646869076]]]}},{"type":"Feature","properties":{"現象の種類":"急傾斜地の崩壊","区域区分":"土砂災害特別警戒区域","区域名":"-","所在地":"豊島区雑司が谷一丁目","告示日":"2019/3/15"},"geometry":{"type":"Polygon","coordinates":[[[139.72117804632833,35.71900758278372],[139.72134105309863,35.71916317730107],[139.72136696781791,35.71913524936419],[139.72117804632833,35.71900758278372]]]}},{"type":"Feature","properties":{"現象の種類":"急傾斜地の崩壊","区域区分":"土砂災害特別警戒区域","区域名":"-","所在地":"千代田区永田町二丁目","告示日":"2019/9/26"},"geometry":{"type":"Polygon","coordinates":[[[139.7374082002535,35.67792514112235],[139.7373157353301,35.67806200263124],[139.73759490032458,35.678398695036364],[139.7376555706431,35.67832494309908],[139.73743806219952,35.67812149269087],[139.7374082002535,35.67792514112235]]]}},{"type":"Feature","properties":{"現象の種類":"急傾斜地の崩壊","区域区分":"土砂災害特別警戒区域","区域名":"-","所在地":"港区六本木三丁目","告示日":"2019/9/26"},"geometry":{"type":"Polygon","coordinates":[[[139.73661590312742,35.66424646400532],[139.73668854509418,35.66423528424112],[139.73662790020086,35.66421943651308],[139.73661590312742,35.66424646400532]]]}},{"type":"Feature","properties":{"現象の種類":"急傾斜地の崩壊","区域区分":"土砂災害特別警戒区域","区域名":"-","所在地":"文京区西片一丁目","告示日":"2019/9/26"},"geometry":{"type":"Polygon","coordinates":[[[139.75274385065532,35.7144243759119],[139.75284854013677,35.714341281381834],[139.75270302609044,35.71434482730543],[139.75274385065532,35.7144243759119]]]}},{"type":"Feature","properties":{"現象の種類":"急傾斜地の崩壊","区域区分":"土砂災害特別警戒区域","区域名":"-","所在地":"品川区北品川五丁目","告示日":"2021/5/7"},"geometry":{"type":"Polygon","coordinates":[[[139.73262914563068,35.623082105127864],[139.73249845806916,35.62315863664769],[139.73251561776988,35.62325246956089],[139.73255997895717,35.62326167255953],[139.73262914563068,35.623082105127864]]]}},{"type":"Feature","properties":{"現象の種類":"急傾斜地の崩壊","区域区分":"土砂災害特別警戒区域","区域名":"-","所在地":"品川区北品川五丁目","告示日":"2021/5/7"},"geometry":{"type":"Polygon","coordinates":[[[139.73265308050767,35.622778705746974],[139.73248326996614,35.62212112607927],[139.73234145144804,35.62211603656562],[139.73239979012098,35.62229118495126],[139.73247534630255,35.62227916579178],[139.73249346647307,35.62234314354141],[139.73241506908985,35.622360254029225],[139.7324380640016,35.6224482805946],[139.73250004340932,35.622434761388604],[139.73257427574413,35.622778432887365],[139.73265308050767,35.622778705746974]]]}},{"type":"Feature","properties":{"現象の種類":"急傾斜地の崩壊","区域区分":"土砂災害特別警戒区域","区域名":"-","所在地":"港区西麻布三丁目","告示日":"2019/9/26"},"geometry":{"type":"Polygon","coordinates":[[[139.72429487603378,35.65744562012084],[139.72430721089486,35.6572288444801],[139.72428061073157,35.65744466820901],[139.72429487603378,35.65744562012084]]]}},{"type":"Feature","properties":{"現象の種類":"急傾斜地の崩壊","区域区分":"土砂災害特別警戒区域","区域名":"-","所在地":"文京区白山一丁目","告示日":"2019/9/26"},"geometry":{"type":"Polygon","coordinates":[[[139.75269601264657,35.720496807664254],[139.75268455595184,35.7204058503895],[139.75267807024596,35.72049220588651],[139.75269601264657,35.720496807664254]]]}},{"type":"Feature","properties":{"現象の種類":"急傾斜地の崩壊","区域区分":"土砂災害特別警戒区域","区域名":"-","所在地":"文京区関口二丁目","告示日":"2019/9/26"},"geometry":{"type":"Polygon","coordinates":[[[139.72601321542112,35.7107266119198],[139.7259306017395,35.71071935162783],[139.72598942312518,35.71076612645682],[139.72601321542112,35.7107266119198]]]}},{"type":"Feature","properties":{"現象の種類":"急傾斜地の崩壊","区域区分":"土砂災害特別警戒区域","区域名":"-","所在地":"港区三田三丁目","告示日":"2019/9/26"},"geometry":{"type":"Polygon","coordinates":[[[139.74231123829,35.64735170572807],[139.7422529426881,35.647176251296926],[139.74220567951744,35.64719526743607],[139.74231123829,35.64735170572807]]]}},{"type":"Feature","properties":{"現象の種類":"急傾斜地の崩壊","区域区分":"土砂災害特別警戒区域","区域名":"-","所在地":"文京区関口二丁目","告示日":"2019/9/26"},"geometry":{"type":"Polygon","coordinates":[[[139.72669365860054,35.71079949374314],[139.72664020335867,35.71059612413403],[139.72643687487192,35.71070839644983],[139.72639841752664,35.710860885282756],[139.72669365860054,35.71079949374314]]]}},{"type":"Feature","properties":{"現象の種類":"急傾斜地の崩壊","区域区分":"土砂災害特別警戒区域","区域名":"-","所在地":"文京区小日向三丁目","告示日":"2019/9/26"},"geometry":{"type":"Polygon","coordinates":[[[139.73694303681424,35.71543546196341],[139.73687181938055,35.715429723591406],[139.73670816413107,35.71568532253802],[139.73681859607476,35.715714898445256],[139.73694303681424,35.71543546196341]]]}},{"type":"Feature","properties":{"現象の種類":"急傾斜地の崩壊","区域区分":"土砂災害特別警戒区域","区域名":"-","所在地":"港区南麻布三丁目","告示日":"2019/9/26"},"geometry":{"type":"Polygon","coordinates":[[[139.72935548255046,35.64842148180298],[139.7292885189539,35.64841591058302],[139.72926708392137,35.64847368910756],[139.729334955883,35.6484921929112],[139.72935548255046,35.64842148180298]]]}},{"type":"Feature","properties":{"現象の種類":"急傾斜地の崩壊","区域区分":"土砂災害特別警戒区域","区域名":"-","所在地":"新宿区筑土八幡町","告示日":"2019/9/26"},"geometry":{"type":"Polygon","coordinates":[[[139.74089986222873,35.70397148812187],[139.7408066530678,35.704061752512644],[139.7408867810111,35.704077981919504],[139.74089986222873,35.70397148812187]]]}},{"type":"Feature","properties":{"現象の種類":"急傾斜地の崩壊","区域区分":"土砂災害特別警戒区域","区域名":"-","所在地":"千代田区三番町","告示日":"2019/9/26"},"geometry":{"type":"Polygon","coordinates":[[[139.74132643892054,35.689760848516855],[139.74130033589637,35.68973521565546],[139.74129535244376,35.689747621158595],[139.74132643892054,35.689760848516855]]]}},{"type":"Feature","properties":{"現象の種類":"急傾斜地の崩壊","区域区分":"土砂災害特別警戒区域","区域名":"-","所在地":"品川区上大崎四丁目","告示日":"2019/9/26"},"geometry":{"type":"Polygon","coordinates":[[[139.71530097814187,35.62919738912894],[139.71521626518904,35.62908804841563],[139.71518118852353,35.62916094262311],[139.71530097814187,35.62919738912894]]]}},{"type":"Feature","properties":{"現象の種類":"急傾斜地の崩壊","区域区分":"土砂災害特別警戒区域","区域名":"-","所在地":"文京区小日向二丁目","告示日":"2019/9/26"},"geometry":{"type":"Polygon","coordinates":[[[139.73182819460953,35.71222598127343],[139.73194738848932,35.712109084338714],[139.7318630508939,35.71205302757243],[139.73172325453984,35.71218414051471],[139.73182819460953,35.71222598127343]]]}},{"type":"Feature","properties":{"現象の種類":"急傾斜地の崩壊","区域区分":"土砂災害特別警戒区域","区域名":"-","所在地":"港区三田四丁目","告示日":"2019/9/26"},"geometry":{"type":"Polygon","coordinates":[[[139.7402937584437,35.645689013807626],[139.74021357929053,35.64554070095806],[139.74012220916038,35.64557204682979],[139.74022799454468,35.64571229254111],[139.7402937584437,35.645689013807626]]]}},{"type":"Feature","properties":{"現象の種類":"急傾斜地の崩壊","区域区分":"土砂災害特別警戒区域","区域名":"-","所在地":"港区元麻布一丁目","告示日":"2019/9/26"},"geometry":{"type":"Polygon","coordinates":[[[139.7327635698469,35.65282533742492],[139.7326251848485,35.65275171523522],[139.73283623165284,35.652873289779386],[139.7327635698469,35.65282533742492]]]}},{"type":"Feature","properties":{"現象の種類":"急傾斜地の崩壊","区域区分":"土砂災害特別警戒区域","区域名":"-","所在地":"港区三田四丁目","告示日":"2019/9/26"},"geometry":{"type":"Polygon","coordinates":[[[139.74037383588544,35.64522070132455],[139.74033828799918,35.64511069151106],[139.74028612809886,35.64512472442804],[139.74037383588544,35.64522070132455]]]}},{"type":"Feature","properties":{"現象の種類":"急傾斜地の崩壊","区域区分":"土砂災害特別警戒区域","区域名":"-","所在地":"港区高輪四丁目","告示日":"2019/9/26"},"geometry":{"type":"Polygon","coordinates":[[[139.73404116852006,35.62632872820258],[139.73403575039447,35.626238712000834],[139.7339912252897,35.626310524030224],[139.73404116852006,35.62632872820258]]]}},{"type":"Feature","properties":{"現象の種類":"急傾斜地の崩壊","区域区分":"土砂災害特別警戒区域","区域名":"-","所在地":"港区高輪四丁目","告示日":"2019/9/26"},"geometry":{"type":"Polygon","coordinates":[[[139.73442998061418,35.62578087974866],[139.7343243694047,35.62579430601272],[139.73439257817006,35.62582205788748],[139.73442998061418,35.62578087974866]]]}},{"type":"Feature","properties":{"現象の種類":"急傾斜地の崩壊","区域区分":"土砂災害特別警戒区域","区域名":"-","所在地":"文京区目白台一丁目","告示日":"2019/9/26"},"geometry":{"type":"Polygon","coordinates":[[[139.71983430427926,35.71486668345537],[139.72000118383545,35.714756205225555],[139.71981671261048,35.71480793203846],[139.71983430427926,35.71486668345537]]]}},{"type":"Feature","properties":{"現象の種類":"急傾斜地の崩壊","区域区分":"土砂災害特別警戒区域","区域名":"-","所在地":"文京区目白台一丁目","告示日":"2019/9/26"},"geometry":{"type":"Polygon","coordinates":[[[139.720751781619,35.71496375973638],[139.72056716048107,35.71488497243465],[139.72073573869042,35.715002516093975],[139.720751781619,35.71496375973638]]]}},{"type":"Feature","properties":{"現象の種類":"急傾斜地の崩壊","区域区分":"土砂災害特別警戒区域","区域名":"-","所在地":"文京区西片一丁目","告示日":"2019/9/26"},"geometry":{"type":"Polygon","coordinates":[[[139.75279933538658,35.71419388043767],[139.752646026296,35.7141613619055],[139.75264151887453,35.714218666870316],[139.75272650576605,35.71420531959857],[139.75279933538658,35.71419388043767]]]}},{"type":"Feature","properties":{"現象の種類":"急傾斜地の崩壊","区域区分":"土砂災害特別警戒区域","区域名":"-","所在地":"渋谷区恵比寿四丁目","告示日":"2019/9/26"},"geometry":{"type":"Polygon","coordinates":[[[139.71363520762077,35.64525191583343],[139.71357596495153,35.64515512989808],[139.71360259780118,35.645252965178685],[139.71363520762077,35.64525191583343]]]}},{"type":"Feature","properties":{"現象の種類":"急傾斜地の崩壊","区域区分":"土砂災害特別警戒区域","区域名":"-","所在地":"港区赤坂七丁目","告示日":"2019/9/26"},"geometry":{"type":"Polygon","coordinates":[[[139.72938383615866,35.67177464163511],[139.72933031833387,35.67160333211775],[139.7292938426985,35.67179144259286],[139.72938383615866,35.67177464163511]]]}},{"type":"Feature","properties":{"現象の種類":"急傾斜地の崩壊","区域区分":"土砂災害特別警戒区域","区域名":"-","所在地":"港区赤坂七丁目","告示日":"2019/9/26"},"geometry":{"type":"Polygon","coordinates":[[[139.72927972101266,35.67190923746881],[139.72931114457845,35.67180789580695],[139.7292765378322,35.671806873238076],[139.72927972101266,35.67190923746881]]]}},{"type":"Feature","properties":{"現象の種類":"急傾斜地の崩壊","区域区分":"土砂災害特別警戒区域","区域名":"-","所在地":"千代田区紀尾井町","告示日":"2019/9/26"},"geometry":{"type":"Polygon","coordinates":[[[139.73647458633107,35.68113438296706],[139.73629538297976,35.681121940364434],[139.7363562513973,35.68135750172662],[139.73647458633107,35.68113438296706]]]}},{"type":"Feature","properties":{"現象の種類":"急傾斜地の崩壊","区域区分":"土砂災害特別警戒区域","区域名":"-","所在地":"千代田区紀尾井町","告示日":"2019/9/26"},"geometry":{"type":"Polygon","coordinates":[[[139.73638332726335,35.68220554972003],[139.73630116821502,35.68215001756945],[139.7362652507661,35.682294257326525],[139.736353923124,35.68236239908689],[139.73638332726335,35.68220554972003]]]}},{"type":"Feature","properties":{"現象の種類":"急傾斜地の崩壊","区域区分":"土砂災害特別警戒区域","区域名":"-","所在地":"千代田区永田町二丁目","告示日":"2019/9/26"},"geometry":{"type":"Polygon","coordinates":[[[139.73852314237402,35.67685500028522],[139.73832530503185,35.67671442744984],[139.73819907248892,35.67684823729102],[139.73839824612372,35.676980839328486],[139.73852314237402,35.67685500028522]]]}},{"type":"Feature","properties":{"現象の種類":"急傾斜地の崩壊","区域区分":"土砂災害特別警戒区域","区域名":"-","所在地":"千代田区永田町二丁目","告示日":"2019/9/26"},"geometry":{"type":"Polygon","coordinates":[[[139.73869949146177,35.67715432078009],[139.73873393443915,35.67712018336182],[139.73869447823947,35.67714516889894],[139.73869949146177,35.67715432078009]]]}},{"type":"Feature","properties":{"現象の種類":"急傾斜地の崩壊","区域区分":"土砂災害特別警戒区域","区域名":"-","所在地":"千代田区永田町二丁目","告示日":"2019/9/26"},"geometry":{"type":"Polygon","coordinates":[[[139.73879172639403,35.677213996200216],[139.7387604050904,35.677257743749415],[139.7388014344569,35.67723200630012],[139.73879172639403,35.677213996200216]]]}},{"type":"Feature","properties":{"現象の種類":"急傾斜地の崩壊","区域区分":"土砂災害特別警戒区域","区域名":"-","所在地":"千代田区富士見一丁目、飯田橋一丁目","告示日":"2019/9/26"},"geometry":{"type":"Polygon","coordinates":[[[139.7482526957047,35.69884772181268],[139.74819489192976,35.6988024500669],[139.74821917338653,35.69886177773904],[139.7482526957047,35.69884772181268]]]}},{"type":"Feature","properties":{"現象の種類":"急傾斜地の崩壊","区域区分":"土砂災害特別警戒区域","区域名":"-","所在地":"千代田区三番町","告示日":"2019/9/26"},"geometry":{"type":"Polygon","coordinates":[[[139.74164726096308,35.68998143010409],[139.74182124971972,35.689912751815605],[139.74207953145952,35.68995516830934],[139.74182095854746,35.6898987943926],[139.7416429537163,35.68996643349552],[139.74137968107462,35.689895141461186],[139.74164726096308,35.68998143010409]]]}},{"type":"Feature","properties":{"現象の種類":"急傾斜地の崩壊","区域区分":"土砂災害特別警戒区域","区域名":"-","所在地":"千代田区紀尾井町","告示日":"2019/9/26"},"geometry":{"type":"Polygon","coordinates":[[[139.73695722946698,35.67908020160597],[139.73733046378194,35.67902472044672],[139.73793125355633,35.6790537492818],[139.737904296252,35.67891424821273],[139.7369956387022,35.679051267809385],[139.73659472227365,35.679038254375186],[139.73695722946698,35.67908020160597]]]}},{"type":"Feature","properties":{"現象の種類":"急傾斜地の崩壊","区域区分":"土砂災害特別警戒区域","区域名":"-","所在地":"千代田区紀尾井町","告示日":"2019/9/26"},"geometry":{"type":"Polygon","coordinates":[[[139.73260721138337,35.681223552904115],[139.73316523138007,35.68062437229542],[139.73361249639564,35.67940287720104],[139.73378503017864,35.67926383967566],[139.7351830547963,35.67908791483783],[139.73603802599604,35.679078542867465],[139.73607060231984,35.678987905189096],[139.73489115297275,35.67900711092451],[139.73368130760744,35.67921649580985],[139.7334153218041,35.6795409494415],[139.7329820205105,35.680613762048175],[139.7326560208834,35.680951954867666],[139.73254458157015,35.68095145967099],[139.73260721138337,35.681223552904115]]]}},{"type":"Feature","properties":{"現象の種類":"急傾斜地の崩壊","区域区分":"土砂災害特別警戒区域","区域名":"-","所在地":"千代田区紀尾井町","告示日":"2019/9/26"},"geometry":{"type":"Polygon","coordinates":[[[139.73260721138337,35.681223552904115],[139.73316523138007,35.68062437229542],[139.73361249639564,35.67940287720104],[139.73378503017864,35.67926383967566],[139.7351830547963,35.67908791483783],[139.73603802599604,35.679078542867465],[139.73607060231984,35.678987905189096],[139.73489115297275,35.67900711092451],[139.73368130760744,35.67921649580985],[139.7334153218041,35.6795409494415],[139.7329820205105,35.680613762048175],[139.7326560208834,35.680951954867666],[139.73254458157015,35.68095145967099],[139.73260721138337,35.681223552904115]]]}},{"type":"Feature","properties":{"現象の種類":"急傾斜地の崩壊","区域区分":"土砂災害特別警戒区域","区域名":"-","所在地":"千代田区神田駿河台一丁目、神田猿楽町一丁目","告示日":"2019/9/26"},"geometry":{"type":"Polygon","coordinates":[[[139.76092492711223,35.69797144004658],[139.76086201434657,35.69790802737148],[139.76087496078136,35.69797273092955],[139.76092492711223,35.69797144004658]]]}},{"type":"Feature","properties":{"現象の種類":"急傾斜地の崩壊","区域区分":"土砂災害特別警戒区域","区域名":"-","所在地":"千代田区神田駿河台二丁目","告示日":"2019/9/26"},"geometry":{"type":"Polygon","coordinates":[[[139.76086576520385,35.701235797125506],[139.76082244720595,35.701202597783066],[139.76075845841368,35.701222647150104],[139.7607630108601,35.70126685690724],[139.76086576520385,35.701235797125506]]]}},{"type":"Feature","properties":{"現象の種類":"急傾斜地の崩壊","区域区分":"土砂災害特別警戒区域","区域名":"-","所在地":"千代田区神田駿河台二丁目","告示日":"2019/9/26"},"geometry":{"type":"Polygon","coordinates":[[[139.76065538228934,35.7013319703041],[139.76074473429722,35.70132137224715],[139.76084111898155,35.70130335915497],[139.76079601851924,35.70121383021028],[139.76069404407008,35.701207830635354],[139.76065538228934,35.7013319703041]]]}},{"type":"Feature","properties":{"現象の種類":"急傾斜地の崩壊","区域区分":"土砂災害特別警戒区域","区域名":"-","所在地":"千代田区神田猿楽町二丁目、神田駿河台二丁目","告示日":"2019/9/26"},"geometry":{"type":"Polygon","coordinates":[[[139.75965874683672,35.699602871200455],[139.7595703052994,35.699565125358006],[139.75973436284346,35.699676077462],[139.75965874683672,35.699602871200455]]]}},{"type":"Feature","properties":{"現象の種類":"急傾斜地の崩壊","区域区分":"土砂災害特別警戒区域","区域名":"-","所在地":"千代田区神田猿楽町一丁目、神田猿楽町二丁目、神田駿河台一丁目","告示日":"2019/9/26"},"geometry":{"type":"Polygon","coordinates":[[[139.759792689611,35.699485218437616],[139.75965273440355,35.699524647579494],[139.75976329334827,35.69963390874555],[139.75986037276454,35.69955229015434],[139.759792689611,35.699485218437616]]]}},{"type":"Feature","properties":{"現象の種類":"急傾斜地の崩壊","区域区分":"土砂災害特別警戒区域","区域名":"-","所在地":"千代田区神田猿楽町一丁目、神田猿楽町二丁目、神田駿河台一丁目","告示日":"2019/9/26"},"geometry":{"type":"Polygon","coordinates":[[[139.76004894923275,35.69937325901269],[139.76018282361537,35.699327639565055],[139.76037149087978,35.69914904275782],[139.76022015624216,35.69907779512664],[139.7598379499759,35.69938790705315],[139.75994966881245,35.69949353791101],[139.76008504749882,35.69940888903294],[139.76004894923275,35.69937325901269]]]}},{"type":"Feature","properties":{"現象の種類":"急傾斜地の崩壊","区域区分":"土砂災害特別警戒区域","区域名":"-","所在地":"港区元麻布二丁目","告示日":"2019/9/26"},"geometry":{"type":"Polygon","coordinates":[[[139.72906124815876,35.65432367362178],[139.72901188366257,35.654312912924745],[139.7290831241357,35.65440580657271],[139.72906124815876,35.65432367362178]]]}},{"type":"Feature","properties":{"現象の種類":"急傾斜地の崩壊","区域区分":"土砂災害特別警戒区域","区域名":"-","所在地":"千代田区神田猿楽町一丁目、神田猿楽町二丁目、神田駿河台一丁目","告示日":"2019/9/26"},"geometry":{"type":"Polygon","coordinates":[[[139.7607109740065,35.698819488131974],[139.76050293977164,35.6987562852867],[139.7603052116736,35.69898285673514],[139.76047298130686,35.69900410622415],[139.7607109740065,35.698819488131974]]]}},{"type":"Feature","properties":{"現象の種類":"急傾斜地の崩壊","区域区分":"土砂災害特別警戒区域","区域名":"-","所在地":"千代田区永田町二丁目","告示日":"2019/9/26"},"geometry":{"type":"Polygon","coordinates":[[[139.74000739612427,35.6754839425338],[139.74005671794802,35.67529016868341],[139.73992042424192,35.675246311095535],[139.73967235129214,35.675367463805586],[139.7396842319969,35.67554174288678],[139.74000739612427,35.6754839425338]]]}},{"type":"Feature","properties":{"現象の種類":"急傾斜地の崩壊","区域区分":"土砂災害特別警戒区域","区域名":"-","所在地":"千代田区神田駿河台四丁目","告示日":"2019/9/26"},"geometry":{"type":"Polygon","coordinates":[[[139.76454202198667,35.69819313532224],[139.76513794802347,35.697998987874065],[139.76509800067961,35.69791039110041],[139.76545904134872,35.697792799083324],[139.7656426386738,35.697757769634904],[139.7657525572343,35.69786264645252],[139.76564545592632,35.69774678607488],[139.76521470731262,35.69783567893374],[139.76505249211425,35.69788735348327],[139.7651135554068,35.69798382496268],[139.76454202198667,35.69819313532224]]]}},{"type":"Feature","properties":{"現象の種類":"急傾斜地の崩壊","区域区分":"土砂災害特別警戒区域","区域名":"-","所在地":"千代田区富士見二丁目","告示日":"2019/9/26"},"geometry":{"type":"Polygon","coordinates":[[[139.74299409518622,35.69666986356534],[139.7430404608033,35.69660698925383],[139.74274844549353,35.69649263565574],[139.74259967943163,35.69646639878401],[139.74256466686066,35.6965374244267],[139.74299409518622,35.69666986356534]]]}},{"type":"Feature","properties":{"現象の種類":"急傾斜地の崩壊","区域区分":"土砂災害特別警戒区域","区域名":"-","所在地":"千代田区三番町","告示日":"2019/9/26"},"geometry":{"type":"Polygon","coordinates":[[[139.74156558060454,35.690874156200394],[139.741362345616,35.69079484272524],[139.74135823546746,35.69080826318819],[139.74156558060454,35.690874156200394]]]}},{"type":"Feature","properties":{"現象の種類":"急傾斜地の崩壊","区域区分":"土砂災害特別警戒区域","区域名":"-","所在地":"千代田区一番町","告示日":"2019/9/26"},"geometry":{"type":"Polygon","coordinates":[[[139.74364558962696,35.68809395922566],[139.74356722368918,35.68783187586621],[139.74346790825305,35.687848479794205],[139.74357140978537,35.68814671696348],[139.74364558962696,35.68809395922566]]]}},{"type":"Feature","properties":{"現象の種類":"急傾斜地の崩壊","区域区分":"土砂災害特別警戒区域","区域名":"-","所在地":"千代田区一番町","告示日":"2019/9/26"},"geometry":{"type":"Polygon","coordinates":[[[139.7435847889697,35.68781331745134],[139.74346502692646,35.68747766487695],[139.74337449910982,35.68750700634279],[139.74345723114538,35.68783484991802],[139.7435847889697,35.68781331745134]]]}},{"type":"Feature","properties":{"現象の種類":"急傾斜地の崩壊","区域区分":"土砂災害特別警戒区域","区域名":"-","所在地":"文京区千駄木一丁目","告示日":"2019/9/26"},"geometry":{"type":"Polygon","coordinates":[[[139.75928683172933,35.722306242503315],[139.75919957851852,35.72228443072405],[139.75911892537138,35.722357946852135],[139.75922293044584,35.722384181190975],[139.75928683172933,35.722306242503315]]]}},{"type":"Feature","properties":{"現象の種類":"急傾斜地の崩壊","区域区分":"土砂災害特別警戒区域","区域名":"-","所在地":"千代田区紀尾井町","告示日":"2019/9/26"},"geometry":{"type":"Polygon","coordinates":[[[139.73514887148002,35.680839623490044],[139.73517100054892,35.68061242396495],[139.73530496059757,35.680614833284004],[139.7350762195001,35.68054526550667],[139.7349466373887,35.68079862635162],[139.73514887148002,35.680839623490044]]]}},{"type":"Feature","properties":{"現象の種類":"急傾斜地の崩壊","区域区分":"土砂災害特別警戒区域","区域名":"-","所在地":"千代田区紀尾井町","告示日":"2019/9/26"},"geometry":{"type":"Polygon","coordinates":[[[139.73459485182946,35.679548954691775],[139.7345269527994,35.679508812133804],[139.7344784808107,35.679523205401686],[139.73450109909612,35.679590977104645],[139.73459485182946,35.679548954691775]]]}},{"type":"Feature","properties":{"現象の種類":"急傾斜地の崩壊","区域区分":"土砂災害特別警戒区域","区域名":"-","所在地":"千代田区永田町二丁目","告示日":"2019/9/26"},"geometry":{"type":"Polygon","coordinates":[[[139.73882082595514,35.67713791884479],[139.7389634990912,35.67696908308048],[139.73906694014713,35.67664089761226],[139.73921160989607,35.676623201225055],[139.7391609222223,35.67653442046196],[139.73895065975523,35.67659744567572],[139.73897462018257,35.67667236984958],[139.7388259047051,35.67683869380767],[139.73889722783602,35.67687444333948],[139.73886140840622,35.67694649141281],[139.73871343989842,35.67704431072223],[139.73882082595514,35.67713791884479]]]}},{"type":"Feature","properties":{"現象の種類":"急傾斜地の崩壊","区域区分":"土砂災害特別警戒区域","区域名":"-","所在地":"港区元麻布三丁目","告示日":"2019/9/26"},"geometry":{"type":"Polygon","coordinates":[[[139.7287932308162,35.65751119436471],[139.72887959753925,35.65742891070376],[139.7287786070775,35.6574953745652],[139.7287932308162,35.65751119436471]]]}},{"type":"Feature","properties":{"現象の種類":"急傾斜地の崩壊","区域区分":"土砂災害特別警戒区域","区域名":"-","所在地":"千代田区永田町二丁目","告示日":"2019/9/26"},"geometry":{"type":"Polygon","coordinates":[[[139.74051022745135,35.67479021055125],[139.74038057010807,35.674953167833],[139.7400266756743,35.675154156118154],[139.74005191108267,35.67519143036527],[139.7402880816782,35.6751488205555],[139.74051384128808,35.67499242268246],[139.74051022745135,35.67479021055125]]]}},{"type":"Feature","properties":{"現象の種類":"急傾斜地の崩壊","区域区分":"土砂災害特別警戒区域","区域名":"-","所在地":"港区赤坂七丁目","告示日":"2019/9/26"},"geometry":{"type":"Polygon","coordinates":[[[139.7306627922666,35.672481456108706],[139.73060430388543,35.672446618235156],[139.7305669146918,35.67247355296486],[139.73060272641476,35.67247890336032],[139.7306627922666,35.672481456108706]]]}},{"type":"Feature","properties":{"現象の種類":"急傾斜地の崩壊","区域区分":"土砂災害特別警戒区域","区域名":"-","所在地":"千代田区永田町二丁目、港区赤坂三丁目","告示日":"2019/9/26"},"geometry":{"type":"Polygon","coordinates":[[[139.73914046875996,35.67465279869531],[139.7389162727199,35.67447036463817],[139.7388242699076,35.67489873824225],[139.73885658508195,35.675215201540475],[139.73898008799318,35.675407885707465],[139.73911019620505,35.67535863056152],[139.73914046875996,35.67465279869531]]]}},{"type":"Feature","properties":{"現象の種類":"急傾斜地の崩壊","区域区分":"土砂災害特別警戒区域","区域名":"-","所在地":"千代田区永田町二丁目","告示日":"2019/9/26"},"geometry":{"type":"Polygon","coordinates":[[[139.7400176404699,35.67393225573239],[139.74024236642518,35.673919299636644],[139.7402798385794,35.67372985857308],[139.739746927533,35.67389992915855],[139.73986306046203,35.674040760948216],[139.7400176404699,35.67393225573239]]]}},{"type":"Feature","properties":{"現象の種類":"急傾斜地の崩壊","区域区分":"土砂災害特別警戒区域","区域名":"-","所在地":"千代田区永田町一丁目","告示日":"2019/9/26"},"geometry":{"type":"Polygon","coordinates":[[[139.74590605677426,35.67330456873608],[139.7457218665522,35.67326853480132],[139.74572976319382,35.67334426664509],[139.74588232537138,35.67336997274798],[139.74590605677426,35.67330456873608]]]}},{"type":"Feature","properties":{"現象の種類":"急傾斜地の崩壊","区域区分":"土砂災害特別警戒区域","区域名":"-","所在地":"千代田区永田町一丁目","告示日":"2019/9/26"},"geometry":{"type":"Polygon","coordinates":[[[139.74815535200673,35.67802989333952],[139.7480382991215,35.67795005694661],[139.74759677799827,35.67843787940476],[139.74770733643004,35.67850588994983],[139.74815535200673,35.67802989333952]]]}},{"type":"Feature","properties":{"現象の種類":"急傾斜地の崩壊","区域区分":"土砂災害特別警戒区域","区域名":"-","所在地":"千代田区隼町","告示日":"2019/9/26"},"geometry":{"type":"Polygon","coordinates":[[[139.74493797508467,35.68077736154909],[139.74487254989933,35.6807136362679],[139.74486414445238,35.68072123054898],[139.74493797508467,35.68077736154909]]]}},{"type":"Feature","properties":{"現象の種類":"急傾斜地の崩壊","区域区分":"土砂災害特別警戒区域","区域名":"-","所在地":"港区赤坂一丁目","告示日":"2019/9/26"},"geometry":{"type":"Polygon","coordinates":[[[139.7426575198533,35.66830745110836],[139.74261877472645,35.66822032114678],[139.74211151816684,35.6683512725644],[139.74232701631763,35.66840077170503],[139.7426575198533,35.66830745110836]]]}},{"type":"Feature","properties":{"現象の種類":"急傾斜地の崩壊","区域区分":"土砂災害特別警戒区域","区域名":"-","所在地":"港区麻布狸穴町、麻布永坂町","告示日":"2019/9/26"},"geometry":{"type":"Polygon","coordinates":[[[139.73931321229426,35.659283565011286],[139.73922009795257,35.65930231755142],[139.73927517755948,35.65944805546958],[139.73934681859728,35.65943546686958],[139.73926233945605,35.65929425006591],[139.73931321229426,35.659283565011286]]]}},{"type":"Feature","properties":{"現象の種類":"急傾斜地の崩壊","区域区分":"土砂災害特別警戒区域","区域名":"-","所在地":"港区赤坂四丁目","告示日":"2019/9/26"},"geometry":{"type":"Polygon","coordinates":[[[139.73519593784357,35.67502287389129],[139.73528483079295,35.67491973590402],[139.73507344459836,35.6747958936699],[139.7351121344372,35.67474996756966],[139.734981749607,35.67483123443867],[139.73519593784357,35.67502287389129]]]}},{"type":"Feature","properties":{"現象の種類":"急傾斜地の崩壊","区域区分":"土砂災害特別警戒区域","区域名":"-","所在地":"港区赤坂四丁目","告示日":"2019/9/26"},"geometry":{"type":"Polygon","coordinates":[[[139.73555363032688,35.6751812923797],[139.73540810818983,35.67510177367258],[139.7353967622123,35.67498611474732],[139.73528925257048,35.67508047544157],[139.73555363032688,35.6751812923797]]]}},{"type":"Feature","properties":{"現象の種類":"急傾斜地の崩壊","区域区分":"土砂災害特別警戒区域","区域名":"-","所在地":"港区赤坂五丁目、赤坂七丁目、赤坂六丁目","告示日":"2019/9/26"},"geometry":{"type":"Polygon","coordinates":[[[139.7348186131975,35.671105094272484],[139.73426382314304,35.67061270935054],[139.73342790217404,35.67033816537366],[139.733062899201,35.67082112122392],[139.73316958212027,35.670921500854114],[139.73352961233678,35.67053214127802],[139.73448649150484,35.670967504280796],[139.7345941110771,35.671113647268825],[139.73454938970647,35.67116136794159],[139.73472482532617,35.67128901846911],[139.7348186131975,35.671105094272484]]]}},{"type":"Feature","properties":{"現象の種類":"急傾斜地の崩壊","区域区分":"土砂災害特別警戒区域","区域名":"-","所在地":"港区三田一丁目","告示日":"2019/9/26"},"geometry":{"type":"Polygon","coordinates":[[[139.7386014555462,35.65338768823138],[139.7386615569867,35.65333995811967],[139.73858579951818,35.65335076044744],[139.7386014555462,35.65338768823138]]]}},{"type":"Feature","properties":{"現象の種類":"急傾斜地の崩壊","区域区分":"土砂災害特別警戒区域","区域名":"-","所在地":"港区赤坂七丁目","告示日":"2019/9/26"},"geometry":{"type":"Polygon","coordinates":[[[139.73274262928865,35.671322474652776],[139.73262748922627,35.67121283343194],[139.7325494726197,35.67126088194056],[139.73266754267178,35.67135902794042],[139.73274262928865,35.671322474652776]]]}},{"type":"Feature","properties":{"現象の種類":"急傾斜地の崩壊","区域区分":"土砂災害特別警戒区域","区域名":"-","所在地":"港区赤坂七丁目","告示日":"2019/9/26"},"geometry":{"type":"Polygon","coordinates":[[[139.7318774996371,35.671679118805685],[139.731942142682,35.67162922435046],[139.73186914479714,35.67166784641092],[139.7318774996371,35.671679118805685]]]}},{"type":"Feature","properties":{"現象の種類":"急傾斜地の崩壊","区域区分":"土砂災害特別警戒区域","区域名":"-","所在地":"港区赤坂七丁目","告示日":"2019/9/26"},"geometry":{"type":"Polygon","coordinates":[[[139.73221434830114,35.6715239816719],[139.73234338850935,35.67141302802827],[139.73218656675317,35.671487079293804],[139.73221434830114,35.6715239816719]]]}},{"type":"Feature","properties":{"現象の種類":"急傾斜地の崩壊","区域区分":"土砂災害特別警戒区域","区域名":"-","所在地":"港区赤坂八丁目","告示日":"2019/9/26"},"geometry":{"type":"Polygon","coordinates":[[[139.72856645541268,35.671553453189055],[139.72881464552844,35.67152997519279],[139.72881209060913,35.67150575344641],[139.7284698041535,35.671479284780396],[139.72856645541268,35.671553453189055]]]}},{"type":"Feature","properties":{"現象の種類":"急傾斜地の崩壊","区域区分":"土砂災害特別警戒区域","区域名":"-","所在地":"港区赤坂九丁目","告示日":"2019/9/26"},"geometry":{"type":"Polygon","coordinates":[[[139.73216768456845,35.66868918658976],[139.73213077468472,35.66862518459747],[139.7318991349354,35.668642607311774],[139.73198559483092,35.66868748788109],[139.73216768456845,35.66868918658976]]]}},{"type":"Feature","properties":{"現象の種類":"急傾斜地の崩壊","区域区分":"土砂災害特別警戒区域","区域名":"-","所在地":"港区麻布狸穴町、麻布永坂町","告示日":"2019/9/26"},"geometry":{"type":"Polygon","coordinates":[[[139.7392888001634,35.659533524488936],[139.73926013321318,35.659530613421865],[139.73934436644544,35.65953916709304],[139.7392888001634,35.659533524488936]]]}},{"type":"Feature","properties":{"現象の種類":"急傾斜地の崩壊","区域区分":"土砂災害特別警戒区域","区域名":"-","所在地":"港区愛宕一丁目、虎ノ門三丁目","告示日":"2019/9/26"},"geometry":{"type":"Polygon","coordinates":[[[139.74838820993094,35.66535070136354],[139.74810078863544,35.66502087865974],[139.7480663267272,35.66481889052254],[139.7479054667004,35.664845323797195],[139.74801867627886,35.6651355867463],[139.74831654657808,35.6653725978817],[139.74838820993094,35.66535070136354]]]}},{"type":"Feature","properties":{"現象の種類":"急傾斜地の崩壊","区域区分":"土砂災害特別警戒区域","区域名":"-","所在地":"港区愛宕一丁目、虎ノ門三丁目","告示日":"2019/9/26"},"geometry":{"type":"Polygon","coordinates":[[[139.7480490005546,35.66465274541504],[139.74817753486084,35.66440714334335],[139.7481714443121,35.664370062316635],[139.74796133213283,35.66438467825991],[139.74788191948798,35.66447880194532],[139.74789916724288,35.66464433447973],[139.7480490005546,35.66465274541504]]]}},{"type":"Feature","properties":{"現象の種類":"急傾斜地の崩壊","区域区分":"土砂災害特別警戒区域","区域名":"-","所在地":"港区愛宕二丁目、愛宕一丁目、虎ノ門三丁目","告示日":"2019/9/26"},"geometry":{"type":"Polygon","coordinates":[[[139.74795933095112,35.66429040215077],[139.74812794668813,35.6642327664678],[139.7479450333181,35.66425386195822],[139.74795933095112,35.66429040215077]]]}},{"type":"Feature","properties":{"現象の種類":"急傾斜地の崩壊","区域区分":"土砂災害特別警戒区域","区域名":"-","所在地":"港区愛宕二丁目、愛宕一丁目、虎ノ門三丁目","告示日":"2019/9/26"},"geometry":{"type":"Polygon","coordinates":[[[139.74788880098973,35.663669846303165],[139.74777516479497,35.66375198382582],[139.74785938024826,35.6639251885116],[139.7479785433891,35.66389570511933],[139.74788880098973,35.663669846303165]]]}},{"type":"Feature","properties":{"現象の種類":"急傾斜地の崩壊","区域区分":"土砂災害特別警戒区域","区域名":"-","所在地":"港区愛宕二丁目、虎ノ門三丁目","告示日":"2019/9/26"},"geometry":{"type":"Polygon","coordinates":[[[139.74777138695285,35.663496806716125],[139.74739693582643,35.66329734348562],[139.74731715426617,35.66340806774178],[139.7474396148063,35.663503136787035],[139.74755163784604,35.66343266443379],[139.74763266402343,35.66354639894255],[139.74777138695285,35.663496806716125]]]}},{"type":"Feature","properties":{"現象の種類":"急傾斜地の崩壊","区域区分":"土砂災害特別警戒区域","区域名":"-","所在地":"港区虎ノ門三丁目、芝公園三丁目、虎ノ門五丁目","告示日":"2019/9/26"},"geometry":{"type":"Polygon","coordinates":[[[139.74498229349413,35.662195405237846],[139.74554430182303,35.66208501281836],[139.74560887191058,35.66199748593558],[139.74496856300064,35.66213001488686],[139.74498229349413,35.662195405237846]]]}},{"type":"Feature","properties":{"現象の種類":"急傾斜地の崩壊","区域区分":"土砂災害特別警戒区域","区域名":"-","所在地":"港区虎ノ門四丁目","告示日":"2019/9/26"},"geometry":{"type":"Polygon","coordinates":[[[139.74458102265993,35.66496576563224],[139.74443302917553,35.66494148980957],[139.7444601044302,35.665043793954865],[139.74458102265993,35.66496576563224]]]}},{"type":"Feature","properties":{"現象の種類":"急傾斜地の崩壊","区域区分":"土砂災害特別警戒区域","区域名":"-","所在地":"港区虎ノ門五丁目、芝公園三丁目","告示日":"2019/9/26"},"geometry":{"type":"Polygon","coordinates":[[[139.744399703679,35.66156247608611],[139.74435389905284,35.66151009347904],[139.74424929174828,35.6615512275529],[139.74427389324586,35.661608104573375],[139.744399703679,35.66156247608611]]]}},{"type":"Feature","properties":{"現象の種類":"急傾斜地の崩壊","区域区分":"土砂災害特別警戒区域","区域名":"-","所在地":"港区芝公園三丁目","告示日":"2019/9/26"},"geometry":{"type":"Polygon","coordinates":[[[139.74872160220463,35.660982315679306],[139.74864965739204,35.6609487876911],[139.7486368118598,35.66099705460162],[139.74872160220463,35.660982315679306]]]}},{"type":"Feature","properties":{"現象の種類":"急傾斜地の崩壊","区域区分":"土砂災害特別警戒区域","区域名":"-","所在地":"港区芝公園三丁目","告示日":"2019/9/26"},"geometry":{"type":"Polygon","coordinates":[[[139.74869864138435,35.66129520746625],[139.74875639116354,35.66126648129285],[139.74865747441902,35.66130102669573],[139.74871765997946,35.661573252224876],[139.74881475556126,35.66139800796649],[139.74869864138435,35.66129520746625]]]}},{"type":"Feature","properties":{"現象の種類":"急傾斜地の崩壊","区域区分":"土砂災害特別警戒区域","区域名":"-","所在地":"港区芝公園四丁目、東麻布一丁目","告示日":"2019/9/26"},"geometry":{"type":"Polygon","coordinates":[[[139.74462098908495,35.65837414510246],[139.74438659131047,35.65844224839144],[139.74442186938336,35.65855704908344],[139.74464377194826,35.65845373444325],[139.74462098908495,35.65837414510246]]]}},{"type":"Feature","properties":{"現象の種類":"急傾斜地の崩壊","区域区分":"土砂災害特別警戒区域","区域名":"-","所在地":"港区麻布台一丁目、芝公園三丁目","告示日":"2019/9/26"},"geometry":{"type":"Polygon","coordinates":[[[139.74388335905294,35.66079110404775],[139.74401682981633,35.6607289062529],[139.74387445223363,35.660781176927046],[139.74388335905294,35.66079110404775]]]}},{"type":"Feature","properties":{"現象の種類":"急傾斜地の崩壊","区域区分":"土砂災害特別警戒区域","区域名":"-","所在地":"港区麻布台一丁目、芝公園三丁目","告示日":"2019/9/26"},"geometry":{"type":"Polygon","coordinates":[[[139.7437957605455,35.66059505614042],[139.74339811736908,35.660284863683465],[139.74326442146207,35.66003655986065],[139.743399164111,35.6604534160207],[139.74367181289648,35.66068008678015],[139.7437957605455,35.66059505614042]]]}},{"type":"Feature","properties":{"現象の種類":"急傾斜地の崩壊","区域区分":"土砂災害特別警戒区域","区域名":"-","所在地":"港区元麻布一丁目","告示日":"2019/9/26"},"geometry":{"type":"Polygon","coordinates":[[[139.73390641778911,35.65412341640474],[139.73393956657716,35.65406487459685],[139.7338919604725,35.654082374493285],[139.73390641778911,35.65412341640474]]]}},{"type":"Feature","properties":{"現象の種類":"急傾斜地の崩壊","区域区分":"土砂災害特別警戒区域","区域名":"-","所在地":"港区麻布永坂町、麻布狸穴町","告示日":"2019/9/26"},"geometry":{"type":"Polygon","coordinates":[[[139.7391011395242,35.65899998002185],[139.73900917937323,35.65886422709832],[139.73881556886272,35.6589418109844],[139.7391011395242,35.65899998002185]]]}},{"type":"Feature","properties":{"現象の種類":"急傾斜地の崩壊","区域区分":"土砂災害特別警戒区域","区域名":"-","所在地":"港区麻布永坂町、麻布狸穴町","告示日":"2019/9/26"},"geometry":{"type":"Polygon","coordinates":[[[139.73891547043272,35.65848485789429],[139.73889745875954,35.65833533991151],[139.73868465868708,35.65839383167843],[139.73874308298866,35.65858095807728],[139.73885463831954,35.65859385933532],[139.73883951347432,35.65850064341818],[139.73891547043272,35.65848485789429]]]}},{"type":"Feature","properties":{"現象の種類":"急傾斜地の崩壊","区域区分":"土砂災害特別警戒区域","区域名":"-","所在地":"港区麻布永坂町","告示日":"2019/9/26"},"geometry":{"type":"Polygon","coordinates":[[[139.73842459963348,35.6580731022696],[139.7382618147058,35.658024259022355],[139.73840452197197,35.6581007500041],[139.73842459963348,35.6580731022696]]]}},{"type":"Feature","properties":{"現象の種類":"急傾斜地の崩壊","区域区分":"土砂災害特別警戒区域","区域名":"-","所在地":"港区麻布永坂町、東麻布三丁目","告示日":"2019/9/26"},"geometry":{"type":"Polygon","coordinates":[[[139.73823485716665,35.65757265351307],[139.7379839262233,35.65744372324256],[139.73756208682968,35.657429788397515],[139.73758016549735,35.65758396703924],[139.73823485716665,35.65757265351307]]]}},{"type":"Feature","properties":{"現象の種類":"急傾斜地の崩壊","区域区分":"土砂災害特別警戒区域","区域名":"-","所在地":"港区麻布永坂町","告示日":"2019/9/26"},"geometry":{"type":"Polygon","coordinates":[[[139.73725398871,35.65776602606041],[139.73718166556063,35.657826950577686],[139.73728846504878,35.657844599395844],[139.73725398871,35.65776602606041]]]}},{"type":"Feature","properties":{"現象の種類":"急傾斜地の崩壊","区域区分":"土砂災害特別警戒区域","区域名":"-","所在地":"港区六本木三丁目","告示日":"2019/9/26"},"geometry":{"type":"Polygon","coordinates":[[[139.73634729168538,35.664785768591024],[139.7365523647805,35.664670458134246],[139.7360368873032,35.66473038463853],[139.73589502921598,35.66467642917761],[139.73591993872182,35.66456439531382],[139.7358178638499,35.66459673510158],[139.73579856986234,35.66471269852098],[139.73599659712397,35.66483272929651],[139.73634729168538,35.664785768591024]]]}},{"type":"Feature","properties":{"現象の種類":"急傾斜地の崩壊","区域区分":"土砂災害特別警戒区域","区域名":"-","所在地":"港区六本木三丁目","告示日":"2019/9/26"},"geometry":{"type":"Polygon","coordinates":[[[139.73673625720082,35.664027992977196],[139.73670030298658,35.66405668638389],[139.73677757396823,35.664034119646786],[139.73673625720082,35.664027992977196]]]}},{"type":"Feature","properties":{"現象の種類":"急傾斜地の崩壊","区域区分":"土砂災害特別警戒区域","区域名":"-","所在地":"港区六本木四丁目","告示日":"2019/9/26"},"geometry":{"type":"Polygon","coordinates":[[[139.7346499224151,35.66595283548491],[139.73445599809898,35.66567941617845],[139.73463617154286,35.66595981869484],[139.7346499224151,35.66595283548491]]]}},{"type":"Feature","properties":{"現象の種類":"急傾斜地の崩壊","区域区分":"土砂災害特別警戒区域","区域名":"-","所在地":"港区六本木四丁目","告示日":"2019/9/26"},"geometry":{"type":"Polygon","coordinates":[[[139.73410856531345,35.66492763015683],[139.73397732860187,35.664752122445094],[139.73392093274828,35.66478071318536],[139.73406058864464,35.66495087695422],[139.73410856531345,35.66492763015683]]]}},{"type":"Feature","properties":{"現象の種類":"急傾斜地の崩壊","区域区分":"土砂災害特別警戒区域","区域名":"-","所在地":"港区六本木五丁目、六本木六丁目","告示日":"2019/9/26"},"geometry":{"type":"Polygon","coordinates":[[[139.73308511058994,35.66057467420613],[139.7328805216134,35.66059703488847],[139.73294032950335,35.66131449671297],[139.73310395923397,35.66129377115871],[139.73308511058994,35.66057467420613]]]}},{"type":"Feature","properties":{"現象の種類":"急傾斜地の崩壊","区域区分":"土砂災害特別警戒区域","区域名":"-","所在地":"港区六本木五丁目","告示日":"2019/9/26"},"geometry":{"type":"Polygon","coordinates":[[[139.73293254757283,35.65968313444893],[139.73277115433032,35.659693971313224],[139.73292951267834,35.660190297952035],[139.73303081878575,35.660407735511306],[139.73318582433023,35.66042005133158],[139.73293254757283,35.65968313444893]]]}},{"type":"Feature","properties":{"現象の種類":"急傾斜地の崩壊","区域区分":"土砂災害特別警戒区域","区域名":"-","所在地":"港区六本木五丁目","告示日":"2019/9/26"},"geometry":{"type":"Polygon","coordinates":[[[139.7328576097591,35.659642033984404],[139.73268713026505,35.65914275317853],[139.73263010177362,35.65915429143453],[139.7327868147265,35.65966150991919],[139.7328576097591,35.659642033984404]]]}},{"type":"Feature","properties":{"現象の種類":"急傾斜地の崩壊","区域区分":"土砂災害特別警戒区域","区域名":"-","所在地":"港区六本木五丁目、六本木六丁目","告示日":"2019/9/26"},"geometry":{"type":"Polygon","coordinates":[[[139.73279243079702,35.658380709156305],[139.7325961052577,35.65831136989658],[139.73252074256317,35.65854210745732],[139.73273870062175,35.65853419194093],[139.73279243079702,35.658380709156305]]]}},{"type":"Feature","properties":{"現象の種類":"急傾斜地の崩壊","区域区分":"土砂災害特別警戒区域","区域名":"-","所在地":"港区元麻布一丁目","告示日":"2019/9/26"},"geometry":{"type":"Polygon","coordinates":[[[139.73354843495335,35.65388734719781],[139.73346978276453,35.65382242334908],[139.73353573105527,35.65394154288261],[139.73354843495335,35.65388734719781]]]}},{"type":"Feature","properties":{"現象の種類":"急傾斜地の崩壊","区域区分":"土砂災害特別警戒区域","区域名":"-","所在地":"港区六本木五丁目、六本木六丁目","告示日":"2019/9/26"},"geometry":{"type":"Polygon","coordinates":[[[139.73320779456,35.657941384115304],[139.73305174248543,35.657827836074894],[139.73273016548222,35.658163207032004],[139.73290532701697,35.658256632787584],[139.73308451763472,35.657985106281906],[139.73320779456,35.657941384115304]]]}},{"type":"Feature","properties":{"現象の種類":"急傾斜地の崩壊","区域区分":"土砂災害特別警戒区域","区域名":"-","所在地":"港区六本木五丁目、麻布十番一丁目","告示日":"2019/9/26"},"geometry":{"type":"Polygon","coordinates":[[[139.7342301788311,35.65723605359117],[139.7347756576448,35.65701306256236],[139.73416531459688,35.65710129132165],[139.7342301788311,35.65723605359117]]]}},{"type":"Feature","properties":{"現象の種類":"急傾斜地の崩壊","区域区分":"土砂災害特別警戒区域","区域名":"-","所在地":"港区南青山四丁目","告示日":"2019/9/26"},"geometry":{"type":"Polygon","coordinates":[[[139.7178902991379,35.664916491765446],[139.71798831250823,35.66486715635529],[139.71788309353957,35.664898628103664],[139.7178902991379,35.664916491765446]]]}},{"type":"Feature","properties":{"現象の種類":"急傾斜地の崩壊","区域区分":"土砂災害特別警戒区域","区域名":"-","所在地":"港区南青山四丁目","告示日":"2019/9/26"},"geometry":{"type":"Polygon","coordinates":[[[139.71810827383698,35.66486573870969],[139.7183705366598,35.66481360115077],[139.71870291633022,35.664776347415696],[139.71868210085287,35.664700488270704],[139.71810827383698,35.66486573870969]]]}},{"type":"Feature","properties":{"現象の種類":"急傾斜地の崩壊","区域区分":"土砂災害特別警戒区域","区域名":"-","所在地":"港区南青山四丁目","告示日":"2019/9/26"},"geometry":{"type":"Polygon","coordinates":[[[139.7188364446367,35.664692003826644],[139.71933021876725,35.664691709489844],[139.71932153538168,35.66462473476769],[139.7188364446367,35.664692003826644]]]}},{"type":"Feature","properties":{"現象の種類":"急傾斜地の崩壊","区域区分":"土砂災害特別警戒区域","区域名":"-","所在地":"港区南青山四丁目","告示日":"2019/9/26"},"geometry":{"type":"Polygon","coordinates":[[[139.71977246201735,35.66486431083113],[139.71976751551233,35.6647993423335],[139.71972939739686,35.66482294842471],[139.71977246201735,35.66486431083113]]]}},{"type":"Feature","properties":{"現象の種類":"急傾斜地の崩壊","区域区分":"土砂災害特別警戒区域","区域名":"-","所在地":"港区南青山四丁目","告示日":"2019/9/26"},"geometry":{"type":"Polygon","coordinates":[[[139.7183403244568,35.66443266113179],[139.7182609786695,35.6643820061767],[139.71828361219787,35.66444631926371],[139.7183403244568,35.66443266113179]]]}},{"type":"Feature","properties":{"現象の種類":"急傾斜地の崩壊","区域区分":"土砂災害特別警戒区域","区域名":"-","所在地":"港区南青山四丁目","告示日":"2019/9/26"},"geometry":{"type":"Polygon","coordinates":[[[139.71895328679386,35.66430189480246],[139.71899909236328,35.66422497333219],[139.71888142544938,35.664185399133565],[139.7188406341957,35.6642457980548],[139.71895328679386,35.66430189480246]]]}},{"type":"Feature","properties":{"現象の種類":"急傾斜地の崩壊","区域区分":"土砂災害特別警戒区域","区域名":"-","所在地":"港区南青山四丁目","告示日":"2019/9/26"},"geometry":{"type":"Polygon","coordinates":[[[139.71860168809738,35.664325767867915],[139.71835879522902,35.664403397238885],[139.71836958249034,35.66444941836617],[139.71861583830722,35.66438592295782],[139.71860168809738,35.664325767867915]]]}},{"type":"Feature","properties":{"現象の種類":"急傾斜地の崩壊","区域区分":"土砂災害特別警戒区域","区域名":"-","所在地":"港区南青山四丁目、西麻布二丁目","告示日":"2019/9/26"},"geometry":{"type":"Polygon","coordinates":[[[139.71955920959584,35.66266348035503],[139.71927258456333,35.66255642889928],[139.71967787402684,35.662715354279364],[139.71955920959584,35.66266348035503]]]}},{"type":"Feature","properties":{"現象の種類":"急傾斜地の崩壊","区域区分":"土砂災害特別警戒区域","区域名":"-","所在地":"港区元麻布一丁目","告示日":"2019/9/26"},"geometry":{"type":"Polygon","coordinates":[[[139.7341263349751,35.65488597713519],[139.73408678203407,35.6548147325629],[139.73393186166086,35.654873024335565],[139.73396374481732,35.654940637704655],[139.7341263349751,35.65488597713519]]]}},{"type":"Feature","properties":{"現象の種類":"急傾斜地の崩壊","区域区分":"土砂災害特別警戒区域","区域名":"-","所在地":"港区元麻布一丁目","告示日":"2019/9/26"},"geometry":{"type":"Polygon","coordinates":[[[139.73371098750243,35.65364577090551],[139.73362268898546,35.65363721907176],[139.73356818850502,35.6537164193305],[139.73361186703366,35.6537399668143],[139.73371098750243,35.65364577090551]]]}},{"type":"Feature","properties":{"現象の種類":"急傾斜地の崩壊","区域区分":"土砂災害特別警戒区域","区域名":"-","所在地":"港区元麻布一丁目","告示日":"2019/9/26"},"geometry":{"type":"Polygon","coordinates":[[[139.73254681019841,35.65346877279865],[139.73270810744575,35.65344036767628],[139.73266254800782,35.65335070809353],[139.73245315665858,35.653477542461665],[139.73260160604735,35.65367584955078],[139.73254681019841,35.65346877279865]]]}},{"type":"Feature","properties":{"現象の種類":"急傾斜地の崩壊","区域区分":"土砂災害特別警戒区域","区域名":"-","所在地":"港区白金六丁目","告示日":"2019/9/26"},"geometry":{"type":"Polygon","coordinates":[[[139.7244961554802,35.64290317300983],[139.7244863387894,35.6428659124143],[139.72436578265075,35.64288001628632],[139.7244961554802,35.64290317300983]]]}},{"type":"Feature","properties":{"現象の種類":"急傾斜地の崩壊","区域区分":"土砂災害特別警戒区域","区域名":"-","所在地":"港区元麻布三丁目、元麻布二丁目","告示日":"2019/9/26"},"geometry":{"type":"Polygon","coordinates":[[[139.72906554645581,35.65640806723877],[139.72979279965827,35.65576035740191],[139.72997588012134,35.65585404205005],[139.7297916411115,35.655749374781394],[139.72947352409747,35.655962333696166],[139.72906554645581,35.65640806723877]]]}},{"type":"Feature","properties":{"現象の種類":"急傾斜地の崩壊","区域区分":"土砂災害特別警戒区域","区域名":"-","所在地":"港区元麻布三丁目","告示日":"2019/9/26"},"geometry":{"type":"Polygon","coordinates":[[[139.7302427972774,35.656036513143825],[139.73023187287887,35.65597865419542],[139.7302004234179,35.65600921666554],[139.7302427972774,35.656036513143825]]]}},{"type":"Feature","properties":{"現象の種類":"急傾斜地の崩壊","区域区分":"土砂災害特別警戒区域","区域名":"-","所在地":"港区元麻布三丁目","告示日":"2019/9/26"},"geometry":{"type":"Polygon","coordinates":[[[139.73212024921037,35.65637811552138],[139.73190164187622,35.656309531999305],[139.73189300235143,35.65632859385862],[139.7320215036211,35.656353348915985],[139.73212024921037,35.65637811552138]]]}},{"type":"Feature","properties":{"現象の種類":"急傾斜地の崩壊","区域区分":"土砂災害特別警戒区域","区域名":"-","所在地":"港区南麻布一丁目","告示日":"2019/9/26"},"geometry":{"type":"Polygon","coordinates":[[[139.7332421535878,35.64996509047483],[139.73331870589772,35.6499045559506],[139.73328225746891,35.649875493363005],[139.73317791894766,35.64991106507615],[139.7332421535878,35.64996509047483]]]}},{"type":"Feature","properties":{"現象の種類":"急傾斜地の崩壊","区域区分":"土砂災害特別警戒区域","区域名":"-","所在地":"港区三田四丁目、三田三丁目","告示日":"2019/9/26"},"geometry":{"type":"Polygon","coordinates":[[[139.73985047755724,35.64215456249726],[139.74028703643225,35.642017675221545],[139.74045475620466,35.64195578805341],[139.73980539442584,35.64209177677633],[139.73985047755724,35.64215456249726]]]}},{"type":"Feature","properties":{"現象の種類":"急傾斜地の崩壊","区域区分":"土砂災害特別警戒区域","区域名":"-","所在地":"港区南麻布二丁目","告示日":"2019/9/26"},"geometry":{"type":"Polygon","coordinates":[[[139.73390620665043,35.64835227648338],[139.73382867284155,35.648131015225346],[139.73376200164023,35.648136203014744],[139.73376808408833,35.64835376273701],[139.73390620665043,35.64835227648338]]]}},{"type":"Feature","properties":{"現象の種類":"急傾斜地の崩壊","区域区分":"土砂災害特別警戒区域","区域名":"-","所在地":"港区南麻布三丁目","告示日":"2019/9/26"},"geometry":{"type":"Polygon","coordinates":[[[139.7288803983975,35.64843236002734],[139.72889425704113,35.648337329395346],[139.72874627434715,35.64836133866931],[139.7288803983975,35.64843236002734]]]}},{"type":"Feature","properties":{"現象の種類":"急傾斜地の崩壊","区域区分":"土砂災害特別警戒区域","区域名":"-","所在地":"港区南麻布三丁目","告示日":"2019/9/26"},"geometry":{"type":"Polygon","coordinates":[[[139.7291797664354,35.64844388675525],[139.72902904763566,35.6483722881896],[139.72901042571857,35.64843214682211],[139.7291797664354,35.64844388675525]]]}},{"type":"Feature","properties":{"現象の種類":"急傾斜地の崩壊","区域区分":"土砂災害特別警戒区域","区域名":"-","所在地":"港区南麻布三丁目","告示日":"2019/9/26"},"geometry":{"type":"Polygon","coordinates":[[[139.72978741442986,35.64853777936182],[139.73001477487986,35.6485295907073],[139.73006701061814,35.648425288162734],[139.72984073034607,35.6483965976275],[139.72978741442986,35.64853777936182]]]}},{"type":"Feature","properties":{"現象の種類":"急傾斜地の崩壊","区域区分":"土砂災害特別警戒区域","区域名":"-","所在地":"港区南麻布四丁目","告示日":"2019/9/26"},"geometry":{"type":"Polygon","coordinates":[[[139.7249243603187,35.65047710014829],[139.7247176950803,35.650078220725995],[139.72495807739733,35.65056054393717],[139.7249243603187,35.65047710014829]]]}},{"type":"Feature","properties":{"現象の種類":"急傾斜地の崩壊","区域区分":"土砂災害特別警戒区域","区域名":"-","所在地":"港区南麻布四丁目","告示日":"2019/9/26"},"geometry":{"type":"Polygon","coordinates":[[[139.7245724467829,35.64946950007069],[139.72440107405652,35.64981655260475],[139.7244411714028,35.650033032573006],[139.72456472702362,35.649958954392574],[139.72468048103718,35.64947863721351],[139.7245724467829,35.64946950007069]]]}},{"type":"Feature","properties":{"現象の種類":"急傾斜地の崩壊","区域区分":"土砂災害特別警戒区域","区域名":"-","所在地":"港区南麻布四丁目","告示日":"2019/9/26"},"geometry":{"type":"Polygon","coordinates":[[[139.72508659562604,35.64837498711648],[139.72507735926973,35.64822413655471],[139.72503917661507,35.64835884562472],[139.72508659562604,35.64837498711648]]]}},{"type":"Feature","properties":{"現象の種類":"急傾斜地の崩壊","区域区分":"土砂災害特別警戒区域","区域名":"-","所在地":"港区南麻布四丁目","告示日":"2019/9/26"},"geometry":{"type":"Polygon","coordinates":[[[139.72808616561602,35.648271933460435],[139.72806620778255,35.648215733615295],[139.7280546351864,35.64826855818523],[139.72808616561602,35.648271933460435]]]}},{"type":"Feature","properties":{"現象の種類":"急傾斜地の崩壊","区域区分":"土砂災害特別警戒区域","区域名":"-","所在地":"港区南麻布四丁目","告示日":"2019/9/26"},"geometry":{"type":"Polygon","coordinates":[[[139.7281318012092,35.64827678561628],[139.72833195813195,35.64824481193713],[139.72814174547284,35.64822811395119],[139.7281318012092,35.64827678561628]]]}},{"type":"Feature","properties":{"現象の種類":"急傾斜地の崩壊","区域区分":"土砂災害特別警戒区域","区域名":"-","所在地":"港区三田二丁目","告示日":"2019/9/26"},"geometry":{"type":"Polygon","coordinates":[[[139.743636847602,35.64978195282301],[139.7442567258881,35.64984245074415],[139.74424668119107,35.64974740244422],[139.743636847602,35.64978195282301]]]}},{"type":"Feature","properties":{"現象の種類":"急傾斜地の崩壊","区域区分":"土砂災害特別警戒区域","区域名":"-","所在地":"港区三田二丁目","告示日":"2019/9/26"},"geometry":{"type":"Polygon","coordinates":[[[139.744257590432,35.649514156877494],[139.7442309006679,35.64938855456772],[139.74418994483267,35.64939940484273],[139.744257590432,35.649514156877494]]]}},{"type":"Feature","properties":{"現象の種類":"急傾斜地の崩壊","区域区分":"土砂災害特別警戒区域","区域名":"-","所在地":"港区三田三丁目、三田四丁目","告示日":"2019/9/26"},"geometry":{"type":"Polygon","coordinates":[[[139.74198959846316,35.64753686487604],[139.74194467835719,35.64751790297389],[139.7419834143,35.64756878541013],[139.74198959846316,35.64753686487604]]]}},{"type":"Feature","properties":{"現象の種類":"急傾斜地の崩壊","区域区分":"土砂災害特別警戒区域","区域名":"-","所在地":"港区三田三丁目、三田四丁目","告示日":"2019/9/26"},"geometry":{"type":"Polygon","coordinates":[[[139.74073404572727,35.64213677301907],[139.74061019127527,35.6419418109761],[139.74052144306188,35.64196004411693],[139.74058549604666,35.64246092446578],[139.74076379976984,35.64236759873347],[139.74073404572727,35.64213677301907]]]}},{"type":"Feature","properties":{"現象の種類":"急傾斜地の崩壊","区域区分":"土砂災害特別警戒区域","区域名":"-","所在地":"港区三田三丁目、三田四丁目","告示日":"2019/9/26"},"geometry":{"type":"Polygon","coordinates":[[[139.74100737669852,35.6427614482952],[139.74089745855164,35.64257828891794],[139.74069497160372,35.64264516887181],[139.74076242115572,35.64283850619855],[139.74100737669852,35.6427614482952]]]}},{"type":"Feature","properties":{"現象の種類":"急傾斜地の崩壊","区域区分":"土砂災害特別警戒区域","区域名":"-","所在地":"港区三田四丁目、三田三丁目","告示日":"2019/9/26"},"geometry":{"type":"Polygon","coordinates":[[[139.74151465279843,35.647279743630506],[139.7414730829505,35.64722796019929],[139.74148273083904,35.647275963561505],[139.74151465279843,35.647279743630506]]]}},{"type":"Feature","properties":{"現象の種類":"急傾斜地の崩壊","区域区分":"土砂災害特別警戒区域","区域名":"-","所在地":"港区三田四丁目、三田三丁目","告示日":"2019/9/26"},"geometry":{"type":"Polygon","coordinates":[[[139.74140706511375,35.64730114770758],[139.74133187492401,35.64711130817719],[139.74126916715133,35.64712994366616],[139.74140706511375,35.64730114770758]]]}},{"type":"Feature","properties":{"現象の種類":"急傾斜地の崩壊","区域区分":"土砂災害特別警戒区域","区域名":"-","所在地":"港区三田四丁目、三田三丁目","告示日":"2019/9/26"},"geometry":{"type":"Polygon","coordinates":[[[139.7412600505389,35.64710989203408],[139.74130757990903,35.647032651831424],[139.7412522700935,35.64705287851532],[139.7412600505389,35.64710989203408]]]}},{"type":"Feature","properties":{"現象の種類":"急傾斜地の崩壊","区域区分":"土砂災害特別警戒区域","区域名":"-","所在地":"港区三田四丁目","告示日":"2019/9/26"},"geometry":{"type":"Polygon","coordinates":[[[139.74099837445192,35.646558972781044],[139.7408218140167,35.64632478116143],[139.7408293998748,35.64641891726271],[139.7409220409487,35.64664641832104],[139.74099837445192,35.646558972781044]]]}},{"type":"Feature","properties":{"現象の種類":"急傾斜地の崩壊","区域区分":"土砂災害特別警戒区域","区域名":"-","所在地":"港区三田四丁目","告示日":"2019/9/26"},"geometry":{"type":"Polygon","coordinates":[[[139.74045401390327,35.645438221885286],[139.74034838766943,35.64542882709504],[139.7406714540585,35.64614506636683],[139.740828669993,35.64606282272199],[139.74045401390327,35.645438221885286]]]}},{"type":"Feature","properties":{"現象の種類":"急傾斜地の崩壊","区域区分":"土砂災害特別警戒区域","区域名":"-","所在地":"港区三田四丁目","告示日":"2019/9/26"},"geometry":{"type":"Polygon","coordinates":[[[139.74026002903437,35.64529579284028],[139.74033843579173,35.6452417816223],[139.7402418026992,35.64522550721453],[139.74026002903437,35.64529579284028]]]}},{"type":"Feature","properties":{"現象の種類":"急傾斜地の崩壊","区域区分":"土砂災害特別警戒区域","区域名":"-","所在地":"港区三田四丁目","告示日":"2019/9/26"},"geometry":{"type":"Polygon","coordinates":[[[139.73973214178312,35.644266907680766],[139.73965222506888,35.64418216745416],[139.73959916942144,35.644211162133054],[139.73966780518248,35.6443025453627],[139.73973214178312,35.644266907680766]]]}},{"type":"Feature","properties":{"現象の種類":"急傾斜地の崩壊","区域区分":"土砂災害特別警戒区域","区域名":"-","所在地":"港区三田四丁目","告示日":"2019/9/26"},"geometry":{"type":"Polygon","coordinates":[[[139.73930731021375,35.643906036652645],[139.7393883564164,35.643860744184465],[139.73911028655905,35.64370224985464],[139.73920805200206,35.64377695208388],[139.73930731021375,35.643906036652645]]]}},{"type":"Feature","properties":{"現象の種類":"急傾斜地の崩壊","区域区分":"土砂災害特別警戒区域","区域名":"-","所在地":"港区三田四丁目","告示日":"2019/9/26"},"geometry":{"type":"Polygon","coordinates":[[[139.73868506622622,35.64369834862042],[139.7386888119862,35.643649251848416],[139.73866572005113,35.6436960974074],[139.73868506622622,35.64369834862042]]]}},{"type":"Feature","properties":{"現象の種類":"急傾斜地の崩壊","区域区分":"土砂災害特別警戒区域","区域名":"-","所在地":"港区三田四丁目","告示日":"2019/9/26"},"geometry":{"type":"Polygon","coordinates":[[[139.73805406700995,35.64413011046084],[139.7378556249243,35.644130103654774],[139.73803660426603,35.64417066858212],[139.73805406700995,35.64413011046084]]]}},{"type":"Feature","properties":{"現象の種類":"急傾斜地の崩壊","区域区分":"土砂災害特別警戒区域","区域名":"-","所在地":"港区三田四丁目","告示日":"2019/9/26"},"geometry":{"type":"Polygon","coordinates":[[[139.73723019769943,35.643229296627055],[139.73705284365994,35.643410726188165],[139.7371611274072,35.643493285908846],[139.73711073387426,35.64340621054662],[139.73723019769943,35.643229296627055]]]}},{"type":"Feature","properties":{"現象の種類":"急傾斜地の崩壊","区域区分":"土砂災害特別警戒区域","区域名":"-","所在地":"港区三田四丁目","告示日":"2019/9/26"},"geometry":{"type":"Polygon","coordinates":[[[139.73747337053592,35.64299458228916],[139.7375563851379,35.6428806396606],[139.73742221960413,35.64298204891581],[139.73747337053592,35.64299458228916]]]}},{"type":"Feature","properties":{"現象の種類":"急傾斜地の崩壊","区域区分":"土砂災害特別警戒区域","区域名":"-","所在地":"港区三田四丁目","告示日":"2019/9/26"},"geometry":{"type":"Polygon","coordinates":[[[139.73941998918394,35.64072464874994],[139.73943896864031,35.640576510515324],[139.7393328196908,35.64061999321191],[139.73941998918394,35.64072464874994]]]}},{"type":"Feature","properties":{"現象の種類":"急傾斜地の崩壊","区域区分":"土砂災害特別警戒区域","区域名":"-","所在地":"港区三田四丁目","告示日":"2019/9/26"},"geometry":{"type":"Polygon","coordinates":[[[139.739050413152,35.64036116285607],[139.73897075156833,35.64029680289927],[139.73897964658354,35.64039045415388],[139.739050413152,35.64036116285607]]]}},{"type":"Feature","properties":{"現象の種類":"急傾斜地の崩壊","区域区分":"土砂災害特別警戒区域","区域名":"-","所在地":"港区白金台四丁目、白金四丁目","告示日":"2019/9/26"},"geometry":{"type":"Polygon","coordinates":[[[139.72614968585756,35.64061383735517],[139.7261033901562,35.64042820369013],[139.72605284646227,35.64044033306075],[139.7260780038729,35.64058657305988],[139.72614968585756,35.64061383735517]]]}},{"type":"Feature","properties":{"現象の種類":"急傾斜地の崩壊","区域区分":"土砂災害特別警戒区域","区域名":"-","所在地":"港区高輪一丁目","告示日":"2019/9/26"},"geometry":{"type":"Polygon","coordinates":[[[139.73479188458322,35.6403383911822],[139.73452693221628,35.640281902670715],[139.73452366890604,35.64016409914926],[139.73428873104115,35.64008847519579],[139.73430339646623,35.64020578243612],[139.73444423420904,35.64021188278474],[139.73456870325228,35.64040494569483],[139.73470291596334,35.64045462547955],[139.73456104252833,35.64134768083873],[139.73466019223585,35.641350905629494],[139.73486043206285,35.64077766443851],[139.73479188458322,35.6403383911822]]]}},{"type":"Feature","properties":{"現象の種類":"急傾斜地の崩壊","区域区分":"土砂災害特別警戒区域","区域名":"-","所在地":"港区高輪一丁目","告示日":"2019/9/26"},"geometry":{"type":"Polygon","coordinates":[[[139.73428138582906,35.64033265340049],[139.7341904439384,35.640300873214215],[139.73410336486592,35.640411428646644],[139.73418381132623,35.640457245995634],[139.73428138582906,35.64033265340049]]]}},{"type":"Feature","properties":{"現象の種類":"急傾斜地の崩壊","区域区分":"土砂災害特別警戒区域","区域名":"-","所在地":"港区高輪二丁目","告示日":"2019/9/26"},"geometry":{"type":"Polygon","coordinates":[[[139.73894383100824,35.63827746565259],[139.73890101072823,35.63825750490936],[139.7389794527529,35.63849879025915],[139.73894383100824,35.63827746565259]]]}},{"type":"Feature","properties":{"現象の種類":"急傾斜地の崩壊","区域区分":"土砂災害特別警戒区域","区域名":"-","所在地":"港区高輪二丁目","告示日":"2019/9/26"},"geometry":{"type":"Polygon","coordinates":[[[139.73723916435523,35.63616893837949],[139.73726748793686,35.63593815939129],[139.73722648831335,35.636167863540074],[139.73723916435523,35.63616893837949]]]}},{"type":"Feature","properties":{"現象の種類":"急傾斜地の崩壊","区域区分":"土砂災害特別警戒区域","区域名":"-","所在地":"港区高輪二丁目、高輪三丁目","告示日":"2019/9/26"},"geometry":{"type":"Polygon","coordinates":[[[139.73646164347275,35.6346729395817],[139.73653956780228,35.63457526654687],[139.73644715285565,35.634611941037065],[139.73646164347275,35.6346729395817]]]}},{"type":"Feature","properties":{"現象の種類":"急傾斜地の崩壊","区域区分":"土砂災害特別警戒区域","区域名":"-","所在地":"港区白金台一丁目","告示日":"2019/9/26"},"geometry":{"type":"Polygon","coordinates":[[[139.73109018109068,35.639221494204044],[139.73099176961543,35.639169317117876],[139.73099336838766,35.63922602734641],[139.73109018109068,35.639221494204044]]]}},{"type":"Feature","properties":{"現象の種類":"急傾斜地の崩壊","区域区分":"土砂災害特別警戒区域","区域名":"-","所在地":"港区高輪二丁目、高輪三丁目","告示日":"2019/9/26"},"geometry":{"type":"Polygon","coordinates":[[[139.73694238884931,35.63493602099897],[139.73696471020432,35.6348683097006],[139.73687149472715,35.63481129107263],[139.73663651604238,35.63478188513088],[139.73667968185092,35.63492281185782],[139.73699789020085,35.634976041590804],[139.73702186412476,35.63516180116211],[139.73710934275167,35.63515640071532],[139.73704178381968,35.634954444587805],[139.73694238884931,35.63493602099897]]]}},{"type":"Feature","properties":{"現象の種類":"急傾斜地の崩壊","区域区分":"土砂災害特別警戒区域","区域名":"-","所在地":"港区高輪三丁目、高輪二丁目","告示日":"2019/9/26"},"geometry":{"type":"Polygon","coordinates":[[[139.73644971027858,35.63409078992669],[139.73635113272152,35.633981620182105],[139.7363687345649,35.634119085562055],[139.73644971027858,35.63409078992669]]]}},{"type":"Feature","properties":{"現象の種類":"急傾斜地の崩壊","区域区分":"土砂災害特別警戒区域","区域名":"-","所在地":"港区高輪三丁目","告示日":"2019/9/26"},"geometry":{"type":"Polygon","coordinates":[[[139.73587753095325,35.63408263660156],[139.73587375507537,35.634049039435176],[139.73585793176687,35.6340606958398],[139.73587753095325,35.63408263660156]]]}},{"type":"Feature","properties":{"現象の種類":"急傾斜地の崩壊","区域区分":"土砂災害特別警戒区域","区域名":"-","所在地":"港区高輪三丁目","告示日":"2019/9/26"},"geometry":{"type":"Polygon","coordinates":[[[139.73605259276118,35.633976631123936],[139.7361749304567,35.633896255354415],[139.73604518723877,35.63396874856894],[139.73605259276118,35.633976631123936]]]}},{"type":"Feature","properties":{"現象の種類":"急傾斜地の崩壊","区域区分":"土砂災害特別警戒区域","区域名":"-","所在地":"港区高輪三丁目","告示日":"2019/9/26"},"geometry":{"type":"Polygon","coordinates":[[[139.73438357879033,35.63432412738458],[139.73432972961865,35.634304680366725],[139.73427739982836,35.63439164771571],[139.73438357879033,35.63432412738458]]]}},{"type":"Feature","properties":{"現象の種類":"急傾斜地の崩壊","区域区分":"土砂災害特別警戒区域","区域名":"-","所在地":"港区高輪三丁目","告示日":"2019/9/26"},"geometry":{"type":"Polygon","coordinates":[[[139.73466544881845,35.63403297220974],[139.73459251475782,35.63399948010216],[139.7345815907742,35.63407759858691],[139.73466544881845,35.63403297220974]]]}},{"type":"Feature","properties":{"現象の種類":"急傾斜地の崩壊","区域区分":"土砂災害特別警戒区域","区域名":"-","所在地":"港区高輪四丁目","告示日":"2019/9/26"},"geometry":{"type":"Polygon","coordinates":[[[139.733816137418,35.62675940256753],[139.7337542090441,35.62676329916104],[139.73381074924103,35.62677159965036],[139.733816137418,35.62675940256753]]]}},{"type":"Feature","properties":{"現象の種類":"急傾斜地の崩壊","区域区分":"土砂災害特別警戒区域","区域名":"-","所在地":"港区高輪四丁目","告示日":"2019/9/26"},"geometry":{"type":"Polygon","coordinates":[[[139.73395374274023,35.626383654014134],[139.7339033898372,35.62647559688062],[139.73387649109196,35.62653826157048],[139.73389129987635,35.626542365254394],[139.73395374274023,35.626383654014134]]]}},{"type":"Feature","properties":{"現象の種類":"急傾斜地の崩壊","区域区分":"土砂災害特別警戒区域","区域名":"-","所在地":"文京区目白台一丁目","告示日":"2019/9/26"},"geometry":{"type":"Polygon","coordinates":[[[139.7232188342364,35.7125030404846],[139.7229833167902,35.712495904081464],[139.72288900370137,35.71277248212722],[139.72301037116097,35.712791011964896],[139.7232188342364,35.7125030404846]]]}},{"type":"Feature","properties":{"現象の種類":"急傾斜地の崩壊","区域区分":"土砂災害特別警戒区域","区域名":"-","所在地":"港区高輪四丁目","告示日":"2019/9/26"},"geometry":{"type":"Polygon","coordinates":[[[139.7370068338935,35.62497756043439],[139.73708962027385,35.624710941283375],[139.73733501746406,35.624585525331604],[139.73748746722953,35.62436144770649],[139.73768045782037,35.62428820806217],[139.7374549512661,35.624326041749526],[139.73740653270266,35.62444828580333],[139.7369879767355,35.62462316154175],[139.73686623176974,35.62492349405281],[139.73677828530018,35.62495808251019],[139.73625259272146,35.62488902977895],[139.73533929008522,35.62493832663104],[139.7353339602822,35.62500080370408],[139.7357269523925,35.62504441565863],[139.73625623849702,35.6249691582969],[139.73656980072218,35.625099893175076],[139.7370068338935,35.62497756043439]]]}},{"type":"Feature","properties":{"現象の種類":"急傾斜地の崩壊","区域区分":"土砂災害特別警戒区域","区域名":"-","所在地":"港区白金二丁目","告示日":"2019/9/26"},"geometry":{"type":"Polygon","coordinates":[[[139.73102753052999,35.64325381732442],[139.73095562318335,35.643209270386606],[139.7309434913307,35.64323947544792],[139.73102753052999,35.64325381732442]]]}},{"type":"Feature","properties":{"現象の種類":"急傾斜地の崩壊","区域区分":"土砂災害特別警戒区域","区域名":"-","所在地":"港区白金二丁目","告示日":"2019/9/26"},"geometry":{"type":"Polygon","coordinates":[[[139.73148634108946,35.64298714242448],[139.73146372573794,35.64289670432126],[139.73108279224624,35.643027130317],[139.73115012451362,35.643132741713444],[139.73148634108946,35.64298714242448]]]}},{"type":"Feature","properties":{"現象の種類":"急傾斜地の崩壊","区域区分":"土砂災害特別警戒区域","区域名":"-","所在地":"港区白金二丁目","告示日":"2019/9/26"},"geometry":{"type":"Polygon","coordinates":[[[139.7327425275414,35.64094622306525],[139.7327064643603,35.64089102040256],[139.7326209245661,35.64094366787368],[139.7326389663215,35.64098404067789],[139.7327425275414,35.64094622306525]]]}},{"type":"Feature","properties":{"現象の種類":"急傾斜地の崩壊","区域区分":"土砂災害特別警戒区域","区域名":"-","所在地":"港区白金四丁目","告示日":"2019/9/26"},"geometry":{"type":"Polygon","coordinates":[[[139.7254450624456,35.64129325992454],[139.72520961777926,35.64122797678618],[139.72533244145396,35.64135383740139],[139.72543537032485,35.64134996744838],[139.7254450624456,35.64129325992454]]]}},{"type":"Feature","properties":{"現象の種類":"急傾斜地の崩壊","区域区分":"土砂災害特別警戒区域","区域名":"-","所在地":"港区白金四丁目","告示日":"2019/9/26"},"geometry":{"type":"Polygon","coordinates":[[[139.72672973060367,35.64145612049698],[139.7269055460212,35.64143587133122],[139.72705803781656,35.641417777582106],[139.72673966034526,35.64144262774315],[139.72672057354447,35.64120089654894],[139.72672973060367,35.64145612049698]]]}},{"type":"Feature","properties":{"現象の種類":"急傾斜地の崩壊","区域区分":"土砂災害特別警戒区域","区域名":"-","所在地":"港区白金六丁目","告示日":"2019/9/26"},"geometry":{"type":"Polygon","coordinates":[[[139.72461538683032,35.64291289722134],[139.72482710928813,35.64284607491376],[139.72460696724482,35.64286190573987],[139.72461538683032,35.64291289722134]]]}},{"type":"Feature","properties":{"現象の種類":"急傾斜地の崩壊","区域区分":"土砂災害特別警戒区域","区域名":"-","所在地":"港区白金台一丁目","告示日":"2019/9/26"},"geometry":{"type":"Polygon","coordinates":[[[139.73048092230147,35.63854688407709],[139.73037649120536,35.638481875955414],[139.73025125451267,35.638543060982904],[139.73040282330263,35.63859244528382],[139.73042506168645,35.638809810841195],[139.73057934803296,35.63886979137827],[139.730716039538,35.639069466627625],[139.73065000151436,35.63885125287202],[139.73050725313468,35.638739015422594],[139.73048092230147,35.63854688407709]]]}},{"type":"Feature","properties":{"現象の種類":"急傾斜地の崩壊","区域区分":"土砂災害特別警戒区域","区域名":"-","所在地":"港区白金台一丁目","告示日":"2019/9/26"},"geometry":{"type":"Polygon","coordinates":[[[139.73027154184842,35.638201438594194],[139.73030181177685,35.63788955259595],[139.73021145782172,35.637899230687985],[139.73027154184842,35.638201438594194]]]}},{"type":"Feature","properties":{"現象の種類":"急傾斜地の崩壊","区域区分":"土砂災害特別警戒区域","区域名":"-","所在地":"港区白金台二丁目","告示日":"2019/9/26"},"geometry":{"type":"Polygon","coordinates":[[[139.7286819513516,35.63473190360837],[139.72886302619085,35.63465335355553],[139.7286725043155,35.63470669412251],[139.7286819513516,35.63473190360837]]]}},{"type":"Feature","properties":{"現象の種類":"急傾斜地の崩壊","区域区分":"土砂災害特別警戒区域","区域名":"-","所在地":"港区白金台二丁目","告示日":"2019/9/26"},"geometry":{"type":"Polygon","coordinates":[[[139.72876348924999,35.631889568148026],[139.72874843363616,35.631787159856465],[139.72869482508924,35.63184505703744],[139.72876348924999,35.631889568148026]]]}},{"type":"Feature","properties":{"現象の種類":"急傾斜地の崩壊","区域区分":"土砂災害特別警戒区域","区域名":"-","所在地":"港区白金台二丁目","告示日":"2019/9/26"},"geometry":{"type":"Polygon","coordinates":[[[139.72877945309693,35.63160778656982],[139.7287272899058,35.631641951637505],[139.7288286738335,35.63164931132525],[139.72877945309693,35.63160778656982]]]}},{"type":"Feature","properties":{"現象の種類":"急傾斜地の崩壊","区域区分":"土砂災害特別警戒区域","区域名":"-","所在地":"港区白金台三丁目","告示日":"2019/9/26"},"geometry":{"type":"Polygon","coordinates":[[[139.72488318297593,35.635520412008],[139.7248355952799,35.63542323909439],[139.72469536600957,35.635465130102304],[139.72479823887082,35.635547986509614],[139.72475140166094,35.63556873623367],[139.72488318297593,35.635520412008]]]}},{"type":"Feature","properties":{"現象の種類":"急傾斜地の崩壊","区域区分":"土砂災害特別警戒区域","区域名":"-","所在地":"文京区関口二丁目","告示日":"2019/9/26"},"geometry":{"type":"Polygon","coordinates":[[[139.7268457818352,35.7107469300175],[139.72787274656304,35.71054694120655],[139.72787114317913,35.71031856586405],[139.72693082629783,35.710456215249195],[139.72679882898623,35.71059515236022],[139.7268457818352,35.7107469300175]]]}},{"type":"Feature","properties":{"現象の種類":"急傾斜地の崩壊","区域区分":"土砂災害特別警戒区域","区域名":"-","所在地":"文京区関口二丁目","告示日":"2019/9/26"},"geometry":{"type":"Polygon","coordinates":[[[139.7289328276365,35.710375447436554],[139.72830298805647,35.71032075974515],[139.72822658676202,35.71035139541077],[139.72819210592462,35.71051749533692],[139.72893702510126,35.710622078597254],[139.7289328276365,35.710375447436554]]]}},{"type":"Feature","properties":{"現象の種類":"急傾斜地の崩壊","区域区分":"土砂災害特別警戒区域","区域名":"-","所在地":"文京区目白台三丁目","告示日":"2019/9/26"},"geometry":{"type":"Polygon","coordinates":[[[139.72619154039853,35.71907266531494],[139.72602303644797,35.71891787418391],[139.72592746333933,35.719026914560544],[139.72619154039853,35.71907266531494]]]}},{"type":"Feature","properties":{"現象の種類":"急傾斜地の崩壊","区域区分":"土砂災害特別警戒区域","区域名":"-","所在地":"文京区大塚二丁目","告示日":"2019/9/26"},"geometry":{"type":"Polygon","coordinates":[[[139.72929103181033,35.71879318347165],[139.72922537555354,35.71871640604714],[139.72927046469167,35.71879474127623],[139.72929103181033,35.71879318347165]]]}},{"type":"Feature","properties":{"現象の種類":"急傾斜地の崩壊","区域区分":"土砂災害特別警戒区域","区域名":"-","所在地":"文京区大塚二丁目","告示日":"2019/9/26"},"geometry":{"type":"Polygon","coordinates":[[[139.72928835151583,35.718568691512004],[139.72920071457094,35.71848935231313],[139.72916102493815,35.718555431339354],[139.72928835151583,35.718568691512004]]]}},{"type":"Feature","properties":{"現象の種類":"急傾斜地の崩壊","区域区分":"土砂災害特別警戒区域","区域名":"-","所在地":"文京区大塚二丁目","告示日":"2019/9/26"},"geometry":{"type":"Polygon","coordinates":[[[139.72949182128104,35.718100033554336],[139.72944193280176,35.71809266149192],[139.72938099412667,35.71820750687143],[139.72943452892522,35.71821749787061],[139.72949182128104,35.718100033554336]]]}},{"type":"Feature","properties":{"現象の種類":"急傾斜地の崩壊","区域区分":"土砂災害特別警戒区域","区域名":"-","所在地":"文京区大塚二丁目","告示日":"2019/9/26"},"geometry":{"type":"Polygon","coordinates":[[[139.73014582410886,35.717051835223685],[139.72995637417847,35.71707929049169],[139.72991869931346,35.71714222755052],[139.73002434577373,35.71720026079445],[139.73015171068516,35.717139356597635],[139.73014582410886,35.717051835223685]]]}},{"type":"Feature","properties":{"現象の種類":"急傾斜地の崩壊","区域区分":"土砂災害特別警戒区域","区域名":"-","所在地":"文京区目白台三丁目、音羽一丁目、小日向三丁目","告示日":"2019/9/26"},"geometry":{"type":"Polygon","coordinates":[[[139.72683999778613,35.71583846223099],[139.72685882725654,35.715742622207244],[139.72675683323743,35.71574285371657],[139.7267351470578,35.71586156245824],[139.72683999778613,35.71583846223099]]]}},{"type":"Feature","properties":{"現象の種類":"急傾斜地の崩壊","区域区分":"土砂災害特別警戒区域","区域名":"-","所在地":"文京区目白台三丁目、音羽一丁目、小日向三丁目","告示日":"2019/9/26"},"geometry":{"type":"Polygon","coordinates":[[[139.72681511791518,35.71594856732373],[139.72670954021413,35.715985445167085],[139.72680795568147,35.715995213891794],[139.72681511791518,35.71594856732373]]]}},{"type":"Feature","properties":{"現象の種類":"急傾斜地の崩壊","区域区分":"土砂災害特別警戒区域","区域名":"-","所在地":"文京区関口三丁目","告示日":"2019/9/26"},"geometry":{"type":"Polygon","coordinates":[[[139.72868572294547,35.713620567692494],[139.72851867479386,35.71358967941991],[139.72851447453777,35.71367524428474],[139.72868572294547,35.713620567692494]]]}},{"type":"Feature","properties":{"現象の種類":"急傾斜地の崩壊","区域区分":"土砂災害特別警戒区域","区域名":"-","所在地":"文京区小日向二丁目","告示日":"2019/9/26"},"geometry":{"type":"Polygon","coordinates":[[[139.73401558697034,35.71137965249396],[139.73406063149775,35.71126180889591],[139.7339251647173,35.71120247006735],[139.733867603418,35.71139084694767],[139.733706646453,35.71142652782966],[139.73370076731035,35.71155046811586],[139.73383270613886,35.711572047823246],[139.73383287276974,35.711484219676876],[139.73401558697034,35.71137965249396]]]}},{"type":"Feature","properties":{"現象の種類":"急傾斜地の崩壊","区域区分":"土砂災害特別警戒区域","区域名":"-","所在地":"文京区小日向一丁目","告示日":"2019/9/26"},"geometry":{"type":"Polygon","coordinates":[[[139.73821357919167,35.71161100817297],[139.7382057535468,35.71133271126957],[139.73811238974773,35.71130720176689],[139.73774118656124,35.71133832555753],[139.7377630635644,35.71146999477776],[139.7380838973362,35.71145447609413],[139.73821357919167,35.71161100817297]]]}},{"type":"Feature","properties":{"現象の種類":"急傾斜地の崩壊","区域区分":"土砂災害特別警戒区域","区域名":"-","所在地":"文京区小日向一丁目","告示日":"2019/9/26"},"geometry":{"type":"Polygon","coordinates":[[[139.73828194900662,35.71138086480218],[139.73849458582848,35.71142266758386],[139.7384838202249,35.71134145225137],[139.73828194900662,35.71138086480218]]]}},{"type":"Feature","properties":{"現象の種類":"急傾斜地の崩壊","区域区分":"土砂災害特別警戒区域","区域名":"-","所在地":"文京区小日向一丁目","告示日":"2019/9/26"},"geometry":{"type":"Polygon","coordinates":[[[139.73859510707703,35.71131465483143],[139.73853266448748,35.71131315446272],[139.73859919382375,35.7113839767694],[139.73859510707703,35.71131465483143]]]}},{"type":"Feature","properties":{"現象の種類":"急傾斜地の崩壊","区域区分":"土砂災害特別警戒区域","区域名":"-","所在地":"文京区春日二丁目、小日向一丁目","告示日":"2019/9/26"},"geometry":{"type":"Polygon","coordinates":[[[139.74049567587477,35.71282295978999],[139.740436533777,35.71279060466506],[139.74030793931095,35.71294836889988],[139.74045364225088,35.71296127813343],[139.74049567587477,35.71282295978999]]]}},{"type":"Feature","properties":{"現象の種類":"急傾斜地の崩壊","区域区分":"土砂災害特別警戒区域","区域名":"-","所在地":"文京区春日二丁目、小日向一丁目","告示日":"2019/9/26"},"geometry":{"type":"Polygon","coordinates":[[[139.7407268090139,35.71264595620125],[139.7406803483301,35.7126076853673],[139.74061668087873,35.71272004037397],[139.7407268090139,35.71264595620125]]]}},{"type":"Feature","properties":{"現象の種類":"急傾斜地の崩壊","区域区分":"土砂災害特別警戒区域","区域名":"-","所在地":"文京区春日二丁目","告示日":"2019/9/26"},"geometry":{"type":"Polygon","coordinates":[[[139.74258381062486,35.7115005509041],[139.7425003901279,35.711372436183204],[139.74244034551427,35.71139639335254],[139.74250188007926,35.711498931537534],[139.74258381062486,35.7115005509041]]]}},{"type":"Feature","properties":{"現象の種類":"急傾斜地の崩壊","区域区分":"土砂災害特別警戒区域","区域名":"-","所在地":"文京区春日一丁目","告示日":"2019/9/26"},"geometry":{"type":"Polygon","coordinates":[[[139.74655564532173,35.707944535362365],[139.74657079274655,35.70777596351867],[139.74648126083235,35.70780445787415],[139.74655564532173,35.707944535362365]]]}},{"type":"Feature","properties":{"現象の種類":"急傾斜地の崩壊","区域区分":"土砂災害特別警戒区域","区域名":"-","所在地":"文京区春日一丁目","告示日":"2019/9/26"},"geometry":{"type":"Polygon","coordinates":[[[139.74721153437002,35.70715504793604],[139.74715435114854,35.7073042257085],[139.74720452550173,35.70734419040429],[139.74733753102254,35.70724417241194],[139.74721153437002,35.70715504793604]]]}},{"type":"Feature","properties":{"現象の種類":"急傾斜地の崩壊","区域区分":"土砂災害特別警戒区域","区域名":"-","所在地":"文京区春日一丁目","告示日":"2019/9/26"},"geometry":{"type":"Polygon","coordinates":[[[139.74746935866315,35.707500232386764],[139.74748342691322,35.707347832883116],[139.74743948661757,35.70749729875416],[139.74746935866315,35.707500232386764]]]}},{"type":"Feature","properties":{"現象の種類":"急傾斜地の崩壊","区域区分":"土砂災害特別警戒区域","区域名":"-","所在地":"文京区白山二丁目","告示日":"2019/9/26"},"geometry":{"type":"Polygon","coordinates":[[[139.75074310066094,35.71674551529427],[139.7507072954727,35.71665782654421],[139.75077777235006,35.716388078870594],[139.75061775553203,35.71686984748871],[139.7507151161728,35.71686677400583],[139.75074310066094,35.71674551529427]]]}},{"type":"Feature","properties":{"現象の種類":"急傾斜地の崩壊","区域区分":"土砂災害特別警戒区域","区域名":"-","所在地":"文京区白山二丁目、小石川一丁目","告示日":"2019/9/26"},"geometry":{"type":"Polygon","coordinates":[[[139.75084978591414,35.71568848051053],[139.75075182398376,35.71567691099478],[139.75071983760157,35.715861510502464],[139.7508054028725,35.71585091505801],[139.75084978591414,35.71568848051053]]]}},{"type":"Feature","properties":{"現象の種類":"急傾斜地の崩壊","区域区分":"土砂災害特別警戒区域","区域名":"-","所在地":"文京区小石川三丁目","告示日":"2019/9/26"},"geometry":{"type":"Polygon","coordinates":[[[139.7473936045794,35.71281191247821],[139.74734144699386,35.71278044366277],[139.7471514019519,35.71291252831517],[139.7472737876928,35.71291764731926],[139.7473936045794,35.71281191247821]]]}},{"type":"Feature","properties":{"現象の種類":"急傾斜地の崩壊","区域区分":"土砂災害特別警戒区域","区域名":"-","所在地":"文京区小石川二丁目","告示日":"2019/9/26"},"geometry":{"type":"Polygon","coordinates":[[[139.7504274016253,35.71107564809262],[139.7502195871576,35.71111133500393],[139.75021958624743,35.7111622451149],[139.75040923349377,35.71115776453568],[139.7504274016253,35.71107564809262]]]}},{"type":"Feature","properties":{"現象の種類":"急傾斜地の崩壊","区域区分":"土砂災害特別警戒区域","区域名":"-","所在地":"文京区西片二丁目、白山一丁目","告示日":"2019/9/26"},"geometry":{"type":"Polygon","coordinates":[[[139.75369595871533,35.71567504184744],[139.75360726708735,35.71551381250554],[139.75339633442164,35.715369226817344],[139.7535636772011,35.715721191632895],[139.75369595871533,35.71567504184744]]]}},{"type":"Feature","properties":{"現象の種類":"急傾斜地の崩壊","区域区分":"土砂災害特別警戒区域","区域名":"-","所在地":"文京区西片一丁目","告示日":"2019/9/26"},"geometry":{"type":"Polygon","coordinates":[[[139.7528224448225,35.713857449991096],[139.75266922201018,35.71385400783013],[139.75264993925504,35.71408635640529],[139.75280321403665,35.714067145479966],[139.7528224448225,35.713857449991096]]]}},{"type":"Feature","properties":{"現象の種類":"急傾斜地の崩壊","区域区分":"土砂災害特別警戒区域","区域名":"-","所在地":"文京区西片一丁目","告示日":"2019/9/26"},"geometry":{"type":"Polygon","coordinates":[[[139.75322228346602,35.71293857062542],[139.7530440297369,35.71289504382032],[139.75301203079232,35.71335960582515],[139.75320484165138,35.71334865655201],[139.75322228346602,35.71293857062542]]]}},{"type":"Feature","properties":{"現象の種類":"急傾斜地の崩壊","区域区分":"土砂災害特別警戒区域","区域名":"-","所在地":"文京区西片一丁目","告示日":"2019/9/26"},"geometry":{"type":"Polygon","coordinates":[[[139.7534635385252,35.71185044674948],[139.7536995752474,35.71184530852679],[139.7536113845191,35.71176575768883],[139.7534635385252,35.71185044674948]]]}},{"type":"Feature","properties":{"現象の種類":"急傾斜地の崩壊","区域区分":"土砂災害特別警戒区域","区域名":"-","所在地":"文京区西片一丁目","告示日":"2019/9/26"},"geometry":{"type":"Polygon","coordinates":[[[139.7561609894456,35.71302018969461],[139.7560133219894,35.71277281304444],[139.7559340450011,35.71280619107926],[139.75608826939782,35.713047959222756],[139.7561609894456,35.71302018969461]]]}},{"type":"Feature","properties":{"現象の種類":"急傾斜地の崩壊","区域区分":"土砂災害特別警戒区域","区域名":"-","所在地":"文京区本郷六丁目","告示日":"2019/9/26"},"geometry":{"type":"Polygon","coordinates":[[[139.75657807157512,35.71264701292356],[139.7566512221365,35.712589227855105],[139.75656555850617,35.712612325754264],[139.75657807157512,35.71264701292356]]]}},{"type":"Feature","properties":{"現象の種類":"急傾斜地の崩壊","区域区分":"土砂災害特別警戒区域","区域名":"-","所在地":"文京区本郷五丁目","告示日":"2019/9/26"},"geometry":{"type":"Polygon","coordinates":[[[139.75601368566586,35.710945311577376],[139.75595837898408,35.71079767807029],[139.75591335611963,35.710926714973844],[139.75601368566586,35.710945311577376]]]}},{"type":"Feature","properties":{"現象の種類":"急傾斜地の崩壊","区域区分":"土砂災害特別警戒区域","区域名":"-","所在地":"文京区本郷四丁目","告示日":"2019/9/26"},"geometry":{"type":"Polygon","coordinates":[[[139.75615700822934,35.70942062192918],[139.7561158900756,35.70947729787112],[139.75615710109943,35.709522621617054],[139.75618887297935,35.70947270984131],[139.75615700822934,35.70942062192918]]]}},{"type":"Feature","properties":{"現象の種類":"急傾斜地の崩壊","区域区分":"土砂災害特別警戒区域","区域名":"-","所在地":"文京区本郷四丁目","告示日":"2019/9/26"},"geometry":{"type":"Polygon","coordinates":[[[139.75620646034852,35.70931692607748],[139.7562667479649,35.70927228752086],[139.75624473169296,35.70922557177587],[139.75617874601858,35.70934919889865],[139.7562462632769,35.70938185182876],[139.75620646034852,35.70931692607748]]]}},{"type":"Feature","properties":{"現象の種類":"急傾斜地の崩壊","区域区分":"土砂災害特別警戒区域","区域名":"-","所在地":"文京区本郷四丁目","告示日":"2019/9/26"},"geometry":{"type":"Polygon","coordinates":[[[139.7564572820511,35.7092634317516],[139.756485588687,35.70917811016868],[139.75635025963226,35.7091814164333],[139.7563596524435,35.70924803979882],[139.7564572820511,35.7092634317516]]]}},{"type":"Feature","properties":{"現象の種類":"急傾斜地の崩壊","区域区分":"土砂災害特別警戒区域","区域名":"-","所在地":"文京区本郷一丁目","告示日":"2019/9/26"},"geometry":{"type":"Polygon","coordinates":[[[139.7548496614577,35.70667891616351],[139.75481857142648,35.7066220592425],[139.75475472352926,35.70665395393684],[139.7548496614577,35.70667891616351]]]}},{"type":"Feature","properties":{"現象の種類":"急傾斜地の崩壊","区域区分":"土砂災害特別警戒区域","区域名":"-","所在地":"文京区本郷一丁目","告示日":"2019/9/26"},"geometry":{"type":"Polygon","coordinates":[[[139.755053158,35.70645886617372],[139.7549208876336,35.70641632475282],[139.7549645118316,35.706605432179366],[139.755053158,35.70645886617372]]]}},{"type":"Feature","properties":{"現象の種類":"急傾斜地の崩壊","区域区分":"土砂災害特別警戒区域","区域名":"-","所在地":"文京区本郷一丁目","告示日":"2019/9/26"},"geometry":{"type":"Polygon","coordinates":[[[139.75510729967016,35.706381372026826],[139.75501254106354,35.706311196609185],[139.75500112055917,35.706368991189564],[139.75510729967016,35.706381372026826]]]}},{"type":"Feature","properties":{"現象の種類":"急傾斜地の崩壊","区域区分":"土砂災害特別警戒区域","区域名":"-","所在地":"文京区千駄木一丁目","告示日":"2019/9/26"},"geometry":{"type":"Polygon","coordinates":[[[139.7596319334701,35.72299331369642],[139.7596574487587,35.722961610274666],[139.75962220953232,35.72296708431927],[139.7596319334701,35.72299331369642]]]}},{"type":"Feature","properties":{"現象の種類":"急傾斜地の崩壊","区域区分":"土砂災害特別警戒区域","区域名":"-","所在地":"文京区千駄木一丁目","告示日":"2019/9/26"},"geometry":{"type":"Polygon","coordinates":[[[139.7594008743102,35.72295710743544],[139.7591009131437,35.72260174066044],[139.7589497143656,35.722608374187445],[139.75895639439105,35.722711391758764],[139.75923546468056,35.722973080648984],[139.7594008743102,35.72295710743544]]]}},{"type":"Feature","properties":{"現象の種類":"急傾斜地の崩壊","区域区分":"土砂災害特別警戒区域","区域名":"-","所在地":"文京区千駄木一丁目","告示日":"2019/9/26"},"geometry":{"type":"Polygon","coordinates":[[[139.75923251460668,35.72220064655815],[139.75926932169034,35.72204383252971],[139.7593801028557,35.72205971872173],[139.75940257150978,35.72181159021615],[139.75931861723745,35.72180041485851],[139.75923251460668,35.72220064655815]]]}},{"type":"Feature","properties":{"現象の種類":"急傾斜地の崩壊","区域区分":"土砂災害特別警戒区域","区域名":"-","所在地":"文京区根津一丁目","告示日":"2019/9/26"},"geometry":{"type":"Polygon","coordinates":[[[139.7610616787687,35.71942040144526],[139.76116087261684,35.71933385233275],[139.76110467212305,35.71928768851209],[139.7609886356981,35.71933631240098],[139.7610616787687,35.71942040144526]]]}},{"type":"Feature","properties":{"現象の種類":"急傾斜地の崩壊","区域区分":"土砂災害特別警戒区域","区域名":"-","所在地":"文京区弥生二丁目","告示日":"2019/9/26"},"geometry":{"type":"Polygon","coordinates":[[[139.76284767253551,35.71794139075594],[139.76266075157295,35.71810043083658],[139.76269423372025,35.71816330996121],[139.76286063259835,35.718101352067926],[139.76284767253551,35.71794139075594]]]}},{"type":"Feature","properties":{"現象の種類":"急傾斜地の崩壊","区域区分":"土砂災害特別警戒区域","区域名":"-","所在地":"文京区弥生二丁目、台東区池之端二丁目","告示日":"2019/9/26"},"geometry":{"type":"Polygon","coordinates":[[[139.76499959961774,35.71652104935219],[139.76490268989636,35.71648907870896],[139.76492567298214,35.716565068844055],[139.76499959961774,35.71652104935219]]]}},{"type":"Feature","properties":{"現象の種類":"急傾斜地の崩壊","区域区分":"土砂災害特別警戒区域","区域名":"-","所在地":"文京区弥生二丁目、台東区池之端二丁目","告示日":"2019/9/26"},"geometry":{"type":"Polygon","coordinates":[[[139.76484243626524,35.71656559657413],[139.76448212163112,35.71668630476146],[139.7644764549945,35.71689308846553],[139.76486217226343,35.716640044437355],[139.76484243626524,35.71656559657413]]]}},{"type":"Feature","properties":{"現象の種類":"急傾斜地の崩壊","区域区分":"土砂災害特別警戒区域","区域名":"-","所在地":"文京区弥生二丁目","告示日":"2019/9/26"},"geometry":{"type":"Polygon","coordinates":[[[139.76514252476824,35.716160000693726],[139.7650343343357,35.71619507009809],[139.76513174015648,35.71620093193946],[139.76514252476824,35.716160000693726]]]}},{"type":"Feature","properties":{"現象の種類":"急傾斜地の崩壊","区域区分":"土砂災害特別警戒区域","区域名":"-","所在地":"文京区弥生二丁目","告示日":"2019/9/26"},"geometry":{"type":"Polygon","coordinates":[[[139.76581383681003,35.71547261767151],[139.76573534175694,35.71560781193058],[139.76583994404993,35.71563625737223],[139.7658855850075,35.71547796965544],[139.76581383681003,35.71547261767151]]]}},{"type":"Feature","properties":{"現象の種類":"急傾斜地の崩壊","区域区分":"土砂災害特別警戒区域","区域名":"-","所在地":"文京区弥生二丁目","告示日":"2019/9/26"},"geometry":{"type":"Polygon","coordinates":[[[139.76556213484102,35.71500065228454],[139.76560199235533,35.714965040096615],[139.7655566525731,35.71500358134269],[139.76556213484102,35.71500065228454]]]}},{"type":"Feature","properties":{"現象の種類":"急傾斜地の崩壊","区域区分":"土砂災害特別警戒区域","区域名":"-","所在地":"文京区弥生二丁目","告示日":"2019/9/26"},"geometry":{"type":"Polygon","coordinates":[[[139.76576754428626,35.715044821167375],[139.76556090783882,35.715023061368925],[139.76564117666655,35.71508112300168],[139.76576754428626,35.715044821167375]]]}},{"type":"Feature","properties":{"現象の種類":"急傾斜地の崩壊","区域区分":"土砂災害特別警戒区域","区域名":"-","所在地":"文京区弥生二丁目","告示日":"2019/9/26"},"geometry":{"type":"Polygon","coordinates":[[[139.76591627743608,35.71507941339392],[139.76578468884253,35.71505525239135],[139.76573628176476,35.7150928203098],[139.76589226119347,35.715228150655356],[139.76591627743608,35.71507941339392]]]}},{"type":"Feature","properties":{"現象の種類":"急傾斜地の崩壊","区域区分":"土砂災害特別警戒区域","区域名":"-","所在地":"文京区本郷七丁目、台東区池之端一丁目","告示日":"2019/9/26"},"geometry":{"type":"Polygon","coordinates":[[[139.76746103732145,35.71254395528162],[139.76738858383575,35.71256199251844],[139.76741683231626,35.71273456747962],[139.76752537727972,35.71272375369051],[139.76746103732145,35.71254395528162]]]}},{"type":"Feature","properties":{"現象の種類":"急傾斜地の崩壊","区域区分":"土砂災害特別警戒区域","区域名":"-","所在地":"文京区湯島三丁目","告示日":"2019/9/26"},"geometry":{"type":"Polygon","coordinates":[[[139.76800615287573,35.70541202269344],[139.76787032047096,35.7054108086637],[139.7678807860028,35.70551473036827],[139.76798755468562,35.70551531658219],[139.76800615287573,35.70541202269344]]]}},{"type":"Feature","properties":{"現象の種類":"急傾斜地の崩壊","区域区分":"土砂災害特別警戒区域","区域名":"-","所在地":"新宿区筑土八幡町","告示日":"2019/9/26"},"geometry":{"type":"Polygon","coordinates":[[[139.74051906480878,35.704326412506276],[139.7405692429284,35.70431763671082],[139.74072337669946,35.70430643512037],[139.74068561596266,35.70424407646443],[139.74051906480878,35.704326412506276]]]}},{"type":"Feature","properties":{"現象の種類":"急傾斜地の崩壊","区域区分":"土砂災害特別警戒区域","区域名":"-","所在地":"新宿区中落合二丁目","告示日":"2019/9/26"},"geometry":{"type":"Polygon","coordinates":[[[139.69354057876373,35.71962403968113],[139.69348658132725,35.719637317150095],[139.6934517737208,35.7197729069199],[139.69353515548977,35.71978133693088],[139.69354057876373,35.71962403968113]]]}},{"type":"Feature","properties":{"現象の種類":"急傾斜地の崩壊","区域区分":"土砂災害特別警戒区域","区域名":"-","所在地":"新宿区下落合四丁目","告示日":"2019/9/26"},"geometry":{"type":"Polygon","coordinates":[[[139.69678107173831,35.71759989721344],[139.6968788586453,35.71751446222728],[139.69670918539936,35.71754565166829],[139.69678107173831,35.71759989721344]]]}},{"type":"Feature","properties":{"現象の種類":"急傾斜地の崩壊","区域区分":"土砂災害特別警戒区域","区域名":"-","所在地":"新宿区西早稲田一丁目","告示日":"2019/9/26"},"geometry":{"type":"Polygon","coordinates":[[[139.71875773581866,35.707112900386164],[139.71887542676174,35.70713462715138],[139.71904410648764,35.70703318080213],[139.7190371423028,35.70700119277297],[139.7188697902253,35.7071232834911],[139.71875773581866,35.707112900386164]]]}},{"type":"Feature","properties":{"現象の種類":"急傾斜地の崩壊","区域区分":"土砂災害特別警戒区域","区域名":"-","所在地":"新宿区戸山一丁目、戸山三丁目","告示日":"2019/9/26"},"geometry":{"type":"Polygon","coordinates":[[[139.7174800846524,35.70500485069707],[139.71736983177854,35.70492399730565],[139.71677188050035,35.70544891436023],[139.71687727881428,35.70556315115217],[139.7174800846524,35.70500485069707]]]}},{"type":"Feature","properties":{"現象の種類":"急傾斜地の崩壊","区域区分":"土砂災害特別警戒区域","区域名":"-","所在地":"新宿区横寺町、岩戸町","告示日":"2019/9/26"},"geometry":{"type":"Polygon","coordinates":[[[139.73658885250154,35.70143004850815],[139.73591197643879,35.70111081476776],[139.73654961295526,35.70147592005001],[139.73658885250154,35.70143004850815]]]}},{"type":"Feature","properties":{"現象の種類":"急傾斜地の崩壊","区域区分":"土砂災害特別警戒区域","区域名":"-","所在地":"新宿区市谷鷹匠町","告示日":"2019/9/26"},"geometry":{"type":"Polygon","coordinates":[[[139.73302739352727,35.696001229640814],[139.73337699618224,35.695937046408545],[139.7335891137218,35.69579296993366],[139.73302739352727,35.696001229640814]]]}},{"type":"Feature","properties":{"現象の種類":"急傾斜地の崩壊","区域区分":"土砂災害特別警戒区域","区域名":"-","所在地":"新宿区戸山二丁目","告示日":"2019/9/26"},"geometry":{"type":"Polygon","coordinates":[[[139.71544539074193,35.70472121659813],[139.7158498903117,35.70461870023913],[139.7150010892671,35.70461629317542],[139.7143730658317,35.704368386591966],[139.71411048110926,35.70434757019376],[139.71406468888438,35.70441687065224],[139.71481087838805,35.70470687285204],[139.71544539074193,35.70472121659813]]]}},{"type":"Feature","properties":{"現象の種類":"急傾斜地の崩壊","区域区分":"土砂災害特別警戒区域","区域名":"-","所在地":"新宿区戸山二丁目","告示日":"2019/9/26"},"geometry":{"type":"Polygon","coordinates":[[[139.71041651126777,35.70279809804787],[139.71030105471206,35.70278062515267],[139.710409534085,35.70327524533849],[139.71051646936698,35.7031080227641],[139.71041651126777,35.70279809804787]]]}},{"type":"Feature","properties":{"現象の種類":"急傾斜地の崩壊","区域区分":"土砂災害特別警戒区域","区域名":"-","所在地":"新宿区河田町、住吉町","告示日":"2019/9/26"},"geometry":{"type":"Polygon","coordinates":[[[139.72105294277424,35.69443000577045],[139.7208842651264,35.69443028819125],[139.72075168915333,35.69489643267584],[139.7207901542196,35.69501034762937],[139.72105294277424,35.69443000577045]]]}},{"type":"Feature","properties":{"現象の種類":"急傾斜地の崩壊","区域区分":"土砂災害特別警戒区域","区域名":"-","所在地":"新宿区市谷仲之町、住吉町","告示日":"2019/9/26"},"geometry":{"type":"Polygon","coordinates":[[[139.7230810412622,35.69301683040357],[139.72309282263546,35.692985935936136],[139.72307492215376,35.69301760628657],[139.7230810412622,35.69301683040357]]]}},{"type":"Feature","properties":{"現象の種類":"急傾斜地の崩壊","区域区分":"土砂災害特別警戒区域","区域名":"-","所在地":"新宿区舟町、住吉町","告示日":"2019/9/26"},"geometry":{"type":"Polygon","coordinates":[[[139.7216021788461,35.691704379728336],[139.72147025131198,35.691702886226906],[139.7214686071723,35.691827135807536],[139.72160152033192,35.69182082796967],[139.7216021788461,35.691704379728336]]]}},{"type":"Feature","properties":{"現象の種類":"急傾斜地の崩壊","区域区分":"土砂災害特別警戒区域","区域名":"-","所在地":"新宿区南元町","告示日":"2019/9/26"},"geometry":{"type":"Polygon","coordinates":[[[139.7218888936809,35.680041411309986],[139.72183945203747,35.68021242330147],[139.72192987917919,35.68021703008799],[139.72195360137917,35.68004396798639],[139.7218888936809,35.680041411309986]]]}},{"type":"Feature","properties":{"現象の種類":"急傾斜地の崩壊","区域区分":"土砂災害特別警戒区域","区域名":"-","所在地":"新宿区若葉二丁目","告示日":"2019/9/26"},"geometry":{"type":"Polygon","coordinates":[[[139.72449324479624,35.68518570577322],[139.72427099649565,35.68532181082414],[139.72426375719667,35.685359474349625],[139.72446650713508,35.68524889833135],[139.72449324479624,35.68518570577322]]]}},{"type":"Feature","properties":{"現象の種類":"急傾斜地の崩壊","区域区分":"土砂災害特別警戒区域","区域名":"-","所在地":"新宿区須賀町、若葉二丁目","告示日":"2019/9/26"},"geometry":{"type":"Polygon","coordinates":[[[139.72287317652578,35.68529468602513],[139.72256720516626,35.685442103504016],[139.72248736908278,35.68565276056477],[139.7225817220547,35.68544894834753],[139.72287317652578,35.68529468602513]]]}},{"type":"Feature","properties":{"現象の種類":"急傾斜地の崩壊","区域区分":"土砂災害特別警戒区域","区域名":"-","所在地":"新宿区市谷砂土原町三丁目","告示日":"2019/9/26"},"geometry":{"type":"Polygon","coordinates":[[[139.73582532654157,35.69660306341261],[139.7358723574863,35.696525483704384],[139.73581242555395,35.69659510829449],[139.73582532654157,35.69660306341261]]]}},{"type":"Feature","properties":{"現象の種類":"急傾斜地の崩壊","区域区分":"土砂災害特別警戒区域","区域名":"-","所在地":"新宿区市谷船河原町、若宮町","告示日":"2019/9/26"},"geometry":{"type":"Polygon","coordinates":[[[139.74052856582324,35.698508028092604],[139.7403305962227,35.69853446658328],[139.74064014641436,35.69868786323851],[139.74052856582324,35.698508028092604]]]}},{"type":"Feature","properties":{"現象の種類":"急傾斜地の崩壊","区域区分":"土砂災害特別警戒区域","区域名":"-","所在地":"新宿区赤城元町、西五軒町、築地町","告示日":"2019/9/26"},"geometry":{"type":"Polygon","coordinates":[[[139.73695765931157,35.70548354786019],[139.73690732828018,35.70530359814346],[139.73670032015232,35.70530401350956],[139.73676889771164,35.7054917774879],[139.73695765931157,35.70548354786019]]]}},{"type":"Feature","properties":{"現象の種類":"急傾斜地の崩壊","区域区分":"土砂災害特別警戒区域","区域名":"-","所在地":"品川区上大崎一丁目","告示日":"2019/9/26"},"geometry":{"type":"Polygon","coordinates":[[[139.72273943430778,35.634766671035365],[139.722778436802,35.63474966914219],[139.72273379638142,35.63476044574875],[139.72273943430778,35.634766671035365]]]}},{"type":"Feature","properties":{"現象の種類":"急傾斜地の崩壊","区域区分":"土砂災害特別警戒区域","区域名":"-","所在地":"品川区上大崎一丁目","告示日":"2019/9/26"},"geometry":{"type":"Polygon","coordinates":[[[139.7251536161061,35.63420463607193],[139.72512233517523,35.633966440815314],[139.72506110344855,35.63398982389749],[139.7251536161061,35.63420463607193]]]}},{"type":"Feature","properties":{"現象の種類":"急傾斜地の崩壊","区域区分":"土砂災害特別警戒区域","区域名":"-","所在地":"品川区上大崎一丁目","告示日":"2019/9/26"},"geometry":{"type":"Polygon","coordinates":[[[139.72527740121768,35.63473237484255],[139.72522784813722,35.63460423216054],[139.72516481612644,35.63461156759407],[139.7252009857054,35.63473654316039],[139.72527740121768,35.63473237484255]]]}},{"type":"Feature","properties":{"現象の種類":"急傾斜地の崩壊","区域区分":"土砂災害特別警戒区域","区域名":"-","所在地":"品川区上大崎一丁目","告示日":"2019/9/26"},"geometry":{"type":"Polygon","coordinates":[[[139.72505726715443,35.6348760510429],[139.7248929111218,35.63485363700972],[139.72490042071593,35.6348902432604],[139.72505726715443,35.6348760510429]]]}},{"type":"Feature","properties":{"現象の種類":"急傾斜地の崩壊","区域区分":"土砂災害特別警戒区域","区域名":"-","所在地":"品川区上大崎一丁目、港区白金台二丁目","告示日":"2019/9/26"},"geometry":{"type":"Polygon","coordinates":[[[139.72632952895503,35.63304946669235],[139.7262031444172,35.63303330827758],[139.72649576560565,35.63370930671216],[139.72657320295676,35.633689272684464],[139.72632952895503,35.63304946669235]]]}},{"type":"Feature","properties":{"現象の種類":"急傾斜地の崩壊","区域区分":"土砂災害特別警戒区域","区域名":"-","所在地":"品川区上大崎三丁目","告示日":"2019/9/26"},"geometry":{"type":"Polygon","coordinates":[[[139.7198885742171,35.63039362470627],[139.7198815946276,35.63017717616399],[139.719813432493,35.630014848081245],[139.7197457054486,35.63038204146657],[139.71962137343127,35.63046377727713],[139.7194765781223,35.630783210169014],[139.7195766963356,35.63095178871564],[139.71946543602033,35.63119093262804],[139.71964859149995,35.63117920626073],[139.7196244108217,35.630955529772095],[139.71972834472314,35.6306160456427],[139.7198885742171,35.63039362470627]]]}},{"type":"Feature","properties":{"現象の種類":"急傾斜地の崩壊","区域区分":"土砂災害特別警戒区域","区域名":"-","所在地":"品川区上大崎四丁目","告示日":"2019/9/26"},"geometry":{"type":"Polygon","coordinates":[[[139.7147115064725,35.629566952092304],[139.71486189051708,35.62954465357155],[139.71513697230677,35.629318024780105],[139.71506462187966,35.629224021013584],[139.71482312483704,35.62946348350353],[139.71465697210547,35.62943384200204],[139.71439433492796,35.62974206464783],[139.71454904283797,35.629813613393],[139.7147115064725,35.629566952092304]]]}},{"type":"Feature","properties":{"現象の種類":"急傾斜地の崩壊","区域区分":"土砂災害特別警戒区域","区域名":"-","所在地":"品川区東五反田四丁目","告示日":"2019/9/26"},"geometry":{"type":"Polygon","coordinates":[[[139.72722331865734,35.63034522889385],[139.72722943084105,35.63026824908116],[139.72717537744978,35.630306333473186],[139.72722331865734,35.63034522889385]]]}},{"type":"Feature","properties":{"現象の種類":"急傾斜地の崩壊","区域区分":"土砂災害特別警戒区域","区域名":"-","所在地":"品川区東五反田四丁目","告示日":"2019/9/26"},"geometry":{"type":"Polygon","coordinates":[[[139.7271996436934,35.63027435281119],[139.72712677192573,35.63015006657294],[139.72711592347147,35.63015871108221],[139.7271996436934,35.63027435281119]]]}},{"type":"Feature","properties":{"現象の種類":"急傾斜地の崩壊","区域区分":"土砂災害特別警戒区域","区域名":"-","所在地":"品川区東五反田五丁目","告示日":"2019/9/26"},"geometry":{"type":"Polygon","coordinates":[[[139.72535717780636,35.630739224139695],[139.7252144320654,35.63070285718257],[139.7252002150855,35.63091342685713],[139.725340740974,35.63084008344125],[139.72535717780636,35.630739224139695]]]}},{"type":"Feature","properties":{"現象の種類":"急傾斜地の崩壊","区域区分":"土砂災害特別警戒区域","区域名":"-","所在地":"品川区東五反田五丁目","告示日":"2019/9/26"},"geometry":{"type":"Polygon","coordinates":[[[139.72487402094376,35.631982993238516],[139.72482480558872,35.63174144624676],[139.72494127247455,35.63154692463461],[139.7248516845003,35.63146183576923],[139.7247375605567,35.63174199865715],[139.72478539035347,35.63199778759425],[139.72487402094376,35.631982993238516]]]}},{"type":"Feature","properties":{"現象の種類":"急傾斜地の崩壊","区域区分":"土砂災害特別警戒区域","区域名":"-","所在地":"品川区東五反田五丁目","告示日":"2019/9/26"},"geometry":{"type":"Polygon","coordinates":[[[139.72099855638035,35.62938177765343],[139.72089015101898,35.62940763874346],[139.7209833950921,35.62954357667345],[139.7210378816017,35.62945798819927],[139.72099855638035,35.62938177765343]]]}},{"type":"Feature","properties":{"現象の種類":"急傾斜地の崩壊","区域区分":"土砂災害特別警戒区域","区域名":"-","所在地":"品川区東五反田五丁目","告示日":"2019/9/26"},"geometry":{"type":"Polygon","coordinates":[[[139.72099539689168,35.62916659475124],[139.7213390186468,35.62895011208065],[139.72138757174125,35.62874345101707],[139.7212877584849,35.62874714438441],[139.7212940329676,35.628884173076656],[139.7211834880694,35.629008021813156],[139.720899165975,35.62914793477685],[139.72099539689168,35.62916659475124]]]}},{"type":"Feature","properties":{"現象の種類":"急傾斜地の崩壊","区域区分":"土砂災害特別警戒区域","区域名":"-","所在地":"品川区東五反田一丁目","告示日":"2019/9/26"},"geometry":{"type":"Polygon","coordinates":[[[139.72729841535252,35.62823315982528],[139.72727011293568,35.6281499295705],[139.7271525451405,35.62822086155293],[139.72729841535252,35.62823315982528]]]}},{"type":"Feature","properties":{"現象の種類":"急傾斜地の崩壊","区域区分":"土砂災害特別警戒区域","区域名":"-","所在地":"品川区東五反田三丁目、東五反田一丁目","告示日":"2019/9/26"},"geometry":{"type":"Polygon","coordinates":[[[139.72822106622425,35.62811073792413],[139.72820590621131,35.62800462210743],[139.72810014365152,35.62803220478705],[139.72814700843873,35.62812744055988],[139.72822106622425,35.62811073792413]]]}},{"type":"Feature","properties":{"現象の種類":"急傾斜地の崩壊","区域区分":"土砂災害特別警戒区域","区域名":"-","所在地":"品川区東五反田三丁目、東五反田一丁目","告示日":"2019/9/26"},"geometry":{"type":"Polygon","coordinates":[[[139.72799999425743,35.62794593708157],[139.7281321855927,35.6279030526426],[139.72799481799123,35.62793493466608],[139.72799999425743,35.62794593708157]]]}},{"type":"Feature","properties":{"現象の種類":"急傾斜地の崩壊","区域区分":"土砂災害特別警戒区域","区域名":"-","所在地":"品川区東五反田三丁目、東五反田一丁目","告示日":"2019/9/26"},"geometry":{"type":"Polygon","coordinates":[[[139.72781310009987,35.62755219330487],[139.72796651572546,35.627504099127194],[139.72780974517102,35.62754119247603],[139.72781310009987,35.62755219330487]]]}},{"type":"Feature","properties":{"現象の種類":"急傾斜地の崩壊","区域区分":"土砂災害特別警戒区域","区域名":"-","所在地":"品川区東五反田三丁目、東五反田一丁目","告示日":"2019/9/26"},"geometry":{"type":"Polygon","coordinates":[[[139.72786724432348,35.62723528511619],[139.72781930811055,35.62712445291267],[139.7276975251457,35.627147604025886],[139.72773179496505,35.62726347251096],[139.72786724432348,35.62723528511619]]]}},{"type":"Feature","properties":{"現象の種類":"急傾斜地の崩壊","区域区分":"土砂災害特別警戒区域","区域名":"-","所在地":"品川区東五反田三丁目、東五反田一丁目","告示日":"2019/9/26"},"geometry":{"type":"Polygon","coordinates":[[[139.72770692973896,35.62699012607648],[139.72775572051992,35.626935630120684],[139.72770507573836,35.62694577229906],[139.72770692973896,35.62699012607648]]]}},{"type":"Feature","properties":{"現象の種類":"急傾斜地の崩壊","区域区分":"土砂災害特別警戒区域","区域名":"-","所在地":"品川区東五反田三丁目","告示日":"2019/9/26"},"geometry":{"type":"Polygon","coordinates":[[[139.72824880972857,35.626673283735805],[139.7288323307082,35.626403802060956],[139.72873967194832,35.62623054991675],[139.7279623931759,35.62662065836079],[139.72824880972857,35.626673283735805]]]}},{"type":"Feature","properties":{"現象の種類":"急傾斜地の崩壊","区域区分":"土砂災害特別警戒区域","区域名":"-","所在地":"品川区東五反田三丁目","告示日":"2019/9/26"},"geometry":{"type":"Polygon","coordinates":[[[139.7295879118624,35.62750821069709],[139.72946340435217,35.62710316467605],[139.72964648214182,35.62693168315816],[139.72950323722904,35.62636949538431],[139.7294308678537,35.62620879164019],[139.72916569037727,35.626140321625236],[139.72910931022602,35.626290096617254],[139.72933180506004,35.626409192339494],[139.7294660112576,35.62677737692227],[139.72948628439272,35.62687412175885],[139.7293697015808,35.626960922582995],[139.7295879118624,35.62750821069709]]]}},{"type":"Feature","properties":{"現象の種類":"急傾斜地の崩壊","区域区分":"土砂災害特別警戒区域","区域名":"-","所在地":"品川区東五反田三丁目","告示日":"2019/9/26"},"geometry":{"type":"Polygon","coordinates":[[[139.73017784486174,35.62926657658076],[139.73001100532014,35.62955427175009],[139.7300314300168,35.62960504180896],[139.73017318118005,35.62956513817894],[139.73023490844886,35.62936479509526],[139.73017784486174,35.62926657658076]]]}},{"type":"Feature","properties":{"現象の種類":"急傾斜地の崩壊","区域区分":"土砂災害特別警戒区域","区域名":"-","所在地":"品川区北品川六丁目、東五反田三丁目","告示日":"2019/9/26"},"geometry":{"type":"Polygon","coordinates":[[[139.73121149759024,35.62879824405936],[139.73116317952864,35.628625301860126],[139.73108121811012,35.62862712540144],[139.73112464816282,35.62877671551028],[139.73121149759024,35.62879824405936]]]}},{"type":"Feature","properties":{"現象の種類":"急傾斜地の崩壊","区域区分":"土砂災害特別警戒区域","区域名":"-","所在地":"品川区北品川六丁目","告示日":"2019/9/26"},"geometry":{"type":"Polygon","coordinates":[[[139.73114123623353,35.628050057584026],[139.73112672302005,35.627933575815874],[139.73102816497325,35.627953865301436],[139.73105955433698,35.62804737401652],[139.73114123623353,35.628050057584026]]]}},{"type":"Feature","properties":{"現象の種類":"急傾斜地の崩壊","区域区分":"土砂災害特別警戒区域","区域名":"-","所在地":"品川区北品川五丁目","告示日":"2019/9/26"},"geometry":{"type":"Polygon","coordinates":[[[139.73399851886452,35.61963508918729],[139.73390351640722,35.61951349298259],[139.73376382477912,35.619744153341905],[139.73357303644548,35.61983910035682],[139.73364216621223,35.6198975726778],[139.73348019695666,35.62010207169745],[139.73353996547522,35.62014656356854],[139.73373004115504,35.61996606674698],[139.7338152426589,35.6197671832479],[139.73399851886452,35.61963508918729]]]}},{"type":"Feature","properties":{"現象の種類":"急傾斜地の崩壊","区域区分":"土砂災害特別警戒区域","区域名":"-","所在地":"品川区北品川三丁目","告示日":"2019/9/26"},"geometry":{"type":"Polygon","coordinates":[[[139.73946651165153,35.61922795322783],[139.7393553974898,35.61917323766372],[139.73934951386812,35.61922119115979],[139.73946651165153,35.61922795322783]]]}},{"type":"Feature","properties":{"現象の種類":"急傾斜地の崩壊","区域区分":"土砂災害特別警戒区域","区域名":"-","所在地":"品川区北品川三丁目","告示日":"2019/9/26"},"geometry":{"type":"Polygon","coordinates":[[[139.7398033331911,35.61922019210233],[139.7398161337735,35.619174768062614],[139.73976534963708,35.6192318816916],[139.7398033331911,35.61922019210233]]]}},{"type":"Feature","properties":{"現象の種類":"急傾斜地の崩壊","区域区分":"土砂災害特別警戒区域","区域名":"-","所在地":"品川区北品川三丁目","告示日":"2019/9/26"},"geometry":{"type":"Polygon","coordinates":[[[139.7395011990926,35.61884206188332],[139.73914215528623,35.61854474807702],[139.73936627668266,35.6188245584037],[139.7395011990926,35.61884206188332]]]}},{"type":"Feature","properties":{"現象の種類":"急傾斜地の崩壊","区域区分":"土砂災害特別警戒区域","区域名":"-","所在地":"品川区北品川三丁目","告示日":"2019/9/26"},"geometry":{"type":"Polygon","coordinates":[[[139.73978518532527,35.61877503321148],[139.74003360747108,35.61867471217125],[139.73974940293098,35.61869513537296],[139.73978518532527,35.61877503321148]]]}},{"type":"Feature","properties":{"現象の種類":"急傾斜地の崩壊","区域区分":"土砂災害特別警戒区域","区域名":"-","所在地":"品川区北品川三丁目、北品川二丁目","告示日":"2019/9/26"},"geometry":{"type":"Polygon","coordinates":[[[139.74035317324055,35.618705068233034],[139.74067116946088,35.61859650604276],[139.7406983266107,35.618418667311644],[139.7404874483178,35.61841607103179],[139.74052848173855,35.61852256600257],[139.74032008947782,35.618653208295704],[139.74014037938335,35.6186262958331],[139.74035317324055,35.618705068233034]]]}},{"type":"Feature","properties":{"現象の種類":"急傾斜地の崩壊","区域区分":"土砂災害特別警戒区域","区域名":"-","所在地":"品川区北品川三丁目、北品川二丁目","告示日":"2019/9/26"},"geometry":{"type":"Polygon","coordinates":[[[139.74068270066957,35.61838800538812],[139.74077720051147,35.61808428332746],[139.74045080556937,35.617977298348194],[139.7396160762999,35.6181684843486],[139.73962510806336,35.61823159412794],[139.7401811819008,35.61814638587639],[139.74052786828972,35.618186588441205],[139.74046808861925,35.618385947083965],[139.74068270066957,35.61838800538812]]]}},{"type":"Feature","properties":{"現象の種類":"急傾斜地の崩壊","区域区分":"土砂災害特別警戒区域","区域名":"-","所在地":"品川区南品川六丁目","告示日":"2019/9/26"},"geometry":{"type":"Polygon","coordinates":[[[139.7366217412947,35.61085665130415],[139.7367478551246,35.61107076119418],[139.73681927738315,35.6110354808386],[139.73677215582302,35.611002088734544],[139.7366217412947,35.61085665130415]]]}},{"type":"Feature","properties":{"現象の種類":"急傾斜地の崩壊","区域区分":"土砂災害特別警戒区域","区域名":"-","所在地":"品川区東大井三丁目","告示日":"2019/9/26"},"geometry":{"type":"Polygon","coordinates":[[[139.73985154850422,35.60329298570039],[139.7397283975499,35.60327404937907],[139.73977619584477,35.60334890851993],[139.73985154850422,35.60329298570039]]]}},{"type":"Feature","properties":{"現象の種類":"急傾斜地の崩壊","区域区分":"土砂災害特別警戒区域","区域名":"-","所在地":"品川区東大井三丁目","告示日":"2019/9/26"},"geometry":{"type":"Polygon","coordinates":[[[139.7383149382066,35.60175063034776],[139.73838526769163,35.60170804623079],[139.7383013878277,35.60173890054803],[139.7383149382066,35.60175063034776]]]}},{"type":"Feature","properties":{"現象の種類":"急傾斜地の崩壊","区域区分":"土砂災害特別警戒区域","区域名":"-","所在地":"品川区東大井三丁目","告示日":"2019/9/26"},"geometry":{"type":"Polygon","coordinates":[[[139.7386046687885,35.60193439780929],[139.7384816210108,35.60198433262706],[139.73876442300988,35.60225490583568],[139.73886107482275,35.602201434307375],[139.7386046687885,35.60193439780929]]]}},{"type":"Feature","properties":{"現象の種類":"急傾斜地の崩壊","区域区分":"土砂災害特別警戒区域","区域名":"-","所在地":"渋谷区本町三丁目、中野区弥生町一丁目","告示日":"2019/9/26"},"geometry":{"type":"Polygon","coordinates":[[[139.68332417570008,35.69201834460992],[139.6832533520244,35.69182895052108],[139.68317671281733,35.691873657328],[139.68332417570008,35.69201834460992]]]}},{"type":"Feature","properties":{"現象の種類":"急傾斜地の崩壊","区域区分":"土砂災害特別警戒区域","区域名":"-","所在地":"渋谷区西原一丁目、元代々木町","告示日":"2019/9/26"},"geometry":{"type":"Polygon","coordinates":[[[139.68487554221394,35.67459256881617],[139.68496698437772,35.67456500673881],[139.68517768002593,35.67444942870671],[139.68509337619628,35.67436170313914],[139.68487459541066,35.67446419990302],[139.68480554017046,35.674506934037545],[139.68487554221394,35.67459256881617]]]}},{"type":"Feature","properties":{"現象の種類":"急傾斜地の崩壊","区域区分":"土砂災害特別警戒区域","区域名":"-","所在地":"渋谷区西原三丁目","告示日":"2019/9/26"},"geometry":{"type":"Polygon","coordinates":[[[139.68159229291513,35.67107927593756],[139.68154227840665,35.6710274691322],[139.68153472346648,35.67107163111717],[139.68159229291513,35.67107927593756]]]}},{"type":"Feature","properties":{"現象の種類":"急傾斜地の崩壊","区域区分":"土砂災害特別警戒区域","区域名":"-","所在地":"渋谷区西原三丁目","告示日":"2019/9/26"},"geometry":{"type":"Polygon","coordinates":[[[139.68176516651312,35.6711112250352],[139.68168711361864,35.67104631183282],[139.68167609746283,35.67108992859192],[139.68176516651312,35.6711112250352]]]}},{"type":"Feature","properties":{"現象の種類":"急傾斜地の崩壊","区域区分":"土砂災害特別警戒区域","区域名":"-","所在地":"渋谷区代々木五丁目","告示日":"2019/9/26"},"geometry":{"type":"Polygon","coordinates":[[[139.68856898122806,35.67233359240719],[139.68910436558352,35.67233847174627],[139.68928946994674,35.672209604354904],[139.68856898122806,35.67233359240719]]]}},{"type":"Feature","properties":{"現象の種類":"急傾斜地の崩壊","区域区分":"土砂災害特別警戒区域","区域名":"-","所在地":"渋谷区神宮前六丁目","告示日":"2019/9/26"},"geometry":{"type":"Polygon","coordinates":[[[139.70325403716785,35.66687876129795],[139.70318206059906,35.66682288313463],[139.70309898095343,35.66687174260354],[139.70318104806898,35.666941514210656],[139.70325403716785,35.66687876129795]]]}},{"type":"Feature","properties":{"現象の種類":"急傾斜地の崩壊","区域区分":"土砂災害特別警戒区域","区域名":"-","所在地":"渋谷区神宮前六丁目","告示日":"2019/9/26"},"geometry":{"type":"Polygon","coordinates":[[[139.70328524312995,35.66701852134273],[139.70333264301544,35.66694807833266],[139.7032695959132,35.6670039909332],[139.70328524312995,35.66701852134273]]]}},{"type":"Feature","properties":{"現象の種類":"急傾斜地の崩壊","区域区分":"土砂災害特別警戒区域","区域名":"-","所在地":"渋谷区神山町、富ヶ谷一丁目","告示日":"2019/9/26"},"geometry":{"type":"Polygon","coordinates":[[[139.69059248357075,35.66546697460104],[139.69062158850707,35.66539236818223],[139.69057828416,35.66545947564814],[139.69059248357075,35.66546697460104]]]}},{"type":"Feature","properties":{"現象の種類":"急傾斜地の崩壊","区域区分":"土砂災害特別警戒区域","区域名":"-","所在地":"渋谷区広尾四丁目、広尾五丁目","告示日":"2019/9/26"},"geometry":{"type":"Polygon","coordinates":[[[139.720579308089,35.65082722558321],[139.720638213418,35.65071919531725],[139.72046940549575,35.650666391815335],[139.72039344927495,35.6507863053215],[139.720579308089,35.65082722558321]]]}},{"type":"Feature","properties":{"現象の種類":"急傾斜地の崩壊","区域区分":"土砂災害特別警戒区域","区域名":"-","所在地":"渋谷区恵比寿四丁目","告示日":"2019/9/26"},"geometry":{"type":"Polygon","coordinates":[[[139.71386062816055,35.64526106412858],[139.71397923223012,35.64525297839445],[139.71397265006243,35.64514668930972],[139.7138545045233,35.6451527922725],[139.71386062816055,35.64526106412858]]]}},{"type":"Feature","properties":{"現象の種類":"急傾斜地の崩壊","区域区分":"土砂災害特別警戒区域","区域名":"-","所在地":"大田区仲池上一丁目","告示日":"2019/10/30"},"geometry":{"type":"Polygon","coordinates":[[[139.69803822176576,35.58822689382148],[139.6982489448554,35.58820865146443],[139.69838206218645,35.58805218826224],[139.69828550490882,35.58799099749471],[139.69803822176576,35.58822689382148]]]}},{"type":"Feature","properties":{"現象の種類":"急傾斜地の崩壊","区域区分":"土砂災害特別警戒区域","区域名":"-","所在地":"大田区久が原二丁目","告示日":"2019/10/30"},"geometry":{"type":"Polygon","coordinates":[[[139.6956451924172,35.580073066596285],[139.69548526315586,35.58004048158056],[139.69568222165674,35.58008777621815],[139.6956451924172,35.580073066596285]]]}},{"type":"Feature","properties":{"現象の種類":"急傾斜地の崩壊","区域区分":"土砂災害特別警戒区域","区域名":"-","所在地":"板橋区赤塚四丁目","告示日":"2019/10/30"},"geometry":{"type":"Polygon","coordinates":[[[139.64217798327212,35.78618137285389],[139.64202085344812,35.786171225347694],[139.642177356753,35.786202367433646],[139.64217798327212,35.78618137285389]]]}},{"type":"Feature","properties":{"現象の種類":"急傾斜地の崩壊","区域区分":"土砂災害特別警戒区域","区域名":"-","所在地":"新宿区若葉三丁目・南元町","告示日":"2022/11/18"},"geometry":{"type":"Polygon","coordinates":[[[139.72371807223658,35.68240441089825],[139.72386084362932,35.68239946788868],[139.72401986514973,35.68234859123076],[139.72371807223658,35.68240441089825]]]}},{"type":"Feature","properties":{"現象の種類":"急傾斜地の崩壊","区域区分":"土砂災害特別警戒区域","区域名":"-","所在地":"大田区田園調布四丁目","告示日":"2022/12/20"},"geometry":{"type":"Polygon","coordinates":[[[139.6644123805168,35.59274745566116],[139.664412263862,35.59265969750676],[139.66435165392798,35.59273711642577],[139.6644123805168,35.59274745566116]]]}},{"type":"Feature","properties":{"現象の種類":"急傾斜地の崩壊","区域区分":"土砂災害特別警戒区域","区域名":"-","所在地":"杉並区久我山二丁目","告示日":"2023/4/26"},"geometry":{"type":"Polygon","coordinates":[[[139.60213979891338,35.685821180610205],[139.6022641387285,35.685640428390045],[139.60206537002054,35.68577715756349],[139.60213979891338,35.685821180610205]]]}},{"type":"Feature","properties":{"現象の種類":"急傾斜地の崩壊","区域区分":"土砂災害特別警戒区域","区域名":"-","所在地":"渋谷区元代々木町","告示日":"2023/6/21"},"geometry":{"type":"Polygon","coordinates":[[[139.685982368835,35.67394479669584],[139.68577315864783,35.67389398862969],[139.6857523111504,35.67393337081842],[139.68597257002628,35.674002704206465],[139.685982368835,35.67394479669584]]]}},{"type":"Feature","properties":{"現象の種類":"急傾斜地の崩壊","区域区分":"土砂災害特別警戒区域","区域名":"-","所在地":"板橋区赤塚八丁目、赤塚五丁目","告示日":"2023/6/21"},"geometry":{"type":"Polygon","coordinates":[[[139.6449204609079,35.78387603328749],[139.64484544864803,35.784221313325496],[139.6449967062202,35.784273025401646],[139.64508577033868,35.78391755047109],[139.6449204609079,35.78387603328749]]]}},{"type":"Feature","properties":{"現象の種類":"急傾斜地の崩壊","区域区分":"土砂災害特別警戒区域","区域名":"-","所在地":"大田区池上一丁目","告示日":"2023/7/20"},"geometry":{"type":"Polygon","coordinates":[[[139.7066900219863,35.576358748667786],[139.70665755286416,35.57646226658352],[139.70636954788986,35.57665014058329],[139.7063902789678,35.57670854270461],[139.7065504930298,35.57670723595016],[139.7067392086879,35.57656277914217],[139.70677252324487,35.57645757777015],[139.7066900219863,35.576358748667786]]]}},{"type":"Feature","properties":{"現象の種類":"急傾斜地の崩壊","区域区分":"土砂災害特別警戒区域","区域名":"-","所在地":"大田区池上一丁目","告示日":"2023/7/20"},"geometry":{"type":"Polygon","coordinates":[[[139.7078252895213,35.576022579189605],[139.7074944229517,35.575964725138306],[139.70743353623243,35.57619465760812],[139.70775987473442,35.576259851146744],[139.7078252895213,35.576022579189605]]]}},{"type":"Feature","properties":{"現象の種類":"急傾斜地の崩壊","区域区分":"土砂災害特別警戒区域","区域名":"-","所在地":"大田区池上一丁目","告示日":"2023/7/20"},"geometry":{"type":"Polygon","coordinates":[[[139.70871947392644,35.57644624939411],[139.70826501453902,35.57616688108033],[139.70818749271268,35.57635555052464],[139.70871947392644,35.57644624939411]]]}},{"type":"Feature","properties":{"現象の種類":"急傾斜地の崩壊","区域区分":"土砂災害特別警戒区域","区域名":"-","所在地":"世田谷区瀬田四丁目","告示日":"2024/3/22"},"geometry":{"type":"Polygon","coordinates":[[[139.62520145773297,35.62023291298775],[139.62515740208735,35.620153960929585],[139.6251074317343,35.62016178306718],[139.62512389300196,35.62027773710153],[139.62520145773297,35.62023291298775]]]}},{"type":"Feature","properties":{"現象の種類":"急傾斜地の崩壊","区域区分":"土砂災害特別警戒区域","区域名":"-","所在地":"世田谷区瀬田一丁目","告示日":"2024/3/22"},"geometry":{"type":"Polygon","coordinates":[[[139.63297359755651,35.61253015120705],[139.63296769231306,35.612496140598225],[139.63292472477377,35.61252440183899],[139.63297359755651,35.61253015120705]]]}},{"type":"Feature","properties":{"現象の種類":"急傾斜地の崩壊","区域区分":"土砂災害特別警戒区域","区域名":"-","所在地":"世田谷区岡本二丁目、岡本一丁目、岡本三丁目","告示日":"2024/3/22"},"geometry":{"type":"Polygon","coordinates":[[[139.61866407869874,35.62456163846006],[139.61883177456298,35.62402128821766],[139.61878787688508,35.62400638945851],[139.6185469768557,35.624524167794966],[139.61844828067234,35.62449525983392],[139.61834750573988,35.624777666795126],[139.61852517820887,35.624765464755725],[139.61866407869874,35.62456163846006]]]}},{"type":"Feature","properties":{"現象の種類":"急傾斜地の崩壊","区域区分":"土砂災害特別警戒区域","区域名":"-","所在地":"港区赤坂六丁目","告示日":"2024/6/21"},"geometry":{"type":"Polygon","coordinates":[[[139.73600442889432,35.66836106939229],[139.73589139438585,35.66840038866414],[139.73568056558324,35.66872911829849],[139.73574558196344,35.66880901618013],[139.73600442889432,35.66836106939229]]]}},{"type":"Feature","properties":{"現象の種類":"急傾斜地の崩壊","区域区分":"土砂災害特別警戒区域","区域名":"-","所在地":"港区高輪一丁目","告示日":"2024/6/21"},"geometry":{"type":"Polygon","coordinates":[[[139.73638144188794,35.64318453395678],[139.7364642973623,35.64282655056781],[139.73654401567913,35.64277993617134],[139.73643157212967,35.642740820431534],[139.73630984780863,35.64316579031487],[139.73638144188794,35.64318453395678]]]}},{"type":"Feature","properties":{"現象の種類":"急傾斜地の崩壊","区域区分":"土砂災害特別警戒区域","区域名":"-","所在地":"中野区弥生町六丁目","告示日":"2024/6/21"},"geometry":{"type":"Polygon","coordinates":[[[139.66318316606086,35.68664808936755],[139.66303258986986,35.68624015263903],[139.66290537708545,35.68627144012075],[139.66306790514588,35.68667770944581],[139.66318316606086,35.68664808936755]]]}},{"type":"Feature","properties":{"現象の種類":"急傾斜地の崩壊","区域区分":"土砂災害特別警戒区域","区域名":"-","所在地":"品川区上大崎三丁目、東五反田五丁目","告示日":"2024/10/18"},"geometry":{"type":"Polygon","coordinates":[[[139.72066465793523,35.63082011668615],[139.72065081097003,35.63052972134027],[139.72050168344256,35.6305221125051],[139.72054516845301,35.63072118138916],[139.72066465793523,35.63082011668615]]]}},{"type":"Feature","properties":{"現象の種類":"急傾斜地の崩壊","区域区分":"土砂災害特別警戒区域","区域名":"-","所在地":"港区虎ノ門五丁目、麻布台一丁目","告示日":"2024/10/18"},"geometry":{"type":"Polygon","coordinates":[[[139.7433183511059,35.661309478409606],[139.74307243858038,35.661288860735276],[139.74321819173505,35.661357483688555],[139.7433183511059,35.661309478409606]]]}},{"type":"Feature","properties":{"現象の種類":"急傾斜地の崩壊","区域区分":"土砂災害特別警戒区域","区域名":"-","所在地":"港区元麻布一丁目","告示日":"2024/12/27"},"geometry":{"type":"Polygon","coordinates":[[[139.73372787184272,35.655015170146726],[139.73363607235248,35.65501315684966],[139.7336315469475,35.65514260416838],[139.7337180791073,35.65512160636935],[139.73372787184272,35.655015170146726]]]}},{"type":"Feature","properties":{"現象の種類":"急傾斜地の崩壊","区域区分":"土砂災害特別警戒区域","区域名":"-","所在地":"北区赤羽台二丁目","告示日":"2024/12/27"},"geometry":{"type":"Polygon","coordinates":[[[139.71462569140337,35.77458524560758],[139.71422203290038,35.774359828110974],[139.71404970475606,35.774457826097866],[139.71410658331294,35.774552857222695],[139.71423055667265,35.774496587950246],[139.71456824961228,35.77464526334794],[139.71462569140337,35.77458524560758]]]}},{"type":"Feature","properties":{"現象の種類":"急傾斜地の崩壊","区域区分":"土砂災害特別警戒区域","区域名":"-","所在地":"港区南麻布一丁目","告示日":"2025/3/19"},"geometry":{"type":"Polygon","coordinates":[[[139.7329750997107,35.65141818523149],[139.73295683829758,35.651257128523454],[139.73287975600326,35.6511884235919],[139.73279270212075,35.65140482616233],[139.7328636474957,35.65146184454518],[139.7329750997107,35.65141818523149]]]}},{"type":"Feature","properties":{"現象の種類":"急傾斜地の崩壊","区域区分":"土砂災害特別警戒区域","区域名":"-","所在地":"目黒区青葉台三丁目","告示日":"2025/4/25"},"geometry":{"type":"Polygon","coordinates":[[[139.6930903103197,35.65137780194926],[139.69323720127778,35.651218525186295],[139.69307867286454,35.65136857256427],[139.6930903103197,35.65137780194926]]]}},{"type":"Feature","properties":{"現象の種類":"急傾斜地の崩壊","区域区分":"土砂災害特別警戒区域","区域名":"-","所在地":"目黒区目黒三丁目","告示日":"2025/4/25"},"geometry":{"type":"Polygon","coordinates":[[[139.70496940775695,35.63307253227933],[139.70497468674768,35.63301943274913],[139.70474920001718,35.63298767793949],[139.70468518000288,35.63304785988164],[139.70496940775695,35.63307253227933]]]}},{"type":"Feature","properties":{"現象の種類":"急傾斜地の崩壊","区域区分":"土砂災害特別警戒区域","区域名":"-","所在地":"目黒区大橋二丁目","告示日":"2025/4/25"},"geometry":{"type":"Polygon","coordinates":[[[139.68810215526022,35.65256625202971],[139.6881041648573,35.652423856691065],[139.6880059451257,35.65239202080527],[139.68798131414204,35.65252438183749],[139.68810215526022,35.65256625202971]]]}},{"type":"Feature","properties":{"現象の種類":"急傾斜地の崩壊","区域区分":"土砂災害特別警戒区域","区域名":"-","所在地":"目黒区大橋二丁目","告示日":"2025/4/25"},"geometry":{"type":"Polygon","coordinates":[[[139.6881461701574,35.652574819617314],[139.68820106969156,35.65244769964178],[139.68816491544305,35.652440061065676],[139.6881461701574,35.652574819617314]]]}},{"type":"Feature","properties":{"現象の種類":"急傾斜地の崩壊","区域区分":"土砂災害特別警戒区域","区域名":"-","所在地":"目黒区目黒三丁目","告示日":"2025/4/25"},"geometry":{"type":"Polygon","coordinates":[[[139.70542262896166,35.63315153864183],[139.70522915811543,35.63303110615822],[139.70522138353272,35.63305918529625],[139.70542262896166,35.63315153864183]]]}},{"type":"Feature","properties":{"現象の種類":"急傾斜地の崩壊","区域区分":"土砂災害特別警戒区域","区域名":"-","所在地":"世田谷区池尻四丁目","告示日":"2025/4/25"},"geometry":{"type":"Polygon","coordinates":[[[139.68317564264444,35.65262439494419],[139.68256357878866,35.65258793087521],[139.6825577182144,35.6526623567862],[139.68324007732826,35.65269732304692],[139.68317564264444,35.65262439494419]]]}},{"type":"Feature","properties":{"現象の種類":"急傾斜地の崩壊","区域区分":"土砂災害特別警戒区域","区域名":"-","所在地":"文京区小石川三丁目","告示日":"2025/7/30"},"geometry":{"type":"MultiPolygon","coordinates":[[[[139.74847930111991,35.71271507202769],[139.74869450084634,35.712638390536455],[139.74870264652847,35.7125927252172],[139.74854431329356,35.71259741086615],[139.74845397669753,35.71265380920164],[139.74847930111991,35.71271507202769]]],[[[139.74825194242658,35.71282264230326],[139.74833888264104,35.71278389038275],[139.74829847813464,35.712692860567735],[139.74820098743044,35.71276002567531],[139.74825194242658,35.71282264230326]]]]}},{"type":"Feature","properties":{"現象の種類":"急傾斜地の崩壊","区域区分":"土砂災害特別警戒区域","区域名":"-","所在地":"港区愛宕一丁目・愛宕二丁目・虎ノ門三丁目","告示日":"2025/7/30"},"geometry":{"type":"MultiPolygon","coordinates":[[[[139.7489407318502,35.664031046932834],[139.74858808904875,35.66333662763645],[139.74827281746968,35.66327201112459],[139.74812539356358,35.66297548216393],[139.74813253550357,35.66272889371767],[139.74799540291494,35.66273370663214],[139.74799128998137,35.66320151622564],[139.74822921906244,35.663439709627426],[139.7484427056491,35.663460957952786],[139.7486861318205,35.66412687449492],[139.7489407318502,35.664031046932834]]],[[[139.74929146878506,35.66551759521791],[139.74919151471363,35.6646355216283],[139.7488736594281,35.66464159336907],[139.7490204821905,35.66544070399417],[139.7487658765777,35.66542603310759],[139.74861432711197,35.6655285312903],[139.74892810916424,35.66559451987502],[139.74929146878506,35.66551759521791]]]]}},{"type":"Feature","properties":{"現象の種類":"急傾斜地の崩壊","区域区分":"土砂災害特別警戒区域","区域名":"-","所在地":"品川区上大崎三丁目","告示日":"2026/1/22"},"geometry":{"type":"Polygon","coordinates":[[[139.7180474104841,35.63182767158322],[139.71810858801555,35.63163135628042],[139.7179898034037,35.63182144712457],[139.7180474104841,35.63182767158322]]]}},{"type":"Feature","properties":{"現象の種類":"急傾斜地の崩壊","区域区分":"土砂災害特別警戒区域","区域名":"-","所在地":"品川区東五反田五丁目","告示日":"2026/1/22"},"geometry":{"type":"Polygon","coordinates":[[[139.72473267351043,35.62797419046012],[139.72468216472345,35.62785714164266],[139.72458890826542,35.62794669791642],[139.72473267351043,35.62797419046012]]]}},{"type":"Feature","properties":{"現象の種類":"急傾斜地の崩壊","区域区分":"土砂災害特別警戒区域","区域名":"-","所在地":"板橋区志村二丁目、志村三丁目","告示日":"2026/3/25"},"geometry":{"type":"Polygon","coordinates":[[[139.68733685850958,35.77684962907122],[139.68741578330577,35.77664414668047],[139.68687182240342,35.7765318048762],[139.68688969992976,35.7764566321704],[139.68625609194245,35.776330364620435],[139.68614258516095,35.77652775805934],[139.68733685850958,35.77684962907122]]]}},{"type":"Feature","properties":{"現象の種類":"急傾斜地の崩壊","区域区分":"土砂災害特別警戒区域","区域名":"-","所在地":"板橋区西台一丁目","告示日":"2026/3/25"},"geometry":{"type":"Polygon","coordinates":[[[139.67188544894864,35.774285370147815],[139.6717425820588,35.77427949141736],[139.67146590576817,35.77437899497683],[139.67161679406252,35.774491370612864],[139.6719399833491,35.774403617866035],[139.67188544894864,35.774285370147815]]]}},{"type":"Feature","properties":{"現象の種類":"急傾斜地の崩壊","区域区分":"土砂災害特別警戒区域","区域名":"-","所在地":"板橋区西台一丁目、若木三丁目","告示日":"2026/3/25"},"geometry":{"type":"Polygon","coordinates":[[[139.67292792625864,35.774160410290555],[139.67289156737834,35.774123825045166],[139.67290919349912,35.77416743023159],[139.67292792625864,35.774160410290555]]]}},{"type":"Feature","properties":{"現象の種類":"急傾斜地の崩壊","区域区分":"土砂災害特別警戒区域","区域名":"-","所在地":"板橋区徳丸三丁目","告示日":"2026/3/25"},"geometry":{"type":"Polygon","coordinates":[[[139.65778310433245,35.774496438455266],[139.65792263090114,35.774440653726714],[139.6578764105634,35.77432184923563],[139.6577672499918,35.77439602218811],[139.65778310433245,35.774496438455266]]]}},{"type":"Feature","properties":{"現象の種類":"急傾斜地の崩壊","区域区分":"土砂災害特別警戒区域","区域名":"-","所在地":"板橋区西台一丁目","告示日":"2026/3/25"},"geometry":{"type":"Polygon","coordinates":[[[139.67381644863033,35.77478642473954],[139.67389793496332,35.77474353124901],[139.67380263213477,35.77478535869744],[139.67381644863033,35.77478642473954]]]}},{"type":"Feature","properties":{"現象の種類":"急傾斜地の崩壊","区域区分":"土砂災害特別警戒区域","区域名":"-","所在地":"板橋区西台一丁目","告示日":"2026/3/25"},"geometry":{"type":"Polygon","coordinates":[[[139.67388603339703,35.77488858703208],[139.67397032351485,35.77487894369437],[139.67396171458,35.77484159633828],[139.67388603339703,35.77488858703208]]]}},{"type":"Feature","properties":{"現象の種類":"急傾斜地の崩壊","区域区分":"土砂災害特別警戒区域","区域名":"-","所在地":"板橋区中台二丁目","告示日":"2026/3/25"},"geometry":{"type":"Polygon","coordinates":[[[139.6832314500532,35.77126999101853],[139.68305501521132,35.77090548549751],[139.68284606860897,35.77096510647976],[139.68302967231762,35.77130650716684],[139.6832314500532,35.77126999101853]]]}},{"type":"Feature","properties":{"現象の種類":"急傾斜地の崩壊","区域区分":"土砂災害特別警戒区域","区域名":"-","所在地":"板橋区中台二丁目","告示日":"2026/3/25"},"geometry":{"type":"Polygon","coordinates":[[[139.68339848641915,35.77184695045285],[139.68330445794984,35.77150922465877],[139.68314576624144,35.771542546580044],[139.6832661228789,35.77186540199536],[139.68339848641915,35.77184695045285]]]}},{"type":"Feature","properties":{"現象の種類":"急傾斜地の崩壊","区域区分":"土砂災害特別警戒区域","区域名":"-","所在地":"板橋区小豆沢三丁目","告示日":"2026/3/25"},"geometry":{"type":"Polygon","coordinates":[[[139.69690877636347,35.779516754074216],[139.69734695154892,35.77901760198241],[139.6966475284415,35.779467215775064],[139.69565985799292,35.77926760233373],[139.69553836481933,35.779164750781305],[139.69530042787525,35.77907631727173],[139.6952608279982,35.779129839150514],[139.69465264237166,35.778866129938606],[139.69455563320463,35.779113240936404],[139.69492788048845,35.77911529948362],[139.6951979623378,35.779226294316935],[139.69528189678468,35.779383315567685],[139.69602180611682,35.77952781079308],[139.69641261972706,35.77969253703599],[139.69690877636347,35.779516754074216]]]}},{"type":"Feature","properties":{"現象の種類":"急傾斜地の崩壊","区域区分":"土砂災害特別警戒区域","区域名":"-","所在地":"板橋区西台一丁目","告示日":"2026/3/25"},"geometry":{"type":"Polygon","coordinates":[[[139.67586504458455,35.77679379170128],[139.6758577416376,35.77666311049153],[139.67571573989983,35.77672314364178],[139.67578092270546,35.7768185820198],[139.67586504458455,35.77679379170128]]]}},{"type":"Feature","properties":{"現象の種類":"急傾斜地の崩壊","区域区分":"土砂災害特別警戒区域","区域名":"-","所在地":"板橋区板橋四丁目","告示日":"2026/3/25"},"geometry":{"type":"Polygon","coordinates":[[[139.72085818800855,35.74909210578478],[139.7208250783049,35.74901311732745],[139.7207102894015,35.749039420766984],[139.72077841999368,35.749099988113585],[139.72085818800855,35.74909210578478]]]}},{"type":"Feature","properties":{"現象の種類":"急傾斜地の崩壊","区域区分":"土砂災害特別警戒区域","区域名":"-","所在地":"板橋区小豆沢三丁目","告示日":"2026/3/25"},"geometry":{"type":"Polygon","coordinates":[[[139.69773275886266,35.778843813429006],[139.69779651538008,35.77890869576794],[139.6979112147229,35.77883010138251],[139.69771960116188,35.77883068894673],[139.69734449083802,35.77901439541768],[139.69747306746692,35.77901490701622],[139.69773275886266,35.778843813429006]]]}},{"type":"Feature","properties":{"現象の種類":"急傾斜地の崩壊","区域区分":"土砂災害特別警戒区域","区域名":"-","所在地":"板橋区志村二丁目","告示日":"2026/3/25"},"geometry":{"type":"Polygon","coordinates":[[[139.68648501725175,35.77471863985167],[139.68630248292766,35.77467775327865],[139.68631618175527,35.77482281206183],[139.68648838666496,35.774793120352655],[139.68648501725175,35.77471863985167]]]}},{"type":"Feature","properties":{"現象の種類":"急傾斜地の崩壊","区域区分":"土砂災害特別警戒区域","区域名":"-","所在地":"板橋区西台二丁目","告示日":"2026/3/25"},"geometry":{"type":"Polygon","coordinates":[[[139.66970383854257,35.77986001143879],[139.66986389563368,35.77978267928856],[139.66962285562246,35.77979728517989],[139.66970383854257,35.77986001143879]]]}},{"type":"Feature","properties":{"現象の種類":"急傾斜地の崩壊","区域区分":"土砂災害特別警戒区域","区域名":"-","所在地":"大田区田園調布一丁目、田園調布二丁目","告示日":"2026/6/24"},"geometry":{"type":"Polygon","coordinates":[[[139.67001308171749,35.590557802775],[139.66969562869286,35.59033821951504],[139.66963806154268,35.5904316701198],[139.6698472677944,35.59057236555082],[139.66970526171642,35.59064418479368],[139.66981365640092,35.5907648345327],[139.67001308171749,35.590557802775]]]}},{"type":"Feature","properties":{"現象の種類":"急傾斜地の崩壊","区域区分":"土砂災害特別警戒区域","区域名":"-","所在地":"大田区東雪谷五丁目","告示日":"2026/6/24"},"geometry":{"type":"Polygon","coordinates":[[[139.69218726493776,35.59019648546105],[139.69218315379393,35.59010183791149],[139.6921375481795,35.59012858380578],[139.69218726493776,35.59019648546105]]]}},{"type":"Feature","properties":{"現象の種類":"急傾斜地の崩壊","区域区分":"土砂災害特別警戒区域","区域名":"-","所在地":"大田区山王三丁目","告示日":"2026/6/24"},"geometry":{"type":"Polygon","coordinates":[[[139.72394797728066,35.58574760227516],[139.7241603796616,35.58557421228297],[139.72403073003852,35.58548766914231],[139.72394797728066,35.58574760227516]]]}},{"type":"Feature","properties":{"現象の種類":"急傾斜地の崩壊","区域区分":"土砂災害特別警戒区域","区域名":"-","所在地":"大田区山王四丁目","告示日":"2026/6/24"},"geometry":{"type":"Polygon","coordinates":[[[139.72065718638882,35.58724087281343],[139.72059477200966,35.58718038694685],[139.72058564790538,35.58719283098447],[139.72065718638882,35.58724087281343]]]}},{"type":"Feature","properties":{"現象の種類":"急傾斜地の崩壊","区域区分":"土砂災害特別警戒区域","区域名":"-","所在地":"大田区山王四丁目","告示日":"2026/6/24"},"geometry":{"type":"Polygon","coordinates":[[[139.72081882233422,35.58697501502657],[139.72081699322544,35.58690149563674],[139.72080465185607,35.586971731101926],[139.72081882233422,35.58697501502657]]]}},{"type":"Feature","properties":{"現象の種類":"急傾斜地の崩壊","区域区分":"土砂災害特別警戒区域","区域名":"-","所在地":"大田区山王四丁目","告示日":"2026/6/24"},"geometry":{"type":"Polygon","coordinates":[[[139.72064494856085,35.58759541839492],[139.72063996733186,35.58758494480949],[139.7206399523411,35.58759564293487],[139.72064494856085,35.58759541839492]]]}},{"type":"Feature","properties":{"現象の種類":"急傾斜地の崩壊","区域区分":"土砂災害特別警戒区域","区域名":"-","所在地":"大田区山王四丁目","告示日":"2026/6/24"},"geometry":{"type":"Polygon","coordinates":[[[139.72058606647286,35.58759344455366],[139.72058361925872,35.58757532135753],[139.7204650467486,35.5875828044034],[139.72058606647286,35.58759344455366]]]}},{"type":"Feature","properties":{"現象の種類":"急傾斜地の崩壊","区域区分":"土砂災害特別警戒区域","区域名":"-","所在地":"大田区田園調布四丁目","告示日":"2026/6/24"},"geometry":{"type":"Polygon","coordinates":[[[139.66186768388394,35.593818424424704],[139.66181387561423,35.59368232456349],[139.66174223325933,35.59369229001357],[139.66179966880165,35.59383206134127],[139.66186768388394,35.593818424424704]]]}},{"type":"Feature","properties":{"現象の種類":"急傾斜地の崩壊","区域区分":"土砂災害特別警戒区域","区域名":"-","所在地":"大田区田園調布五丁目","告示日":"2026/6/24"},"geometry":{"type":"Polygon","coordinates":[[[139.6594811033458,35.59717795171469],[139.65961975134627,35.597141700496366],[139.65970780423777,35.597179078413426],[139.65957780792365,35.59711331281332],[139.6594811033458,35.59717795171469]]]}},{"type":"Feature","properties":{"現象の種類":"急傾斜地の崩壊","区域区分":"土砂災害特別警戒区域","区域名":"-","所在地":"大田区田園調布五丁目","告示日":"2026/6/24"},"geometry":{"type":"Polygon","coordinates":[[[139.6595953939126,35.596892399587766],[139.65963200306615,35.596870427486614],[139.65958810580634,35.596882378152344],[139.6595953939126,35.596892399587766]]]}},{"type":"Feature","properties":{"現象の種類":"急傾斜地の崩壊","区域区分":"土砂災害特別警戒区域","区域名":"-","所在地":"大田区山王二丁目","告示日":"2026/6/24"},"geometry":{"type":"Polygon","coordinates":[[[139.72309130211315,35.58887139755444],[139.7240928989507,35.588414019769594],[139.72459771095336,35.58813655911224],[139.72456279419373,35.58809204808303],[139.72309130211315,35.58887139755444]]]}},{"type":"Feature","properties":{"現象の種類":"急傾斜地の崩壊","区域区分":"土砂災害特別警戒区域","区域名":"-","所在地":"大田区池上二丁目","告示日":"2026/6/24"},"geometry":{"type":"Polygon","coordinates":[[[139.70381936761626,35.58028742265256],[139.70382052772138,35.58017050814622],[139.703742958508,35.58024176761521],[139.70381936761626,35.58028742265256]]]}},{"type":"Feature","properties":{"現象の種類":"急傾斜地の崩壊","区域区分":"土砂災害特別警戒区域","区域名":"-","所在地":"港区赤坂九丁目","告示日":"2026/6/24"},"geometry":{"type":"Polygon","coordinates":[[[139.72851551340653,35.66746593474212],[139.72843996638898,35.667457473649456],[139.7284909085275,35.66749282167914],[139.72851551340653,35.66746593474212]]]}}]}