{"type": "FeatureCollection", "features": [{"id": "8", "type": "Feature", "properties": {"現象の種類": "急傾斜地の崩壊", "区域区分": "土砂災害警戒区域", "区域名": "-", "所在地": "新宿区下落合4", "告示日": "2021/9/15"}, "geometry": {"type": "Polygon", "coordinates": [[[139.698331843, 35.717834603], [139.698378201, 35.717926134], [139.698248927, 35.717968998], [139.698208937, 35.717904428], [139.698050238, 35.717853238], [139.698054549, 35.717781455], [139.698218771, 35.717761186], [139.698330039, 35.717554107], [139.698324632, 35.717618866], [139.698436772, 35.717667638], [139.698331843, 35.717834603]]]}}, {"id": "1309", "type": "Feature", "properties": {"現象の種類": "急傾斜地の崩壊", "区域区分": "土砂災害警戒区域", "区域名": "-", "所在地": "世田谷区成城4", "告示日": "2016/3/9"}, "geometry": {"type": "Polygon", "coordinates": [[[139.589670678, 35.644246964], [139.589891464, 35.644360032], [139.589985003, 35.644407938], [139.589923911, 35.644477995], [139.589645653, 35.644336335], [139.589670678, 35.644246964]]]}}, {"id": "1400", "type": "Feature", "properties": {"現象の種類": "急傾斜地の崩壊", "区域区分": "土砂災害警戒区域", "区域名": "-", "所在地": "世田谷区成城4", "告示日": "2016/3/9"}, "geometry": {"type": "Polygon", "coordinates": [[[139.589682842, 35.644140156], [139.589972459, 35.644241073], [139.589961016, 35.644266067], [139.589682842, 35.644140156]]]}}, {"id": "1448", "type": "Feature", "properties": {"現象の種類": "急傾斜地の崩壊", "区域区分": "土砂災害警戒区域", "区域名": "-", "所在地": "北区赤羽西2", "告示日": "2016/3/9"}, "geometry": {"type": "Polygon", "coordinates": [[[139.720259835, 35.774369434], [139.72041649, 35.774360569], [139.720567418, 35.774388787], [139.720556152, 35.774425416], [139.720259835, 35.774369434]]]}}, {"id": "1500", "type": "Feature", "properties": {"現象の種類": "急傾斜地の崩壊", "区域区分": "土砂災害警戒区域", "区域名": "-", "所在地": "文京区小日向2", "告示日": "2019/1/9"}, "geometry": {"type": "Polygon", "coordinates": [[[139.734968191, 35.710877321], [139.734985498, 35.711001181], [139.73473224, 35.711043775], [139.734725704, 35.710994447], [139.734884881, 35.710838575], [139.734968191, 35.710877321]]]}}, {"id": "1508", "type": "Feature", "properties": {"現象の種類": "急傾斜地の崩壊", "区域区分": "土砂災害警戒区域", "区域名": "-", "所在地": "文京区白山5", "告示日": "2019/1/9"}, "geometry": {"type": "Polygon", "coordinates": [[[139.750935903, 35.722430553], [139.751216511, 35.722485339], [139.751186104, 35.722572687], [139.750912635, 35.722516909], [139.750935903, 35.722430553]]]}}, {"id": "4944", "type": "Feature", "properties": {"現象の種類": "急傾斜地の崩壊", "区域区分": "土砂災害警戒区域", "区域名": "-", "所在地": "世田谷区大蔵4", "告示日": "2016/3/9"}, "geometry": {"type": "Polygon", "coordinates": [[[139.609189445, 35.630480099], [139.609466748, 35.630713808], [139.609273272, 35.630821573], [139.609003361, 35.630687773], [139.609027921, 35.630587512], [139.609189445, 35.630480099]]]}}, {"id": "5250", "type": "Feature", "properties": {"現象の種類": "急傾斜地の崩壊", "区域区分": "土砂災害警戒区域", "区域名": "-", "所在地": "世田谷区大蔵4", "告示日": "2016/3/9"}, "geometry": {"type": "Polygon", "coordinates": [[[139.609372537, 35.630271327], [139.60963551, 35.630291384], [139.609657135, 35.630407364], [139.609315386, 35.630389122], [139.609372537, 35.630271327]]]}}, {"id": "5343", "type": "Feature", "properties": {"現象の種類": "急傾斜地の崩壊", "区域区分": "土砂災害警戒区域", "区域名": "-", "所在地": "世田谷区成城4", "告示日": "2016/3/9"}, "geometry": {"type": "Polygon", "coordinates": [[[139.589690928, 35.642901583], [139.589974965, 35.642957299], [139.589984762, 35.643130346], [139.589566151, 35.643059735], [139.589690928, 35.642901583]]]}}, {"id": "5531", "type": "Feature", "properties": {"現象の種類": "急傾斜地の崩壊", "区域区分": "土砂災害警戒区域", "区域名": "-", "所在地": "世田谷区成城4", "告示日": "2016/3/9"}, "geometry": {"type": "Polygon", "coordinates": [[[139.589880582, 35.642624941], [139.590197395, 35.642678068], [139.590185063, 35.642724488], [139.589862508, 35.642663636], [139.589880582, 35.642624941]]]}}, {"id": "5578", "type": "Feature", "properties": {"現象の種類": "急傾斜地の崩壊", "区域区分": "土砂災害警戒区域", "区域名": "-", "所在地": "世田谷区中町1", "告示日": "2016/3/9"}, "geometry": {"type": "Polygon", "coordinates": [[[139.646265788, 35.608315258], [139.645888947, 35.608307049], [139.645474842, 35.608492151], [139.64541438, 35.608588178], [139.645269382, 35.608451327], [139.645704822, 35.608170771], [139.646166739, 35.608156594], [139.646207819, 35.608050291], [139.64630716, 35.60802595], [139.646292917, 35.607937015], [139.646527544, 35.607897066], [139.646265788, 35.608315258]]]}}, {"id": "5579", "type": "Feature", "properties": {"現象の種類": "急傾斜地の崩壊", "区域区分": "土砂災害警戒区域", "区域名": "-", "所在地": "世田谷区成城4", "告示日": "2016/3/9"}, "geometry": {"type": "Polygon", "coordinates": [[[139.589819817, 35.64230747], [139.590262489, 35.642356347], [139.590371916, 35.642368429], [139.590282582, 35.642510415], [139.589884927, 35.642434713], [139.589819817, 35.64230747]]]}}, {"id": "5580", "type": "Feature", "properties": {"現象の種類": "急傾斜地の崩壊", "区域区分": "土砂災害警戒区域", "区域名": "-", "所在地": "世田谷区岡本1　2", "告示日": "2016/3/9"}, "geometry": {"type": "Polygon", "coordinates": [[[139.619448189, 35.62325676], [139.619265126, 35.623064272], [139.619343452, 35.622965724], [139.619520083, 35.62291904], [139.619435516, 35.622819552], [139.619731724, 35.622682265], [139.619824215, 35.622566017], [139.620216288, 35.622825529], [139.62014856, 35.622945701], [139.619966856, 35.623035869], [139.620029829, 35.623085222], [139.619922772, 35.623204324], [139.619784381, 35.623137127], [139.619636368, 35.623245231], [139.619448189, 35.62325676]]]}}, {"id": "5581", "type": "Feature", "properties": {"現象の種類": "急傾斜地の崩壊", "区域区分": "土砂災害警戒区域", "区域名": "-", "所在地": "世田谷区岡本2", "告示日": "2016/3/9"}, "geometry": {"type": "Polygon", "coordinates": [[[139.615537512, 35.623318026], [139.615638359, 35.623471445], [139.61567427, 35.623526078], [139.615600516, 35.623546999], [139.615456748, 35.623331787], [139.615537512, 35.623318026]]]}}, {"id": "5582", "type": "Feature", "properties": {"現象の種類": "急傾斜地の崩壊", "区域区分": "土砂災害警戒区域", "区域名": "-", "所在地": "世田谷区岡本2", "告示日": "2016/3/9"}, "geometry": {"type": "Polygon", "coordinates": [[[139.616200481, 35.623073968], [139.616102445, 35.623115411], [139.615830839, 35.623230229], [139.615824837, 35.62318393], [139.616150566, 35.623046658], [139.616200481, 35.623073968]]]}}, {"id": "5583", "type": "Feature", "properties": {"現象の種類": "急傾斜地の崩壊", "区域区分": "土砂災害警戒区域", "区域名": "-", "所在地": "世田谷区岡本2", "告示日": "2016/3/9"}, "geometry": {"type": "Polygon", "coordinates": [[[139.616113306, 35.623087126], [139.616178367, 35.622783134], [139.616526627, 35.62270319], [139.616648734, 35.622735179], [139.616735337, 35.622969935], [139.616182774, 35.623148173], [139.616113306, 35.623087126]]]}}, {"id": "5584", "type": "Feature", "properties": {"現象の種類": "急傾斜地の崩壊", "区域区分": "土砂災害警戒区域", "区域名": "-", "所在地": "世田谷区成城4　調布市入間町3", "告示日": "2016/3/9"}, "geometry": {"type": "Polygon", "coordinates": [[[139.588960764, 35.64513713], [139.589136268, 35.645318076], [139.589104408, 35.64536031], [139.588428744, 35.645797287], [139.58822219, 35.645611102], [139.588249826, 35.645423102], [139.588461145, 35.645213183], [139.588682919, 35.645209905], [139.588960764, 35.64513713]]]}}, {"id": "5585", "type": "Feature", "properties": {"現象の種類": "急傾斜地の崩壊", "区域区分": "土砂災害警戒区域", "区域名": "-", "所在地": "世田谷区成城4", "告示日": "2016/3/9"}, "geometry": {"type": "Polygon", "coordinates": [[[139.590153233, 35.641438921], [139.590565864, 35.641538777], [139.590407517, 35.641712364], [139.590439768, 35.641718793], [139.590445554, 35.64192273], [139.590289125, 35.642374643], [139.589939181, 35.642277782], [139.589977677, 35.642012792], [139.590146274, 35.641679612], [139.590153233, 35.641438921]]]}}, {"id": "5586", "type": "Feature", "properties": {"現象の種類": "急傾斜地の崩壊", "区域区分": "土砂災害警戒区域", "区域名": "-", "所在地": "世田谷区成城4", "告示日": "2016/3/9"}, "geometry": {"type": "Polygon", "coordinates": [[[139.591050334, 35.640186379], [139.59107125, 35.640252084], [139.591227457, 35.640358737], [139.591102191, 35.640592753], [139.591007468, 35.640527769], [139.591050334, 35.640186379]]]}}, {"id": "5587", "type": "Feature", "properties": {"現象の種類": "急傾斜地の崩壊", "区域区分": "土砂災害警戒区域", "区域名": "-", "所在地": "世田谷区成城4", "告示日": "2016/3/9"}, "geometry": {"type": "Polygon", "coordinates": [[[139.591439415, 35.639945932], [139.591680424, 35.640097969], [139.59165432, 35.64012631], [139.591735744, 35.640298901], [139.591489606, 35.640543176], [139.590916888, 35.640306691], [139.591201884, 35.639964063], [139.591439415, 35.639945932]]]}}, {"id": "5588", "type": "Feature", "properties": {"現象の種類": "急傾斜地の崩壊", "区域区分": "土砂災害警戒区域", "区域名": "-", "所在地": "世田谷区成城4", "告示日": "2016/3/9"}, "geometry": {"type": "Polygon", "coordinates": [[[139.591700552, 35.640048681], [139.592299906, 35.639741187], [139.592585512, 35.639985994], [139.592665094, 35.640432504], [139.592308555, 35.640309403], [139.592211055, 35.640344628], [139.592004424, 35.640272354], [139.591994339, 35.640216104], [139.591949749, 35.640226436], [139.591700552, 35.640048681]]]}}, {"id": "5589", "type": "Feature", "properties": {"現象の種類": "急傾斜地の崩壊", "区域区分": "土砂災害警戒区域", "区域名": "-", "所在地": "世田谷区大蔵5", "告示日": "2016/3/9"}, "geometry": {"type": "Polygon", "coordinates": [[[139.607079553, 35.627694155], [139.606525673, 35.627912217], [139.606471269, 35.627829342], [139.607043514, 35.627609241], [139.607079553, 35.627694155]]]}}, {"id": "5590", "type": "Feature", "properties": {"現象の種類": "急傾斜地の崩壊", "区域区分": "土砂災害警戒区域", "区域名": "-", "所在地": "世田谷区大蔵3", "告示日": "2016/3/9"}, "geometry": {"type": "Polygon", "coordinates": [[[139.606917003, 35.633991416], [139.606743982, 35.633711388], [139.606772933, 35.63368124], [139.606852879, 35.633715109], [139.60692365, 35.63362144], [139.607067004, 35.633952946], [139.606917003, 35.633991416]]]}}, {"id": "5591", "type": "Feature", "properties": {"現象の種類": "急傾斜地の崩壊", "区域区分": "土砂災害警戒区域", "区域名": "-", "所在地": "世田谷区大蔵3", "告示日": "2016/3/9"}, "geometry": {"type": "Polygon", "coordinates": [[[139.609291599, 35.631932758], [139.609760558, 35.631917957], [139.609854782, 35.632127184], [139.609875125, 35.632278456], [139.609811562, 35.632368826], [139.609844328, 35.632458331], [139.60976154, 35.632589528], [139.609556791, 35.632712376], [139.609277777, 35.632344402], [139.609211862, 35.632331146], [139.60917704, 35.632203415], [139.609303749, 35.632179075], [139.609331744, 35.632107459], [139.609202354, 35.632091825], [139.609291599, 35.631932758]]]}}, {"id": "5592", "type": "Feature", "properties": {"現象の種類": "急傾斜地の崩壊", "区域区分": "土砂災害警戒区域", "区域名": "-", "所在地": "世田谷区大蔵3　4", "告示日": "2016/3/9"}, "geometry": {"type": "Polygon", "coordinates": [[[139.609754036, 35.63187603], [139.609109891, 35.631552236], [139.609595999, 35.631190099], [139.610057693, 35.631755443], [139.610121172, 35.631954751], [139.609820056, 35.632007441], [139.609754036, 35.63187603]]]}}, {"id": "5593", "type": "Feature", "properties": {"現象の種類": "急傾斜地の崩壊", "区域区分": "土砂災害警戒区域", "区域名": "-", "所在地": "世田谷区大蔵4", "告示日": "2016/3/9"}, "geometry": {"type": "Polygon", "coordinates": [[[139.609358458, 35.630015975], [139.60937045, 35.629598967], [139.609410172, 35.629549139], [139.610008231, 35.629203512], [139.610410768, 35.629166298], [139.610505522, 35.629363448], [139.610050827, 35.629743373], [139.609982253, 35.630006528], [139.610037816, 35.630099308], [139.609797252, 35.630142162], [139.609753603, 35.63022813], [139.60943996, 35.630216852], [139.609408948, 35.630050859], [139.609358458, 35.630015975]]]}}, {"id": "5594", "type": "Feature", "properties": {"現象の種類": "急傾斜地の崩壊", "区域区分": "土砂災害警戒区域", "区域名": "-", "所在地": "世田谷区大蔵4", "告示日": "2016/3/9"}, "geometry": {"type": "Polygon", "coordinates": [[[139.611169166, 35.629093089], [139.611177632, 35.62920408], [139.610880947, 35.629327031], [139.610631529, 35.629516988], [139.610379696, 35.629299809], [139.610727044, 35.628977662], [139.610757357, 35.628908906], [139.610723457, 35.628871185], [139.61080639, 35.628883766], [139.610910907, 35.628561142], [139.611144522, 35.628503816], [139.611455903, 35.628758953], [139.611386802, 35.628863663], [139.611277093, 35.628891681], [139.611169166, 35.629093089]]]}}, {"id": "5595", "type": "Feature", "properties": {"現象の種類": "急傾斜地の崩壊", "区域区分": "土砂災害警戒区域", "区域名": "-", "所在地": "世田谷区野毛1　等々力1", "告示日": "2016/3/9"}, "geometry": {"type": "Polygon", "coordinates": [[[139.645431255, 35.604117993], [139.646037501, 35.604395785], [139.645982269, 35.60469044], [139.64567783, 35.604861872], [139.645287266, 35.604813784], [139.645399046, 35.604596746], [139.645349911, 35.604267985], [139.645431255, 35.604117993]]]}}, {"id": "5596", "type": "Feature", "properties": {"現象の種類": "急傾斜地の崩壊", "区域区分": "土砂災害警戒区域", "区域名": "-", "所在地": "世田谷区野毛1　等々力1", "告示日": "2016/3/9"}, "geometry": {"type": "Polygon", "coordinates": [[[139.645783956, 35.605062549], [139.645690672, 35.605209197], [139.645482596, 35.605323093], [139.645259571, 35.605182045], [139.645325935, 35.605169717], [139.645278668, 35.604927761], [139.645748399, 35.604902041], [139.645783956, 35.605062549]]]}}, {"id": "5597", "type": "Feature", "properties": {"現象の種類": "急傾斜地の崩壊", "区域区分": "土砂災害警戒区域", "区域名": "-", "所在地": "世田谷区野毛1　等々力1", "告示日": "2016/3/9"}, "geometry": {"type": "Polygon", "coordinates": [[[139.645439849, 35.605369903], [139.645502822, 35.605453742], [139.64518972, 35.605539243], [139.645154006, 35.60530274], [139.645465619, 35.605261497], [139.645439849, 35.605369903]]]}}, {"id": "5598", "type": "Feature", "properties": {"現象の種類": "急傾斜地の崩壊", "区域区分": "土砂災害警戒区域", "区域名": "-", "所在地": "世田谷区中町1　等々力2", "告示日": "2016/3/9"}, "geometry": {"type": "Polygon", "coordinates": [[[139.6451921, 35.605884856], [139.645605168, 35.605762403], [139.645777768, 35.606271689], [139.645976183, 35.606637148], [139.645657485, 35.6068015], [139.645424467, 35.606546019], [139.645357514, 35.606364758], [139.645421039, 35.606350182], [139.645383086, 35.60622936], [139.6451921, 35.605884856]]]}}, {"id": "5599", "type": "Feature", "properties": {"現象の種類": "急傾斜地の崩壊", "区域区分": "土砂災害警戒区域", "区域名": "-", "所在地": "世田谷区中町1　等々力2", "告示日": "2016/3/9"}, "geometry": {"type": "Polygon", "coordinates": [[[139.646587018, 35.607701013], [139.646221965, 35.607783658], [139.646040716, 35.607469595], [139.645891124, 35.606990359], [139.645743105, 35.606905056], [139.646048954, 35.606710434], [139.646366792, 35.607056929], [139.646468973, 35.607273013], [139.646587018, 35.607701013]]]}}, {"id": "5600", "type": "Feature", "properties": {"現象の種類": "急傾斜地の崩壊", "区域区分": "土砂災害警戒区域", "区域名": "-", "所在地": "世田谷区尾山台2", "告示日": "2016/3/9"}, "geometry": {"type": "Polygon", "coordinates": [[[139.655207008, 35.601057833], [139.654968029, 35.601073285], [139.654654425, 35.600972481], [139.654685377, 35.60092003], [139.654560769, 35.600810624], [139.654530526, 35.600681654], [139.6548255, 35.600580128], [139.655417729, 35.600769171], [139.655207008, 35.601057833]]]}}, {"id": "5601", "type": "Feature", "properties": {"現象の種類": "急傾斜地の崩壊", "区域区分": "土砂災害警戒区域", "区域名": "-", "所在地": "世田谷区岡本1　2", "告示日": "2016/3/9"}, "geometry": {"type": "Polygon", "coordinates": [[[139.618707759, 35.624786265], [139.618257687, 35.624799409], [139.618184715, 35.624647043], [139.61825647, 35.624434252], [139.618363482, 35.624465452], [139.618635696, 35.623954739], [139.618889819, 35.624040988], [139.618721378, 35.62452494], [139.618763547, 35.624593467], [139.618865386, 35.624627923], [139.618707759, 35.624786265]]]}}, {"id": "5602", "type": "Feature", "properties": {"現象の種類": "急傾斜地の崩壊", "区域区分": "土砂災害警戒区域", "区域名": "-", "所在地": "世田谷区野毛2", "告示日": "2016/3/9"}, "geometry": {"type": "Polygon", "coordinates": [[[139.63964264, 35.604533354], [139.639472454, 35.604763453], [139.639528065, 35.604798355], [139.639323688, 35.604953554], [139.639030848, 35.604708002], [139.639044316, 35.604509603], [139.639107588, 35.604545523], [139.639208191, 35.604337978], [139.63964264, 35.604533354]]]}}, {"id": "5603", "type": "Feature", "properties": {"現象の種類": "急傾斜地の崩壊", "区域区分": "土砂災害警戒区域", "区域名": "-", "所在地": "世田谷区成城4", "告示日": "2016/3/9"}, "geometry": {"type": "Polygon", "coordinates": [[[139.589562643, 35.643606219], [139.590035296, 35.643708231], [139.58999909, 35.643807169], [139.589643898, 35.643706019], [139.589562643, 35.643606219]]]}}, {"id": "5604", "type": "Feature", "properties": {"現象の種類": "急傾斜地の崩壊", "区域区分": "土砂災害警戒区域", "区域名": "-", "所在地": "世田谷区成城4", "告示日": "2016/3/9"}, "geometry": {"type": "Polygon", "coordinates": [[[139.589420167, 35.643274496], [139.590013157, 35.64336939], [139.589991536, 35.64356481], [139.58941004, 35.643473927], [139.589420167, 35.643274496]]]}}, {"id": "5605", "type": "Feature", "properties": {"現象の種類": "急傾斜地の崩壊", "区域区分": "土砂災害警戒区域", "区域名": "-", "所在地": "世田谷区等々力1　野毛1", "告示日": "2016/3/9"}, "geometry": {"type": "Polygon", "coordinates": [[[139.646121171, 35.60369585], [139.646216397, 35.603359912], [139.645705104, 35.602910093], [139.645671851, 35.602464576], [139.64600985, 35.602464348], [139.646061049, 35.602753013], [139.646743638, 35.603364507], [139.646858574, 35.603647978], [139.646833092, 35.603733166], [139.646949657, 35.603921368], [139.646812083, 35.604202344], [139.64650173, 35.604482868], [139.646553844, 35.60451174], [139.646332035, 35.604779465], [139.645666988, 35.604604523], [139.645941378, 35.604552102], [139.64601993, 35.604254843], [139.64612481, 35.604300015], [139.646113073, 35.604033263], [139.646283771, 35.603796356], [139.646121171, 35.60369585]]]}}, {"id": "5606", "type": "Feature", "properties": {"現象の種類": "急傾斜地の崩壊", "区域区分": "土砂災害警戒区域", "区域名": "-", "所在地": "世田谷区等々力2　中町1", "告示日": "2016/3/9"}, "geometry": {"type": "Polygon", "coordinates": [[[139.64628642, 35.608286088], [139.646516234, 35.607894267], [139.646801121, 35.607846657], [139.646854935, 35.607972155], [139.646801389, 35.608126711], [139.646574305, 35.608423175], [139.64628642, 35.608286088]]]}}, {"id": "5607", "type": "Feature", "properties": {"現象の種類": "急傾斜地の崩壊", "区域区分": "土砂災害警戒区域", "区域名": "-", "所在地": "世田谷区等々力2　中町1", "告示日": "2016/3/9"}, "geometry": {"type": "Polygon", "coordinates": [[[139.645421534, 35.60581022], [139.645793236, 35.605708027], [139.645851762, 35.605843257], [139.64591028, 35.605830647], [139.645982621, 35.605926611], [139.646107295, 35.606359651], [139.646168046, 35.606399438], [139.646154271, 35.606524377], [139.646584766, 35.606933889], [139.646696889, 35.607324438], [139.646754101, 35.607806921], [139.646499643, 35.607845807], [139.646425558, 35.607757393], [139.646219109, 35.607148163], [139.645688543, 35.60655891], [139.645421534, 35.60581022]]]}}, {"id": "5608", "type": "Feature", "properties": {"現象の種類": "急傾斜地の崩壊", "区域区分": "土砂災害警戒区域", "区域名": "-", "所在地": "世田谷区野毛1", "告示日": "2016/3/9"}, "geometry": {"type": "Polygon", "coordinates": [[[139.646196758, 35.603430659], [139.645948276, 35.603536631], [139.645935065, 35.603493421], [139.645744579, 35.603479816], [139.645720443, 35.603398358], [139.645894067, 35.603092978], [139.646164607, 35.603207149], [139.646196758, 35.603430659]]]}}, {"id": "5609", "type": "Feature", "properties": {"現象の種類": "急傾斜地の崩壊", "区域区分": "土砂災害警戒区域", "区域名": "-", "所在地": "板橋区成増1　練馬区旭町3", "告示日": "2016/3/9"}, "geometry": {"type": "Polygon", "coordinates": [[[139.6257257, 35.778377835], [139.625877027, 35.77865602], [139.625781417, 35.778682326], [139.6256259, 35.778832318], [139.625501801, 35.778759257], [139.625419661, 35.778461943], [139.6257257, 35.778377835]]]}}, {"id": "5610", "type": "Feature", "properties": {"現象の種類": "急傾斜地の崩壊", "区域区分": "土砂災害警戒区域", "区域名": "-", "所在地": "板橋区徳丸8", "告示日": "2016/3/9"}, "geometry": {"type": "Polygon", "coordinates": [[[139.656646157, 35.78102695], [139.657036354, 35.781039546], [139.657010719, 35.781234445], [139.657055494, 35.781572197], [139.656679898, 35.781588624], [139.656646157, 35.78102695]]]}}, {"id": "5611", "type": "Feature", "properties": {"現象の種類": "急傾斜地の崩壊", "区域区分": "土砂災害警戒区域", "区域名": "-", "所在地": "板橋区徳丸8", "告示日": "2016/3/9"}, "geometry": {"type": "Polygon", "coordinates": [[[139.656948982, 35.781542094], [139.657249971, 35.781550042], [139.657237307, 35.781869581], [139.657052925, 35.782077212], [139.656676385, 35.781947965], [139.65694624, 35.781633185], [139.656948982, 35.781542094]]]}}, {"id": "5612", "type": "Feature", "properties": {"現象の種類": "急傾斜地の崩壊", "区域区分": "土砂災害警戒区域", "区域名": "-", "所在地": "板橋区中台2", "告示日": "2016/3/9"}, "geometry": {"type": "Polygon", "coordinates": [[[139.682965013, 35.7701616], [139.683073545, 35.770249607], [139.68268755, 35.770583931], [139.682429281, 35.770606404], [139.682353889, 35.770417306], [139.68238489, 35.770203312], [139.682965013, 35.7701616]]]}}, {"id": "5613", "type": "Feature", "properties": {"現象の種類": "急傾斜地の崩壊", "区域区分": "土砂災害警戒区域", "区域名": "-", "所在地": "板橋区中台2", "告示日": "2016/3/9"}, "geometry": {"type": "Polygon", "coordinates": [[[139.683472899, 35.771552808], [139.68347493, 35.771714219], [139.683543145, 35.771782041], [139.68351014, 35.771831386], [139.683069874, 35.771892759], [139.68268124, 35.771012138], [139.683346243, 35.770853589], [139.683419389, 35.771032448], [139.683346133, 35.771055113], [139.683549762, 35.771465322], [139.683472899, 35.771552808]]]}}, {"id": "5614", "type": "Feature", "properties": {"現象の種類": "急傾斜地の崩壊", "区域区分": "土砂災害警戒区域", "区域名": "-", "所在地": "板橋区赤塚5　8", "告示日": "2016/3/9"}, "geometry": {"type": "Polygon", "coordinates": [[[139.644264203, 35.78533684], [139.644659318, 35.78542531], [139.644589302, 35.78558723], [139.644533047, 35.785644793], [139.644259963, 35.785609306], [139.644205995, 35.785517672], [139.644264203, 35.78533684]]]}}, {"id": "5615", "type": "Feature", "properties": {"現象の種類": "急傾斜地の崩壊", "区域区分": "土砂災害警戒区域", "区域名": "-", "所在地": "板橋区西台3", "告示日": "2016/3/9"}, "geometry": {"type": "Polygon", "coordinates": [[[139.667684352, 35.777120447], [139.667574149, 35.776913897], [139.667794321, 35.776879827], [139.667802502, 35.776822273], [139.668036471, 35.777041123], [139.667684352, 35.777120447]]]}}, {"id": "5616", "type": "Feature", "properties": {"現象の種類": "急傾斜地の崩壊", "区域区分": "土砂災害警戒区域", "区域名": "-", "所在地": "板橋区西台3", "告示日": "2016/3/9"}, "geometry": {"type": "Polygon", "coordinates": [[[139.667139848, 35.776913418], [139.667352989, 35.777113943], [139.667320679, 35.777151777], [139.667039461, 35.777016064], [139.667139848, 35.776913418]]]}}, {"id": "5617", "type": "Feature", "properties": {"現象の種類": "急傾斜地の崩壊", "区域区分": "土砂災害警戒区域", "区域名": "-", "所在地": "板橋区西台2", "告示日": "2016/3/9"}, "geometry": {"type": "Polygon", "coordinates": [[[139.671913818, 35.778712961], [139.672057785, 35.778909947], [139.672120526, 35.779295145], [139.67204644, 35.779350558], [139.671731605, 35.779337638], [139.671745389, 35.779168199], [139.671571479, 35.778941395], [139.671913818, 35.778712961]]]}}, {"id": "5618", "type": "Feature", "properties": {"現象の種類": "急傾斜地の崩壊", "区域区分": "土砂災害警戒区域", "区域名": "-", "所在地": "板橋区志村2　3　前野町4", "告示日": "2016/3/9"}, "geometry": {"type": "Polygon", "coordinates": [[[139.687365466, 35.774512573], [139.687231217, 35.774772777], [139.686985947, 35.774683113], [139.687098587, 35.774399943], [139.687321402, 35.774222367], [139.687969697, 35.774298758], [139.68786303, 35.774624453], [139.687365466, 35.774512573]]]}}, {"id": "5619", "type": "Feature", "properties": {"現象の種類": "急傾斜地の崩壊", "区域区分": "土砂災害警戒区域", "区域名": "-", "所在地": "板橋区志村1　2", "告示日": "2016/3/9"}, "geometry": {"type": "Polygon", "coordinates": [[[139.688721275, 35.774754287], [139.688524184, 35.774882517], [139.688373756, 35.774742822], [139.688226938, 35.77468624], [139.688313286, 35.77444291], [139.688474507, 35.774525329], [139.688721275, 35.774754287]]]}}, {"id": "5620", "type": "Feature", "properties": {"現象の種類": "急傾斜地の崩壊", "区域区分": "土砂災害警戒区域", "区域名": "-", "所在地": "板橋区志村2　3", "告示日": "2016/3/9"}, "geometry": {"type": "Polygon", "coordinates": [[[139.688231712, 35.777119248], [139.687772633, 35.777110423], [139.687668634, 35.777032302], [139.687520153, 35.777052479], [139.687540782, 35.77700038], [139.687395191, 35.776982229], [139.687286365, 35.777062063], [139.686794435, 35.77680646], [139.686765809, 35.776894175], [139.68656659, 35.776883592], [139.686034939, 35.77671223], [139.686327304, 35.776190935], [139.686891696, 35.776285967], [139.686935552, 35.776294697], [139.686917211, 35.776370713], [139.687392106, 35.776467948], [139.687992426, 35.776679832], [139.6882115, 35.776704925], [139.688231712, 35.777119248]]]}}, {"id": "5621", "type": "Feature", "properties": {"現象の種類": "急傾斜地の崩壊", "区域区分": "土砂災害警戒区域", "区域名": "-", "所在地": "板橋区徳丸8", "告示日": "2016/3/9"}, "geometry": {"type": "Polygon", "coordinates": [[[139.659321745, 35.782228582], [139.65877686, 35.782281957], [139.65872724, 35.782149347], [139.658928648, 35.781869383], [139.659154182, 35.781848905], [139.659477529, 35.782053357], [139.659321745, 35.782228582]]]}}, {"id": "5622", "type": "Feature", "properties": {"現象の種類": "急傾斜地の崩壊", "区域区分": "土砂災害警戒区域", "区域名": "-", "所在地": "板橋区徳丸8", "告示日": "2016/3/9"}, "geometry": {"type": "Polygon", "coordinates": [[[139.660215543, 35.781582709], [139.660467816, 35.781845289], [139.660352086, 35.781963979], [139.660117958, 35.782035127], [139.659767835, 35.781994157], [139.659921312, 35.781656037], [139.660215543, 35.781582709]]]}}, {"id": "5623", "type": "Feature", "properties": {"現象の種類": "急傾斜地の崩壊", "区域区分": "土砂災害警戒区域", "区域名": "-", "所在地": "板橋区徳丸7", "告示日": "2016/3/9"}, "geometry": {"type": "Polygon", "coordinates": [[[139.66326895, 35.78145164], [139.662340808, 35.781723672], [139.661179801, 35.781869462], [139.660765548, 35.781791373], [139.660749693, 35.781558347], [139.660974969, 35.781429076], [139.66248003, 35.781213662], [139.663648143, 35.780872705], [139.663833198, 35.78116319], [139.66326895, 35.78145164]]]}}, {"id": "5624", "type": "Feature", "properties": {"現象の種類": "急傾斜地の崩壊", "区域区分": "土砂災害警戒区域", "区域名": "-", "所在地": "板橋区徳丸3", "告示日": "2016/3/9"}, "geometry": {"type": "Polygon", "coordinates": [[[139.657881748, 35.775474462], [139.658197993, 35.775345449], [139.658131966, 35.775418919], [139.658261635, 35.775514292], [139.658078895, 35.775569775], [139.657881748, 35.775474462]]]}}, {"id": "5625", "type": "Feature", "properties": {"現象の種類": "急傾斜地の崩壊", "区域区分": "土砂災害警戒区域", "区域名": "-", "所在地": "板橋区中台2", "告示日": "2016/3/9"}, "geometry": {"type": "Polygon", "coordinates": [[[139.682435687, 35.769291304], [139.682412266, 35.76939161], [139.682126379, 35.769577777], [139.682028392, 35.769583835], [139.681687367, 35.76940094], [139.681659043, 35.769148729], [139.681903692, 35.769064721], [139.682135293, 35.769178775], [139.682230562, 35.769163563], [139.682435687, 35.769291304]]]}}, {"id": "5627", "type": "Feature", "properties": {"現象の種類": "急傾斜地の崩壊", "区域区分": "土砂災害警戒区域", "区域名": "-", "所在地": "板橋区中台2", "告示日": "2016/3/9"}, "geometry": {"type": "Polygon", "coordinates": [[[139.681881465, 35.768987643], [139.681783707, 35.769162982], [139.681520794, 35.769133334], [139.681458811, 35.768869814], [139.68171725, 35.768820491], [139.681881465, 35.768987643]]]}}, {"id": "5628", "type": "Feature", "properties": {"現象の種類": "急傾斜地の崩壊", "区域区分": "土砂災害警戒区域", "区域名": "-", "所在地": "板橋区中台3", "告示日": "2016/3/9"}, "geometry": {"type": "Polygon", "coordinates": [[[139.677573547, 35.771563024], [139.677506112, 35.771521718], [139.677367334, 35.771544167], [139.677237827, 35.771454473], [139.67753664, 35.771101205], [139.677706232, 35.771169409], [139.677857304, 35.771384865], [139.677573547, 35.771563024]]]}}, {"id": "5629", "type": "Feature", "properties": {"現象の種類": "急傾斜地の崩壊", "区域区分": "土砂災害警戒区域", "区域名": "-", "所在地": "板橋区中台3", "告示日": "2016/3/9"}, "geometry": {"type": "Polygon", "coordinates": [[[139.680685543, 35.772188751], [139.680861195, 35.772379439], [139.680629372, 35.772546845], [139.680446544, 35.772456481], [139.680487745, 35.772397626], [139.680443562, 35.772346204], [139.680685543, 35.772188751]]]}}, {"id": "5630", "type": "Feature", "properties": {"現象の種類": "急傾斜地の崩壊", "区域区分": "土砂災害警戒区域", "区域名": "-", "所在地": "板橋区中台3", "告示日": "2016/3/9"}, "geometry": {"type": "Polygon", "coordinates": [[[139.68115107, 35.773068026], [139.680767495, 35.773157994], [139.680667681, 35.773039946], [139.68111827, 35.772911419], [139.68115107, 35.773068026]]]}}, {"id": "5631", "type": "Feature", "properties": {"現象の種類": "急傾斜地の崩壊", "区域区分": "土砂災害警戒区域", "区域名": "-", "所在地": "板橋区中台3", "告示日": "2016/3/9"}, "geometry": {"type": "Polygon", "coordinates": [[[139.679277098, 35.77328637], [139.679606597, 35.7734387], [139.679524216, 35.773590601], [139.679423285, 35.773678692], [139.679280691, 35.773684926], [139.678953119, 35.773637189], [139.678880039, 35.773379352], [139.679203109, 35.773374632], [139.679277098, 35.77328637]]]}}, {"id": "5632", "type": "Feature", "properties": {"現象の種類": "急傾斜地の崩壊", "区域区分": "土砂災害警戒区域", "区域名": "-", "所在地": "板橋区中台3", "告示日": "2016/3/9"}, "geometry": {"type": "Polygon", "coordinates": [[[139.679694403, 35.772851496], [139.679589635, 35.772934202], [139.679099026, 35.773002121], [139.679100302, 35.772917395], [139.679161921, 35.772853991], [139.679348869, 35.772795886], [139.679487667, 35.772773174], [139.679694403, 35.772851496]]]}}, {"id": "5633", "type": "Feature", "properties": {"現象の種類": "急傾斜地の崩壊", "区域区分": "土砂災害警戒区域", "区域名": "-", "所在地": "板橋区中台3", "告示日": "2016/3/9"}, "geometry": {"type": "Polygon", "coordinates": [[[139.681554651, 35.774297051], [139.681437281, 35.774460563], [139.681223228, 35.77452191], [139.681194907, 35.774182002], [139.681113127, 35.774225465], [139.681033677, 35.774181501], [139.681186511, 35.774081225], [139.681193636, 35.774166745], [139.681467546, 35.773966969], [139.681575639, 35.774179331], [139.681554651, 35.774297051]]]}}, {"id": "5634", "type": "Feature", "properties": {"現象の種類": "急傾斜地の崩壊", "区域区分": "土砂災害警戒区域", "区域名": "-", "所在地": "板橋区中台3", "告示日": "2016/3/9"}, "geometry": {"type": "Polygon", "coordinates": [[[139.680796956, 35.774839016], [139.6808982, 35.774822199], [139.681214422, 35.774507636], [139.681453071, 35.77459337], [139.681420597, 35.774923884], [139.681454511, 35.7750237], [139.681379872, 35.775046206], [139.681327082, 35.775388759], [139.681132627, 35.775399947], [139.680904945, 35.775137384], [139.680796956, 35.774839016]]]}}, {"id": "5635", "type": "Feature", "properties": {"現象の種類": "急傾斜地の崩壊", "区域区分": "土砂災害警戒区域", "区域名": "-", "所在地": "板橋区中台3", "告示日": "2016/3/9"}, "geometry": {"type": "Polygon", "coordinates": [[[139.677312215, 35.775700659], [139.677670156, 35.775742109], [139.677900292, 35.775832795], [139.677825169, 35.776068374], [139.677569654, 35.776074644], [139.677019873, 35.775783905], [139.677312215, 35.775700659]]]}}, {"id": "5636", "type": "Feature", "properties": {"現象の種類": "急傾斜地の崩壊", "区域区分": "土砂災害警戒区域", "区域名": "-", "所在地": "板橋区大門　高島平4", "告示日": "2016/3/9"}, "geometry": {"type": "Polygon", "coordinates": [[[139.649424103, 35.785324542], [139.64810705, 35.785669016], [139.647721216, 35.78564623], [139.647239228, 35.785465795], [139.647017448, 35.78558923], [139.64656854, 35.785591044], [139.646671478, 35.785184186], [139.647238318, 35.785042232], [139.647709054, 35.785021276], [139.648107289, 35.784928492], [139.649137678, 35.784654026], [139.649303696, 35.784568585], [139.649790125, 35.785157993], [139.649424103, 35.785324542]]]}}, {"id": "5637", "type": "Feature", "properties": {"現象の種類": "急傾斜地の崩壊", "区域区分": "土砂災害警戒区域", "区域名": "-", "所在地": "板橋区大門", "告示日": "2016/3/9"}, "geometry": {"type": "Polygon", "coordinates": [[[139.650391407, 35.783985218], [139.650614612, 35.784253996], [139.650591274, 35.784405542], [139.650432114, 35.784543231], [139.650310296, 35.784163058], [139.650391407, 35.783985218]]]}}, {"id": "5638", "type": "Feature", "properties": {"現象の種類": "急傾斜地の崩壊", "区域区分": "土砂災害警戒区域", "区域名": "-", "所在地": "板橋区前野町5", "告示日": "2016/3/9"}, "geometry": {"type": "Polygon", "coordinates": [[[139.684356848, 35.771083663], [139.684020776, 35.771175779], [139.683727553, 35.770949406], [139.683493692, 35.770633197], [139.68360792, 35.770587049], [139.683581826, 35.770536682], [139.683947884, 35.770402404], [139.684089678, 35.770287383], [139.684186071, 35.7703822], [139.684381194, 35.770926358], [139.684356848, 35.771083663]]]}}, {"id": "5640", "type": "Feature", "properties": {"現象の種類": "急傾斜地の崩壊", "区域区分": "土砂災害警戒区域", "区域名": "-", "所在地": "板橋区赤塚5　8", "告示日": "2016/3/9"}, "geometry": {"type": "Polygon", "coordinates": [[[139.644729218, 35.783828003], [139.645252975, 35.783959543], [139.645190747, 35.784087113], [139.645146684, 35.784487694], [139.644707275, 35.784476329], [139.644744802, 35.784256711], [139.644691514, 35.78401694], [139.644729218, 35.783828003]]]}}, {"id": "5641", "type": "Feature", "properties": {"現象の種類": "急傾斜地の崩壊", "区域区分": "土砂災害警戒区域", "区域名": "-", "所在地": "板橋区赤塚8", "告示日": "2016/3/9"}, "geometry": {"type": "Polygon", "coordinates": [[[139.645192921, 35.784554861], [139.645195965, 35.784754039], [139.645024502, 35.785001664], [139.644887849, 35.785080403], [139.644535166, 35.785003478], [139.644895225, 35.784657094], [139.644782634, 35.784632749], [139.644771541, 35.784497689], [139.645068095, 35.784494235], [139.645192921, 35.784554861]]]}}, {"id": "5642", "type": "Feature", "properties": {"現象の種類": "急傾斜地の崩壊", "区域区分": "土砂災害警戒区域", "区域名": "-", "所在地": "板橋区赤塚4", "告示日": "2016/3/9"}, "geometry": {"type": "Polygon", "coordinates": [[[139.641166623, 35.783888833], [139.640967553, 35.784023429], [139.640781516, 35.784064307], [139.640671867, 35.783799528], [139.6408259, 35.783789022], [139.64100148, 35.783648874], [139.641095803, 35.783712583], [139.641166623, 35.783888833]]]}}, {"id": "5643", "type": "Feature", "properties": {"現象の種類": "急傾斜地の崩壊", "区域区分": "土砂災害警戒区域", "区域名": "-", "所在地": "板橋区赤塚5　三園1", "告示日": "2016/3/9"}, "geometry": {"type": "Polygon", "coordinates": [[[139.639951634, 35.787719768], [139.639993944, 35.787769088], [139.639454281, 35.787169342], [139.640990152, 35.786588634], [139.641621006, 35.786412813], [139.641834482, 35.786808989], [139.641668496, 35.786871164], [139.641634378, 35.786812678], [139.64146349, 35.786921816], [139.641043783, 35.787009842], [139.640824183, 35.787118704], [139.64078768, 35.787072581], [139.640697839, 35.787123335], [139.640726874, 35.787206474], [139.640665432, 35.787277525], [139.64051808, 35.787372518], [139.64027343, 35.787471514], [139.64020172, 35.787384921], [139.64015385, 35.787405902], [139.640224176, 35.787538459], [139.640208029, 35.78759587], [139.639951634, 35.787719768]]]}}, {"id": "5644", "type": "Feature", "properties": {"現象の種類": "急傾斜地の崩壊", "区域区分": "土砂災害警戒区域", "区域名": "-", "所在地": "板橋区赤塚5", "告示日": "2016/3/9"}, "geometry": {"type": "Polygon", "coordinates": [[[139.644491261, 35.784149621], [139.644359942, 35.78463664], [139.643863457, 35.784501445], [139.644050291, 35.784017693], [139.644484986, 35.783847619], [139.644491261, 35.784149621]]]}}, {"id": "5645", "type": "Feature", "properties": {"現象の種類": "急傾斜地の崩壊", "区域区分": "土砂災害警戒区域", "区域名": "-", "所在地": "板橋区赤塚5", "告示日": "2016/3/9"}, "geometry": {"type": "Polygon", "coordinates": [[[139.644071496, 35.783008148], [139.643953043, 35.783254931], [139.643804904, 35.783211582], [139.643914088, 35.782988003], [139.644071496, 35.783008148]]]}}, {"id": "5646", "type": "Feature", "properties": {"現象の種類": "急傾斜地の崩壊", "区域区分": "土砂災害警戒区域", "区域名": "-", "所在地": "板橋区赤塚4　5", "告示日": "2016/3/9"}, "geometry": {"type": "Polygon", "coordinates": [[[139.641820824, 35.783750338], [139.641984479, 35.783953196], [139.642032161, 35.78417197], [139.641886884, 35.784401536], [139.641612477, 35.784104705], [139.641527893, 35.783845274], [139.641820824, 35.783750338]]]}}, {"id": "5647", "type": "Feature", "properties": {"現象の種類": "急傾斜地の崩壊", "区域区分": "土砂災害警戒区域", "区域名": "-", "所在地": "板橋区赤塚5", "告示日": "2016/3/9"}, "geometry": {"type": "Polygon", "coordinates": [[[139.642614952, 35.7849259], [139.642347395, 35.785250789], [139.642230551, 35.785143579], [139.64213804, 35.784920982], [139.642541798, 35.784825081], [139.642578135, 35.784927876], [139.642614952, 35.7849259]]]}}, {"id": "5648", "type": "Feature", "properties": {"現象の種類": "急傾斜地の崩壊", "区域区分": "土砂災害警戒区域", "区域名": "-", "所在地": "板橋区西台3", "告示日": "2016/3/9"}, "geometry": {"type": "Polygon", "coordinates": [[[139.667524881, 35.775919728], [139.667698152, 35.776122859], [139.667574509, 35.776235755], [139.667561893, 35.776462365], [139.667477794, 35.776584867], [139.667147936, 35.776300306], [139.667377268, 35.776019119], [139.667524881, 35.775919728]]]}}, {"id": "5649", "type": "Feature", "properties": {"現象の種類": "急傾斜地の崩壊", "区域区分": "土砂災害警戒区域", "区域名": "-", "所在地": "板橋区西台1", "告示日": "2016/3/9"}, "geometry": {"type": "Polygon", "coordinates": [[[139.672519305, 35.773652278], [139.672629501, 35.773926336], [139.672457182, 35.774054609], [139.672259644, 35.773696158], [139.672519305, 35.773652278]]]}}, {"id": "5650", "type": "Feature", "properties": {"現象の種類": "急傾斜地の崩壊", "区域区分": "土砂災害警戒区域", "区域名": "-", "所在地": "板橋区西台1", "告示日": "2016/3/9"}, "geometry": {"type": "Polygon", "coordinates": [[[139.671923449, 35.77406602], [139.672176531, 35.774101784], [139.672278824, 35.774325647], [139.672089376, 35.77448344], [139.671670969, 35.774591524], [139.671514039, 35.774460148], [139.671376839, 35.774228827], [139.671923449, 35.77406602]]]}}, {"id": "5651", "type": "Feature", "properties": {"現象の種類": "急傾斜地の崩壊", "区域区分": "土砂災害警戒区域", "区域名": "-", "所在地": "板橋区西台1　若木3", "告示日": "2016/3/9"}, "geometry": {"type": "Polygon", "coordinates": [[[139.67465989, 35.775220216], [139.674493072, 35.775389636], [139.674249476, 35.775207519], [139.67414068, 35.775196138], [139.674020137, 35.775044221], [139.674332859, 35.774806084], [139.674549535, 35.775007791], [139.67465989, 35.775220216]]]}}, {"id": "5652", "type": "Feature", "properties": {"現象の種類": "急傾斜地の崩壊", "区域区分": "土砂災害警戒区域", "区域名": "-", "所在地": "板橋区西台1", "告示日": "2016/3/9"}, "geometry": {"type": "Polygon", "coordinates": [[[139.673942254, 35.774708266], [139.674084337, 35.774804934], [139.673760794, 35.775031846], [139.673687634, 35.774929608], [139.673684884, 35.774820705], [139.673942254, 35.774708266]]]}}, {"id": "5653", "type": "Feature", "properties": {"現象の種類": "急傾斜地の崩壊", "区域区分": "土砂災害警戒区域", "区域名": "-", "所在地": "板橋区西台1", "告示日": "2016/3/9"}, "geometry": {"type": "Polygon", "coordinates": [[[139.673379194, 35.774527686], [139.673501709, 35.774734712], [139.673187993, 35.774834521], [139.673040994, 35.774586775], [139.673379194, 35.774527686]]]}}, {"id": "5654", "type": "Feature", "properties": {"現象の種類": "急傾斜地の崩壊", "区域区分": "土砂災害警戒区域", "区域名": "-", "所在地": "板橋区成増5", "告示日": "2016/3/9"}, "geometry": {"type": "Polygon", "coordinates": [[[139.630999878, 35.785380088], [139.63155994, 35.78568501], [139.631325389, 35.785969085], [139.630697491, 35.785639055], [139.630999878, 35.785380088]]]}}, {"id": "5655", "type": "Feature", "properties": {"現象の種類": "急傾斜地の崩壊", "区域区分": "土砂災害警戒区域", "区域名": "-", "所在地": "板橋区成増1　2", "告示日": "2016/3/9"}, "geometry": {"type": "Polygon", "coordinates": [[[139.627099859, 35.778490249], [139.627268497, 35.778770186], [139.62623381, 35.77925064], [139.625691313, 35.779361793], [139.625867196, 35.779075739], [139.625828711, 35.779001264], [139.627099859, 35.778490249]]]}}, {"id": "5656", "type": "Feature", "properties": {"現象の種類": "急傾斜地の崩壊", "区域区分": "土砂災害警戒区域", "区域名": "-", "所在地": "板橋区小豆沢4", "告示日": "2016/3/9"}, "geometry": {"type": "Polygon", "coordinates": [[[139.698471612, 35.780033529], [139.69850986, 35.780272431], [139.698372384, 35.780568849], [139.698180264, 35.780565458], [139.697405349, 35.780252598], [139.697218774, 35.780030274], [139.697353809, 35.7797885], [139.697521883, 35.77976762], [139.698429844, 35.780060114], [139.698471612, 35.780033529]]]}}, {"id": "5657", "type": "Feature", "properties": {"現象の種類": "急傾斜地の崩壊", "区域区分": "土砂災害警戒区域", "区域名": "-", "所在地": "板橋区小豆沢4", "告示日": "2016/3/9"}, "geometry": {"type": "Polygon", "coordinates": [[[139.700066736, 35.780831371], [139.699953219, 35.78106812], [139.69965283, 35.78102585], [139.699599767, 35.780900033], [139.69936864, 35.780988946], [139.699150521, 35.781006772], [139.698820999, 35.780904151], [139.69851614, 35.780656123], [139.69861377, 35.780370712], [139.698799909, 35.780160058], [139.699405601, 35.780419011], [139.699606318, 35.780458245], [139.69973934, 35.780615479], [139.700066736, 35.780831371]]]}}, {"id": "5658", "type": "Feature", "properties": {"現象の種類": "急傾斜地の崩壊", "区域区分": "土砂災害警戒区域", "区域名": "-", "所在地": "板橋区小豆沢4", "告示日": "2016/3/9"}, "geometry": {"type": "Polygon", "coordinates": [[[139.699854424, 35.780576229], [139.700317497, 35.780777548], [139.700205863, 35.781186263], [139.699985444, 35.781061883], [139.699717667, 35.78076163], [139.699854424, 35.780576229]]]}}, {"id": "5659", "type": "Feature", "properties": {"現象の種類": "急傾斜地の崩壊", "区域区分": "土砂災害警戒区域", "区域名": "-", "所在地": "板橋区小豆沢4", "告示日": "2016/3/9"}, "geometry": {"type": "Polygon", "coordinates": [[[139.701746799, 35.781325569], [139.701581711, 35.781735808], [139.700934843, 35.781519767], [139.700558558, 35.781448155], [139.700439032, 35.781290161], [139.700385548, 35.78130977], [139.700257589, 35.781236278], [139.70043953, 35.780803046], [139.700586397, 35.780855168], [139.700601915, 35.78092636], [139.700988454, 35.780994623], [139.701141736, 35.781121325], [139.701746799, 35.781325569]]]}}, {"id": "5660", "type": "Feature", "properties": {"現象の種類": "急傾斜地の崩壊", "区域区分": "土砂災害警戒区域", "区域名": "-", "所在地": "板橋区小豆沢3", "告示日": "2016/3/9"}, "geometry": {"type": "Polygon", "coordinates": [[[139.697150637, 35.779515405], [139.696515476, 35.779879499], [139.696337047, 35.779903233], [139.695950644, 35.77974084], [139.695361981, 35.77959868], [139.69515942, 35.779601012], [139.695101751, 35.77938003], [139.695144855, 35.779307777], [139.694875629, 35.779191257], [139.694814076, 35.779276597], [139.694617803, 35.779267644], [139.694467213, 35.779338472], [139.694711895, 35.778715195], [139.695088104, 35.778840749], [139.695061612, 35.77889709], [139.695352386, 35.77898936], [139.695392094, 35.778936188], [139.695712251, 35.779107521], [139.696381638, 35.779223087], [139.696571153, 35.779323926], [139.696708351, 35.779278022], [139.696942697, 35.779051514], [139.697163858, 35.778913349], [139.697357889, 35.779158672], [139.697222328, 35.779280012], [139.697216164, 35.779432551], [139.697150637, 35.779515405]]]}}, {"id": "5661", "type": "Feature", "properties": {"現象の種類": "急傾斜地の崩壊", "区域区分": "土砂災害警戒区域", "区域名": "-", "所在地": "板橋区志村1", "告示日": "2016/3/9"}, "geometry": {"type": "Polygon", "coordinates": [[[139.69133401, 35.774889693], [139.691486835, 35.775091504], [139.691198197, 35.775392682], [139.690919775, 35.775036418], [139.69133401, 35.774889693]]]}}, {"id": "5662", "type": "Feature", "properties": {"現象の種類": "急傾斜地の崩壊", "区域区分": "土砂災害警戒区域", "区域名": "-", "所在地": "板橋区四葉2", "告示日": "2016/3/9"}, "geometry": {"type": "Polygon", "coordinates": [[[139.651137862, 35.783201298], [139.651166814, 35.783352239], [139.650829179, 35.783414704], [139.650728915, 35.78326355], [139.651047628, 35.783078214], [139.651137862, 35.783201298]]]}}, {"id": "5663", "type": "Feature", "properties": {"現象の種類": "急傾斜地の崩壊", "区域区分": "土砂災害警戒区域", "区域名": "-", "所在地": "板橋区四葉2", "告示日": "2016/3/9"}, "geometry": {"type": "Polygon", "coordinates": [[[139.652756608, 35.782451126], [139.653084269, 35.782234646], [139.653152218, 35.782347277], [139.653264847, 35.782392349], [139.653088347, 35.782703857], [139.652756608, 35.782451126]]]}}, {"id": "5664", "type": "Feature", "properties": {"現象の種類": "急傾斜地の崩壊", "区域区分": "土砂災害警戒区域", "区域名": "-", "所在地": "北区西ケ原2　栄町", "告示日": "2016/3/9"}, "geometry": {"type": "Polygon", "coordinates": [[[139.741068558, 35.749638595], [139.74101736, 35.750081274], [139.740474888, 35.749785864], [139.74067105, 35.749621474], [139.741019227, 35.749570011], [139.741068558, 35.749638595]]]}}, {"id": "5665", "type": "Feature", "properties": {"現象の種類": "急傾斜地の崩壊", "区域区分": "土砂災害警戒区域", "区域名": "-", "所在地": "北区王子1", "告示日": "2016/3/9"}, "geometry": {"type": "Polygon", "coordinates": [[[139.737419553, 35.752796189], [139.737006735, 35.752933202], [139.736967806, 35.752487733], [139.736914669, 35.752413466], [139.737001409, 35.752387937], [139.737455073, 35.751986515], [139.737981738, 35.751610404], [139.738422892, 35.752032239], [139.737419553, 35.752796189]]]}}, {"id": "5666", "type": "Feature", "properties": {"現象の種類": "急傾斜地の崩壊", "区域区分": "土砂災害警戒区域", "区域名": "-", "所在地": "北区岸町1　王子本町2", "告示日": "2016/3/9"}, "geometry": {"type": "Polygon", "coordinates": [[[139.731557349, 35.757819225], [139.731669072, 35.757605363], [139.731599834, 35.75741617], [139.731969255, 35.75709523], [139.732330054, 35.756647476], [139.732856271, 35.756954151], [139.732658662, 35.757040106], [139.732436765, 35.757278688], [139.73243643, 35.757437409], [139.732124358, 35.75772327], [139.73204934, 35.757970366], [139.731803552, 35.757983868], [139.731557349, 35.757819225]]]}}, {"id": "5667", "type": "Feature", "properties": {"現象の種類": "急傾斜地の崩壊", "区域区分": "土砂災害警戒区域", "区域名": "-", "所在地": "北区赤羽北2", "告示日": "2016/3/9"}, "geometry": {"type": "Polygon", "coordinates": [[[139.710527591, 35.782463508], [139.710755449, 35.782725602], [139.710232086, 35.78298994], [139.710119668, 35.783023776], [139.709857398, 35.782793982], [139.710187549, 35.78257245], [139.710527591, 35.782463508]]]}}, {"id": "5668", "type": "Feature", "properties": {"現象の種類": "急傾斜地の崩壊", "区域区分": "土砂災害警戒区域", "区域名": "-", "所在地": "北区赤羽北1　赤羽台4", "告示日": "2016/3/9"}, "geometry": {"type": "Polygon", "coordinates": [[[139.715522408, 35.785307157], [139.71559566, 35.785415202], [139.715494108, 35.785514684], [139.715474273, 35.785782458], [139.715274807, 35.785684764], [139.715185022, 35.785521196], [139.71517259, 35.785347], [139.715522408, 35.785307157]]]}}, {"id": "5669", "type": "Feature", "properties": {"現象の種類": "急傾斜地の崩壊", "区域区分": "土砂災害警戒区域", "区域名": "-", "所在地": "北区赤羽西2", "告示日": "2016/3/9"}, "geometry": {"type": "Polygon", "coordinates": [[[139.719628082, 35.773378959], [139.719695649, 35.773416238], [139.719437668, 35.773744753], [139.719253104, 35.773638671], [139.719628082, 35.773378959]]]}}, {"id": "5670", "type": "Feature", "properties": {"現象の種類": "急傾斜地の崩壊", "区域区分": "土砂災害警戒区域", "区域名": "-", "所在地": "北区赤羽西2", "告示日": "2016/3/9"}, "geometry": {"type": "Polygon", "coordinates": [[[139.719774608, 35.77345509], [139.71959749, 35.773713995], [139.719530015, 35.77369021], [139.719664182, 35.77342557], [139.719774608, 35.77345509]]]}}, {"id": "5671", "type": "Feature", "properties": {"現象の種類": "急傾斜地の崩壊", "区域区分": "土砂災害警戒区域", "区域名": "-", "所在地": "北区赤羽西2", "告示日": "2016/3/9"}, "geometry": {"type": "Polygon", "coordinates": [[[139.720271184, 35.773935692], [139.719670064, 35.773883058], [139.719763721, 35.773578799], [139.719959304, 35.773544611], [139.720049656, 35.773604363], [139.720240248, 35.773572689], [139.720307927, 35.773873909], [139.720271184, 35.773935692]]]}}, {"id": "5672", "type": "Feature", "properties": {"現象の種類": "急傾斜地の崩壊", "区域区分": "土砂災害警戒区域", "区域名": "-", "所在地": "北区赤羽西5", "告示日": "2016/3/9"}, "geometry": {"type": "Polygon", "coordinates": [[[139.712868315, 35.773231559], [139.712656731, 35.773530162], [139.712333055, 35.773395324], [139.711825867, 35.773334652], [139.711596056, 35.773070783], [139.711931914, 35.77299204], [139.712389544, 35.773040432], [139.712868315, 35.773231559]]]}}, {"id": "5673", "type": "Feature", "properties": {"現象の種類": "急傾斜地の崩壊", "区域区分": "土砂災害警戒区域", "区域名": "-", "所在地": "北区赤羽西3", "告示日": "2016/3/9"}, "geometry": {"type": "Polygon", "coordinates": [[[139.717116438, 35.771194946], [139.717060941, 35.771357387], [139.71675748, 35.771307084], [139.716763062, 35.77112374], [139.71709427, 35.771066904], [139.717116438, 35.771194946]]]}}, {"id": "5674", "type": "Feature", "properties": {"現象の種類": "急傾斜地の崩壊", "区域区分": "土砂災害警戒区域", "区域名": "-", "所在地": "北区赤羽北2　3", "告示日": "2016/3/9"}, "geometry": {"type": "Polygon", "coordinates": [[[139.703528989, 35.782146013], [139.704422921, 35.782388693], [139.704682481, 35.782530696], [139.704345442, 35.782980875], [139.703811818, 35.782743226], [139.703391504, 35.782351857], [139.703528989, 35.782146013]]]}}, {"id": "5675", "type": "Feature", "properties": {"現象の種類": "急傾斜地の崩壊", "区域区分": "土砂災害警戒区域", "区域名": "-", "所在地": "北区赤羽西3", "告示日": "2016/3/9"}, "geometry": {"type": "Polygon", "coordinates": [[[139.717372344, 35.770027562], [139.717382051, 35.770126343], [139.717531471, 35.77055439], [139.717273649, 35.770669941], [139.717103361, 35.770389738], [139.717071009, 35.769958521], [139.717149244, 35.769786289], [139.717408861, 35.769682205], [139.717723693, 35.769744085], [139.717911161, 35.769838206], [139.718074926, 35.770061504], [139.718505837, 35.770032717], [139.718929395, 35.769904567], [139.718919644, 35.769949387], [139.718981548, 35.769971237], [139.719086682, 35.769939614], [139.719323188, 35.770270633], [139.718968597, 35.770352207], [139.71881743, 35.770314249], [139.718835559, 35.770283602], [139.718735967, 35.770341562], [139.71822031, 35.770386144], [139.718219004, 35.770335678], [139.717898598, 35.770279012], [139.717813093, 35.770147649], [139.717715255, 35.770133711], [139.717458688, 35.769975486], [139.717389213, 35.770016394], [139.717412018, 35.770044272], [139.717372344, 35.770027562]]]}}, {"id": "5676", "type": "Feature", "properties": {"現象の種類": "急傾斜地の崩壊", "区域区分": "土砂災害警戒区域", "区域名": "-", "所在地": "北区赤羽北3", "告示日": "2016/3/9"}, "geometry": {"type": "Polygon", "coordinates": [[[139.71259961, 35.777645001], [139.712294272, 35.777594575], [139.712243765, 35.777533822], [139.712162599, 35.777547679], [139.712430425, 35.777346149], [139.712608189, 35.777540829], [139.71259961, 35.777645001]]]}}, {"id": "5677", "type": "Feature", "properties": {"現象の種類": "急傾斜地の崩壊", "区域区分": "土砂災害警戒区域", "区域名": "-", "所在地": "北区赤羽北3", "告示日": "2016/3/9"}, "geometry": {"type": "Polygon", "coordinates": [[[139.712161251, 35.777451524], [139.712019329, 35.777495523], [139.71181492, 35.777330706], [139.712061276, 35.777235685], [139.712161251, 35.777451524]]]}}, {"id": "5678", "type": "Feature", "properties": {"現象の種類": "急傾斜地の崩壊", "区域区分": "土砂災害警戒区域", "区域名": "-", "所在地": "北区赤羽北4", "告示日": "2016/3/9"}, "geometry": {"type": "Polygon", "coordinates": [[[139.710850721, 35.78348932], [139.710606829, 35.783227105], [139.710713067, 35.783172659], [139.711219431, 35.783183328], [139.711368999, 35.783100966], [139.711502607, 35.783332645], [139.711352957, 35.783423027], [139.710887563, 35.78344006], [139.710850721, 35.78348932]]]}}, {"id": "5679", "type": "Feature", "properties": {"現象の種類": "急傾斜地の崩壊", "区域区分": "土砂災害警戒区域", "区域名": "-", "所在地": "北区赤羽北1", "告示日": "2016/3/9"}, "geometry": {"type": "Polygon", "coordinates": [[[139.714924045, 35.786120199], [139.715149534, 35.786423623], [139.714767822, 35.786478867], [139.714355915, 35.786325463], [139.71425907, 35.786217786], [139.714265214, 35.786078056], [139.714513111, 35.785893655], [139.714703333, 35.786092984], [139.714924045, 35.786120199]]]}}, {"id": "5680", "type": "Feature", "properties": {"現象の種類": "急傾斜地の崩壊", "区域区分": "土砂災害警戒区域", "区域名": "-", "所在地": "北区赤羽北1　赤羽台4", "告示日": "2016/3/9"}, "geometry": {"type": "Polygon", "coordinates": [[[139.713058626, 35.785917394], [139.712930132, 35.785817379], [139.712698613, 35.785777383], [139.712601263, 35.785650925], [139.712903293, 35.785479972], [139.712956172, 35.785403135], [139.713163929, 35.785475219], [139.713058626, 35.785917394]]]}}, {"id": "5681", "type": "Feature", "properties": {"現象の種類": "急傾斜地の崩壊", "区域区分": "土砂災害警戒区域", "区域名": "-", "所在地": "北区赤羽北3　4", "告示日": "2016/3/9"}, "geometry": {"type": "Polygon", "coordinates": [[[139.717710277, 35.782877595], [139.717739958, 35.783070765], [139.717149404, 35.783135544], [139.71720435, 35.782933979], [139.717530339, 35.78259198], [139.717710277, 35.782877595]]]}}, {"id": "5682", "type": "Feature", "properties": {"現象の種類": "急傾斜地の崩壊", "区域区分": "土砂災害警戒区域", "区域名": "-", "所在地": "北区赤羽北4", "告示日": "2016/3/9"}, "geometry": {"type": "Polygon", "coordinates": [[[139.717580594, 35.783107798], [139.717475427, 35.783357358], [139.717173652, 35.783295058], [139.717148736, 35.783128383], [139.717580594, 35.783107798]]]}}, {"id": "5683", "type": "Feature", "properties": {"現象の種類": "急傾斜地の崩壊", "区域区分": "土砂災害警戒区域", "区域名": "-", "所在地": "北区赤羽北3　4", "告示日": "2016/3/9"}, "geometry": {"type": "Polygon", "coordinates": [[[139.717672431, 35.783266137], [139.71768315, 35.783606842], [139.717215227, 35.783566026], [139.717215425, 35.783483551], [139.717672431, 35.783266137]]]}}, {"id": "5684", "type": "Feature", "properties": {"現象の種類": "急傾斜地の崩壊", "区域区分": "土砂災害警戒区域", "区域名": "-", "所在地": "北区赤羽西1", "告示日": "2016/3/9"}, "geometry": {"type": "Polygon", "coordinates": [[[139.719551584, 35.775837065], [139.719986947, 35.776021191], [139.720032533, 35.776040471], [139.719645137, 35.776234975], [139.71948413, 35.776012014], [139.719551584, 35.775837065]]]}}, {"id": "5685", "type": "Feature", "properties": {"現象の種類": "急傾斜地の崩壊", "区域区分": "土砂災害警戒区域", "区域名": "-", "所在地": "北区赤羽西1", "告示日": "2016/3/9"}, "geometry": {"type": "Polygon", "coordinates": [[[139.719811678, 35.77584883], [139.719497022, 35.775879442], [139.719430415, 35.775733064], [139.719770612, 35.77577459], [139.719811678, 35.77584883]]]}}, {"id": "5686", "type": "Feature", "properties": {"現象の種類": "急傾斜地の崩壊", "区域区分": "土砂災害警戒区域", "区域名": "-", "所在地": "北区赤羽西2", "告示日": "2016/3/9"}, "geometry": {"type": "Polygon", "coordinates": [[[139.720173185, 35.77390788], [139.720273062, 35.773871898], [139.720422916, 35.773619393], [139.720640821, 35.77367657], [139.720674225, 35.773727556], [139.720595531, 35.773928529], [139.72067208, 35.773968997], [139.720582299, 35.77401925], [139.720541986, 35.774151131], [139.720433609, 35.774169016], [139.720370569, 35.774437781], [139.720117502, 35.774371147], [139.720173185, 35.77390788]]]}}, {"id": "5687", "type": "Feature", "properties": {"現象の種類": "急傾斜地の崩壊", "区域区分": "土砂災害警戒区域", "区域名": "-", "所在地": "北区赤羽北2　3", "告示日": "2016/3/9"}, "geometry": {"type": "Polygon", "coordinates": [[[139.708715621, 35.784087361], [139.708645505, 35.784393158], [139.707797951, 35.784158494], [139.70797375, 35.783810002], [139.708715621, 35.784087361]]]}}, {"id": "7922", "type": "Feature", "properties": {"現象の種類": "急傾斜地の崩壊", "区域区分": "土砂災害警戒区域", "区域名": "-", "所在地": "新宿区下落合4", "告示日": "2017/3/13"}, "geometry": {"type": "Polygon", "coordinates": [[[139.697135643, 35.717871232], [139.697192994, 35.717959125], [139.696842665, 35.718113042], [139.69681509, 35.71799932], [139.696690422, 35.717900984], [139.69699782, 35.717699296], [139.69717657, 35.717712814], [139.697210044, 35.717797911], [139.697135643, 35.717871232]]]}}, {"id": "7932", "type": "Feature", "properties": {"現象の種類": "急傾斜地の崩壊", "区域区分": "土砂災害警戒区域", "区域名": "-", "所在地": "新宿区下落合4", "告示日": "2017/3/13"}, "geometry": {"type": "Polygon", "coordinates": [[[139.697448981, 35.718100101], [139.697667285, 35.718233221], [139.697654959, 35.718291309], [139.69752489, 35.718335179], [139.697448981, 35.718100101]]]}}, {"id": "7933", "type": "Feature", "properties": {"現象の種類": "急傾斜地の崩壊", "区域区分": "土砂災害警戒区域", "区域名": "-", "所在地": "港区赤坂8", "告示日": "2017/3/13"}, "geometry": {"type": "Polygon", "coordinates": [[[139.729568286, 35.668919743], [139.729301923, 35.669043543], [139.729322646, 35.669016785], [139.729189914, 35.668932389], [139.728664268, 35.668882423], [139.728738845, 35.668671992], [139.729364035, 35.668567733], [139.729568286, 35.668919743]]]}}, {"id": "7934", "type": "Feature", "properties": {"現象の種類": "急傾斜地の崩壊", "区域区分": "土砂災害警戒区域", "区域名": "-", "所在地": "港区六本木2　赤坂6", "告示日": "2017/3/13"}, "geometry": {"type": "Polygon", "coordinates": [[[139.737128755, 35.668119019], [139.737350681, 35.668271341], [139.737182585, 35.668432761], [139.736947398, 35.668264175], [139.737128755, 35.668119019]]]}}, {"id": "7935", "type": "Feature", "properties": {"現象の種類": "急傾斜地の崩壊", "区域区分": "土砂災害警戒区域", "区域名": "-", "所在地": "港区六本木2　赤坂2", "告示日": "2017/3/13"}, "geometry": {"type": "Polygon", "coordinates": [[[139.73883948, 35.66822735], [139.738036702, 35.668589556], [139.737891911, 35.668407245], [139.738489035, 35.668092499], [139.738217695, 35.667922361], [139.737867634, 35.667451123], [139.737314563, 35.667122045], [139.73725491, 35.66677715], [139.737434008, 35.666598599], [139.737636096, 35.666646142], [139.737708663, 35.666851019], [139.738001971, 35.667115222], [139.738346055, 35.667215672], [139.738329254, 35.667248799], [139.738536722, 35.667489025], [139.738857728, 35.667724893], [139.738894932, 35.667850185], [139.739042683, 35.667962433], [139.73883948, 35.66822735]]]}}, {"id": "7936", "type": "Feature", "properties": {"現象の種類": "急傾斜地の崩壊", "区域区分": "土砂災害警戒区域", "区域名": "-", "所在地": "港区六本木2　4", "告示日": "2017/3/13"}, "geometry": {"type": "Polygon", "coordinates": [[[139.735984337, 35.666193943], [139.735895767, 35.666407204], [139.735602142, 35.666820085], [139.735338228, 35.666739767], [139.735410949, 35.666555164], [139.735436028, 35.666299115], [139.735534073, 35.666083591], [139.735858106, 35.66581511], [139.736116075, 35.66583365], [139.736397183, 35.665953695], [139.73693174, 35.666350737], [139.737091759, 35.666304552], [139.737195146, 35.66635572], [139.737301799, 35.666450914], [139.737387406, 35.666667152], [139.737185603, 35.666816995], [139.736763089, 35.666602754], [139.736772782, 35.666543726], [139.735984337, 35.666193943]]]}}, {"id": "7937", "type": "Feature", "properties": {"現象の種類": "急傾斜地の崩壊", "区域区分": "土砂災害警戒区域", "区域名": "-", "所在地": "港区赤坂1", "告示日": "2017/3/13"}, "geometry": {"type": "Polygon", "coordinates": [[[139.74303303, 35.668373416], [139.742933066, 35.668354512], [139.742831659, 35.668004471], [139.742876478, 35.667952495], [139.743273716, 35.667852899], [139.743437019, 35.667905503], [139.743485308, 35.668138331], [139.743213298, 35.668323631], [139.743098001, 35.668299393], [139.74303303, 35.668373416]]]}}, {"id": "7938", "type": "Feature", "properties": {"現象の種類": "急傾斜地の崩壊", "区域区分": "土砂災害警戒区域", "区域名": "-", "所在地": "港区愛宕1　2　虎ノ門3", "告示日": "2017/3/13"}, "geometry": {"type": "Polygon", "coordinates": [[[139.749574663, 35.665041648], [139.749560055, 35.665597129], [139.748951816, 35.665766622], [139.748562308, 35.66567237], [139.748475818, 35.665601058], [139.74859363, 35.665482453], [139.748637256, 35.665397235], [139.748601848, 35.665371658], [139.748749793, 35.66523533], [139.748827106, 35.665292469], [139.748808761, 35.665028666], [139.748690967, 35.664661875], [139.74864519, 35.664644294], [139.748496098, 35.664018428], [139.748310244, 35.663591361], [139.748136871, 35.663554353], [139.747832334, 35.663272887], [139.747810997, 35.662679429], [139.748176448, 35.662671874], [139.74832828, 35.662750359], [139.748239385, 35.662772431], [139.74821494, 35.662879468], [139.74840914, 35.663013902], [139.7484327, 35.663170097], [139.748711995, 35.663230665], [139.748776502, 35.663314867], [139.748835569, 35.663597253], [139.749183098, 35.663818632], [139.749264532, 35.663966171], [139.749293036, 35.664246892], [139.749366464, 35.664445408], [139.74948294, 35.664540629], [139.749588258, 35.664815819], [139.749446849, 35.665012102], [139.749574663, 35.665041648]]]}}, {"id": "7939", "type": "Feature", "properties": {"現象の種類": "急傾斜地の崩壊", "区域区分": "土砂災害警戒区域", "区域名": "-", "所在地": "港区愛宕2　虎ノ門3", "告示日": "2017/3/13"}, "geometry": {"type": "Polygon", "coordinates": [[[139.748089821, 35.66280354], [139.747988947, 35.66240912], [139.748254087, 35.66241477], [139.748259977, 35.662370635], [139.748328577, 35.662367733], [139.74824414, 35.662052606], [139.748288645, 35.66200641], [139.748464231, 35.66199775], [139.748590039, 35.662131468], [139.748626475, 35.662356199], [139.748511892, 35.662376279], [139.748508061, 35.662651], [139.74837924, 35.662702692], [139.748232525, 35.662677898], [139.748089821, 35.66280354]]]}}, {"id": "7940", "type": "Feature", "properties": {"現象の種類": "急傾斜地の崩壊", "区域区分": "土砂災害警戒区域", "区域名": "-", "所在地": "港区虎ノ門5　麻布台1", "告示日": "2017/3/13"}, "geometry": {"type": "Polygon", "coordinates": [[[139.743610387, 35.661740723], [139.743238377, 35.661906312], [139.742888086, 35.661968153], [139.742500114, 35.661878163], [139.742546228, 35.661574043], [139.74285564, 35.661619715], [139.74309431, 35.661590712], [139.743039228, 35.66146264], [139.74291368, 35.661351574], [139.743105618, 35.661189572], [139.743363425, 35.661237465], [139.743423705, 35.661372052], [139.743454265, 35.661355832], [139.743445775, 35.661430907], [139.74352738, 35.661497674], [139.743610387, 35.661740723]]]}}, {"id": "7941", "type": "Feature", "properties": {"現象の種類": "急傾斜地の崩壊", "区域区分": "土砂災害警戒区域", "区域名": "-", "所在地": "港区麻布台1", "告示日": "2017/3/13"}, "geometry": {"type": "Polygon", "coordinates": [[[139.739417152, 35.662193343], [139.739280055, 35.661919652], [139.740061688, 35.661622466], [139.740209922, 35.661870307], [139.739932769, 35.661975894], [139.739725232, 35.662122301], [139.739417152, 35.662193343]]]}}, {"id": "7942", "type": "Feature", "properties": {"現象の種類": "急傾斜地の崩壊", "区域区分": "土砂災害警戒区域", "区域名": "-", "所在地": "港区麻布台2　東麻布2", "告示日": "2017/3/13"}, "geometry": {"type": "Polygon", "coordinates": [[[139.741264112, 35.658147516], [139.741154132, 35.65808642], [139.740996425, 35.657664841], [139.741051726, 35.657515763], [139.741266149, 35.65744972], [139.741354033, 35.657535809], [139.741566704, 35.657535984], [139.741865823, 35.657222894], [139.742131911, 35.657159009], [139.742232061, 35.657798913], [139.741690229, 35.65779663], [139.741547502, 35.657924087], [139.741543761, 35.658036691], [139.741264112, 35.658147516]]]}}, {"id": "7943", "type": "Feature", "properties": {"現象の種類": "急傾斜地の崩壊", "区域区分": "土砂災害警戒区域", "区域名": "-", "所在地": "港区麻布台2　東麻布2", "告示日": "2017/3/13"}, "geometry": {"type": "Polygon", "coordinates": [[[139.742551663, 35.657606111], [139.742638774, 35.657784527], [139.742600723, 35.657826126], [139.742602503, 35.65805998], [139.742238295, 35.658071234], [139.742284464, 35.657963092], [139.742149751, 35.657756604], [139.742159884, 35.657653702], [139.742389322, 35.657556552], [139.742551663, 35.657606111]]]}}, {"id": "7944", "type": "Feature", "properties": {"現象の種類": "急傾斜地の崩壊", "区域区分": "土砂災害警戒区域", "区域名": "-", "所在地": "港区芝公園4", "告示日": "2017/3/13"}, "geometry": {"type": "Polygon", "coordinates": [[[139.745776335, 35.65789451], [139.745796205, 35.657570662], [139.7459467, 35.657460606], [139.746198255, 35.657572079], [139.746331423, 35.657716531], [139.746353679, 35.657833549], [139.74647862, 35.657991868], [139.746546098, 35.658416222], [139.746355336, 35.65849167], [139.746291171, 35.658449886], [139.745776335, 35.65789451]]]}}, {"id": "7945", "type": "Feature", "properties": {"現象の種類": "急傾斜地の崩壊", "区域区分": "土砂災害警戒区域", "区域名": "-", "所在地": "港区三田2", "告示日": "2017/3/13"}, "geometry": {"type": "Polygon", "coordinates": [[[139.742133691, 35.648334396], [139.742070005, 35.648533006], [139.741633816, 35.648547761], [139.741699424, 35.648478037], [139.741647335, 35.648339436], [139.741693614, 35.648244755], [139.741739841, 35.648257356], [139.741920237, 35.647978037], [139.74210732, 35.647915614], [139.742584603, 35.647995603], [139.742793715, 35.648135307], [139.742835485, 35.648227398], [139.742593408, 35.648359577], [139.742479683, 35.64830284], [139.742133691, 35.648334396]]]}}, {"id": "7946", "type": "Feature", "properties": {"現象の種類": "急傾斜地の崩壊", "区域区分": "土砂災害警戒区域", "区域名": "-", "所在地": "港区三田2", "告示日": "2017/3/13"}, "geometry": {"type": "Polygon", "coordinates": [[[139.743800396, 35.647949687], [139.744209726, 35.648043429], [139.744237118, 35.64821373], [139.743969184, 35.648226653], [139.743969186, 35.648184007], [139.743802864, 35.648178723], [139.743800396, 35.647949687]]]}}, {"id": "7947", "type": "Feature", "properties": {"現象の種類": "急傾斜地の崩壊", "区域区分": "土砂災害警戒区域", "区域名": "-", "所在地": "港区三田3　4", "告示日": "2017/3/13"}, "geometry": {"type": "Polygon", "coordinates": [[[139.742485892, 35.64481973], [139.742703429, 35.64526784], [139.742327159, 35.645487568], [139.742069079, 35.645097097], [139.742485892, 35.64481973]]]}}, {"id": "7948", "type": "Feature", "properties": {"現象の種類": "急傾斜地の崩壊", "区域区分": "土砂災害警戒区域", "区域名": "-", "所在地": "港区三田3　4", "告示日": "2017/3/13"}, "geometry": {"type": "Polygon", "coordinates": [[[139.742378321, 35.643677721], [139.74226658, 35.643964984], [139.742302191, 35.644149474], [139.742095555, 35.644361864], [139.74211039, 35.644447685], [139.742014611, 35.64452865], [139.742076394, 35.64464875], [139.741822455, 35.644761827], [139.741624825, 35.6443827], [139.741559919, 35.644143884], [139.74137549, 35.643944203], [139.742286494, 35.643479265], [139.742378321, 35.643677721]]]}}, {"id": "7949", "type": "Feature", "properties": {"現象の種類": "急傾斜地の崩壊", "区域区分": "土砂災害警戒区域", "区域名": "-", "所在地": "新宿区下落合4", "告示日": "2017/3/13"}, "geometry": {"type": "Polygon", "coordinates": [[[139.697854521, 35.718147082], [139.697640383, 35.718186205], [139.697592956, 35.71795411], [139.697612426, 35.71789875], [139.697712849, 35.717897485], [139.697744568, 35.717843658], [139.697796373, 35.717872614], [139.697854521, 35.718147082]]]}}, {"id": "7950", "type": "Feature", "properties": {"現象の種類": "急傾斜地の崩壊", "区域区分": "土砂災害警戒区域", "区域名": "-", "所在地": "港区三田3　4", "告示日": "2017/3/13"}, "geometry": {"type": "Polygon", "coordinates": [[[139.741189583, 35.643532184], [139.741035604, 35.643524425], [139.740947205, 35.64309157], [139.740731227, 35.642916182], [139.740616307, 35.64288447], [139.741252056, 35.642684475], [139.741437497, 35.642775172], [139.74155036, 35.642935408], [139.741528954, 35.643021684], [139.741747233, 35.643050624], [139.741831296, 35.643138798], [139.741746245, 35.643240524], [139.741189583, 35.643532184]]]}}, {"id": "7951", "type": "Feature", "properties": {"現象の種類": "急傾斜地の崩壊", "区域区分": "土砂災害警戒区域", "区域名": "-", "所在地": "港区白金4", "告示日": "2017/3/13"}, "geometry": {"type": "Polygon", "coordinates": [[[139.726043522, 35.643687009], [139.725877611, 35.643562011], [139.725788906, 35.643368728], [139.726027465, 35.643011812], [139.726182352, 35.643158248], [139.726412175, 35.643515332], [139.726043522, 35.643687009]]]}}, {"id": "7952", "type": "Feature", "properties": {"現象の種類": "急傾斜地の崩壊", "区域区分": "土砂災害警戒区域", "区域名": "-", "所在地": "港区高輪3", "告示日": "2017/3/13"}, "geometry": {"type": "Polygon", "coordinates": [[[139.734897015, 35.632878044], [139.735118856, 35.633112837], [139.734955194, 35.633220466], [139.734698976, 35.632973604], [139.734897015, 35.632878044]]]}}, {"id": "7953", "type": "Feature", "properties": {"現象の種類": "急傾斜地の崩壊", "区域区分": "土砂災害警戒区域", "区域名": "-", "所在地": "港区高輪3", "告示日": "2017/3/13"}, "geometry": {"type": "Polygon", "coordinates": [[[139.734884474, 35.632545987], [139.735221474, 35.632565915], [139.735257606, 35.632599811], [139.735223653, 35.63270678], [139.734861493, 35.632709734], [139.734847444, 35.632581518], [139.734884474, 35.632545987]]]}}, {"id": "7954", "type": "Feature", "properties": {"現象の種類": "急傾斜地の崩壊", "区域区分": "土砂災害警戒区域", "区域名": "-", "所在地": "港区高輪3", "告示日": "2017/3/13"}, "geometry": {"type": "Polygon", "coordinates": [[[139.735451228, 35.632712997], [139.735084283, 35.632694204], [139.73507772, 35.632367953], [139.735178049, 35.632378468], [139.735201325, 35.632297665], [139.735519902, 35.632367488], [139.735524442, 35.632513225], [139.735451228, 35.632712997]]]}}, {"id": "7955", "type": "Feature", "properties": {"現象の種類": "急傾斜地の崩壊", "区域区分": "土砂災害警戒区域", "区域名": "-", "所在地": "港区高輪3", "告示日": "2017/3/13"}, "geometry": {"type": "Polygon", "coordinates": [[[139.73604659, 35.63118549], [139.736276857, 35.631408613], [139.736305984, 35.631584758], [139.736019006, 35.631631176], [139.735997472, 35.631522897], [139.735791789, 35.631373969], [139.73604659, 35.63118549]]]}}, {"id": "7956", "type": "Feature", "properties": {"現象の種類": "急傾斜地の崩壊", "区域区分": "土砂災害警戒区域", "区域名": "-", "所在地": "港区高輪4", "告示日": "2017/3/13"}, "geometry": {"type": "Polygon", "coordinates": [[[139.735134218, 35.625114317], [139.735140738, 35.625193238], [139.734827056, 35.625038493], [139.734996493, 35.624899872], [139.734989679, 35.62484094], [139.735121137, 35.624799611], [139.735349694, 35.624818894], [139.735324404, 35.625110188], [139.73523801, 35.625116359], [139.735196155, 35.625063215], [139.735134218, 35.625114317]]]}}, {"id": "7957", "type": "Feature", "properties": {"現象の種類": "急傾斜地の崩壊", "区域区分": "土砂災害警戒区域", "区域名": "-", "所在地": "新宿区中落合4　西落合1", "告示日": "2017/3/13"}, "geometry": {"type": "Polygon", "coordinates": [[[139.679700631, 35.717853021], [139.679828268, 35.718051882], [139.679695322, 35.718233018], [139.679469768, 35.718162649], [139.679573765, 35.717852259], [139.679700631, 35.717853021]]]}}, {"id": "7958", "type": "Feature", "properties": {"現象の種類": "急傾斜地の崩壊", "区域区分": "土砂災害警戒区域", "区域名": "-", "所在地": "新宿区中落合4　中井2", "告示日": "2017/3/13"}, "geometry": {"type": "Polygon", "coordinates": [[[139.679606053, 35.717885664], [139.67918861, 35.717914188], [139.679039555, 35.717798143], [139.679052855, 35.717554724], [139.679249472, 35.717483333], [139.679121592, 35.717347867], [139.67918813, 35.717264049], [139.679175239, 35.717125045], [139.679501496, 35.717009339], [139.679601118, 35.717148679], [139.679675882, 35.717164415], [139.679646249, 35.717211803], [139.679624777, 35.717181771], [139.679574425, 35.71740377], [139.679606053, 35.717885664]]]}}, {"id": "7959", "type": "Feature", "properties": {"現象の種類": "急傾斜地の崩壊", "区域区分": "土砂災害警戒区域", "区域名": "-", "所在地": "新宿区中井2　中野区上高田5", "告示日": "2017/3/13"}, "geometry": {"type": "Polygon", "coordinates": [[[139.679749376, 35.716907947], [139.679524283, 35.716935926], [139.679507266, 35.71685922], [139.679449855, 35.716859801], [139.679361907, 35.716610895], [139.679359726, 35.716462093], [139.679771233, 35.716439432], [139.679717571, 35.716624992], [139.679773466, 35.716827524], [139.679733229, 35.716836185], [139.679749376, 35.716907947]]]}}, {"id": "7960", "type": "Feature", "properties": {"現象の種類": "急傾斜地の崩壊", "区域区分": "土砂災害警戒区域", "区域名": "-", "所在地": "新宿区中落合2", "告示日": "2017/3/13"}, "geometry": {"type": "Polygon", "coordinates": [[[139.693680703, 35.717546808], [139.693728246, 35.717660656], [139.693510488, 35.717692674], [139.693456807, 35.717608818], [139.693463767, 35.717565895], [139.693680703, 35.717546808]]]}}, {"id": "7961", "type": "Feature", "properties": {"現象の種類": "急傾斜地の崩壊", "区域区分": "土砂災害警戒区域", "区域名": "-", "所在地": "新宿区下落合2　4", "告示日": "2017/3/13"}, "geometry": {"type": "Polygon", "coordinates": [[[139.699079063, 35.717880838], [139.698689445, 35.717939217], [139.698637814, 35.717700476], [139.698797531, 35.717706776], [139.698812786, 35.71765374], [139.699045474, 35.717630172], [139.699204124, 35.717800786], [139.699079063, 35.717880838]]]}}, {"id": "7962", "type": "Feature", "properties": {"現象の種類": "急傾斜地の崩壊", "区域区分": "土砂災害警戒区域", "区域名": "-", "所在地": "新宿区下落合2　4", "告示日": "2017/3/13"}, "geometry": {"type": "Polygon", "coordinates": [[[139.699082549, 35.717907028], [139.699302025, 35.71781666], [139.699347114, 35.717894725], [139.69913459, 35.71796851], [139.699082549, 35.717907028]]]}}, {"id": "7963", "type": "Feature", "properties": {"現象の種類": "急傾斜地の崩壊", "区域区分": "土砂災害警戒区域", "区域名": "-", "所在地": "新宿区下落合2", "告示日": "2017/3/13"}, "geometry": {"type": "Polygon", "coordinates": [[[139.703344745, 35.717624294], [139.70328807, 35.717812849], [139.703336654, 35.717878121], [139.702904553, 35.717964484], [139.702855022, 35.717824506], [139.702873822, 35.717620889], [139.702936846, 35.7175435], [139.702929377, 35.717384227], [139.703265274, 35.717359989], [139.703344745, 35.717624294]]]}}, {"id": "7964", "type": "Feature", "properties": {"現象の種類": "急傾斜地の崩壊", "区域区分": "土砂災害警戒区域", "区域名": "-", "所在地": "新宿区下落合2", "告示日": "2017/3/13"}, "geometry": {"type": "Polygon", "coordinates": [[[139.704604215, 35.717488289], [139.704516934, 35.717841766], [139.704402384, 35.717822462], [139.703910918, 35.717652965], [139.703638716, 35.717479092], [139.703212075, 35.717469019], [139.703138115, 35.717437167], [139.703119854, 35.717249398], [139.703208824, 35.717166172], [139.703738136, 35.717117293], [139.703990534, 35.717216637], [139.704351965, 35.717461343], [139.704604215, 35.717488289]]]}}, {"id": "7965", "type": "Feature", "properties": {"現象の種類": "急傾斜地の崩壊", "区域区分": "土砂災害警戒区域", "区域名": "-", "所在地": "新宿区下落合2", "告示日": "2017/3/13"}, "geometry": {"type": "Polygon", "coordinates": [[[139.705347988, 35.71839739], [139.705514787, 35.718740139], [139.705173677, 35.718725538], [139.70507698, 35.718472559], [139.705347988, 35.71839739]]]}}, {"id": "7966", "type": "Feature", "properties": {"現象の種類": "急傾斜地の崩壊", "区域区分": "土砂災害警戒区域", "区域名": "-", "所在地": "新宿区下落合2", "告示日": "2017/3/13"}, "geometry": {"type": "Polygon", "coordinates": [[[139.705268894, 35.7178977], [139.705028975, 35.717958018], [139.704987613, 35.717810149], [139.705222611, 35.717762061], [139.705268894, 35.7178977]]]}}, {"id": "7967", "type": "Feature", "properties": {"現象の種類": "急傾斜地の崩壊", "区域区分": "土砂災害警戒区域", "区域名": "-", "所在地": "新宿区西早稲田3", "告示日": "2017/3/13"}, "geometry": {"type": "Polygon", "coordinates": [[[139.715555622, 35.711545875], [139.715610733, 35.711828966], [139.715331195, 35.71182457], [139.715300111, 35.711589781], [139.715555622, 35.711545875]]]}}, {"id": "7968", "type": "Feature", "properties": {"現象の種類": "急傾斜地の崩壊", "区域区分": "土砂災害警戒区域", "区域名": "-", "所在地": "新宿区戸山1　3", "告示日": "2017/3/13"}, "geometry": {"type": "Polygon", "coordinates": [[[139.716426255, 35.705468871], [139.716144463, 35.705363602], [139.716062194, 35.705181035], [139.716066496, 35.704931753], [139.716286098, 35.704910894], [139.716319386, 35.705134365], [139.716502355, 35.705113723], [139.71667657, 35.705171984], [139.716585344, 35.705415988], [139.716426255, 35.705468871]]]}}, {"id": "7969", "type": "Feature", "properties": {"現象の種類": "急傾斜地の崩壊", "区域区分": "土砂災害警戒区域", "区域名": "-", "所在地": "新宿区大久保3", "告示日": "2017/3/13"}, "geometry": {"type": "Polygon", "coordinates": [[[139.704440044, 35.704830268], [139.704531003, 35.704848928], [139.704531088, 35.704888525], [139.70453142, 35.705043583], [139.704440582, 35.705081519], [139.704440044, 35.704830268]]]}}, {"id": "7970", "type": "Feature", "properties": {"現象の種類": "急傾斜地の崩壊", "区域区分": "土砂災害警戒区域", "区域名": "-", "所在地": "新宿区大久保2　3", "告示日": "2017/3/13"}, "geometry": {"type": "Polygon", "coordinates": [[[139.70393536, 35.704815119], [139.703927575, 35.704615157], [139.704143734, 35.70457989], [139.704167732, 35.704660771], [139.704449339, 35.704613208], [139.704814736, 35.704678461], [139.704827234, 35.704773335], [139.70480852, 35.704866803], [139.704521026, 35.704876674], [139.704298253, 35.704806298], [139.70393536, 35.704815119]]]}}, {"id": "7971", "type": "Feature", "properties": {"現象の種類": "急傾斜地の崩壊", "区域区分": "土砂災害警戒区域", "区域名": "-", "所在地": "新宿区戸山2", "告示日": "2017/3/13"}, "geometry": {"type": "Polygon", "coordinates": [[[139.710381806, 35.701146209], [139.710523384, 35.701186383], [139.71046603, 35.701419658], [139.710241816, 35.701386691], [139.710381806, 35.701146209]]]}}, {"id": "7972", "type": "Feature", "properties": {"現象の種類": "急傾斜地の崩壊", "区域区分": "土砂災害警戒区域", "区域名": "-", "所在地": "新宿区本塩町　千代田区五番町先", "告示日": "2017/3/13"}, "geometry": {"type": "Polygon", "coordinates": [[[139.730800115, 35.688186559], [139.730780069, 35.688600833], [139.730912639, 35.689242471], [139.730615014, 35.689308113], [139.730478431, 35.688916347], [139.730435914, 35.688408538], [139.730371159, 35.688201454], [139.730203306, 35.687936052], [139.730014829, 35.687404638], [139.730310786, 35.687337731], [139.730800115, 35.688186559]]]}}, {"id": "7973", "type": "Feature", "properties": {"現象の種類": "急傾斜地の崩壊", "区域区分": "土砂災害警戒区域", "区域名": "-", "所在地": "文京区大塚5", "告示日": "2017/3/13"}, "geometry": {"type": "Polygon", "coordinates": [[[139.7261487, 35.720776728], [139.726130055, 35.721023262], [139.72608855, 35.721046762], [139.72595128, 35.720979161], [139.726004413, 35.720764475], [139.7261487, 35.720776728]]]}}, {"id": "7974", "type": "Feature", "properties": {"現象の種類": "急傾斜地の崩壊", "区域区分": "土砂災害警戒区域", "区域名": "-", "所在地": "文京区大塚5", "告示日": "2017/3/13"}, "geometry": {"type": "Polygon", "coordinates": [[[139.729299835, 35.721385425], [139.729381466, 35.721534923], [139.729411515, 35.721803714], [139.72909716, 35.721820919], [139.728902633, 35.721620409], [139.72886373, 35.721453685], [139.72910071, 35.721316337], [139.729299835, 35.721385425]]]}}, {"id": "7975", "type": "Feature", "properties": {"現象の種類": "急傾斜地の崩壊", "区域区分": "土砂災害警戒区域", "区域名": "-", "所在地": "文京区大塚2　音羽2", "告示日": "2017/3/13"}, "geometry": {"type": "Polygon", "coordinates": [[[139.72887522, 35.717572675], [139.729103887, 35.717665259], [139.728991387, 35.717900212], [139.72890958, 35.717963427], [139.728698965, 35.717857263], [139.728778629, 35.717809838], [139.72887522, 35.717572675]]]}}, {"id": "7976", "type": "Feature", "properties": {"現象の種類": "急傾斜地の崩壊", "区域区分": "土砂災害警戒区域", "区域名": "-", "所在地": "文京区大塚1　2　音羽1　2", "告示日": "2017/3/13"}, "geometry": {"type": "Polygon", "coordinates": [[[139.72894545, 35.717193355], [139.729470591, 35.717048593], [139.729491679, 35.717105031], [139.729919048, 35.717018784], [139.729966811, 35.717047486], [139.730013149, 35.717237272], [139.729848206, 35.717235287], [139.729411679, 35.717429684], [139.72927609, 35.717584895], [139.729269314, 35.717666452], [139.728897614, 35.717523096], [139.728955342, 35.71746989], [139.728888643, 35.717400665], [139.72894545, 35.717193355]]]}}, {"id": "7977", "type": "Feature", "properties": {"現象の種類": "急傾斜地の崩壊", "区域区分": "土砂災害警戒区域", "区域名": "-", "所在地": "文京区大塚1　2", "告示日": "2017/3/13"}, "geometry": {"type": "Polygon", "coordinates": [[[139.729520244, 35.717043806], [139.729781521, 35.716827021], [139.730159621, 35.716817774], [139.731141213, 35.717016757], [139.73108508, 35.71724657], [139.730148194, 35.717162371], [139.72990146, 35.717236314], [139.72988424, 35.7171595], [139.729611728, 35.717219152], [139.72956064, 35.717190073], [139.729520244, 35.717043806]]]}}, {"id": "7978", "type": "Feature", "properties": {"現象の種類": "急傾斜地の崩壊", "区域区分": "土砂災害警戒区域", "区域名": "-", "所在地": "文京区目白台1", "告示日": "2017/3/13"}, "geometry": {"type": "Polygon", "coordinates": [[[139.721189485, 35.714649762], [139.720785898, 35.714761478], [139.720740308, 35.714573516], [139.720920369, 35.714356784], [139.721227107, 35.714283398], [139.721575091, 35.714111954], [139.721798112, 35.714163923], [139.721870648, 35.71410164], [139.722097206, 35.714058169], [139.722237737, 35.714260494], [139.722160151, 35.714318172], [139.722009877, 35.714330068], [139.721731826, 35.714593512], [139.721189485, 35.714649762]]]}}, {"id": "7979", "type": "Feature", "properties": {"現象の種類": "急傾斜地の崩壊", "区域区分": "土砂災害警戒区域", "区域名": "-", "所在地": "文京区関口2", "告示日": "2017/3/13"}, "geometry": {"type": "Polygon", "coordinates": [[[139.724100174, 35.711995329], [139.724101341, 35.711886652], [139.724337221, 35.711755233], [139.724640566, 35.711674404], [139.72476473, 35.711891737], [139.724480045, 35.712124255], [139.724215462, 35.712235333], [139.72412813, 35.712319308], [139.724174328, 35.712415663], [139.723974906, 35.712613769], [139.723616127, 35.712646314], [139.723385865, 35.71220211], [139.723556237, 35.712159892], [139.723564798, 35.712044265], [139.723904976, 35.711963101], [139.724100174, 35.711995329]]]}}, {"id": "7980", "type": "Feature", "properties": {"現象の種類": "急傾斜地の崩壊", "区域区分": "土砂災害警戒区域", "区域名": "-", "所在地": "文京区関口2", "告示日": "2017/3/13"}, "geometry": {"type": "Polygon", "coordinates": [[[139.724358292, 35.71209653], [139.724551317, 35.712277587], [139.724449315, 35.712374382], [139.724185082, 35.712411751], [139.724023818, 35.712149994], [139.724358292, 35.71209653]]]}}, {"id": "7981", "type": "Feature", "properties": {"現象の種類": "急傾斜地の崩壊", "区域区分": "土砂災害警戒区域", "区域名": "-", "所在地": "文京区関口2", "告示日": "2017/3/13"}, "geometry": {"type": "Polygon", "coordinates": [[[139.725001061, 35.711797319], [139.725307756, 35.711956309], [139.725424315, 35.712134673], [139.725359948, 35.712333612], [139.725254345, 35.712376049], [139.72531697, 35.712518207], [139.725262415, 35.712740608], [139.724955843, 35.712829121], [139.72479796, 35.712615171], [139.724842968, 35.712574374], [139.724746031, 35.712188911], [139.724798405, 35.711955801], [139.725001061, 35.711797319]]]}}, {"id": "7982", "type": "Feature", "properties": {"現象の種類": "急傾斜地の崩壊", "区域区分": "土砂災害警戒区域", "区域名": "-", "所在地": "大田区南馬込2", "告示日": "2017/3/13"}, "geometry": {"type": "Polygon", "coordinates": [[[139.715697823, 35.590488574], [139.715478797, 35.590429122], [139.715570828, 35.590138509], [139.715741745, 35.590220035], [139.715697823, 35.590488574]]]}}, {"id": "7983", "type": "Feature", "properties": {"現象の種類": "急傾斜地の崩壊", "区域区分": "土砂災害警戒区域", "区域名": "-", "所在地": "文京区音羽1", "告示日": "2017/3/13"}, "geometry": {"type": "Polygon", "coordinates": [[[139.731078982, 35.713588702], [139.730838983, 35.714038748], [139.730554712, 35.71397403], [139.730363676, 35.713530869], [139.730276168, 35.713509368], [139.730347697, 35.713399889], [139.730361623, 35.713261318], [139.73054261, 35.713137702], [139.730590872, 35.712943559], [139.730843923, 35.712865195], [139.73085541, 35.712819396], [139.731037523, 35.712841723], [139.731128122, 35.712682956], [139.731357074, 35.71277089], [139.731130506, 35.71331715], [139.731078982, 35.713588702]]]}}, {"id": "7984", "type": "Feature", "properties": {"現象の種類": "急傾斜地の崩壊", "区域区分": "土砂災害警戒区域", "区域名": "-", "所在地": "文京区小日向1　春日2", "告示日": "2017/3/13"}, "geometry": {"type": "Polygon", "coordinates": [[[139.741058479, 35.710852165], [139.741134723, 35.710886848], [139.741150157, 35.710966904], [139.740703477, 35.711129094], [139.740874479, 35.711344103], [139.741036075, 35.711706466], [139.741054255, 35.711897731], [139.740968283, 35.712217079], [139.740921641, 35.712344761], [139.740623178, 35.712302861], [139.740624523, 35.71177004], [139.740392452, 35.711362079], [139.740309782, 35.711037891], [139.740355243, 35.710970714], [139.740755612, 35.710772694], [139.741024408, 35.710722797], [139.741058479, 35.710852165]]]}}, {"id": "7985", "type": "Feature", "properties": {"現象の種類": "急傾斜地の崩壊", "区域区分": "土砂災害警戒区域", "区域名": "-", "所在地": "文京区千駄木3", "告示日": "2017/3/13"}, "geometry": {"type": "Polygon", "coordinates": [[[139.762038703, 35.726223742], [139.762386185, 35.726272873], [139.762268269, 35.726524919], [139.761975428, 35.726473252], [139.762038703, 35.726223742]]]}}, {"id": "7986", "type": "Feature", "properties": {"現象の種類": "急傾斜地の崩壊", "区域区分": "土砂災害警戒区域", "区域名": "-", "所在地": "文京区弥生1　2", "告示日": "2017/3/13"}, "geometry": {"type": "Polygon", "coordinates": [[[139.761907977, 35.717742539], [139.761927298, 35.718128428], [139.761672078, 35.718135006], [139.761627484, 35.717751285], [139.761907977, 35.717742539]]]}}, {"id": "7987", "type": "Feature", "properties": {"現象の種類": "急傾斜地の崩壊", "区域区分": "土砂災害警戒区域", "区域名": "-", "所在地": "文京区湯島3", "告示日": "2017/3/13"}, "geometry": {"type": "Polygon", "coordinates": [[[139.768729547, 35.707364781], [139.76874831, 35.707487665], [139.76869761, 35.707664199], [139.768335092, 35.707641258], [139.768304258, 35.707477672], [139.768382105, 35.707463622], [139.768377949, 35.707395544], [139.768729547, 35.707364781]]]}}, {"id": "7988", "type": "Feature", "properties": {"現象の種類": "急傾斜地の崩壊", "区域区分": "土砂災害警戒区域", "区域名": "-", "所在地": "文京区本郷1", "告示日": "2017/3/13"}, "geometry": {"type": "Polygon", "coordinates": [[[139.757903513, 35.701961863], [139.757855373, 35.702681516], [139.757582427, 35.702682178], [139.757485246, 35.702461178], [139.757523473, 35.70218742], [139.75764757, 35.701972421], [139.757903513, 35.701961863]]]}}, {"id": "7989", "type": "Feature", "properties": {"現象の種類": "急傾斜地の崩壊", "区域区分": "土砂災害警戒区域", "区域名": "-", "所在地": "大田区田園調布4", "告示日": "2017/3/13"}, "geometry": {"type": "Polygon", "coordinates": [[[139.662788185, 35.592746799], [139.662618511, 35.592897336], [139.662534791, 35.592841835], [139.66270164, 35.59269402], [139.662788185, 35.592746799]]]}}, {"id": "7990", "type": "Feature", "properties": {"現象の種類": "急傾斜地の崩壊", "区域区分": "土砂災害警戒区域", "区域名": "-", "所在地": "大田区田園調布4", "告示日": "2017/3/13"}, "geometry": {"type": "Polygon", "coordinates": [[[139.663097669, 35.592776579], [139.662998661, 35.592901946], [139.662870366, 35.592927155], [139.662600621, 35.59276269], [139.662617183, 35.592660949], [139.66267743, 35.592685439], [139.662660377, 35.592555902], [139.662941051, 35.592511681], [139.663010322, 35.592567765], [139.663097669, 35.592776579]]]}}, {"id": "7991", "type": "Feature", "properties": {"現象の種類": "急傾斜地の崩壊", "区域区分": "土砂災害警戒区域", "区域名": "-", "所在地": "大田区田園調布4", "告示日": "2017/3/13"}, "geometry": {"type": "Polygon", "coordinates": [[[139.663983573, 35.591816158], [139.663625499, 35.592095733], [139.663401519, 35.591919288], [139.663559953, 35.591670548], [139.663725727, 35.591582534], [139.663983573, 35.591816158]]]}}, {"id": "7992", "type": "Feature", "properties": {"現象の種類": "急傾斜地の崩壊", "区域区分": "土砂災害警戒区域", "区域名": "-", "所在地": "大田区田園調布1", "告示日": "2017/3/13"}, "geometry": {"type": "Polygon", "coordinates": [[[139.667080543, 35.588904174], [139.667305388, 35.589085107], [139.667276472, 35.589219383], [139.667159583, 35.589236141], [139.666872039, 35.589139907], [139.666864827, 35.588998996], [139.667080543, 35.588904174]]]}}, {"id": "7993", "type": "Feature", "properties": {"現象の種類": "急傾斜地の崩壊", "区域区分": "土砂災害警戒区域", "区域名": "-", "所在地": "大田区田園調布1", "告示日": "2017/3/13"}, "geometry": {"type": "Polygon", "coordinates": [[[139.668275742, 35.587884762], [139.667926574, 35.588154431], [139.667658058, 35.588494608], [139.667449308, 35.588319715], [139.667432565, 35.588182828], [139.667582135, 35.587869008], [139.667804649, 35.587745587], [139.667953763, 35.587730449], [139.668012289, 35.587630142], [139.668254397, 35.587800575], [139.668275742, 35.587884762]]]}}, {"id": "7994", "type": "Feature", "properties": {"現象の種類": "急傾斜地の崩壊", "区域区分": "土砂災害警戒区域", "区域名": "-", "所在地": "大田区田園調布1", "告示日": "2017/3/13"}, "geometry": {"type": "Polygon", "coordinates": [[[139.668121222, 35.588869983], [139.668162496, 35.588949685], [139.668026367, 35.589123962], [139.667593241, 35.588871751], [139.668007336, 35.588384891], [139.668405344, 35.588470533], [139.66833041, 35.588685193], [139.668121222, 35.588869983]]]}}, {"id": "7995", "type": "Feature", "properties": {"現象の種類": "急傾斜地の崩壊", "区域区分": "土砂災害警戒区域", "区域名": "-", "所在地": "大田区田園調布1　2", "告示日": "2017/3/13"}, "geometry": {"type": "Polygon", "coordinates": [[[139.669172442, 35.590955059], [139.669031635, 35.590728415], [139.669277767, 35.590553209], [139.669567317, 35.590579689], [139.669637915, 35.590544566], [139.669526549, 35.590484124], [139.669602399, 35.590386445], [139.669855075, 35.590255741], [139.669949812, 35.590285484], [139.670202385, 35.590541177], [139.670133428, 35.590673155], [139.669878096, 35.590911937], [139.669379842, 35.590844392], [139.669172442, 35.590955059]]]}}, {"id": "7996", "type": "Feature", "properties": {"現象の種類": "急傾斜地の崩壊", "区域区分": "土砂災害警戒区域", "区域名": "-", "所在地": "大田区田園調布1", "告示日": "2017/3/13"}, "geometry": {"type": "Polygon", "coordinates": [[[139.670034239, 35.589168822], [139.670194539, 35.589383553], [139.670129171, 35.589409642], [139.670140391, 35.589551911], [139.669884156, 35.5897296], [139.669730869, 35.589746597], [139.669803882, 35.58992199], [139.66975449, 35.590248897], [139.66926373, 35.590223076], [139.669086926, 35.590035219], [139.6691529, 35.589749877], [139.669469277, 35.589502426], [139.669664292, 35.589430577], [139.669582651, 35.589388435], [139.669675736, 35.589258134], [139.669946884, 35.589121374], [139.670034239, 35.589168822]]]}}, {"id": "7997", "type": "Feature", "properties": {"現象の種類": "急傾斜地の崩壊", "区域区分": "土砂災害警戒区域", "区域名": "-", "所在地": "大田区田園調布1", "告示日": "2017/3/13"}, "geometry": {"type": "Polygon", "coordinates": [[[139.670474886, 35.589605911], [139.670215013, 35.589530292], [139.67013602, 35.589381046], [139.670258942, 35.589129001], [139.670296958, 35.589141413], [139.67017284, 35.588999871], [139.670362845, 35.588800901], [139.670586686, 35.588858018], [139.670743133, 35.588997892], [139.670751089, 35.589482549], [139.670474886, 35.589605911]]]}}, {"id": "7998", "type": "Feature", "properties": {"現象の種類": "急傾斜地の崩壊", "区域区分": "土砂災害警戒区域", "区域名": "-", "所在地": "大田区田園調布1", "告示日": "2017/3/13"}, "geometry": {"type": "Polygon", "coordinates": [[[139.66994714, 35.588344426], [139.670392001, 35.588570837], [139.670331808, 35.588705846], [139.670030226, 35.588655301], [139.669891578, 35.588540927], [139.66994714, 35.588344426]]]}}, {"id": "7999", "type": "Feature", "properties": {"現象の種類": "急傾斜地の崩壊", "区域区分": "土砂災害警戒区域", "区域名": "-", "所在地": "大田区田園調布1", "告示日": "2017/3/13"}, "geometry": {"type": "Polygon", "coordinates": [[[139.670404905, 35.588326586], [139.670544027, 35.588490165], [139.670364554, 35.588595725], [139.670194626, 35.588411435], [139.670404905, 35.588326586]]]}}, {"id": "8000", "type": "Feature", "properties": {"現象の種類": "急傾斜地の崩壊", "区域区分": "土砂災害警戒区域", "区域名": "-", "所在地": "大田区田園調布1", "告示日": "2017/3/13"}, "geometry": {"type": "Polygon", "coordinates": [[[139.671173051, 35.587637521], [139.671277718, 35.587747293], [139.671003616, 35.587847252], [139.670921821, 35.587801009], [139.67090905, 35.587735923], [139.671173051, 35.587637521]]]}}, {"id": "8001", "type": "Feature", "properties": {"現象の種類": "急傾斜地の崩壊", "区域区分": "土砂災害警戒区域", "区域名": "-", "所在地": "大田区西嶺町", "告示日": "2017/3/13"}, "geometry": {"type": "Polygon", "coordinates": [[[139.6777809, 35.581122129], [139.67788945, 35.581152899], [139.677637656, 35.58128192], [139.677545852, 35.581201304], [139.677556164, 35.581055245], [139.677630599, 35.580997598], [139.6777809, 35.581122129]]]}}, {"id": "8002", "type": "Feature", "properties": {"現象の種類": "急傾斜地の崩壊", "区域区分": "土砂災害警戒区域", "区域名": "-", "所在地": "大田区西嶺町", "告示日": "2017/3/13"}, "geometry": {"type": "Polygon", "coordinates": [[[139.677962394, 35.581414815], [139.67803834, 35.581416156], [139.678033398, 35.581717156], [139.677740591, 35.581627005], [139.677639384, 35.581443124], [139.677926263, 35.581340228], [139.677962394, 35.581414815]]]}}, {"id": "8003", "type": "Feature", "properties": {"現象の種類": "急傾斜地の崩壊", "区域区分": "土砂災害警戒区域", "区域名": "-", "所在地": "大田区西嶺町", "告示日": "2017/3/13"}, "geometry": {"type": "Polygon", "coordinates": [[[139.678703472, 35.58147416], [139.678669845, 35.581711446], [139.678556396, 35.581689351], [139.678580675, 35.581465769], [139.678703472, 35.58147416]]]}}, {"id": "8004", "type": "Feature", "properties": {"現象の種類": "急傾斜地の崩壊", "区域区分": "土砂災害警戒区域", "区域名": "-", "所在地": "大田区千鳥3", "告示日": "2017/3/13"}, "geometry": {"type": "Polygon", "coordinates": [[[139.686524157, 35.573251655], [139.686758023, 35.573270756], [139.686717522, 35.573477843], [139.686478565, 35.57344292], [139.686524157, 35.573251655]]]}}, {"id": "8005", "type": "Feature", "properties": {"現象の種類": "急傾斜地の崩壊", "区域区分": "土砂災害警戒区域", "区域名": "-", "所在地": "大田区千鳥3", "告示日": "2017/3/13"}, "geometry": {"type": "Polygon", "coordinates": [[[139.68821983, 35.573285742], [139.688058723, 35.573295272], [139.687743786, 35.573218036], [139.686925241, 35.573187329], [139.68691743, 35.572943154], [139.687454834, 35.572973255], [139.687625177, 35.572934418], [139.68802951, 35.573040634], [139.688266238, 35.57304475], [139.68821983, 35.573285742]]]}}, {"id": "8006", "type": "Feature", "properties": {"現象の種類": "急傾斜地の崩壊", "区域区分": "土砂災害警戒区域", "区域名": "-", "所在地": "練馬区大泉町1", "告示日": "2017/3/13"}, "geometry": {"type": "Polygon", "coordinates": [[[139.610054351, 35.765965226], [139.609940687, 35.766205754], [139.609794926, 35.766184758], [139.609419732, 35.76596688], [139.609155116, 35.765972021], [139.60908102, 35.765785024], [139.60912953, 35.765727172], [139.609285837, 35.765695017], [139.60954344, 35.76573649], [139.610054351, 35.765965226]]]}}, {"id": "8007", "type": "Feature", "properties": {"現象の種類": "急傾斜地の崩壊", "区域区分": "土砂災害警戒区域", "区域名": "-", "所在地": "練馬区桜台6", "告示日": "2017/3/13"}, "geometry": {"type": "Polygon", "coordinates": [[[139.658751325, 35.748872909], [139.658415427, 35.748848212], [139.65841942, 35.748659804], [139.658741611, 35.748459435], [139.658936482, 35.748652027], [139.658751325, 35.748872909]]]}}, {"id": "8008", "type": "Feature", "properties": {"現象の種類": "急傾斜地の崩壊", "区域区分": "土砂災害警戒区域", "区域名": "-", "所在地": "練馬区桜台6", "告示日": "2017/3/13"}, "geometry": {"type": "Polygon", "coordinates": [[[139.658723513, 35.749102871], [139.658586035, 35.749217979], [139.658323684, 35.749263449], [139.65799558, 35.749213665], [139.657900794, 35.748953479], [139.657755364, 35.748802055], [139.657301941, 35.748669582], [139.657058229, 35.748542335], [139.656953042, 35.748543172], [139.65670201, 35.748398578], [139.657056635, 35.748275501], [139.65770475, 35.748465539], [139.65791327, 35.748538216], [139.658112874, 35.748678857], [139.65826128, 35.749017065], [139.658756076, 35.748950941], [139.658723513, 35.749102871]]]}}, {"id": "8009", "type": "Feature", "properties": {"現象の種類": "急傾斜地の崩壊", "区域区分": "土砂災害警戒区域", "区域名": "-", "所在地": "練馬区南田中3", "告示日": "2017/3/13"}, "geometry": {"type": "Polygon", "coordinates": [[[139.61565486, 35.738171502], [139.615932311, 35.738239213], [139.616185569, 35.738404847], [139.615990121, 35.738560318], [139.61581117, 35.738441728], [139.615623097, 35.738398041], [139.61565486, 35.738171502]]]}}, {"id": "8010", "type": "Feature", "properties": {"現象の種類": "急傾斜地の崩壊", "区域区分": "土砂災害警戒区域", "区域名": "-", "所在地": "練馬区南田中5", "告示日": "2017/3/13"}, "geometry": {"type": "Polygon", "coordinates": [[[139.612181167, 35.738409554], [139.612343158, 35.738505043], [139.612078465, 35.738644344], [139.611971588, 35.738601346], [139.612181167, 35.738409554]]]}}, {"id": "8011", "type": "Feature", "properties": {"現象の種類": "急傾斜地の崩壊", "区域区分": "土砂災害警戒区域", "区域名": "-", "所在地": "練馬区南田中5", "告示日": "2017/3/13"}, "geometry": {"type": "Polygon", "coordinates": [[[139.611904298, 35.738320959], [139.611893641, 35.738576805], [139.611256895, 35.738674266], [139.611224306, 35.738426918], [139.611904298, 35.738320959]]]}}, {"id": "9339", "type": "Feature", "properties": {"現象の種類": "急傾斜地の崩壊", "区域区分": "土砂災害警戒区域", "区域名": "-", "所在地": "荒川区西日暮里4", "告示日": "2018/1/30"}, "geometry": {"type": "Polygon", "coordinates": [[[139.76332886, 35.733165708], [139.76350328, 35.733302647], [139.763401088, 35.733422173], [139.763153526, 35.733267653], [139.76332886, 35.733165708]]]}}, {"id": "9340", "type": "Feature", "properties": {"現象の種類": "急傾斜地の崩壊", "区域区分": "土砂災害警戒区域", "区域名": "-", "所在地": "荒川区西日暮里4　西日暮里5", "告示日": "2018/1/30"}, "geometry": {"type": "Polygon", "coordinates": [[[139.76586314, 35.733143724], [139.765611892, 35.73301924], [139.76573283, 35.732766365], [139.766003753, 35.732938686], [139.76586314, 35.733143724]]]}}, {"id": "9341", "type": "Feature", "properties": {"現象の種類": "急傾斜地の崩壊", "区域区分": "土砂災害警戒区域", "区域名": "-", "所在地": "荒川区西日暮里4　西日暮里5", "告示日": "2018/1/30"}, "geometry": {"type": "Polygon", "coordinates": [[[139.766215114, 35.732560496], [139.765969416, 35.732438517], [139.766118498, 35.732200396], [139.766217656, 35.732242968], [139.766701757, 35.732219682], [139.766602438, 35.732364335], [139.766401265, 35.732257414], [139.766215114, 35.732560496]]]}}, {"id": "9342", "type": "Feature", "properties": {"現象の種類": "急傾斜地の崩壊", "区域区分": "土砂災害警戒区域", "区域名": "-", "所在地": "荒川区西日暮里3　西日暮里4　西日暮里5", "告示日": "2018/1/30"}, "geometry": {"type": "Polygon", "coordinates": [[[139.766331777, 35.732120025], [139.766323704, 35.731796463], [139.766486074, 35.731764342], [139.766585362, 35.731962359], [139.766525806, 35.732048006], [139.766557795, 35.732065163], [139.766331777, 35.732120025]]]}}, {"id": "9343", "type": "Feature", "properties": {"現象の種類": "急傾斜地の崩壊", "区域区分": "土砂災害警戒区域", "区域名": "-", "所在地": "荒川区西日暮里3", "告示日": "2018/1/30"}, "geometry": {"type": "Polygon", "coordinates": [[[139.766200774, 35.730923245], [139.766512443, 35.731082544], [139.766384704, 35.731381583], [139.766004029, 35.73126983], [139.766200774, 35.730923245]]]}}, {"id": "9344", "type": "Feature", "properties": {"現象の種類": "急傾斜地の崩壊", "区域区分": "土砂災害警戒区域", "区域名": "-", "所在地": "世田谷区池尻4", "告示日": "2018/1/30"}, "geometry": {"type": "Polygon", "coordinates": [[[139.680006204, 35.652197614], [139.680249982, 35.652332692], [139.680053419, 35.652658952], [139.679996407, 35.652652569], [139.680006204, 35.652197614]]]}}, {"id": "9345", "type": "Feature", "properties": {"現象の種類": "急傾斜地の崩壊", "区域区分": "土砂災害警戒区域", "区域名": "-", "所在地": "荒川区西日暮里3", "告示日": "2018/1/30"}, "geometry": {"type": "Polygon", "coordinates": [[[139.766614544, 35.730801237], [139.766600122, 35.730926125], [139.766533953, 35.730988483], [139.766279435, 35.73090302], [139.766355902, 35.730546189], [139.766511823, 35.730519199], [139.766628198, 35.730303484], [139.766635106, 35.730182512], [139.766539723, 35.73014913], [139.766606634, 35.73012043], [139.766602541, 35.730053949], [139.766533069, 35.72999595], [139.766584655, 35.730012134], [139.766609699, 35.729959455], [139.766948821, 35.730063997], [139.766912588, 35.730124918], [139.766967892, 35.730145766], [139.766614544, 35.730801237]]]}}, {"id": "9346", "type": "Feature", "properties": {"現象の種類": "急傾斜地の崩壊", "区域区分": "土砂災害警戒区域", "区域名": "-", "所在地": "荒川区西日暮里3", "告示日": "2018/1/30"}, "geometry": {"type": "Polygon", "coordinates": [[[139.767159511, 35.728495847], [139.767567825, 35.728611549], [139.767431092, 35.728825864], [139.767112375, 35.728713776], [139.767159511, 35.728495847]]]}}, {"id": "9347", "type": "Feature", "properties": {"現象の種類": "急傾斜地の崩壊", "区域区分": "土砂災害警戒区域", "区域名": "-", "所在地": "杉並区高井戸東1　高井戸東2", "告示日": "2018/1/30"}, "geometry": {"type": "Polygon", "coordinates": [[[139.619015248, 35.680734683], [139.619272418, 35.680899296], [139.619004863, 35.681380739], [139.618665901, 35.681439902], [139.618845295, 35.681009145], [139.619015248, 35.680734683]]]}}, {"id": "9348", "type": "Feature", "properties": {"現象の種類": "急傾斜地の崩壊", "区域区分": "土砂災害警戒区域", "区域名": "-", "所在地": "杉並区高井戸東1", "告示日": "2018/1/30"}, "geometry": {"type": "Polygon", "coordinates": [[[139.619706171, 35.680318627], [139.619823333, 35.68053257], [139.619470229, 35.680702048], [139.619239344, 35.680556594], [139.619706171, 35.680318627]]]}}, {"id": "9349", "type": "Feature", "properties": {"現象の種類": "急傾斜地の崩壊", "区域区分": "土砂災害警戒区域", "区域名": "-", "所在地": "杉並区堀ノ内1", "告示日": "2018/1/30"}, "geometry": {"type": "Polygon", "coordinates": [[[139.650050371, 35.683938414], [139.649563916, 35.683864114], [139.649632358, 35.683663464], [139.650044294, 35.683686989], [139.650404507, 35.683574584], [139.65044167, 35.683781525], [139.650393895, 35.683831754], [139.650050371, 35.683938414]]]}}, {"id": "9350", "type": "Feature", "properties": {"現象の種類": "急傾斜地の崩壊", "区域区分": "土砂災害警戒区域", "区域名": "-", "所在地": "杉並区和泉4", "告示日": "2018/1/30"}, "geometry": {"type": "Polygon", "coordinates": [[[139.653307674, 35.679958527], [139.653552727, 35.680071125], [139.653471642, 35.680388858], [139.653236514, 35.68027961], [139.653307674, 35.679958527]]]}}, {"id": "9351", "type": "Feature", "properties": {"現象の種類": "急傾斜地の崩壊", "区域区分": "土砂災害警戒区域", "区域名": "-", "所在地": "杉並区和泉4", "告示日": "2018/1/30"}, "geometry": {"type": "Polygon", "coordinates": [[[139.65425723, 35.680386603], [139.654313057, 35.680115437], [139.654362531, 35.680118576], [139.654337628, 35.680374733], [139.65425723, 35.680386603]]]}}, {"id": "9352", "type": "Feature", "properties": {"現象の種類": "急傾斜地の崩壊", "区域区分": "土砂災害警戒区域", "区域名": "-", "所在地": "杉並区久我山2", "告示日": "2018/1/30"}, "geometry": {"type": "Polygon", "coordinates": [[[139.601717443, 35.686117787], [139.601612729, 35.686025096], [139.602150255, 35.68550662], [139.602335533, 35.685724317], [139.601717443, 35.686117787]]]}}, {"id": "9353", "type": "Feature", "properties": {"現象の種類": "急傾斜地の崩壊", "区域区分": "土砂災害警戒区域", "区域名": "-", "所在地": "杉並区久我山2", "告示日": "2018/1/30"}, "geometry": {"type": "Polygon", "coordinates": [[[139.60073328, 35.686540385], [139.600807597, 35.68680763], [139.60036887, 35.686939566], [139.600277269, 35.686693832], [139.60073328, 35.686540385]]]}}, {"id": "9354", "type": "Feature", "properties": {"現象の種類": "急傾斜地の崩壊", "区域区分": "土砂災害警戒区域", "区域名": "-", "所在地": "世田谷区代田4", "告示日": "2018/1/30"}, "geometry": {"type": "Polygon", "coordinates": [[[139.654572881, 35.657502717], [139.654660874, 35.657506453], [139.654701363, 35.65773305], [139.654354116, 35.657764717], [139.654286859, 35.657490843], [139.654547126, 35.657450123], [139.654572881, 35.657502717]]]}}, {"id": "9355", "type": "Feature", "properties": {"現象の種類": "急傾斜地の崩壊", "区域区分": "土砂災害警戒区域", "区域名": "-", "所在地": "世田谷区北沢1　目黒区駒場4", "告示日": "2018/1/30"}, "geometry": {"type": "Polygon", "coordinates": [[[139.676208825, 35.661179839], [139.676543254, 35.661230577], [139.676401872, 35.66169176], [139.676062503, 35.661650391], [139.676208825, 35.661179839]]]}}, {"id": "9356", "type": "Feature", "properties": {"現象の種類": "急傾斜地の崩壊", "区域区分": "土砂災害警戒区域", "区域名": "-", "所在地": "世田谷区池尻4", "告示日": "2018/1/30"}, "geometry": {"type": "Polygon", "coordinates": [[[139.678918684, 35.65246504], [139.679096836, 35.652335909], [139.679080068, 35.652292256], [139.679391735, 35.652509186], [139.679241296, 35.652626995], [139.679314039, 35.652695419], [139.678929224, 35.652621007], [139.678967617, 35.652551463], [139.678918684, 35.65246504]]]}}, {"id": "9357", "type": "Feature", "properties": {"現象の種類": "急傾斜地の崩壊", "区域区分": "土砂災害警戒区域", "区域名": "-", "所在地": "世田谷区池尻4", "告示日": "2018/1/30"}, "geometry": {"type": "Polygon", "coordinates": [[[139.680372385, 35.652346009], [139.681147273, 35.652413158], [139.681130359, 35.652733697], [139.680315674, 35.652707243], [139.680372385, 35.652346009]]]}}, {"id": "9358", "type": "Feature", "properties": {"現象の種類": "急傾斜地の崩壊", "区域区分": "土砂災害警戒区域", "区域名": "-", "所在地": "世田谷区桜1　宮坂1", "告示日": "2018/1/30"}, "geometry": {"type": "Polygon", "coordinates": [[[139.637961952, 35.646267781], [139.638008371, 35.646468883], [139.637591251, 35.646559163], [139.6373806, 35.646695933], [139.637203195, 35.646534553], [139.63745543, 35.646377658], [139.637655333, 35.646315241], [139.637961952, 35.646267781]]]}}, {"id": "9359", "type": "Feature", "properties": {"現象の種類": "急傾斜地の崩壊", "区域区分": "土砂災害警戒区域", "区域名": "-", "所在地": "世田谷区成城4", "告示日": "2018/1/30"}, "geometry": {"type": "Polygon", "coordinates": [[[139.592638207, 35.639025783], [139.592648908, 35.638828565], [139.59277452, 35.638822776], [139.592995829, 35.638703684], [139.593092091, 35.638827737], [139.592903574, 35.639097168], [139.592638207, 35.639025783]]]}}, {"id": "9360", "type": "Feature", "properties": {"現象の種類": "急傾斜地の崩壊", "区域区分": "土砂災害警戒区域", "区域名": "-", "所在地": "世田谷区成城3", "告示日": "2018/1/30"}, "geometry": {"type": "Polygon", "coordinates": [[[139.593401307, 35.637727577], [139.593898052, 35.637843772], [139.593889275, 35.637946521], [139.59368496, 35.638048611], [139.593512046, 35.63785256], [139.593358718, 35.637776892], [139.593401307, 35.637727577]]]}}, {"id": "9361", "type": "Feature", "properties": {"現象の種類": "急傾斜地の崩壊", "区域区分": "土砂災害警戒区域", "区域名": "-", "所在地": "世田谷区成城3", "告示日": "2018/1/30"}, "geometry": {"type": "Polygon", "coordinates": [[[139.593504612, 35.63759716], [139.593510329, 35.637543174], [139.593773555, 35.637567767], [139.593784916, 35.637606192], [139.593504612, 35.63759716]]]}}, {"id": "9362", "type": "Feature", "properties": {"現象の種類": "急傾斜地の崩壊", "区域区分": "土砂災害警戒区域", "区域名": "-", "所在地": "世田谷区成城3", "告示日": "2018/1/30"}, "geometry": {"type": "Polygon", "coordinates": [[[139.593831125, 35.637411658], [139.593549655, 35.637427415], [139.593832434, 35.637369923], [139.593831125, 35.637411658]]]}}, {"id": "9363", "type": "Feature", "properties": {"現象の種類": "急傾斜地の崩壊", "区域区分": "土砂災害警戒区域", "区域名": "-", "所在地": "世田谷区成城3", "告示日": "2018/1/30"}, "geometry": {"type": "Polygon", "coordinates": [[[139.596817892, 35.635419917], [139.596699823, 35.635432937], [139.596547953, 35.635234046], [139.596846619, 35.63515927], [139.596925606, 35.635366762], [139.596817892, 35.635419917]]]}}, {"id": "9364", "type": "Feature", "properties": {"現象の種類": "急傾斜地の崩壊", "区域区分": "土砂災害警戒区域", "区域名": "-", "所在地": "世田谷区成城3", "告示日": "2018/1/30"}, "geometry": {"type": "Polygon", "coordinates": [[[139.598884567, 35.634313715], [139.599040754, 35.63437649], [139.598473903, 35.634725425], [139.598314506, 35.634545903], [139.598697657, 35.634324349], [139.598884567, 35.634313715]]]}}, {"id": "9365", "type": "Feature", "properties": {"現象の種類": "急傾斜地の崩壊", "区域区分": "土砂災害警戒区域", "区域名": "-", "所在地": "世田谷区成城1　成城3", "告示日": "2018/1/30"}, "geometry": {"type": "Polygon", "coordinates": [[[139.600080891, 35.633999263], [139.599955993, 35.633448587], [139.600199513, 35.633418499], [139.600324737, 35.633982878], [139.600080891, 35.633999263]]]}}, {"id": "9366", "type": "Feature", "properties": {"現象の種類": "急傾斜地の崩壊", "区域区分": "土砂災害警戒区域", "区域名": "-", "所在地": "世田谷区成城1", "告示日": "2018/1/30"}, "geometry": {"type": "Polygon", "coordinates": [[[139.600740117, 35.632975844], [139.600660333, 35.632789538], [139.600991657, 35.632628635], [139.601132138, 35.632610967], [139.601277427, 35.63291486], [139.601033277, 35.632911594], [139.600740117, 35.632975844]]]}}, {"id": "9367", "type": "Feature", "properties": {"現象の種類": "急傾斜地の崩壊", "区域区分": "土砂災害警戒区域", "区域名": "-", "所在地": "世田谷区成城1", "告示日": "2018/1/30"}, "geometry": {"type": "Polygon", "coordinates": [[[139.601411669, 35.632219639], [139.601488488, 35.632423878], [139.601135714, 35.632507936], [139.60105243, 35.632303594], [139.601411669, 35.632219639]]]}}, {"id": "9368", "type": "Feature", "properties": {"現象の種類": "急傾斜地の崩壊", "区域区分": "土砂災害警戒区域", "区域名": "-", "所在地": "世田谷区大蔵3", "告示日": "2018/1/30"}, "geometry": {"type": "Polygon", "coordinates": [[[139.608375208, 35.633683299], [139.608702498, 35.633820932], [139.608576952, 35.634001171], [139.608244009, 35.633866051], [139.608375208, 35.633683299]]]}}, {"id": "9369", "type": "Feature", "properties": {"現象の種類": "急傾斜地の崩壊", "区域区分": "土砂災害警戒区域", "区域名": "-", "所在地": "世田谷区大蔵3", "告示日": "2018/1/30"}, "geometry": {"type": "Polygon", "coordinates": [[[139.60882181, 35.633882905], [139.608704803, 35.634071003], [139.608640718, 35.634028064], [139.60875833, 35.633851416], [139.60882181, 35.633882905]]]}}, {"id": "9370", "type": "Feature", "properties": {"現象の種類": "急傾斜地の崩壊", "区域区分": "土砂災害警戒区域", "区域名": "-", "所在地": "中野区上高田5", "告示日": "2018/1/30"}, "geometry": {"type": "Polygon", "coordinates": [[[139.676267962, 35.717555942], [139.676205453, 35.717801201], [139.676071411, 35.717754521], [139.675981584, 35.717627392], [139.676267962, 35.717555942]]]}}, {"id": "9371", "type": "Feature", "properties": {"現象の種類": "急傾斜地の崩壊", "区域区分": "土砂災害警戒区域", "区域名": "-", "所在地": "世田谷区大蔵3", "告示日": "2018/1/30"}, "geometry": {"type": "Polygon", "coordinates": [[[139.607961725, 35.633268844], [139.608288441, 35.633350226], [139.608226455, 35.633630556], [139.607817235, 35.63348168], [139.607961725, 35.633268844]]]}}, {"id": "9372", "type": "Feature", "properties": {"現象の種類": "急傾斜地の崩壊", "区域区分": "土砂災害警戒区域", "区域名": "-", "所在地": "世田谷区喜多見6", "告示日": "2018/1/30"}, "geometry": {"type": "Polygon", "coordinates": [[[139.604689647, 35.631604886], [139.604533992, 35.631771001], [139.604410039, 35.631710097], [139.604554034, 35.631544772], [139.604689647, 35.631604886]]]}}, {"id": "9373", "type": "Feature", "properties": {"現象の種類": "急傾斜地の崩壊", "区域区分": "土砂災害警戒区域", "区域名": "-", "所在地": "世田谷区喜多見6", "告示日": "2018/1/30"}, "geometry": {"type": "Polygon", "coordinates": [[[139.605196922, 35.630667785], [139.604648744, 35.631161829], [139.604437766, 35.630992494], [139.605056345, 35.630528603], [139.605196922, 35.630667785]]]}}, {"id": "9374", "type": "Feature", "properties": {"現象の種類": "急傾斜地の崩壊", "区域区分": "土砂災害警戒区域", "区域名": "-", "所在地": "世田谷区喜多見6", "告示日": "2018/1/30"}, "geometry": {"type": "Polygon", "coordinates": [[[139.604779225, 35.630976736], [139.604990366, 35.631185104], [139.604569164, 35.631540564], [139.60438022, 35.631372532], [139.604779225, 35.630976736]]]}}, {"id": "9375", "type": "Feature", "properties": {"現象の種類": "急傾斜地の崩壊", "区域区分": "土砂災害警戒区域", "区域名": "-", "所在地": "世田谷区大蔵6", "告示日": "2018/1/30"}, "geometry": {"type": "Polygon", "coordinates": [[[139.60962946, 35.625504665], [139.609755876, 35.62543116], [139.609864085, 35.62568296], [139.609757035, 35.625734595], [139.60962946, 35.625504665]]]}}, {"id": "9376", "type": "Feature", "properties": {"現象の種類": "急傾斜地の崩壊", "区域区分": "土砂災害警戒区域", "区域名": "-", "所在地": "世田谷区大蔵6", "告示日": "2018/1/30"}, "geometry": {"type": "Polygon", "coordinates": [[[139.609975263, 35.625359089], [139.610053258, 35.625309653], [139.610189494, 35.625536173], [139.610121214, 35.62556291], [139.609975263, 35.625359089]]]}}, {"id": "9377", "type": "Feature", "properties": {"現象の種類": "急傾斜地の崩壊", "区域区分": "土砂災害警戒区域", "区域名": "-", "所在地": "世田谷区岡本3", "告示日": "2018/1/30"}, "geometry": {"type": "Polygon", "coordinates": [[[139.612667855, 35.627783222], [139.613267427, 35.627881677], [139.613241962, 35.628035871], [139.613035947, 35.628144932], [139.612956244, 35.627887419], [139.612667855, 35.627783222]]]}}, {"id": "9378", "type": "Feature", "properties": {"現象の種類": "急傾斜地の崩壊", "区域区分": "土砂災害警戒区域", "区域名": "-", "所在地": "世田谷区岡本3", "告示日": "2018/1/30"}, "geometry": {"type": "Polygon", "coordinates": [[[139.613487024, 35.626702782], [139.613391263, 35.626855495], [139.612862464, 35.626720211], [139.612903466, 35.6266122], [139.612812514, 35.626637996], [139.612848453, 35.626516544], [139.613053381, 35.626569835], [139.613504038, 35.626442199], [139.613487024, 35.626702782]]]}}, {"id": "9379", "type": "Feature", "properties": {"現象の種類": "急傾斜地の崩壊", "区域区分": "土砂災害警戒区域", "区域名": "-", "所在地": "世田谷区岡本3", "告示日": "2018/1/30"}, "geometry": {"type": "Polygon", "coordinates": [[[139.613426122, 35.626463242], [139.613193372, 35.62652673], [139.613022045, 35.626573564], [139.613047553, 35.626370781], [139.613101341, 35.626381697], [139.613147518, 35.626279104], [139.613251829, 35.626229985], [139.613498054, 35.626299577], [139.613534233, 35.626489401], [139.613426122, 35.626463242]]]}}, {"id": "9380", "type": "Feature", "properties": {"現象の種類": "急傾斜地の崩壊", "区域区分": "土砂災害警戒区域", "区域名": "-", "所在地": "世田谷区岡本3", "告示日": "2018/1/30"}, "geometry": {"type": "Polygon", "coordinates": [[[139.615458744, 35.623843491], [139.615398063, 35.624091104], [139.615133739, 35.624048797], [139.615223462, 35.623736512], [139.615470865, 35.623672054], [139.615490709, 35.623876001], [139.615458744, 35.623843491]]]}}, {"id": "9381", "type": "Feature", "properties": {"現象の種類": "急傾斜地の崩壊", "区域区分": "土砂災害警戒区域", "区域名": "-", "所在地": "世田谷区岡本1", "告示日": "2018/1/30"}, "geometry": {"type": "Polygon", "coordinates": [[[139.618521456, 35.625274387], [139.618835213, 35.625187775], [139.619006145, 35.625252444], [139.618596764, 35.625342402], [139.618521456, 35.625274387]]]}}, {"id": "9382", "type": "Feature", "properties": {"現象の種類": "急傾斜地の崩壊", "区域区分": "土砂災害警戒区域", "区域名": "-", "所在地": "世田谷区岡本1", "告示日": "2018/1/30"}, "geometry": {"type": "Polygon", "coordinates": [[[139.61983049, 35.624649565], [139.619839386, 35.62479688], [139.619525935, 35.624804167], [139.619521422, 35.624652262], [139.61983049, 35.624649565]]]}}, {"id": "9383", "type": "Feature", "properties": {"現象の種類": "急傾斜地の崩壊", "区域区分": "土砂災害警戒区域", "区域名": "-", "所在地": "世田谷区岡本1", "告示日": "2018/1/30"}, "geometry": {"type": "Polygon", "coordinates": [[[139.619659751, 35.623999125], [139.619860393, 35.624191043], [139.619841295, 35.624215889], [139.619768854, 35.62423388], [139.619509442, 35.624123982], [139.619659751, 35.623999125]]]}}, {"id": "9384", "type": "Feature", "properties": {"現象の種類": "急傾斜地の崩壊", "区域区分": "土砂災害警戒区域", "区域名": "-", "所在地": "世田谷区岡本1", "告示日": "2018/1/30"}, "geometry": {"type": "Polygon", "coordinates": [[[139.620562613, 35.623518169], [139.620619687, 35.623766263], [139.620407237, 35.62387226], [139.620117638, 35.623985603], [139.619891193, 35.623805901], [139.620051605, 35.623613632], [139.620202243, 35.623535651], [139.620562613, 35.623518169]]]}}, {"id": "9385", "type": "Feature", "properties": {"現象の種類": "急傾斜地の崩壊", "区域区分": "土砂災害警戒区域", "区域名": "-", "所在地": "世田谷区岡本2", "告示日": "2018/1/30"}, "geometry": {"type": "Polygon", "coordinates": [[[139.618594431, 35.622639083], [139.618424896, 35.622667087], [139.618098776, 35.622375602], [139.618110289, 35.622292688], [139.618202436, 35.622260129], [139.618234372, 35.622303727], [139.618463025, 35.622199475], [139.618699193, 35.622247403], [139.618819118, 35.622485874], [139.618594431, 35.622639083]]]}}, {"id": "9386", "type": "Feature", "properties": {"現象の種類": "急傾斜地の崩壊", "区域区分": "土砂災害警戒区域", "区域名": "-", "所在地": "世田谷区瀬田4", "告示日": "2018/1/30"}, "geometry": {"type": "Polygon", "coordinates": [[[139.624556156, 35.619688607], [139.624850099, 35.619717422], [139.624849493, 35.619950901], [139.624584353, 35.620015888], [139.62429818, 35.619975006], [139.624187382, 35.619758732], [139.624556156, 35.619688607]]]}}, {"id": "9387", "type": "Feature", "properties": {"現象の種類": "急傾斜地の崩壊", "区域区分": "土砂災害警戒区域", "区域名": "-", "所在地": "世田谷区瀬田4", "告示日": "2018/1/30"}, "geometry": {"type": "Polygon", "coordinates": [[[139.625428987, 35.620261556], [139.625805098, 35.620207124], [139.62583955, 35.620264968], [139.625789407, 35.620359355], [139.625815873, 35.620477493], [139.625442415, 35.620561767], [139.625428987, 35.620261556]]]}}, {"id": "9388", "type": "Feature", "properties": {"現象の種類": "急傾斜地の崩壊", "区域区分": "土砂災害警戒区域", "区域名": "-", "所在地": "世田谷区瀬田4", "告示日": "2018/1/30"}, "geometry": {"type": "Polygon", "coordinates": [[[139.625397847, 35.620190917], [139.625371296, 35.619860033], [139.625644645, 35.619754222], [139.625712709, 35.619983131], [139.625812805, 35.620078769], [139.625758402, 35.6201306], [139.625436321, 35.62020721], [139.625397847, 35.620190917]]]}}, {"id": "9389", "type": "Feature", "properties": {"現象の種類": "急傾斜地の崩壊", "区域区分": "土砂災害警戒区域", "区域名": "-", "所在地": "世田谷区瀬田4", "告示日": "2018/1/30"}, "geometry": {"type": "Polygon", "coordinates": [[[139.625949534, 35.619493592], [139.625995295, 35.61972048], [139.62583652, 35.619746169], [139.625795067, 35.619543358], [139.625949534, 35.619493592]]]}}, {"id": "9390", "type": "Feature", "properties": {"現象の種類": "急傾斜地の崩壊", "区域区分": "土砂災害警戒区域", "区域名": "-", "所在地": "世田谷区瀬田4", "告示日": "2018/1/30"}, "geometry": {"type": "Polygon", "coordinates": [[[139.626753094, 35.619883775], [139.626690258, 35.619851485], [139.62672287, 35.619846042], [139.626666186, 35.619687377], [139.626827373, 35.619644383], [139.62697247, 35.619804101], [139.626767233, 35.619838546], [139.626753094, 35.619883775]]]}}, {"id": "9391", "type": "Feature", "properties": {"現象の種類": "急傾斜地の崩壊", "区域区分": "土砂災害警戒区域", "区域名": "-", "所在地": "世田谷区瀬田4", "告示日": "2018/1/30"}, "geometry": {"type": "Polygon", "coordinates": [[[139.627367064, 35.619393617], [139.627516064, 35.619629064], [139.627373695, 35.619683811], [139.627231758, 35.6194637], [139.627367064, 35.619393617]]]}}, {"id": "9392", "type": "Feature", "properties": {"現象の種類": "急傾斜地の崩壊", "区域区分": "土砂災害警戒区域", "区域名": "-", "所在地": "世田谷区瀬田4", "告示日": "2018/1/30"}, "geometry": {"type": "Polygon", "coordinates": [[[139.628237994, 35.618934544], [139.628496522, 35.619139346], [139.628588153, 35.619413187], [139.628555361, 35.619561152], [139.62827183, 35.619555081], [139.62823712, 35.619419531], [139.627970954, 35.619139172], [139.628030766, 35.618893985], [139.628237994, 35.618934544]]]}}, {"id": "9393", "type": "Feature", "properties": {"現象の種類": "急傾斜地の崩壊", "区域区分": "土砂災害警戒区域", "区域名": "-", "所在地": "世田谷区瀬田1", "告示日": "2018/1/30"}, "geometry": {"type": "Polygon", "coordinates": [[[139.630193141, 35.61420795], [139.630621108, 35.614302063], [139.630610138, 35.61439147], [139.630536682, 35.614419382], [139.630355363, 35.614362825], [139.630082263, 35.614199921], [139.630117832, 35.614140303], [139.630193141, 35.61420795]]]}}, {"id": "9394", "type": "Feature", "properties": {"現象の種類": "急傾斜地の崩壊", "区域区分": "土砂災害警戒区域", "区域名": "-", "所在地": "世田谷区瀬田1", "告示日": "2018/1/30"}, "geometry": {"type": "Polygon", "coordinates": [[[139.632285178, 35.612934351], [139.632440855, 35.613158535], [139.631978035, 35.613422253], [139.631763616, 35.613095743], [139.632199353, 35.612993794], [139.632285178, 35.612934351]]]}}, {"id": "9395", "type": "Feature", "properties": {"現象の種類": "急傾斜地の崩壊", "区域区分": "土砂災害警戒区域", "区域名": "-", "所在地": "世田谷区瀬田1", "告示日": "2018/1/30"}, "geometry": {"type": "Polygon", "coordinates": [[[139.632594933, 35.61293027], [139.633040878, 35.613005924], [139.633018765, 35.613110998], [139.6327984, 35.613268208], [139.632606284, 35.613306561], [139.632408342, 35.613198686], [139.632451288, 35.612955361], [139.632564195, 35.612879105], [139.632594933, 35.61293027]]]}}, {"id": "9396", "type": "Feature", "properties": {"現象の種類": "急傾斜地の崩壊", "区域区分": "土砂災害警戒区域", "区域名": "-", "所在地": "世田谷区瀬田1", "告示日": "2018/1/30"}, "geometry": {"type": "Polygon", "coordinates": [[[139.632937399, 35.612915875], [139.632811944, 35.612839583], [139.632617219, 35.612683485], [139.632691602, 35.61272102], [139.632771334, 35.612694559], [139.632937399, 35.612915875]]]}}, {"id": "9397", "type": "Feature", "properties": {"現象の種類": "急傾斜地の崩壊", "区域区分": "土砂災害警戒区域", "区域名": "-", "所在地": "世田谷区上野毛3", "告示日": "2018/1/30"}, "geometry": {"type": "Polygon", "coordinates": [[[139.634742047, 35.612882714], [139.634999294, 35.612941192], [139.634925724, 35.613126954], [139.63467202, 35.613071366], [139.634742047, 35.612882714]]]}}, {"id": "9398", "type": "Feature", "properties": {"現象の種類": "急傾斜地の崩壊", "区域区分": "土砂災害警戒区域", "区域名": "-", "所在地": "世田谷区上野毛3", "告示日": "2018/1/30"}, "geometry": {"type": "Polygon", "coordinates": [[[139.634863113, 35.612562172], [139.635099882, 35.6126171], [139.635068442, 35.612739378], [139.635032806, 35.612791243], [139.634772535, 35.612851123], [139.634863113, 35.612562172]]]}}, {"id": "9399", "type": "Feature", "properties": {"現象の種類": "急傾斜地の崩壊", "区域区分": "土砂災害警戒区域", "区域名": "-", "所在地": "世田谷区上野毛3　上野毛2", "告示日": "2018/1/30"}, "geometry": {"type": "Polygon", "coordinates": [[[139.635859957, 35.610649273], [139.636068454, 35.610425149], [139.636471914, 35.610557423], [139.636651064, 35.610717275], [139.636504031, 35.610863614], [139.636247453, 35.610683261], [139.636080035, 35.610899971], [139.635800041, 35.610985873], [139.63562429, 35.610925276], [139.635793631, 35.610741564], [139.635802493, 35.610655218], [139.635859957, 35.610649273]]]}}, {"id": "9400", "type": "Feature", "properties": {"現象の種類": "急傾斜地の崩壊", "区域区分": "土砂災害警戒区域", "区域名": "-", "所在地": "世田谷区上野毛2　上野毛3", "告示日": "2018/1/30"}, "geometry": {"type": "Polygon", "coordinates": [[[139.636073064, 35.61062411], [139.635964115, 35.610611311], [139.635800155, 35.610384053], [139.635971131, 35.610238205], [139.636587923, 35.610476029], [139.636406368, 35.610666483], [139.636151176, 35.61055176], [139.636073064, 35.61062411]]]}}, {"id": "9401", "type": "Feature", "properties": {"現象の種類": "急傾斜地の崩壊", "区域区分": "土砂災害警戒区域", "区域名": "-", "所在地": "世田谷区上野毛2", "告示日": "2018/1/30"}, "geometry": {"type": "Polygon", "coordinates": [[[139.63660233, 35.608979436], [139.636624525, 35.608950355], [139.636722933, 35.608991352], [139.636775949, 35.608905348], [139.637205068, 35.609041268], [139.637107989, 35.609163889], [139.637191015, 35.609203509], [139.637174824, 35.609234764], [139.63660233, 35.608979436]]]}}, {"id": "9402", "type": "Feature", "properties": {"現象の種類": "急傾斜地の崩壊", "区域区分": "土砂災害警戒区域", "区域名": "-", "所在地": "世田谷区上野毛2", "告示日": "2018/1/30"}, "geometry": {"type": "Polygon", "coordinates": [[[139.637335546, 35.607617431], [139.637397443, 35.607920785], [139.637472442, 35.608078213], [139.636823391, 35.608082656], [139.636818317, 35.60803532], [139.63699856, 35.608006767], [139.637095918, 35.60784349], [139.636905511, 35.607747443], [139.63688174, 35.607676639], [139.637335546, 35.607617431]]]}}, {"id": "9403", "type": "Feature", "properties": {"現象の種類": "急傾斜地の崩壊", "区域区分": "土砂災害警戒区域", "区域名": "-", "所在地": "世田谷区野毛3　上野毛2", "告示日": "2018/1/30"}, "geometry": {"type": "Polygon", "coordinates": [[[139.637147179, 35.606984113], [139.63746483, 35.607092536], [139.637516055, 35.607217112], [139.637268927, 35.60727179], [139.637120384, 35.60703311], [139.637147179, 35.606984113]]]}}, {"id": "9404", "type": "Feature", "properties": {"現象の種類": "急傾斜地の崩壊", "区域区分": "土砂災害警戒区域", "区域名": "-", "所在地": "世田谷区野毛3", "告示日": "2018/1/30"}, "geometry": {"type": "Polygon", "coordinates": [[[139.63837618, 35.605054171], [139.638566488, 35.605377024], [139.638438548, 35.60546435], [139.638043087, 35.605196695], [139.638192559, 35.605090023], [139.63837618, 35.605054171]]]}}, {"id": "9405", "type": "Feature", "properties": {"現象の種類": "急傾斜地の崩壊", "区域区分": "土砂災害警戒区域", "区域名": "-", "所在地": "世田谷区野毛2", "告示日": "2018/1/30"}, "geometry": {"type": "Polygon", "coordinates": [[[139.638956342, 35.604727244], [139.639127694, 35.604908355], [139.639060387, 35.60503346], [139.638738708, 35.604748528], [139.638956342, 35.604727244]]]}}, {"id": "9406", "type": "Feature", "properties": {"現象の種類": "急傾斜地の崩壊", "区域区分": "土砂災害警戒区域", "区域名": "-", "所在地": "世田谷区野毛2", "告示日": "2018/1/30"}, "geometry": {"type": "Polygon", "coordinates": [[[139.639715262, 35.604339302], [139.639804095, 35.604574547], [139.639623282, 35.604616896], [139.639522789, 35.604384877], [139.639715262, 35.604339302]]]}}, {"id": "9407", "type": "Feature", "properties": {"現象の種類": "急傾斜地の崩壊", "区域区分": "土砂災害警戒区域", "区域名": "-", "所在地": "世田谷区野毛2", "告示日": "2018/1/30"}, "geometry": {"type": "Polygon", "coordinates": [[[139.640697053, 35.603906277], [139.641046322, 35.603999866], [139.640934937, 35.60420919], [139.640791533, 35.60433129], [139.640788409, 35.604571256], [139.640685213, 35.604629957], [139.640386073, 35.60458711], [139.640374625, 35.604501812], [139.640479809, 35.604335479], [139.640442409, 35.604252755], [139.640577275, 35.604122618], [139.640697053, 35.603906277]]]}}, {"id": "9408", "type": "Feature", "properties": {"現象の種類": "急傾斜地の崩壊", "区域区分": "土砂災害警戒区域", "区域名": "-", "所在地": "世田谷区野毛2", "告示日": "2018/1/30"}, "geometry": {"type": "Polygon", "coordinates": [[[139.641649358, 35.60323548], [139.64153918, 35.603435882], [139.641393095, 35.603385347], [139.641322837, 35.603261554], [139.641018157, 35.603101147], [139.641118472, 35.603104012], [139.6411284, 35.60302596], [139.641349247, 35.602762272], [139.641516958, 35.602905692], [139.641405671, 35.602998907], [139.641649358, 35.60323548]]]}}, {"id": "9409", "type": "Feature", "properties": {"現象の種類": "急傾斜地の崩壊", "区域区分": "土砂災害警戒区域", "区域名": "-", "所在地": "世田谷区等々力1", "告示日": "2018/1/30"}, "geometry": {"type": "Polygon", "coordinates": [[[139.650029174, 35.602489301], [139.650085982, 35.602648316], [139.649980943, 35.60268097], [139.650034535, 35.602812846], [139.649752994, 35.602877594], [139.649612315, 35.60265093], [139.64980491, 35.6025078], [139.650029174, 35.602489301]]]}}, {"id": "9410", "type": "Feature", "properties": {"現象の種類": "急傾斜地の崩壊", "区域区分": "土砂災害警戒区域", "区域名": "-", "所在地": "世田谷区尾山台2", "告示日": "2018/1/30"}, "geometry": {"type": "Polygon", "coordinates": [[[139.655019316, 35.600351922], [139.654887386, 35.600362274], [139.654859007, 35.600515481], [139.654770964, 35.600521661], [139.654688097, 35.600205754], [139.655069147, 35.600212989], [139.655019316, 35.600351922]]]}}, {"id": "9411", "type": "Feature", "properties": {"現象の種類": "急傾斜地の崩壊", "区域区分": "土砂災害警戒区域", "区域名": "-", "所在地": "世田谷区尾山台1", "告示日": "2018/1/30"}, "geometry": {"type": "Polygon", "coordinates": [[[139.658054817, 35.600232513], [139.658153569, 35.600408443], [139.657849556, 35.600515546], [139.657752128, 35.600358819], [139.658054817, 35.600232513]]]}}, {"id": "9412", "type": "Feature", "properties": {"現象の種類": "急傾斜地の崩壊", "区域区分": "土砂災害警戒区域", "区域名": "-", "所在地": "世田谷区尾山台1　玉川田園調布1", "告示日": "2018/1/30"}, "geometry": {"type": "Polygon", "coordinates": [[[139.658187551, 35.600897359], [139.658277331, 35.600804548], [139.658414955, 35.600562613], [139.658448887, 35.600991672], [139.658187551, 35.600897359]]]}}, {"id": "9413", "type": "Feature", "properties": {"現象の種類": "急傾斜地の崩壊", "区域区分": "土砂災害警戒区域", "区域名": "-", "所在地": "世田谷区尾山台2　等々力1", "告示日": "2018/1/30"}, "geometry": {"type": "Polygon", "coordinates": [[[139.651063718, 35.601841902], [139.651398264, 35.601684741], [139.651680135, 35.601672906], [139.651717265, 35.601718486], [139.651426042, 35.601960813], [139.651435905, 35.602027266], [139.65118759, 35.602094501], [139.651063718, 35.601841902]]]}}, {"id": "9414", "type": "Feature", "properties": {"現象の種類": "急傾斜地の崩壊", "区域区分": "土砂災害警戒区域", "区域名": "-", "所在地": "世田谷区成城1", "告示日": "2018/1/30"}, "geometry": {"type": "Polygon", "coordinates": [[[139.602996128, 35.631891481], [139.603027597, 35.631842051], [139.603073738, 35.631853047], [139.603141285, 35.632148135], [139.603021328, 35.632186308], [139.602996128, 35.631891481]]]}}, {"id": "9415", "type": "Feature", "properties": {"現象の種類": "急傾斜地の崩壊", "区域区分": "土砂災害警戒区域", "区域名": "-", "所在地": "世田谷区瀬田1", "告示日": "2018/1/30"}, "geometry": {"type": "Polygon", "coordinates": [[[139.630205221, 35.614831966], [139.630328491, 35.614764113], [139.630352667, 35.614817521], [139.630478273, 35.614726233], [139.630608007, 35.614875464], [139.630550062, 35.61488997], [139.63061254, 35.6149914], [139.6303499, 35.615047751], [139.630205221, 35.614831966]]]}}, {"id": "9416", "type": "Feature", "properties": {"現象の種類": "急傾斜地の崩壊", "区域区分": "土砂災害警戒区域", "区域名": "-", "所在地": "世田谷区上野毛3", "告示日": "2018/1/30"}, "geometry": {"type": "Polygon", "coordinates": [[[139.635251792, 35.610826945], [139.635278479, 35.610785612], [139.635572209, 35.610778432], [139.635761748, 35.610859694], [139.635627173, 35.610900761], [139.635381477, 35.610812374], [139.635251792, 35.610826945]]]}}, {"id": "9419", "type": "Feature", "properties": {"現象の種類": "急傾斜地の崩壊", "区域区分": "土砂災害警戒区域", "区域名": "-", "所在地": "中野区上高田4", "告示日": "2018/1/30"}, "geometry": {"type": "Polygon", "coordinates": [[[139.677737926, 35.71349152], [139.678070187, 35.713505484], [139.678107289, 35.713628101], [139.677791017, 35.713634123], [139.677737926, 35.71349152]]]}}, {"id": "9424", "type": "Feature", "properties": {"現象の種類": "急傾斜地の崩壊", "区域区分": "土砂災害警戒区域", "区域名": "-", "所在地": "中野区松が丘2", "告示日": "2018/1/30"}, "geometry": {"type": "Polygon", "coordinates": [[[139.67009402, 35.723831673], [139.669978873, 35.723651367], [139.670530235, 35.723239359], [139.670759673, 35.723427076], [139.670255109, 35.723764669], [139.67009402, 35.723831673]]]}}, {"id": "9425", "type": "Feature", "properties": {"現象の種類": "急傾斜地の崩壊", "区域区分": "土砂災害警戒区域", "区域名": "-", "所在地": "中野区松が丘2", "告示日": "2018/1/30"}, "geometry": {"type": "Polygon", "coordinates": [[[139.670659995, 35.722812481], [139.670891923, 35.722948045], [139.670827139, 35.723098829], [139.670531081, 35.723061723], [139.670659995, 35.722812481]]]}}, {"id": "9426", "type": "Feature", "properties": {"現象の種類": "急傾斜地の崩壊", "区域区分": "土砂災害警戒区域", "区域名": "-", "所在地": "中野区松が丘1", "告示日": "2018/1/30"}, "geometry": {"type": "Polygon", "coordinates": [[[139.672156088, 35.720355941], [139.671914209, 35.720219374], [139.672203132, 35.720080866], [139.672310687, 35.720278586], [139.672156088, 35.720355941]]]}}, {"id": "9427", "type": "Feature", "properties": {"現象の種類": "急傾斜地の崩壊", "区域区分": "土砂災害警戒区域", "区域名": "-", "所在地": "中野区松が丘1", "告示日": "2018/1/30"}, "geometry": {"type": "Polygon", "coordinates": [[[139.67315505, 35.719902959], [139.67262545, 35.719981948], [139.672579716, 35.719847292], [139.673056335, 35.719565183], [139.673214503, 35.719771316], [139.673135185, 35.719845501], [139.67315505, 35.719902959]]]}}, {"id": "9428", "type": "Feature", "properties": {"現象の種類": "急傾斜地の崩壊", "区域区分": "土砂災害警戒区域", "区域名": "-", "所在地": "中野区上高田5", "告示日": "2018/1/30"}, "geometry": {"type": "Polygon", "coordinates": [[[139.677377212, 35.71912276], [139.677260477, 35.719094533], [139.677071885, 35.718970755], [139.677204561, 35.71894138], [139.677319859, 35.718835674], [139.677383497, 35.718852326], [139.677456514, 35.718685788], [139.677723921, 35.718788427], [139.677377212, 35.71912276]]]}}, {"id": "9429", "type": "Feature", "properties": {"現象の種類": "急傾斜地の崩壊", "区域区分": "土砂災害警戒区域", "区域名": "-", "所在地": "中野区上高田5", "告示日": "2018/1/30"}, "geometry": {"type": "Polygon", "coordinates": [[[139.6768571, 35.718433633], [139.676838874, 35.718662775], [139.676803607, 35.718661484], [139.676814735, 35.718421895], [139.6768571, 35.718433633]]]}}, {"id": "9430", "type": "Feature", "properties": {"現象の種類": "急傾斜地の崩壊", "区域区分": "土砂災害警戒区域", "区域名": "-", "所在地": "中野区上高田4", "告示日": "2018/1/30"}, "geometry": {"type": "Polygon", "coordinates": [[[139.679076422, 35.713416726], [139.67900055, 35.71344953], [139.679048933, 35.713588486], [139.678950232, 35.713654073], [139.678371338, 35.713723391], [139.678264062, 35.713661168], [139.678228018, 35.713426833], [139.678537816, 35.713319947], [139.678942752, 35.713296936], [139.678944197, 35.71325478], [139.679007109, 35.713238635], [139.679076422, 35.713416726]]]}}, {"id": "9431", "type": "Feature", "properties": {"現象の種類": "急傾斜地の崩壊", "区域区分": "土砂災害警戒区域", "区域名": "-", "所在地": "中野区上高田4", "告示日": "2018/1/30"}, "geometry": {"type": "Polygon", "coordinates": [[[139.680140691, 35.713049141], [139.68037757, 35.713087528], [139.68038162, 35.713318246], [139.680149512, 35.713374857], [139.680140691, 35.713049141]]]}}, {"id": "9432", "type": "Feature", "properties": {"現象の種類": "急傾斜地の崩壊", "区域区分": "土砂災害警戒区域", "区域名": "-", "所在地": "中野区上高田4", "告示日": "2018/1/30"}, "geometry": {"type": "Polygon", "coordinates": [[[139.680996481, 35.713264097], [139.680662221, 35.713294929], [139.680337492, 35.713226494], [139.68043266, 35.71303637], [139.680988462, 35.713007796], [139.681038222, 35.713211068], [139.680996481, 35.713264097]]]}}, {"id": "9433", "type": "Feature", "properties": {"現象の種類": "急傾斜地の崩壊", "区域区分": "土砂災害警戒区域", "区域名": "-", "所在地": "中野区上高田4", "告示日": "2018/1/30"}, "geometry": {"type": "Polygon", "coordinates": [[[139.681463981, 35.713085524], [139.681337989, 35.713147875], [139.6812815, 35.713033566], [139.681235674, 35.713039513], [139.681176122, 35.712879292], [139.681264873, 35.712854755], [139.681240821, 35.712750797], [139.681387652, 35.71282081], [139.681463981, 35.713085524]]]}}, {"id": "9434", "type": "Feature", "properties": {"現象の種類": "急傾斜地の崩壊", "区域区分": "土砂災害警戒区域", "区域名": "-", "所在地": "中野区上高田4", "告示日": "2018/1/30"}, "geometry": {"type": "Polygon", "coordinates": [[[139.680045579, 35.711801258], [139.680537908, 35.711953183], [139.68065445, 35.712081314], [139.680603723, 35.712180838], [139.680787475, 35.712346913], [139.680585864, 35.712501061], [139.680337742, 35.712315432], [139.680244469, 35.712166562], [139.680270809, 35.712134165], [139.679973523, 35.712052018], [139.680045579, 35.711801258]]]}}, {"id": "9435", "type": "Feature", "properties": {"現象の種類": "急傾斜地の崩壊", "区域区分": "土砂災害警戒区域", "区域名": "-", "所在地": "中野区中央1", "告示日": "2018/1/30"}, "geometry": {"type": "Polygon", "coordinates": [[[139.687009483, 35.700268695], [139.687017359, 35.700450371], [139.686725962, 35.700462384], [139.686762898, 35.70042634], [139.686705718, 35.700343174], [139.686771605, 35.700185985], [139.687009483, 35.700268695]]]}}, {"id": "9436", "type": "Feature", "properties": {"現象の種類": "急傾斜地の崩壊", "区域区分": "土砂災害警戒区域", "区域名": "-", "所在地": "中野区中央2", "告示日": "2018/1/30"}, "geometry": {"type": "Polygon", "coordinates": [[[139.679903564, 35.698974244], [139.680021598, 35.699209865], [139.679693333, 35.699064616], [139.679903564, 35.698974244]]]}}, {"id": "9437", "type": "Feature", "properties": {"現象の種類": "急傾斜地の崩壊", "区域区分": "土砂災害警戒区域", "区域名": "-", "所在地": "中野区本町5", "告示日": "2018/1/30"}, "geometry": {"type": "Polygon", "coordinates": [[[139.672921002, 35.693602192], [139.673003286, 35.693758074], [139.673215951, 35.693880205], [139.673124185, 35.694064811], [139.672804073, 35.693911595], [139.672727906, 35.69376974], [139.67270373, 35.693693019], [139.672768494, 35.693665945], [139.672821098, 35.693549502], [139.672921002, 35.693602192]]]}}, {"id": "9438", "type": "Feature", "properties": {"現象の種類": "急傾斜地の崩壊", "区域区分": "土砂災害警戒区域", "区域名": "-", "所在地": "中野区本町5", "告示日": "2018/1/30"}, "geometry": {"type": "Polygon", "coordinates": [[[139.672750103, 35.693370153], [139.67282445, 35.693499345], [139.672590922, 35.693578725], [139.672532318, 35.693451906], [139.672750103, 35.693370153]]]}}, {"id": "9439", "type": "Feature", "properties": {"現象の種類": "急傾斜地の崩壊", "区域区分": "土砂災害警戒区域", "区域名": "-", "所在地": "中野区弥生町5", "告示日": "2018/1/30"}, "geometry": {"type": "Polygon", "coordinates": [[[139.66596699, 35.687677678], [139.665934991, 35.687995563], [139.665714573, 35.687920972], [139.665723075, 35.68774041], [139.665685533, 35.687741464], [139.665611276, 35.687536946], [139.665580044, 35.687260327], [139.665818065, 35.687225027], [139.665871676, 35.687491504], [139.66596699, 35.687677678]]]}}, {"id": "9440", "type": "Feature", "properties": {"現象の種類": "急傾斜地の崩壊", "区域区分": "土砂災害警戒区域", "区域名": "-", "所在地": "中野区弥生町6", "告示日": "2018/1/30"}, "geometry": {"type": "Polygon", "coordinates": [[[139.662039595, 35.686828856], [139.662094923, 35.686964048], [139.662221776, 35.686997812], [139.662226291, 35.687142922], [139.662000936, 35.687187085], [139.661812102, 35.687112362], [139.661764596, 35.68687873], [139.662039595, 35.686828856]]]}}, {"id": "9442", "type": "Feature", "properties": {"現象の種類": "急傾斜地の崩壊", "区域区分": "土砂災害警戒区域", "区域名": "-", "所在地": "中野区弥生町6", "告示日": "2018/1/30"}, "geometry": {"type": "Polygon", "coordinates": [[[139.662890616, 35.685866214], [139.663195288, 35.686644974], [139.662872682, 35.686727878], [139.662634946, 35.686095004], [139.66241024, 35.685701961], [139.662341937, 35.685670752], [139.662295636, 35.685469823], [139.66261028, 35.685402867], [139.662673444, 35.685566449], [139.662890616, 35.685866214]]]}}, {"id": "10388", "type": "Feature", "properties": {"現象の種類": "急傾斜地の崩壊", "区域区分": "土砂災害警戒区域", "区域名": "-", "所在地": "大田区田園調布1", "告示日": "2018/5/31"}, "geometry": {"type": "Polygon", "coordinates": [[[139.665658486, 35.590364834], [139.665595755, 35.590564343], [139.665466588, 35.590639638], [139.66533797, 35.59087384], [139.665113948, 35.59105486], [139.665058146, 35.591173042], [139.664790258, 35.591066472], [139.665013615, 35.590582677], [139.665128079, 35.590478664], [139.665149087, 35.590333765], [139.665599423, 35.590223531], [139.665658486, 35.590364834]]]}}, {"id": "10389", "type": "Feature", "properties": {"現象の種類": "急傾斜地の崩壊", "区域区分": "土砂災害警戒区域", "区域名": "-", "所在地": "大田区田園調布5", "告示日": "2018/5/31"}, "geometry": {"type": "Polygon", "coordinates": [[[139.660144584, 35.598146362], [139.660327926, 35.5983594], [139.660042677, 35.598507081], [139.659989104, 35.598394223], [139.660023976, 35.598377598], [139.659990641, 35.59815016], [139.660144584, 35.598146362]]]}}, {"id": "10390", "type": "Feature", "properties": {"現象の種類": "急傾斜地の崩壊", "区域区分": "土砂災害警戒区域", "区域名": "-", "所在地": "大田区田園調布5", "告示日": "2018/5/31"}, "geometry": {"type": "Polygon", "coordinates": [[[139.658233663, 35.596907249], [139.658012975, 35.596892551], [139.65797145, 35.596838693], [139.6580413, 35.596614147], [139.658160083, 35.596566015], [139.658244486, 35.596627867], [139.658365842, 35.596625172], [139.658233663, 35.596907249]]]}}, {"id": "10391", "type": "Feature", "properties": {"現象の種類": "急傾斜地の崩壊", "区域区分": "土砂災害警戒区域", "区域名": "-", "所在地": "大田区田園調布5", "告示日": "2018/5/31"}, "geometry": {"type": "Polygon", "coordinates": [[[139.657055835, 35.595576839], [139.657178799, 35.595432928], [139.657350554, 35.595516136], [139.657260806, 35.595681211], [139.657055835, 35.595576839]]]}}, {"id": "10392", "type": "Feature", "properties": {"現象の種類": "急傾斜地の崩壊", "区域区分": "土砂災害警戒区域", "区域名": "-", "所在地": "大田区田園調布5", "告示日": "2018/5/31"}, "geometry": {"type": "Polygon", "coordinates": [[[139.659222162, 35.595803685], [139.659384061, 35.596029814], [139.659123456, 35.596149669], [139.658904859, 35.595915615], [139.658752675, 35.595836488], [139.658774667, 35.595682075], [139.658921273, 35.595662927], [139.659244908, 35.595715494], [139.659222162, 35.595803685]]]}}, {"id": "10393", "type": "Feature", "properties": {"現象の種類": "急傾斜地の崩壊", "区域区分": "土砂災害警戒区域", "区域名": "-", "所在地": "大田区田園調布5", "告示日": "2018/5/31"}, "geometry": {"type": "Polygon", "coordinates": [[[139.65896402, 35.595153437], [139.659244714, 35.595309339], [139.659257165, 35.59553331], [139.659218992, 35.595571765], [139.658890208, 35.595565018], [139.658857156, 35.595404362], [139.658787479, 35.595391363], [139.658850338, 35.595358326], [139.65896402, 35.595153437]]]}}, {"id": "10394", "type": "Feature", "properties": {"現象の種類": "急傾斜地の崩壊", "区域区分": "土砂災害警戒区域", "区域名": "-", "所在地": "大田区田園調布4", "告示日": "2018/5/31"}, "geometry": {"type": "Polygon", "coordinates": [[[139.664453627, 35.592793193], [139.664148689, 35.593296988], [139.663889447, 35.593209798], [139.664061909, 35.592856028], [139.664290024, 35.592593181], [139.664555444, 35.592737608], [139.664453627, 35.592793193]]]}}, {"id": "10395", "type": "Feature", "properties": {"現象の種類": "急傾斜地の崩壊", "区域区分": "土砂災害警戒区域", "区域名": "-", "所在地": "大田区田園調布4", "告示日": "2018/5/31"}, "geometry": {"type": "Polygon", "coordinates": [[[139.665116523, 35.592112177], [139.665098068, 35.592179479], [139.664964818, 35.59226142], [139.664731372, 35.592126786], [139.665127001, 35.591750434], [139.665366961, 35.591897745], [139.665116523, 35.592112177]]]}}, {"id": "10396", "type": "Feature", "properties": {"現象の種類": "急傾斜地の崩壊", "区域区分": "土砂災害警戒区域", "区域名": "-", "所在地": "大田区田園調布3", "告示日": "2018/5/31"}, "geometry": {"type": "Polygon", "coordinates": [[[139.66774077, 35.591048303], [139.667237113, 35.591030322], [139.667033917, 35.591137835], [139.666715184, 35.59140269], [139.666680979, 35.59136494], [139.666546817, 35.591422414], [139.666321481, 35.59131622], [139.666303784, 35.591235319], [139.666476312, 35.591119959], [139.666443599, 35.591077147], [139.6666001, 35.591003731], [139.667163249, 35.590814099], [139.667707454, 35.590705051], [139.667800887, 35.590764329], [139.667817193, 35.590938383], [139.66774077, 35.591048303]]]}}, {"id": "10397", "type": "Feature", "properties": {"現象の種類": "急傾斜地の崩壊", "区域区分": "土砂災害警戒区域", "区域名": "-", "所在地": "大田区田園調布3", "告示日": "2018/5/31"}, "geometry": {"type": "Polygon", "coordinates": [[[139.667652381, 35.590954194], [139.667759778, 35.590974892], [139.667818834, 35.590933378], [139.668003786, 35.590985186], [139.668043745, 35.591069574], [139.667901213, 35.591221765], [139.667625069, 35.591143085], [139.667652381, 35.590954194]]]}}, {"id": "10398", "type": "Feature", "properties": {"現象の種類": "急傾斜地の崩壊", "区域区分": "土砂災害警戒区域", "区域名": "-", "所在地": "大田区田園調布2", "告示日": "2018/5/31"}, "geometry": {"type": "Polygon", "coordinates": [[[139.668963119, 35.592728427], [139.668976381, 35.593269323], [139.668694783, 35.593297259], [139.668543747, 35.592771128], [139.668565099, 35.592610687], [139.668632883, 35.592602774], [139.66860173, 35.592504809], [139.668500483, 35.592472954], [139.668503299, 35.592296349], [139.668905294, 35.592276089], [139.668887003, 35.592416551], [139.668963119, 35.592728427]]]}}, {"id": "10399", "type": "Feature", "properties": {"現象の種類": "急傾斜地の崩壊", "区域区分": "土砂災害警戒区域", "区域名": "-", "所在地": "目黒区中目黒1", "告示日": "2018/5/31"}, "geometry": {"type": "Polygon", "coordinates": [[[139.70242667, 35.64476694], [139.702695666, 35.64495675], [139.702723599, 35.645091638], [139.702428336, 35.645244567], [139.702145702, 35.645159082], [139.702280273, 35.644812566], [139.70242667, 35.64476694]]]}}, {"id": "10400", "type": "Feature", "properties": {"現象の種類": "急傾斜地の崩壊", "区域区分": "土砂災害警戒区域", "区域名": "-", "所在地": "大田区田園調布2", "告示日": "2018/5/31"}, "geometry": {"type": "Polygon", "coordinates": [[[139.668725594, 35.591718964], [139.668763542, 35.591729236], [139.668783848, 35.591922495], [139.668719355, 35.592053001], [139.66874503, 35.592153297], [139.668312572, 35.592143013], [139.668391117, 35.591685152], [139.668467144, 35.591685971], [139.668490597, 35.591351566], [139.668585684, 35.591206407], [139.668850873, 35.591239184], [139.668869553, 35.591402316], [139.668725594, 35.591718964]]]}}, {"id": "10401", "type": "Feature", "properties": {"現象の種類": "急傾斜地の崩壊", "区域区分": "土砂災害警戒区域", "区域名": "-", "所在地": "大田区田園調布1", "告示日": "2018/5/31"}, "geometry": {"type": "Polygon", "coordinates": [[[139.667320609, 35.588163548], [139.667520205, 35.588356214], [139.667475274, 35.588482739], [139.667317902, 35.588569286], [139.667140649, 35.588826287], [139.66673999, 35.589215157], [139.666544533, 35.589274569], [139.666470089, 35.589541229], [139.66628287, 35.589609576], [139.665952551, 35.589262138], [139.665959185, 35.589149546], [139.666033547, 35.589037062], [139.666996515, 35.588239064], [139.667163721, 35.588158814], [139.667320609, 35.588163548]]]}}, {"id": "10402", "type": "Feature", "properties": {"現象の種類": "急傾斜地の崩壊", "区域区分": "土砂災害警戒区域", "区域名": "-", "所在地": "大田区田園調布1", "告示日": "2018/5/31"}, "geometry": {"type": "Polygon", "coordinates": [[[139.66774577, 35.589490944], [139.667420179, 35.589658858], [139.667178389, 35.589554234], [139.667156232, 35.589297065], [139.667313158, 35.589281421], [139.667372658, 35.58913029], [139.667593274, 35.58887177], [139.668026367, 35.589123962], [139.667974438, 35.589099726], [139.667841239, 35.589205802], [139.66774577, 35.589490944]]]}}, {"id": "10403", "type": "Feature", "properties": {"現象の種類": "急傾斜地の崩壊", "区域区分": "土砂災害警戒区域", "区域名": "-", "所在地": "大田区田園調布1", "告示日": "2018/5/31"}, "geometry": {"type": "Polygon", "coordinates": [[[139.668989279, 35.587296636], [139.669259456, 35.587363979], [139.66912793, 35.587701086], [139.669127138, 35.587827783], [139.668811726, 35.587765611], [139.668989279, 35.587296636]]]}}, {"id": "10404", "type": "Feature", "properties": {"現象の種類": "急傾斜地の崩壊", "区域区分": "土砂災害警戒区域", "区域名": "-", "所在地": "大田区田園調布1", "告示日": "2018/5/31"}, "geometry": {"type": "Polygon", "coordinates": [[[139.668940287, 35.587162348], [139.669212739, 35.587223444], [139.669186457, 35.587345784], [139.669099338, 35.587454404], [139.668856838, 35.5873846], [139.668940287, 35.587162348]]]}}, {"id": "10405", "type": "Feature", "properties": {"現象の種類": "急傾斜地の崩壊", "区域区分": "土砂災害警戒区域", "区域名": "-", "所在地": "大田区田園調布本町", "告示日": "2018/5/31"}, "geometry": {"type": "Polygon", "coordinates": [[[139.674733164, 35.582804859], [139.674322875, 35.583061295], [139.67420277, 35.582973822], [139.674234777, 35.582854754], [139.674377483, 35.582666646], [139.674683647, 35.582586308], [139.674939125, 35.582673578], [139.674833626, 35.582790558], [139.674733164, 35.582804859]]]}}, {"id": "10406", "type": "Feature", "properties": {"現象の種類": "急傾斜地の崩壊", "区域区分": "土砂災害警戒区域", "区域名": "-", "所在地": "大田区田園調布南", "告示日": "2018/5/31"}, "geometry": {"type": "Polygon", "coordinates": [[[139.675793986, 35.581773086], [139.675772452, 35.581409381], [139.675734531, 35.581379061], [139.676296326, 35.580898438], [139.676355736, 35.580928502], [139.67653159, 35.580810314], [139.67669233, 35.581036313], [139.676115151, 35.581527299], [139.675970495, 35.581802749], [139.675793986, 35.581773086]]]}}, {"id": "10407", "type": "Feature", "properties": {"現象の種類": "急傾斜地の崩壊", "区域区分": "土砂災害警戒区域", "区域名": "-", "所在地": "大田区西嶺町　鵜の木3", "告示日": "2018/5/31"}, "geometry": {"type": "Polygon", "coordinates": [[[139.678939556, 35.579036152], [139.679203825, 35.579173745], [139.678939414, 35.579406732], [139.678801103, 35.579626508], [139.678570333, 35.579601401], [139.678528569, 35.579541229], [139.678552826, 35.579432539], [139.678826676, 35.579106535], [139.678939556, 35.579036152]]]}}, {"id": "10408", "type": "Feature", "properties": {"現象の種類": "急傾斜地の崩壊", "区域区分": "土砂災害警戒区域", "区域名": "-", "所在地": "大田区鵜の木1", "告示日": "2018/5/31"}, "geometry": {"type": "Polygon", "coordinates": [[[139.680837507, 35.576906327], [139.681215805, 35.577045469], [139.681153387, 35.577154772], [139.680801591, 35.577033552], [139.680837507, 35.576906327]]]}}, {"id": "10409", "type": "Feature", "properties": {"現象の種類": "急傾斜地の崩壊", "区域区分": "土砂災害警戒区域", "区域名": "-", "所在地": "大田区鵜の木1", "告示日": "2018/5/31"}, "geometry": {"type": "Polygon", "coordinates": [[[139.681190649, 35.57649691], [139.681452513, 35.576640809], [139.681382463, 35.576748149], [139.681096791, 35.576596103], [139.681190649, 35.57649691]]]}}, {"id": "10410", "type": "Feature", "properties": {"現象の種類": "急傾斜地の崩壊", "区域区分": "土砂災害警戒区域", "区域名": "-", "所在地": "目黒区中目黒1", "告示日": "2018/5/31"}, "geometry": {"type": "Polygon", "coordinates": [[[139.703528645, 35.644128526], [139.703332343, 35.644321313], [139.703189836, 35.64432503], [139.70317847, 35.644095365], [139.703208161, 35.644117001], [139.703323278, 35.643979242], [139.703528645, 35.644128526]]]}}, {"id": "10411", "type": "Feature", "properties": {"現象の種類": "急傾斜地の崩壊", "区域区分": "土砂災害警戒区域", "区域名": "-", "所在地": "大田区鵜の木1", "告示日": "2018/5/31"}, "geometry": {"type": "Polygon", "coordinates": [[[139.68153986, 35.576501522], [139.681824293, 35.576593824], [139.681904146, 35.57662834], [139.681722404, 35.576786857], [139.681428459, 35.576655695], [139.68153986, 35.576501522]]]}}, {"id": "10412", "type": "Feature", "properties": {"現象の種類": "急傾斜地の崩壊", "区域区分": "土砂災害警戒区域", "区域名": "-", "所在地": "大田区鵜の木1", "告示日": "2018/5/31"}, "geometry": {"type": "Polygon", "coordinates": [[[139.682481682, 35.576565246], [139.682267376, 35.576785425], [139.682113733, 35.576819536], [139.681944751, 35.576736058], [139.682079273, 35.576561342], [139.68211797, 35.576584343], [139.682283639, 35.576427091], [139.682481682, 35.576565246]]]}}, {"id": "10413", "type": "Feature", "properties": {"現象の種類": "急傾斜地の崩壊", "区域区分": "土砂災害警戒区域", "区域名": "-", "所在地": "大田区鵜の木1", "告示日": "2018/5/31"}, "geometry": {"type": "Polygon", "coordinates": [[[139.681430177, 35.576088148], [139.68177559, 35.576205472], [139.681720749, 35.576330734], [139.681431161, 35.576237753], [139.681430177, 35.576088148]]]}}, {"id": "10414", "type": "Feature", "properties": {"現象の種類": "急傾斜地の崩壊", "区域区分": "土砂災害警戒区域", "区域名": "-", "所在地": "大田区鵜の木1", "告示日": "2018/5/31"}, "geometry": {"type": "Polygon", "coordinates": [[[139.681615996, 35.575997549], [139.681716789, 35.576034214], [139.681867938, 35.576089197], [139.681782773, 35.57618482], [139.681571215, 35.576044514], [139.681615996, 35.575997549]]]}}, {"id": "10415", "type": "Feature", "properties": {"現象の種類": "急傾斜地の崩壊", "区域区分": "土砂災害警戒区域", "区域名": "-", "所在地": "大田区南千束2　北千束2　北千束3", "告示日": "2018/5/31"}, "geometry": {"type": "Polygon", "coordinates": [[[139.690554593, 35.605581593], [139.690217357, 35.605492938], [139.690336768, 35.605271893], [139.690655107, 35.605392178], [139.690554593, 35.605581593]]]}}, {"id": "10416", "type": "Feature", "properties": {"現象の種類": "急傾斜地の崩壊", "区域区分": "土砂災害警戒区域", "区域名": "-", "所在地": "大田区石川町1", "告示日": "2018/5/31"}, "geometry": {"type": "Polygon", "coordinates": [[[139.683019762, 35.604039337], [139.683080432, 35.604594888], [139.683177925, 35.604966125], [139.68284749, 35.605018563], [139.682737528, 35.604282633], [139.682619304, 35.604034009], [139.682588567, 35.604056331], [139.68257825, 35.603856363], [139.682805114, 35.603853037], [139.683019762, 35.604039337]]]}}, {"id": "10417", "type": "Feature", "properties": {"現象の種類": "急傾斜地の崩壊", "区域区分": "土砂災害警戒区域", "区域名": "-", "所在地": "大田区石川町1", "告示日": "2018/5/31"}, "geometry": {"type": "Polygon", "coordinates": [[[139.683196917, 35.602468455], [139.683305538, 35.602640796], [139.683121599, 35.602717996], [139.6829448, 35.603039623], [139.683013132, 35.603104502], [139.682991822, 35.603216952], [139.682753304, 35.60316725], [139.682766388, 35.603134535], [139.682686149, 35.603100883], [139.682714515, 35.602916089], [139.682865813, 35.60262605], [139.683082225, 35.602483365], [139.683196917, 35.602468455]]]}}, {"id": "10418", "type": "Feature", "properties": {"現象の種類": "急傾斜地の崩壊", "区域区分": "土砂災害警戒区域", "区域名": "-", "所在地": "大田区東雪谷2", "告示日": "2018/5/31"}, "geometry": {"type": "Polygon", "coordinates": [[[139.685713987, 35.598734238], [139.685679046, 35.598936833], [139.685449967, 35.598831782], [139.685713987, 35.598734238]]]}}, {"id": "10419", "type": "Feature", "properties": {"現象の種類": "急傾斜地の崩壊", "区域区分": "土砂災害警戒区域", "区域名": "-", "所在地": "大田区東雪谷5", "告示日": "2018/5/31"}, "geometry": {"type": "Polygon", "coordinates": [[[139.692052211, 35.590101113], [139.69227724, 35.589981584], [139.692374848, 35.58999603], [139.692717062, 35.589895057], [139.692799264, 35.590111118], [139.692208731, 35.590279313], [139.692052211, 35.590101113]]]}}, {"id": "10420", "type": "Feature", "properties": {"現象の種類": "急傾斜地の崩壊", "区域区分": "土砂災害警戒区域", "区域名": "-", "所在地": "大田区東雪谷5", "告示日": "2018/5/31"}, "geometry": {"type": "Polygon", "coordinates": [[[139.693183115, 35.589873144], [139.692559189, 35.58998269], [139.692485464, 35.589733924], [139.692547063, 35.589737184], [139.692599409, 35.589636844], [139.692971568, 35.589496349], [139.693074141, 35.589590793], [139.6932608, 35.589570452], [139.693343397, 35.589701119], [139.693367516, 35.589768329], [139.693229834, 35.589803867], [139.693183115, 35.589873144]]]}}, {"id": "10421", "type": "Feature", "properties": {"現象の種類": "急傾斜地の崩壊", "区域区分": "土砂災害警戒区域", "区域名": "-", "所在地": "大田区上池台5", "告示日": "2018/5/31"}, "geometry": {"type": "Polygon", "coordinates": [[[139.700072937, 35.593935129], [139.700178241, 35.593984868], [139.699900643, 35.59415502], [139.699879232, 35.59411413], [139.700072937, 35.593935129]]]}}, {"id": "10422", "type": "Feature", "properties": {"現象の種類": "急傾斜地の崩壊", "区域区分": "土砂災害警戒区域", "区域名": "-", "所在地": "北区滝野川4", "告示日": "2018/5/31"}, "geometry": {"type": "Polygon", "coordinates": [[[139.723796066, 35.751307829], [139.723326233, 35.751469389], [139.723313262, 35.75144115], [139.723796066, 35.751307829]]]}}, {"id": "10423", "type": "Feature", "properties": {"現象の種類": "急傾斜地の崩壊", "区域区分": "土砂災害警戒区域", "区域名": "-", "所在地": "大田区池上1　池上2", "告示日": "2018/5/31"}, "geometry": {"type": "Polygon", "coordinates": [[[139.704596589, 35.581678177], [139.704578253, 35.581891302], [139.704211855, 35.581901462], [139.704110393, 35.581837256], [139.704211899, 35.581637411], [139.704302498, 35.581725472], [139.704596589, 35.581678177]]]}}, {"id": "10424", "type": "Feature", "properties": {"現象の種類": "急傾斜地の崩壊", "区域区分": "土砂災害警戒区域", "区域名": "-", "所在地": "大田区池上1", "告示日": "2018/5/31"}, "geometry": {"type": "Polygon", "coordinates": [[[139.705115433, 35.580735379], [139.705373802, 35.580771059], [139.70540564, 35.580944311], [139.70516759, 35.58101879], [139.705115433, 35.580735379]]]}}, {"id": "10425", "type": "Feature", "properties": {"現象の種類": "急傾斜地の崩壊", "区域区分": "土砂災害警戒区域", "区域名": "-", "所在地": "大田区池上2", "告示日": "2018/5/31"}, "geometry": {"type": "Polygon", "coordinates": [[[139.703939548, 35.579128087], [139.703683, 35.579151944], [139.703462257, 35.579060676], [139.703361261, 35.578806928], [139.703421534, 35.578785804], [139.703421445, 35.578441975], [139.703781978, 35.578558481], [139.703784077, 35.578771272], [139.703903108, 35.578780062], [139.703924694, 35.578939911], [139.703991538, 35.578937527], [139.703939548, 35.579128087]]]}}, {"id": "10426", "type": "Feature", "properties": {"現象の種類": "急傾斜地の崩壊", "区域区分": "土砂災害警戒区域", "区域名": "-", "所在地": "大田区池上1", "告示日": "2018/5/31"}, "geometry": {"type": "Polygon", "coordinates": [[[139.704885307, 35.577555729], [139.704671746, 35.577687389], [139.704662348, 35.577791306], [139.704331533, 35.5777678], [139.704343492, 35.577628875], [139.704236157, 35.577502857], [139.70437013, 35.577354421], [139.704552384, 35.577256525], [139.704777112, 35.577236696], [139.704918594, 35.577425905], [139.704864827, 35.577488941], [139.704885307, 35.577555729]]]}}, {"id": "10427", "type": "Feature", "properties": {"現象の種類": "急傾斜地の崩壊", "区域区分": "土砂災害警戒区域", "区域名": "-", "所在地": "大田区池上1", "告示日": "2018/5/31"}, "geometry": {"type": "Polygon", "coordinates": [[[139.705265216, 35.577193797], [139.705342731, 35.577405484], [139.705180352, 35.577568016], [139.704966839, 35.577437062], [139.704937578, 35.577298849], [139.705070206, 35.577302086], [139.705176762, 35.577179875], [139.705265216, 35.577193797]]]}}, {"id": "10428", "type": "Feature", "properties": {"現象の種類": "急傾斜地の崩壊", "区域区分": "土砂災害警戒区域", "区域名": "-", "所在地": "大田区池上1", "告示日": "2018/5/31"}, "geometry": {"type": "Polygon", "coordinates": [[[139.706264633, 35.577063269], [139.706266727, 35.577191691], [139.706158049, 35.577215671], [139.706231999, 35.577465698], [139.706311881, 35.577477796], [139.706347568, 35.577695816], [139.706252502, 35.577726012], [139.705946443, 35.577616814], [139.705888987, 35.577490609], [139.705853104, 35.577169001], [139.705964381, 35.576869621], [139.706143422, 35.576865956], [139.706264633, 35.577063269]]]}}, {"id": "10429", "type": "Feature", "properties": {"現象の種類": "急傾斜地の崩壊", "区域区分": "土砂災害警戒区域", "区域名": "-", "所在地": "大田区池上1", "告示日": "2018/5/31"}, "geometry": {"type": "Polygon", "coordinates": [[[139.706797793, 35.576897745], [139.706869969, 35.577214354], [139.706770623, 35.577453272], [139.70630112, 35.577112283], [139.706371946, 35.577093023], [139.706436621, 35.576941702], [139.706615526, 35.576800215], [139.706744188, 35.576904269], [139.706797793, 35.576897745]]]}}, {"id": "10430", "type": "Feature", "properties": {"現象の種類": "急傾斜地の崩壊", "区域区分": "土砂災害警戒区域", "区域名": "-", "所在地": "大田区池上1", "告示日": "2018/5/31"}, "geometry": {"type": "Polygon", "coordinates": [[[139.708443591, 35.57800165], [139.708205741, 35.577861103], [139.708429695, 35.577654939], [139.708611672, 35.577864419], [139.708443591, 35.57800165]]]}}, {"id": "10431", "type": "Feature", "properties": {"現象の種類": "急傾斜地の崩壊", "区域区分": "土砂災害警戒区域", "区域名": "-", "所在地": "大田区池上1", "告示日": "2018/5/31"}, "geometry": {"type": "Polygon", "coordinates": [[[139.706760995, 35.576749913], [139.706652496, 35.576706404], [139.706251283, 35.576709676], [139.706200657, 35.576619044], [139.70637376, 35.576459616], [139.706582457, 35.576369828], [139.706556997, 35.576288087], [139.706685933, 35.576022727], [139.706877608, 35.575859809], [139.707126279, 35.575772423], [139.707722394, 35.575774805], [139.707886254, 35.575805918], [139.707901817, 35.575907097], [139.708341885, 35.575979796], [139.708366958, 35.576096278], [139.708504536, 35.576152358], [139.708585817, 35.576326053], [139.708753066, 35.57640083], [139.708612688, 35.576590631], [139.708202964, 35.576470496], [139.708131207, 35.576492536], [139.707300112, 35.576340984], [139.706760995, 35.576749913]]]}}, {"id": "10432", "type": "Feature", "properties": {"現象の種類": "急傾斜地の崩壊", "区域区分": "土砂災害警戒区域", "区域名": "-", "所在地": "大田区南馬込5", "告示日": "2018/5/31"}, "geometry": {"type": "Polygon", "coordinates": [[[139.709319462, 35.590864345], [139.709696289, 35.591356874], [139.709495332, 35.591454772], [139.709092038, 35.590950195], [139.709319462, 35.590864345]]]}}, {"id": "10433", "type": "Feature", "properties": {"現象の種類": "急傾斜地の崩壊", "区域区分": "土砂災害警戒区域", "区域名": "-", "所在地": "大田区南馬込4", "告示日": "2018/5/31"}, "geometry": {"type": "Polygon", "coordinates": [[[139.713189821, 35.586472824], [139.713087037, 35.586762447], [139.712842147, 35.586719434], [139.712915594, 35.586580003], [139.712911074, 35.58623103], [139.712831095, 35.586230966], [139.712789391, 35.586013802], [139.71307112, 35.585987465], [139.713117773, 35.586194004], [139.713185, 35.58619732], [139.713189821, 35.586472824]]]}}, {"id": "10434", "type": "Feature", "properties": {"現象の種類": "急傾斜地の崩壊", "区域区分": "土砂災害警戒区域", "区域名": "-", "所在地": "大田区南馬込4", "告示日": "2018/5/31"}, "geometry": {"type": "Polygon", "coordinates": [[[139.710370814, 35.585852425], [139.710191131, 35.585778651], [139.71002348, 35.58556014], [139.709987475, 35.58557046], [139.709986005, 35.585332537], [139.71017853, 35.58538372], [139.71034856, 35.585595187], [139.710412337, 35.585703842], [139.710370814, 35.585852425]]]}}, {"id": "10435", "type": "Feature", "properties": {"現象の種類": "急傾斜地の崩壊", "区域区分": "土砂災害警戒区域", "区域名": "-", "所在地": "大田区中央5　南馬込6", "告示日": "2018/5/31"}, "geometry": {"type": "Polygon", "coordinates": [[[139.711721914, 35.582266912], [139.711725125, 35.582068158], [139.712031356, 35.582070094], [139.712425584, 35.582171185], [139.712405768, 35.582239408], [139.712520731, 35.582271616], [139.712541061, 35.582560726], [139.712516435, 35.582714472], [139.712424912, 35.58287002], [139.711980794, 35.582871254], [139.711622259, 35.582769067], [139.711818229, 35.582594262], [139.712139907, 35.582586576], [139.712161786, 35.582447367], [139.711831196, 35.582422791], [139.711721914, 35.582266912]]]}}, {"id": "10436", "type": "Feature", "properties": {"現象の種類": "急傾斜地の崩壊", "区域区分": "土砂災害警戒区域", "区域名": "-", "所在地": "大田区中央5", "告示日": "2018/5/31"}, "geometry": {"type": "Polygon", "coordinates": [[[139.712091367, 35.581382411], [139.712016101, 35.58171477], [139.711933115, 35.581754246], [139.711939794, 35.581587775], [139.711880041, 35.581574271], [139.711834904, 35.581638603], [139.711851761, 35.58157145], [139.711789316, 35.58155183], [139.711750859, 35.581633316], [139.711701112, 35.581576255], [139.711331938, 35.581519877], [139.711419534, 35.581247877], [139.712091367, 35.581382411]]]}}, {"id": "10437", "type": "Feature", "properties": {"現象の種類": "急傾斜地の崩壊", "区域区分": "土砂災害警戒区域", "区域名": "-", "所在地": "大田区中央5", "告示日": "2018/5/31"}, "geometry": {"type": "Polygon", "coordinates": [[[139.712619343, 35.581584344], [139.712226016, 35.581502485], [139.712163413, 35.581224175], [139.712246615, 35.581192007], [139.712320056, 35.581238314], [139.712691802, 35.581253415], [139.712619343, 35.581584344]]]}}, {"id": "10438", "type": "Feature", "properties": {"現象の種類": "急傾斜地の崩壊", "区域区分": "土砂災害警戒区域", "区域名": "-", "所在地": "大田区中央5", "告示日": "2018/5/31"}, "geometry": {"type": "Polygon", "coordinates": [[[139.712463479, 35.580202676], [139.712860129, 35.580447113], [139.71280873, 35.580512559], [139.712434722, 35.580234974], [139.712463479, 35.580202676]]]}}, {"id": "10439", "type": "Feature", "properties": {"現象の種類": "急傾斜地の崩壊", "区域区分": "土砂災害警戒区域", "区域名": "-", "所在地": "大田区中央5", "告示日": "2018/5/31"}, "geometry": {"type": "Polygon", "coordinates": [[[139.713452326, 35.579996308], [139.71376126, 35.580073382], [139.713862681, 35.580108882], [139.713769985, 35.580194072], [139.713452326, 35.579996308]]]}}, {"id": "10440", "type": "Feature", "properties": {"現象の種類": "急傾斜地の崩壊", "区域区分": "土砂災害警戒区域", "区域名": "-", "所在地": "大田区中央5　中央4", "告示日": "2018/5/31"}, "geometry": {"type": "Polygon", "coordinates": [[[139.714172357, 35.579941088], [139.714233922, 35.580089938], [139.713995693, 35.580205261], [139.71394311, 35.580184732], [139.714092036, 35.579892655], [139.714172357, 35.579941088]]]}}, {"id": "10441", "type": "Feature", "properties": {"現象の種類": "急傾斜地の崩壊", "区域区分": "土砂災害警戒区域", "区域名": "-", "所在地": "大田区中央5　中央4", "告示日": "2018/5/31"}, "geometry": {"type": "Polygon", "coordinates": [[[139.714387403, 35.580093548], [139.714294365, 35.5802918], [139.714262969, 35.580358699], [139.714208935, 35.580306629], [139.714347434, 35.580075964], [139.714387403, 35.580093548]]]}}, {"id": "10442", "type": "Feature", "properties": {"現象の種類": "急傾斜地の崩壊", "区域区分": "土砂災害警戒区域", "区域名": "-", "所在地": "大田区中央5　中央4", "告示日": "2018/5/31"}, "geometry": {"type": "Polygon", "coordinates": [[[139.714685158, 35.580353103], [139.714986496, 35.580442475], [139.715152916, 35.580560361], [139.71466023, 35.58094551], [139.71451079, 35.580827639], [139.714483169, 35.580665689], [139.714393889, 35.580585506], [139.714685158, 35.580353103]]]}}, {"id": "10443", "type": "Feature", "properties": {"現象の種類": "急傾斜地の崩壊", "区域区分": "土砂災害警戒区域", "区域名": "-", "所在地": "大田区中央6", "告示日": "2018/5/31"}, "geometry": {"type": "Polygon", "coordinates": [[[139.711423902, 35.578520998], [139.711420062, 35.578686219], [139.711291966, 35.578904335], [139.711033923, 35.578791925], [139.711044189, 35.578655862], [139.710885228, 35.578521575], [139.711136722, 35.578189476], [139.711533307, 35.578099336], [139.712062256, 35.578270046], [139.712091545, 35.578420707], [139.712057326, 35.578447045], [139.712221721, 35.57860383], [139.712048405, 35.57870088], [139.71198518, 35.578800916], [139.711737452, 35.578749989], [139.711674425, 35.578666494], [139.711669523, 35.57856032], [139.711423902, 35.578520998]]]}}, {"id": "10444", "type": "Feature", "properties": {"現象の種類": "急傾斜地の崩壊", "区域区分": "土砂災害警戒区域", "区域名": "-", "所在地": "大田区東馬込1", "告示日": "2018/5/31"}, "geometry": {"type": "Polygon", "coordinates": [[[139.715365553, 35.5957978], [139.715418315, 35.596031808], [139.715055543, 35.596085363], [139.714979224, 35.595879226], [139.715365553, 35.5957978]]]}}, {"id": "10445", "type": "Feature", "properties": {"現象の種類": "急傾斜地の崩壊", "区域区分": "土砂災害警戒区域", "区域名": "-", "所在地": "大田区東馬込1", "告示日": "2018/5/31"}, "geometry": {"type": "Polygon", "coordinates": [[[139.71616894, 35.595778034], [139.716266093, 35.596012901], [139.716135492, 35.596062086], [139.716025204, 35.595795675], [139.71616894, 35.595778034]]]}}, {"id": "10446", "type": "Feature", "properties": {"現象の種類": "急傾斜地の崩壊", "区域区分": "土砂災害警戒区域", "区域名": "-", "所在地": "大田区南馬込1", "告示日": "2018/5/31"}, "geometry": {"type": "Polygon", "coordinates": [[[139.714963342, 35.592714206], [139.715096096, 35.592909646], [139.715064719, 35.59294065], [139.714891023, 35.592738433], [139.714963342, 35.592714206]]]}}, {"id": "10447", "type": "Feature", "properties": {"現象の種類": "急傾斜地の崩壊", "区域区分": "土砂災害警戒区域", "区域名": "-", "所在地": "大田区南馬込1", "告示日": "2018/5/31"}, "geometry": {"type": "Polygon", "coordinates": [[[139.714444679, 35.591755277], [139.714272753, 35.591964243], [139.714051546, 35.591868142], [139.714044782, 35.591791398], [139.714100306, 35.591791125], [139.714008994, 35.591729116], [139.714021381, 35.59167845], [139.714444679, 35.591755277]]]}}, {"id": "10448", "type": "Feature", "properties": {"現象の種類": "急傾斜地の崩壊", "区域区分": "土砂災害警戒区域", "区域名": "-", "所在地": "大田区南馬込1", "告示日": "2018/5/31"}, "geometry": {"type": "Polygon", "coordinates": [[[139.714619719, 35.59127545], [139.714706266, 35.591454892], [139.714485083, 35.591568454], [139.714286903, 35.591330806], [139.714619719, 35.59127545]]]}}, {"id": "10449", "type": "Feature", "properties": {"現象の種類": "急傾斜地の崩壊", "区域区分": "土砂災害警戒区域", "区域名": "-", "所在地": "大田区南馬込1", "告示日": "2018/5/31"}, "geometry": {"type": "Polygon", "coordinates": [[[139.713904761, 35.590162383], [139.714187258, 35.590220712], [139.714171878, 35.590305346], [139.713883422, 35.590300886], [139.713904761, 35.590162383]]]}}, {"id": "10450", "type": "Feature", "properties": {"現象の種類": "急傾斜地の崩壊", "区域区分": "土砂災害警戒区域", "区域名": "-", "所在地": "大田区南馬込2", "告示日": "2018/5/31"}, "geometry": {"type": "Polygon", "coordinates": [[[139.715670478, 35.589405946], [139.715981345, 35.589438066], [139.715941034, 35.589595374], [139.715655804, 35.58951898], [139.715670478, 35.589405946]]]}}, {"id": "10451", "type": "Feature", "properties": {"現象の種類": "急傾斜地の崩壊", "区域区分": "土砂災害警戒区域", "区域名": "-", "所在地": "大田区南馬込2", "告示日": "2018/5/31"}, "geometry": {"type": "Polygon", "coordinates": [[[139.715962443, 35.589146705], [139.715685168, 35.589218799], [139.715654614, 35.589171344], [139.715944844, 35.589095854], [139.715962443, 35.589146705]]]}}, {"id": "10452", "type": "Feature", "properties": {"現象の種類": "急傾斜地の崩壊", "区域区分": "土砂災害警戒区域", "区域名": "-", "所在地": "大田区南馬込2", "告示日": "2018/5/31"}, "geometry": {"type": "Polygon", "coordinates": [[[139.71799788, 35.589053305], [139.717980879, 35.58940462], [139.718023314, 35.589539513], [139.717773673, 35.589589962], [139.717682751, 35.58935386], [139.717676718, 35.589054596], [139.71799788, 35.589053305]]]}}, {"id": "10453", "type": "Feature", "properties": {"現象の種類": "急傾斜地の崩壊", "区域区分": "土砂災害警戒区域", "区域名": "-", "所在地": "大田区南馬込2", "告示日": "2018/5/31"}, "geometry": {"type": "Polygon", "coordinates": [[[139.717762786, 35.588740967], [139.718053995, 35.588827999], [139.718032711, 35.588933661], [139.717736959, 35.588933378], [139.717762786, 35.588740967]]]}}, {"id": "10454", "type": "Feature", "properties": {"現象の種類": "急傾斜地の崩壊", "区域区分": "土砂災害警戒区域", "区域名": "-", "所在地": "大田区南馬込3", "告示日": "2018/5/31"}, "geometry": {"type": "Polygon", "coordinates": [[[139.717376984, 35.586823361], [139.717090145, 35.586919497], [139.717043231, 35.586882117], [139.716977794, 35.586673437], [139.717273577, 35.586612526], [139.717376984, 35.586823361]]]}}, {"id": "10455", "type": "Feature", "properties": {"現象の種類": "急傾斜地の崩壊", "区域区分": "土砂災害警戒区域", "区域名": "-", "所在地": "大田区山王4", "告示日": "2018/5/31"}, "geometry": {"type": "Polygon", "coordinates": [[[139.721210506, 35.587712144], [139.720844782, 35.587685933], [139.720831618, 35.587540076], [139.72077426, 35.587540558], [139.720774566, 35.587321547], [139.721209842, 35.58730879], [139.72125353, 35.58763408], [139.721210506, 35.587712144]]]}}, {"id": "10456", "type": "Feature", "properties": {"現象の種類": "急傾斜地の崩壊", "区域区分": "土砂災害警戒区域", "区域名": "-", "所在地": "大田区山王4", "告示日": "2018/5/31"}, "geometry": {"type": "Polygon", "coordinates": [[[139.721768049, 35.587124101], [139.721782257, 35.587338357], [139.721445476, 35.587480434], [139.721408509, 35.587113029], [139.721768049, 35.587124101]]]}}, {"id": "10457", "type": "Feature", "properties": {"現象の種類": "急傾斜地の崩壊", "区域区分": "土砂災害警戒区域", "区域名": "-", "所在地": "大田区山王4", "告示日": "2018/5/31"}, "geometry": {"type": "Polygon", "coordinates": [[[139.721328286, 35.58586715], [139.721313418, 35.586244682], [139.720947088, 35.586243863], [139.720896295, 35.586124456], [139.720965476, 35.585876887], [139.721328286, 35.58586715]]]}}, {"id": "10458", "type": "Feature", "properties": {"現象の種類": "急傾斜地の崩壊", "区域区分": "土砂災害警戒区域", "区域名": "-", "所在地": "大田区南馬込3", "告示日": "2018/5/31"}, "geometry": {"type": "Polygon", "coordinates": [[[139.718977047, 35.585326967], [139.719141355, 35.585505682], [139.718889062, 35.585669816], [139.718746663, 35.5857172], [139.718685383, 35.585684434], [139.718661049, 35.585400309], [139.718710578, 35.58541992], [139.718977047, 35.585326967]]]}}, {"id": "10459", "type": "Feature", "properties": {"現象の種類": "急傾斜地の崩壊", "区域区分": "土砂災害警戒区域", "区域名": "-", "所在地": "大田区山王3　山王4", "告示日": "2018/5/31"}, "geometry": {"type": "Polygon", "coordinates": [[[139.721284203, 35.585168831], [139.720912595, 35.585361664], [139.720969912, 35.585307061], [139.720872301, 35.585232633], [139.720777376, 35.585268745], [139.720697263, 35.585192862], [139.72122679, 35.585051797], [139.721183949, 35.585102882], [139.721233375, 35.585173468], [139.721284203, 35.585168831]]]}}, {"id": "10460", "type": "Feature", "properties": {"現象の種類": "急傾斜地の崩壊", "区域区分": "土砂災害警戒区域", "区域名": "-", "所在地": "大田区山王3　山王4", "告示日": "2018/5/31"}, "geometry": {"type": "Polygon", "coordinates": [[[139.72113591, 35.584917653], [139.720853258, 35.585000927], [139.720697265, 35.5846264], [139.720704668, 35.584362144], [139.720539817, 35.584329674], [139.720504033, 35.584266743], [139.720584365, 35.584236446], [139.720569121, 35.584153669], [139.720962697, 35.584248984], [139.721041909, 35.584311353], [139.721002725, 35.584348487], [139.72100468, 35.584600739], [139.72113591, 35.584917653]]]}}, {"id": "10461", "type": "Feature", "properties": {"現象の種類": "急傾斜地の崩壊", "区域区分": "土砂災害警戒区域", "区域名": "-", "所在地": "大田区山王3", "告示日": "2018/5/31"}, "geometry": {"type": "Polygon", "coordinates": [[[139.721945125, 35.58450166], [139.721529211, 35.58440301], [139.721465473, 35.584342324], [139.721462776, 35.584244344], [139.721625664, 35.583914079], [139.721705311, 35.583887502], [139.721714993, 35.584002066], [139.722013085, 35.584093463], [139.722042636, 35.584199854], [139.722070628, 35.584155415], [139.722157071, 35.584191612], [139.721945125, 35.58450166]]]}}, {"id": "10462", "type": "Feature", "properties": {"現象の種類": "急傾斜地の崩壊", "区域区分": "土砂災害警戒区域", "区域名": "-", "所在地": "大田区南馬込3", "告示日": "2018/5/31"}, "geometry": {"type": "Polygon", "coordinates": [[[139.719081775, 35.583621263], [139.719017855, 35.58369723], [139.718729873, 35.583718051], [139.718731932, 35.583643168], [139.719081775, 35.583621263]]]}}, {"id": "10463", "type": "Feature", "properties": {"現象の種類": "急傾斜地の崩壊", "区域区分": "土砂災害警戒区域", "区域名": "-", "所在地": "大田区南馬込3", "告示日": "2018/5/31"}, "geometry": {"type": "Polygon", "coordinates": [[[139.717878779, 35.583440636], [139.717391404, 35.583346753], [139.717030008, 35.583418954], [139.717027891, 35.58314854], [139.717145697, 35.583197294], [139.717226121, 35.582959673], [139.717783899, 35.583006711], [139.717812094, 35.582910786], [139.717942568, 35.582958485], [139.717934238, 35.583067002], [139.718082195, 35.583065903], [139.718109372, 35.583011275], [139.718250365, 35.583077133], [139.718287209, 35.583042016], [139.718602755, 35.583128651], [139.718696592, 35.583300006], [139.718516261, 35.583384028], [139.717889959, 35.583393973], [139.717878779, 35.583440636]]]}}, {"id": "10464", "type": "Feature", "properties": {"現象の種類": "急傾斜地の崩壊", "区域区分": "土砂災害警戒区域", "区域名": "-", "所在地": "大田区山王3　山王2", "告示日": "2018/5/31"}, "geometry": {"type": "Polygon", "coordinates": [[[139.725444619, 35.587415859], [139.72537098, 35.587256953], [139.725718683, 35.587150463], [139.725564984, 35.586886214], [139.725814478, 35.586688774], [139.725923517, 35.58694484], [139.726106367, 35.587214883], [139.726160275, 35.587221331], [139.725444619, 35.587415859]]]}}, {"id": "10465", "type": "Feature", "properties": {"現象の種類": "急傾斜地の崩壊", "区域区分": "土砂災害警戒区域", "区域名": "-", "所在地": "大田区山王3", "告示日": "2018/5/31"}, "geometry": {"type": "Polygon", "coordinates": [[[139.726163592, 35.586771589], [139.726163497, 35.586862745], [139.725900191, 35.586941281], [139.725838615, 35.586805462], [139.726078883, 35.586702213], [139.726163592, 35.586771589]]]}}, {"id": "10466", "type": "Feature", "properties": {"現象の種類": "急傾斜地の崩壊", "区域区分": "土砂災害警戒区域", "区域名": "-", "所在地": "大田区山王2", "告示日": "2018/5/31"}, "geometry": {"type": "Polygon", "coordinates": [[[139.726982035, 35.587674012], [139.727099803, 35.587962159], [139.727045463, 35.588013853], [139.726977069, 35.588301679], [139.726720132, 35.588230065], [139.726571185, 35.588048405], [139.726680473, 35.587938373], [139.726651717, 35.587860656], [139.726982035, 35.587674012]]]}}, {"id": "10468", "type": "Feature", "properties": {"現象の種類": "急傾斜地の崩壊", "区域区分": "土砂災害警戒区域", "区域名": "-", "所在地": "大田区山王2", "告示日": "2018/5/31"}, "geometry": {"type": "Polygon", "coordinates": [[[139.727434162, 35.588450449], [139.727216027, 35.588541093], [139.727043346, 35.588426774], [139.726994745, 35.58844316], [139.72696333, 35.588363602], [139.727086211, 35.588176788], [139.727346011, 35.588155461], [139.727444577, 35.588289128], [139.727396623, 35.588307663], [139.727434162, 35.588450449]]]}}, {"id": "10469", "type": "Feature", "properties": {"現象の種類": "急傾斜地の崩壊", "区域区分": "土砂災害警戒区域", "区域名": "-", "所在地": "目黒区駒場1", "告示日": "2018/5/31"}, "geometry": {"type": "Polygon", "coordinates": [[[139.68869485, 35.656287792], [139.688334146, 35.656767093], [139.687947201, 35.656826555], [139.687962759, 35.656585311], [139.688149156, 35.656576242], [139.688210434, 35.656459888], [139.688491343, 35.656200804], [139.68869485, 35.656287792]]]}}, {"id": "10470", "type": "Feature", "properties": {"現象の種類": "急傾斜地の崩壊", "区域区分": "土砂災害警戒区域", "区域名": "-", "所在地": "目黒区大橋2", "告示日": "2018/5/31"}, "geometry": {"type": "Polygon", "coordinates": [[[139.685800559, 35.652819806], [139.685162401, 35.652829888], [139.685077769, 35.652545165], [139.685704534, 35.652452621], [139.685800559, 35.652819806]]]}}, {"id": "10471", "type": "Feature", "properties": {"現象の種類": "急傾斜地の崩壊", "区域区分": "土砂災害警戒区域", "区域名": "-", "所在地": "目黒区大橋2", "告示日": "2018/5/31"}, "geometry": {"type": "Polygon", "coordinates": [[[139.686085394, 35.652805108], [139.686000414, 35.652454983], [139.686182039, 35.652448824], [139.686375638, 35.652513334], [139.686205508, 35.652798787], [139.686085394, 35.652805108]]]}}, {"id": "10472", "type": "Feature", "properties": {"現象の種類": "急傾斜地の崩壊", "区域区分": "土砂災害警戒区域", "区域名": "-", "所在地": "目黒区大橋2", "告示日": "2018/5/31"}, "geometry": {"type": "Polygon", "coordinates": [[[139.687136564, 35.652737629], [139.68703557, 35.652642759], [139.687135405, 35.652332098], [139.687147122, 35.652383525], [139.687136564, 35.652737629]]]}}, {"id": "10473", "type": "Feature", "properties": {"現象の種類": "急傾斜地の崩壊", "区域区分": "土砂災害警戒区域", "区域名": "-", "所在地": "目黒区大橋2", "告示日": "2018/5/31"}, "geometry": {"type": "Polygon", "coordinates": [[[139.687458552, 35.652718937], [139.687460514, 35.652320518], [139.687875238, 35.652359116], [139.687665014, 35.652706616], [139.687458552, 35.652718937]]]}}, {"id": "10474", "type": "Feature", "properties": {"現象の種類": "急傾斜地の崩壊", "区域区分": "土砂災害警戒区域", "区域名": "-", "所在地": "目黒区大橋2", "告示日": "2018/5/31"}, "geometry": {"type": "Polygon", "coordinates": [[[139.68879046, 35.652797795], [139.688818111, 35.653243046], [139.688582878, 35.653243385], [139.688489475, 35.652962266], [139.68879046, 35.652797795]]]}}, {"id": "10475", "type": "Feature", "properties": {"現象の種類": "急傾斜地の崩壊", "区域区分": "土砂災害警戒区域", "区域名": "-", "所在地": "目黒区青葉台3", "告示日": "2018/5/31"}, "geometry": {"type": "Polygon", "coordinates": [[[139.691812716, 35.651941348], [139.69193078, 35.652169751], [139.691773648, 35.65222966], [139.691656956, 35.652003785], [139.691812716, 35.651941348]]]}}, {"id": "10476", "type": "Feature", "properties": {"現象の種類": "急傾斜地の崩壊", "区域区分": "土砂災害警戒区域", "区域名": "-", "所在地": "目黒区青葉台3", "告示日": "2018/5/31"}, "geometry": {"type": "Polygon", "coordinates": [[[139.692273721, 35.652031613], [139.69249394, 35.652127115], [139.692570433, 35.652142251], [139.692412518, 35.652210418], [139.692273721, 35.652031613]]]}}, {"id": "10477", "type": "Feature", "properties": {"現象の種類": "急傾斜地の崩壊", "区域区分": "土砂災害警戒区域", "区域名": "-", "所在地": "目黒区青葉台3", "告示日": "2018/5/31"}, "geometry": {"type": "Polygon", "coordinates": [[[139.693005312, 35.651585297], [139.692805466, 35.651424692], [139.693138387, 35.651174303], [139.693334822, 35.651328793], [139.693005312, 35.651585297]]]}}, {"id": "10478", "type": "Feature", "properties": {"現象の種類": "急傾斜地の崩壊", "区域区分": "土砂災害警戒区域", "区域名": "-", "所在地": "目黒区青葉台2", "告示日": "2018/5/31"}, "geometry": {"type": "Polygon", "coordinates": [[[139.695995349, 35.650251508], [139.695847051, 35.650380839], [139.695423395, 35.65046657], [139.695259541, 35.650226404], [139.695406131, 35.649946195], [139.695718568, 35.649798101], [139.695944094, 35.649768234], [139.696097314, 35.650245178], [139.695995349, 35.650251508]]]}}, {"id": "10479", "type": "Feature", "properties": {"現象の種類": "急傾斜地の崩壊", "区域区分": "土砂災害警戒区域", "区域名": "-", "所在地": "目黒区青葉台2　青葉台1", "告示日": "2018/5/31"}, "geometry": {"type": "Polygon", "coordinates": [[[139.696356565, 35.649885759], [139.696390239, 35.649952298], [139.696138388, 35.650297748], [139.696044969, 35.650250258], [139.696171018, 35.649836549], [139.696356565, 35.649885759]]]}}, {"id": "10480", "type": "Feature", "properties": {"現象の種類": "急傾斜地の崩壊", "区域区分": "土砂災害警戒区域", "区域名": "-", "所在地": "目黒区上目黒1", "告示日": "2018/5/31"}, "geometry": {"type": "Polygon", "coordinates": [[[139.700216571, 35.645768283], [139.700762886, 35.646041201], [139.700751931, 35.646118647], [139.700648209, 35.64615864], [139.700662557, 35.646228951], [139.700180471, 35.646146465], [139.700053085, 35.645983205], [139.700120818, 35.645817447], [139.700216571, 35.645768283]]]}}, {"id": "10481", "type": "Feature", "properties": {"現象の種類": "急傾斜地の崩壊", "区域区分": "土砂災害警戒区域", "区域名": "-", "所在地": "目黒区中目黒1", "告示日": "2018/5/31"}, "geometry": {"type": "Polygon", "coordinates": [[[139.702766815, 35.645346479], [139.702463186, 35.645554818], [139.702372056, 35.645617347], [139.702449899, 35.645490841], [139.702652161, 35.645348246], [139.702766815, 35.645346479]]]}}, {"id": "10482", "type": "Feature", "properties": {"現象の種類": "急傾斜地の崩壊", "区域区分": "土砂災害警戒区域", "区域名": "-", "所在地": "目黒区中目黒1", "告示日": "2018/5/31"}, "geometry": {"type": "Polygon", "coordinates": [[[139.703265656, 35.643716176], [139.703397299, 35.643626383], [139.703712549, 35.643799372], [139.703612862, 35.643910989], [139.703609256, 35.644054147], [139.703443796, 35.64396547], [139.703466478, 35.643823693], [139.703265656, 35.643716176]]]}}, {"id": "10483", "type": "Feature", "properties": {"現象の種類": "急傾斜地の崩壊", "区域区分": "土砂災害警戒区域", "区域名": "-", "所在地": "目黒区目黒1", "告示日": "2018/5/31"}, "geometry": {"type": "Polygon", "coordinates": [[[139.713528816, 35.63562036], [139.71356197, 35.635656997], [139.713523886, 35.635664472], [139.713398287, 35.636102546], [139.71297196, 35.636283056], [139.713197107, 35.635699147], [139.713166981, 35.63553874], [139.713226609, 35.635552078], [139.713257795, 35.635294749], [139.713586187, 35.635391055], [139.713528816, 35.63562036]]]}}, {"id": "10484", "type": "Feature", "properties": {"現象の種類": "急傾斜地の崩壊", "区域区分": "土砂災害警戒区域", "区域名": "-", "所在地": "目黒区下目黒1", "告示日": "2018/5/31"}, "geometry": {"type": "Polygon", "coordinates": [[[139.713599785, 35.632335745], [139.713813809, 35.632452281], [139.713644132, 35.632625531], [139.713339338, 35.632580952], [139.713360611, 35.632477374], [139.713599785, 35.632335745]]]}}, {"id": "10485", "type": "Feature", "properties": {"現象の種類": "急傾斜地の崩壊", "区域区分": "土砂災害警戒区域", "区域名": "-", "所在地": "目黒区下目黒1　品川区上大崎4", "告示日": "2018/5/31"}, "geometry": {"type": "Polygon", "coordinates": [[[139.713971644, 35.633140819], [139.713756544, 35.633145912], [139.713709547, 35.632981506], [139.713731527, 35.632870186], [139.713649507, 35.632843267], [139.713709819, 35.632768675], [139.713650567, 35.632716853], [139.713800977, 35.632720283], [139.714076913, 35.632614307], [139.714190568, 35.632702061], [139.714217926, 35.632858069], [139.714140096, 35.632999756], [139.714033831, 35.632966777], [139.713971644, 35.633140819]]]}}, {"id": "10486", "type": "Feature", "properties": {"現象の種類": "急傾斜地の崩壊", "区域区分": "土砂災害警戒区域", "区域名": "-", "所在地": "目黒区下目黒1", "告示日": "2018/5/31"}, "geometry": {"type": "Polygon", "coordinates": [[[139.713965804, 35.63087613], [139.714538483, 35.63111001], [139.714496329, 35.631211324], [139.713926151, 35.630959693], [139.713917175, 35.630906215], [139.713965804, 35.63087613]]]}}, {"id": "10487", "type": "Feature", "properties": {"現象の種類": "急傾斜地の崩壊", "区域区分": "土砂災害警戒区域", "区域名": "-", "所在地": "目黒区下目黒1", "告示日": "2018/5/31"}, "geometry": {"type": "Polygon", "coordinates": [[[139.714255028, 35.629787544], [139.714710742, 35.629924853], [139.71482648, 35.629980164], [139.714255028, 35.629787544]]]}}, {"id": "10488", "type": "Feature", "properties": {"現象の種類": "急傾斜地の崩壊", "区域区分": "土砂災害警戒区域", "区域名": "-", "所在地": "目黒区中目黒4", "告示日": "2018/5/31"}, "geometry": {"type": "Polygon", "coordinates": [[[139.702459891, 35.636565239], [139.702154624, 35.636342299], [139.70250927, 35.636186745], [139.70268613, 35.636278081], [139.70289798, 35.63608591], [139.703145988, 35.636331315], [139.703021177, 35.63644334], [139.703052655, 35.636495734], [139.702895883, 35.636548465], [139.702683209, 35.63654528], [139.702625441, 35.636469031], [139.702459891, 35.636565239]]]}}, {"id": "10489", "type": "Feature", "properties": {"現象の種類": "急傾斜地の崩壊", "区域区分": "土砂災害警戒区域", "区域名": "-", "所在地": "目黒区目黒4", "告示日": "2018/5/31"}, "geometry": {"type": "Polygon", "coordinates": [[[139.703510455, 35.632669822], [139.703510635, 35.632396924], [139.703662326, 35.632354781], [139.704067607, 35.632411219], [139.704009704, 35.632672882], [139.703526507, 35.63263751], [139.703510455, 35.632669822]]]}}, {"id": "10490", "type": "Feature", "properties": {"現象の種類": "急傾斜地の崩壊", "区域区分": "土砂災害警戒区域", "区域名": "-", "所在地": "目黒区下目黒3", "告示日": "2018/5/31"}, "geometry": {"type": "Polygon", "coordinates": [[[139.708892519, 35.629493601], [139.709267496, 35.629767012], [139.709059413, 35.629921891], [139.708736972, 35.629670924], [139.708892519, 35.629493601]]]}}, {"id": "10491", "type": "Feature", "properties": {"現象の種類": "急傾斜地の崩壊", "区域区分": "土砂災害警戒区域", "区域名": "-", "所在地": "目黒区三田1　品川区上大崎2", "告示日": "2018/5/31"}, "geometry": {"type": "Polygon", "coordinates": [[[139.715230639, 35.640268187], [139.715405806, 35.640565156], [139.715451298, 35.640757081], [139.714985985, 35.640867898], [139.714760463, 35.640425181], [139.715230639, 35.640268187]]]}}, {"id": "10492", "type": "Feature", "properties": {"現象の種類": "急傾斜地の崩壊", "区域区分": "土砂災害警戒区域", "区域名": "-", "所在地": "北区中十条3　中十条2　東十条3", "告示日": "2018/5/31"}, "geometry": {"type": "Polygon", "coordinates": [[[139.726713461, 35.762859344], [139.727127283, 35.763030273], [139.727059894, 35.763106278], [139.727007567, 35.763085703], [139.726954155, 35.763130999], [139.727005382, 35.763154205], [139.726987524, 35.763191926], [139.726591945, 35.763706125], [139.726242838, 35.763645606], [139.726377708, 35.76331484], [139.726713461, 35.762859344]]]}}, {"id": "10493", "type": "Feature", "properties": {"現象の種類": "急傾斜地の崩壊", "区域区分": "土砂災害警戒区域", "区域名": "-", "所在地": "北区赤羽北2　赤羽台4", "告示日": "2018/5/31"}, "geometry": {"type": "Polygon", "coordinates": [[[139.7093091, 35.78440512], [139.70912025, 35.784676353], [139.709060005, 35.784555012], [139.708978939, 35.784556069], [139.709116645, 35.784350363], [139.7093091, 35.78440512]]]}}, {"id": "10494", "type": "Feature", "properties": {"現象の種類": "急傾斜地の崩壊", "区域区分": "土砂災害警戒区域", "区域名": "-", "所在地": "北区赤羽北2　赤羽台4", "告示日": "2018/5/31"}, "geometry": {"type": "Polygon", "coordinates": [[[139.710399537, 35.785237192], [139.710010348, 35.785197261], [139.710037869, 35.785127007], [139.709725975, 35.784932763], [139.709415804, 35.784764136], [139.709244671, 35.784724532], [139.709401428, 35.784426196], [139.710474014, 35.784650128], [139.710815183, 35.784802838], [139.710906169, 35.784787043], [139.711136021, 35.784877657], [139.711041812, 35.785095784], [139.710399537, 35.785237192]]]}}, {"id": "10495", "type": "Feature", "properties": {"現象の種類": "急傾斜地の崩壊", "区域区分": "土砂災害警戒区域", "区域名": "-", "所在地": "北区赤羽北1　赤羽台4", "告示日": "2018/5/31"}, "geometry": {"type": "Polygon", "coordinates": [[[139.712698946, 35.785777714], [139.71271692, 35.785751521], [139.712417252, 35.785684004], [139.711950533, 35.785402126], [139.712051726, 35.785217845], [139.712569672, 35.785305806], [139.712792386, 35.78541118], [139.712955931, 35.785403212], [139.712747656, 35.785749967], [139.712698946, 35.785777714]]]}}, {"id": "10496", "type": "Feature", "properties": {"現象の種類": "急傾斜地の崩壊", "区域区分": "土砂災害警戒区域", "区域名": "-", "所在地": "北区赤羽台4　赤羽北2　赤羽北3", "告示日": "2018/5/31"}, "geometry": {"type": "Polygon", "coordinates": [[[139.709191239, 35.784254264], [139.709460804, 35.784350579], [139.70939467, 35.784569423], [139.70908945, 35.784565847], [139.708779675, 35.784422155], [139.708738457, 35.784311995], [139.709011886, 35.784022385], [139.709128934, 35.784034061], [139.709124377, 35.784158397], [139.709206969, 35.784215555], [139.709191239, 35.784254264]]]}}, {"id": "10497", "type": "Feature", "properties": {"現象の種類": "急傾斜地の崩壊", "区域区分": "土砂災害警戒区域", "区域名": "-", "所在地": "北区赤羽台4　赤羽北1", "告示日": "2018/5/31"}, "geometry": {"type": "Polygon", "coordinates": [[[139.716083051, 35.785564375], [139.715631044, 35.785755499], [139.715448785, 35.785732963], [139.715553719, 35.785385912], [139.715778078, 35.785242697], [139.716083051, 35.785564375]]]}}, {"id": "10498", "type": "Feature", "properties": {"現象の種類": "急傾斜地の崩壊", "区域区分": "土砂災害警戒区域", "区域名": "-", "所在地": "北区赤羽台4　赤羽北1", "告示日": "2018/5/31"}, "geometry": {"type": "Polygon", "coordinates": [[[139.71709862, 35.784569451], [139.717077643, 35.784707731], [139.71686862, 35.784958371], [139.716788821, 35.784924693], [139.716174131, 35.785538231], [139.715802206, 35.785204644], [139.716681331, 35.784310788], [139.716632931, 35.784280748], [139.716723353, 35.784263664], [139.716860479, 35.784029499], [139.717339952, 35.784072125], [139.717132056, 35.784590156], [139.71709862, 35.784569451]]]}}, {"id": "10499", "type": "Feature", "properties": {"現象の種類": "急傾斜地の崩壊", "区域区分": "土砂災害警戒区域", "区域名": "-", "所在地": "北区赤羽台3", "告示日": "2018/5/31"}, "geometry": {"type": "Polygon", "coordinates": [[[139.712605023, 35.780071251], [139.712505413, 35.779998128], [139.712676036, 35.779839486], [139.712820159, 35.779795975], [139.71281221, 35.780031134], [139.712605023, 35.780071251]]]}}, {"id": "10500", "type": "Feature", "properties": {"現象の種類": "急傾斜地の崩壊", "区域区分": "土砂災害警戒区域", "区域名": "-", "所在地": "北区赤羽台3", "告示日": "2018/5/31"}, "geometry": {"type": "Polygon", "coordinates": [[[139.713270313, 35.780046533], [139.712803911, 35.780218917], [139.712765737, 35.78012796], [139.713119131, 35.779896145], [139.713270313, 35.780046533]]]}}, {"id": "10501", "type": "Feature", "properties": {"現象の種類": "急傾斜地の崩壊", "区域区分": "土砂災害警戒区域", "区域名": "-", "所在地": "北区赤羽台3", "告示日": "2018/5/31"}, "geometry": {"type": "Polygon", "coordinates": [[[139.715076144, 35.78131124], [139.715079385, 35.78164112], [139.714776823, 35.781576973], [139.71431426, 35.781393856], [139.713795863, 35.781068679], [139.714014883, 35.780864371], [139.715076144, 35.78131124]]]}}, {"id": "10502", "type": "Feature", "properties": {"現象の種類": "急傾斜地の崩壊", "区域区分": "土砂災害警戒区域", "区域名": "-", "所在地": "北区赤羽台2　赤羽西5", "告示日": "2018/5/31"}, "geometry": {"type": "Polygon", "coordinates": [[[139.712599917, 35.774552997], [139.711770391, 35.774858679], [139.711660535, 35.774632373], [139.712326145, 35.774288665], [139.71277768, 35.774223692], [139.712654932, 35.774630674], [139.712599917, 35.774552997]]]}}, {"id": "10503", "type": "Feature", "properties": {"現象の種類": "急傾斜地の崩壊", "区域区分": "土砂災害警戒区域", "区域名": "-", "所在地": "北区赤羽台1　赤羽台3", "告示日": "2018/5/31"}, "geometry": {"type": "Polygon", "coordinates": [[[139.718571077, 35.780710452], [139.71818734, 35.780864749], [139.717810089, 35.780868165], [139.717877941, 35.780753314], [139.717831331, 35.780718594], [139.71766813, 35.780760426], [139.717269675, 35.780401955], [139.717042836, 35.780094298], [139.717236069, 35.779920679], [139.717697703, 35.780256722], [139.717760088, 35.780373191], [139.717916361, 35.780333555], [139.718145301, 35.780475877], [139.718275999, 35.780484614], [139.718571077, 35.780710452]]]}}, {"id": "10504", "type": "Feature", "properties": {"現象の種類": "急傾斜地の崩壊", "区域区分": "土砂災害警戒区域", "区域名": "-", "所在地": "北区赤羽西4", "告示日": "2018/5/31"}, "geometry": {"type": "Polygon", "coordinates": [[[139.716465307, 35.774246917], [139.716066597, 35.774083246], [139.71608618, 35.773994537], [139.715917136, 35.773933843], [139.716138661, 35.773756796], [139.716750513, 35.773975433], [139.716646322, 35.774246375], [139.716487725, 35.774199651], [139.716465307, 35.774246917]]]}}, {"id": "10505", "type": "Feature", "properties": {"現象の種類": "急傾斜地の崩壊", "区域区分": "土砂災害警戒区域", "区域名": "-", "所在地": "北区赤羽西1", "告示日": "2018/5/31"}, "geometry": {"type": "Polygon", "coordinates": [[[139.719048972, 35.774643357], [139.71900053, 35.774545761], [139.71925639, 35.774410144], [139.719286729, 35.774440501], [139.71933593, 35.774526519], [139.719048972, 35.774643357]]]}}, {"id": "10506", "type": "Feature", "properties": {"現象の種類": "急傾斜地の崩壊", "区域区分": "土砂災害警戒区域", "区域名": "-", "所在地": "北区赤羽西1", "告示日": "2018/5/31"}, "geometry": {"type": "Polygon", "coordinates": [[[139.719366432, 35.774787757], [139.719318174, 35.774974936], [139.719080261, 35.774777372], [139.719366432, 35.774787757]]]}}, {"id": "10507", "type": "Feature", "properties": {"現象の種類": "急傾斜地の崩壊", "区域区分": "土砂災害警戒区域", "区域名": "-", "所在地": "北区赤羽西1", "告示日": "2018/5/31"}, "geometry": {"type": "Polygon", "coordinates": [[[139.718949623, 35.775319864], [139.718728107, 35.775133718], [139.719056214, 35.77489728], [139.71926755, 35.775048106], [139.718949623, 35.775319864]]]}}, {"id": "10508", "type": "Feature", "properties": {"現象の種類": "急傾斜地の崩壊", "区域区分": "土砂災害警戒区域", "区域名": "-", "所在地": "北区赤羽西1", "告示日": "2018/5/31"}, "geometry": {"type": "Polygon", "coordinates": [[[139.718114974, 35.775737312], [139.718382897, 35.775763834], [139.718366932, 35.776003467], [139.718101481, 35.77600513], [139.718114974, 35.775737312]]]}}, {"id": "10509", "type": "Feature", "properties": {"現象の種類": "急傾斜地の崩壊", "区域区分": "土砂災害警戒区域", "区域名": "-", "所在地": "北区赤羽西1", "告示日": "2018/5/31"}, "geometry": {"type": "Polygon", "coordinates": [[[139.718346698, 35.775935995], [139.718617106, 35.775950471], [139.718612848, 35.776025419], [139.71859296, 35.776132303], [139.718524861, 35.776136636], [139.718411128, 35.776285728], [139.718329394, 35.776149058], [139.718346698, 35.775935995]]]}}, {"id": "10510", "type": "Feature", "properties": {"現象の種類": "急傾斜地の崩壊", "区域区分": "土砂災害警戒区域", "区域名": "-", "所在地": "北区赤羽西1", "告示日": "2018/5/31"}, "geometry": {"type": "Polygon", "coordinates": [[[139.719671002, 35.77538288], [139.719928025, 35.775455653], [139.71985236, 35.775606825], [139.719597689, 35.775539787], [139.719671002, 35.77538288]]]}}, {"id": "10511", "type": "Feature", "properties": {"現象の種類": "急傾斜地の崩壊", "区域区分": "土砂災害警戒区域", "区域名": "-", "所在地": "北区赤羽西1", "告示日": "2018/5/31"}, "geometry": {"type": "Polygon", "coordinates": [[[139.720116914, 35.775056735], [139.720154365, 35.775067715], [139.720092089, 35.775095319], [139.719845769, 35.775026252], [139.71987332, 35.774985394], [139.720126242, 35.774934501], [139.720116914, 35.775056735]]]}}, {"id": "10512", "type": "Feature", "properties": {"現象の種類": "急傾斜地の崩壊", "区域区分": "土砂災害警戒区域", "区域名": "-", "所在地": "北区赤羽西1", "告示日": "2018/5/31"}, "geometry": {"type": "Polygon", "coordinates": [[[139.719880031, 35.774893539], [139.720089859, 35.774954885], [139.720096566, 35.774956845], [139.720079748, 35.774992241], [139.719841963, 35.774923842], [139.719880031, 35.774893539]]]}}, {"id": "10513", "type": "Feature", "properties": {"現象の種類": "急傾斜地の崩壊", "区域区分": "土砂災害警戒区域", "区域名": "-", "所在地": "北区赤羽西1", "告示日": "2018/5/31"}, "geometry": {"type": "Polygon", "coordinates": [[[139.719781307, 35.775468575], [139.7199552, 35.775492117], [139.72010743, 35.775536033], [139.719781307, 35.775468575]]]}}, {"id": "10514", "type": "Feature", "properties": {"現象の種類": "急傾斜地の崩壊", "区域区分": "土砂災害警戒区域", "区域名": "-", "所在地": "北区赤羽西1", "告示日": "2018/5/31"}, "geometry": {"type": "Polygon", "coordinates": [[[139.720158653, 35.775054787], [139.7201837, 35.775225714], [139.720232323, 35.77523968], [139.720187799, 35.775338032], [139.719884145, 35.775253915], [139.720008888, 35.775039931], [139.720158653, 35.775054787]]]}}, {"id": "10515", "type": "Feature", "properties": {"現象の種類": "急傾斜地の崩壊", "区域区分": "土砂災害警戒区域", "区域名": "-", "所在地": "北区赤羽西2　赤羽西3", "告示日": "2018/5/31"}, "geometry": {"type": "Polygon", "coordinates": [[[139.720755002, 35.770869656], [139.720548948, 35.771212994], [139.720494527, 35.77119675], [139.720620329, 35.770946561], [139.720755002, 35.770869656]]]}}, {"id": "10516", "type": "Feature", "properties": {"現象の種類": "急傾斜地の崩壊", "区域区分": "土砂災害警戒区域", "区域名": "-", "所在地": "北区西が丘2", "告示日": "2018/5/31"}, "geometry": {"type": "Polygon", "coordinates": [[[139.714662104, 35.767533941], [139.715171112, 35.767586317], [139.715054035, 35.767932098], [139.714671343, 35.767852006], [139.714662104, 35.767533941]]]}}, {"id": "10517", "type": "Feature", "properties": {"現象の種類": "急傾斜地の崩壊", "区域区分": "土砂災害警戒区域", "区域名": "-", "所在地": "北区西が丘2", "告示日": "2018/5/31"}, "geometry": {"type": "Polygon", "coordinates": [[[139.7154042, 35.768005125], [139.715290615, 35.76798367], [139.715341756, 35.767666455], [139.715560481, 35.767667508], [139.715516743, 35.767962794], [139.715412536, 35.767956923], [139.7154042, 35.768005125]]]}}, {"id": "10518", "type": "Feature", "properties": {"現象の種類": "急傾斜地の崩壊", "区域区分": "土砂災害警戒区域", "区域名": "-", "所在地": "北区西が丘2", "告示日": "2018/5/31"}, "geometry": {"type": "Polygon", "coordinates": [[[139.716746905, 35.768064729], [139.716889735, 35.76823506], [139.716587523, 35.768459969], [139.716375895, 35.768214566], [139.716197287, 35.76808972], [139.715928165, 35.768064827], [139.715967422, 35.767837222], [139.716026644, 35.767787479], [139.716284558, 35.767828558], [139.716315583, 35.767779834], [139.716456261, 35.767913126], [139.716664769, 35.76801205], [139.716709191, 35.76797968], [139.716772373, 35.768033143], [139.716746905, 35.768064729]]]}}, {"id": "10519", "type": "Feature", "properties": {"現象の種類": "急傾斜地の崩壊", "区域区分": "土砂災害警戒区域", "区域名": "-", "所在地": "北区赤羽西3　西が丘2", "告示日": "2018/5/31"}, "geometry": {"type": "Polygon", "coordinates": [[[139.716877363, 35.768453195], [139.717225997, 35.768636737], [139.716985588, 35.768899961], [139.716704202, 35.768734399], [139.716752852, 35.768694528], [139.716655928, 35.768624466], [139.716877363, 35.768453195]]]}}, {"id": "10520", "type": "Feature", "properties": {"現象の種類": "急傾斜地の崩壊", "区域区分": "土砂災害警戒区域", "区域名": "-", "所在地": "北区上十条5　西が丘2", "告示日": "2018/5/31"}, "geometry": {"type": "Polygon", "coordinates": [[[139.715893575, 35.767258679], [139.716076632, 35.767306235], [139.716075674, 35.767355057], [139.715971677, 35.76748325], [139.715864871, 35.767488199], [139.715846663, 35.767633486], [139.715445209, 35.767631319], [139.71546446, 35.767238629], [139.715893575, 35.767258679]]]}}, {"id": "10521", "type": "Feature", "properties": {"現象の種類": "急傾斜地の崩壊", "区域区分": "土砂災害警戒区域", "区域名": "-", "所在地": "北区十条仲原4　赤羽西3", "告示日": "2018/5/31"}, "geometry": {"type": "Polygon", "coordinates": [[[139.71862528, 35.768653262], [139.718516156, 35.768620087], [139.718510637, 35.768534181], [139.718391451, 35.768449517], [139.718015938, 35.768509006], [139.717756504, 35.768482766], [139.71761313, 35.76840903], [139.717366944, 35.768137556], [139.717793713, 35.768074303], [139.717839134, 35.768032509], [139.717921264, 35.768092435], [139.718190788, 35.768039438], [139.718696305, 35.768141563], [139.718805559, 35.768321576], [139.718783087, 35.768429258], [139.718866568, 35.768503896], [139.71862528, 35.768653262]]]}}, {"id": "10522", "type": "Feature", "properties": {"現象の種類": "急傾斜地の崩壊", "区域区分": "土砂災害警戒区域", "区域名": "-", "所在地": "北区十条仲原4", "告示日": "2018/5/31"}, "geometry": {"type": "Polygon", "coordinates": [[[139.719569581, 35.76873974], [139.719579404, 35.76882865], [139.719277246, 35.768782328], [139.71928794, 35.768702542], [139.719226254, 35.768613678], [139.719288315, 35.768358523], [139.719485537, 35.768162735], [139.719686786, 35.768280454], [139.719650954, 35.768415306], [139.719685285, 35.768613813], [139.719663498, 35.76869288], [139.719569581, 35.76873974]]]}}, {"id": "10523", "type": "Feature", "properties": {"現象の種類": "急傾斜地の崩壊", "区域区分": "土砂災害警戒区域", "区域名": "-", "所在地": "北区十条仲原4　赤羽西3", "告示日": "2018/5/31"}, "geometry": {"type": "Polygon", "coordinates": [[[139.720335534, 35.769479567], [139.720020389, 35.769650122], [139.719864145, 35.76941121], [139.719998445, 35.769071971], [139.719981839, 35.768847619], [139.719891221, 35.768864339], [139.719857184, 35.768421938], [139.719897789, 35.76841366], [139.719888417, 35.768327085], [139.720031524, 35.768124523], [139.720295031, 35.768333099], [139.720377906, 35.768600966], [139.720406752, 35.768768756], [139.720288027, 35.768790769], [139.720333566, 35.769044937], [139.720210984, 35.769397819], [139.720335534, 35.769479567]]]}}, {"id": "10524", "type": "Feature", "properties": {"現象の種類": "急傾斜地の崩壊", "区域区分": "土砂災害警戒区域", "区域名": "-", "所在地": "北区中十条4", "告示日": "2018/5/31"}, "geometry": {"type": "Polygon", "coordinates": [[[139.723151091, 35.768665557], [139.722833455, 35.768645666], [139.722584957, 35.768523213], [139.722659044, 35.76824852], [139.722977868, 35.768340415], [139.723154023, 35.768515574], [139.723151091, 35.768665557]]]}}, {"id": "10525", "type": "Feature", "properties": {"現象の種類": "急傾斜地の崩壊", "区域区分": "土砂災害警戒区域", "区域名": "-", "所在地": "北区中十条4　東十条5", "告示日": "2018/5/31"}, "geometry": {"type": "Polygon", "coordinates": [[[139.724244022, 35.767761342], [139.723962006, 35.767664601], [139.724055972, 35.767502346], [139.724360308, 35.767569796], [139.724244022, 35.767761342]]]}}, {"id": "10526", "type": "Feature", "properties": {"現象の種類": "急傾斜地の崩壊", "区域区分": "土砂災害警戒区域", "区域名": "-", "所在地": "北区岸町2　中十条1", "告示日": "2018/5/31"}, "geometry": {"type": "Polygon", "coordinates": [[[139.727646457, 35.76164929], [139.727744302, 35.761687076], [139.727957194, 35.761769289], [139.727861384, 35.761895184], [139.727576059, 35.76174697], [139.727646457, 35.76164929]]]}}, {"id": "10527", "type": "Feature", "properties": {"現象の種類": "急傾斜地の崩壊", "区域区分": "土砂災害警戒区域", "区域名": "-", "所在地": "北区岸町2　中十条1", "告示日": "2018/5/31"}, "geometry": {"type": "Polygon", "coordinates": [[[139.728030392, 35.761794465], [139.727708557, 35.761670261], [139.72783883, 35.761491875], [139.728177904, 35.761636331], [139.728030392, 35.761794465]]]}}, {"id": "10528", "type": "Feature", "properties": {"現象の種類": "急傾斜地の崩壊", "区域区分": "土砂災害警戒区域", "区域名": "-", "所在地": "北区岸町2　中十条1", "告示日": "2018/5/31"}, "geometry": {"type": "Polygon", "coordinates": [[[139.728190358, 35.761455858], [139.728321476, 35.761551286], [139.728266585, 35.761574509], [139.727869202, 35.761396587], [139.728130544, 35.761118443], [139.728331355, 35.761266519], [139.728190358, 35.761455858]]]}}, {"id": "10529", "type": "Feature", "properties": {"現象の種類": "急傾斜地の崩壊", "区域区分": "土砂災害警戒区域", "区域名": "-", "所在地": "北区岸町2　中十条1", "告示日": "2018/5/31"}, "geometry": {"type": "Polygon", "coordinates": [[[139.728522503, 35.761164776], [139.728579394, 35.761195032], [139.728542817, 35.761227894], [139.728216549, 35.761048392], [139.728296652, 35.761004055], [139.728273547, 35.760965772], [139.728343865, 35.76090051], [139.728294363, 35.7608785], [139.728609687, 35.760569002], [139.728996408, 35.760747795], [139.728897073, 35.760870245], [139.72873141, 35.760959347], [139.728779399, 35.760999812], [139.72869731, 35.760995302], [139.728804053, 35.76106569], [139.728522503, 35.761164776]]]}}, {"id": "10530", "type": "Feature", "properties": {"現象の種類": "急傾斜地の崩壊", "区域区分": "土砂災害警戒区域", "区域名": "-", "所在地": "北区岸町2　中十条1", "告示日": "2018/5/31"}, "geometry": {"type": "Polygon", "coordinates": [[[139.728984873, 35.760232943], [139.729388943, 35.760396563], [139.72899485, 35.760540219], [139.728917192, 35.760281513], [139.728984873, 35.760232943]]]}}, {"id": "10531", "type": "Feature", "properties": {"現象の種類": "急傾斜地の崩壊", "区域区分": "土砂災害警戒区域", "区域名": "-", "所在地": "北区岸町2　中十条1", "告示日": "2018/5/31"}, "geometry": {"type": "Polygon", "coordinates": [[[139.729261307, 35.759753203], [139.729400143, 35.75981486], [139.729536094, 35.759875235], [139.729443623, 35.759956443], [139.729220165, 35.759865227], [139.729261307, 35.759753203]]]}}, {"id": "10532", "type": "Feature", "properties": {"現象の種類": "急傾斜地の崩壊", "区域区分": "土砂災害警戒区域", "区域名": "-", "所在地": "北区岸町2　中十条1", "告示日": "2018/5/31"}, "geometry": {"type": "Polygon", "coordinates": [[[139.729900663, 35.759813448], [139.72957765, 35.759549012], [139.729858481, 35.759248697], [139.730171094, 35.759431684], [139.730127812, 35.759535323], [139.729937381, 35.759661705], [139.730002249, 35.759706895], [139.729900663, 35.759813448]]]}}, {"id": "10533", "type": "Feature", "properties": {"現象の種類": "急傾斜地の崩壊", "区域区分": "土砂災害警戒区域", "区域名": "-", "所在地": "北区岸町2　中十条1", "告示日": "2018/5/31"}, "geometry": {"type": "Polygon", "coordinates": [[[139.730824466, 35.759035535], [139.730683318, 35.75923051], [139.73035931, 35.759056794], [139.730224161, 35.759217298], [139.730021681, 35.759085967], [139.730316753, 35.758781083], [139.730824466, 35.759035535]]]}}, {"id": "10534", "type": "Feature", "properties": {"現象の種類": "急傾斜地の崩壊", "区域区分": "土砂災害警戒区域", "区域名": "-", "所在地": "北区岸町2　岸町1　中十条1", "告示日": "2018/5/31"}, "geometry": {"type": "Polygon", "coordinates": [[[139.730992813, 35.758385678], [139.730824251, 35.758188085], [139.731030681, 35.75804282], [139.731086115, 35.758075857], [139.731297243, 35.757792484], [139.73128667, 35.757695409], [139.731624989, 35.757841157], [139.731589438, 35.757847681], [139.731558029, 35.758052187], [139.731344052, 35.758229579], [139.731413676, 35.758271081], [139.7312863, 35.758378104], [139.731081756, 35.758315909], [139.730992813, 35.758385678]]]}}, {"id": "10535", "type": "Feature", "properties": {"現象の種類": "急傾斜地の崩壊", "区域区分": "土砂災害警戒区域", "区域名": "-", "所在地": "北区岸町1　王子本町2", "告示日": "2018/5/31"}, "geometry": {"type": "Polygon", "coordinates": [[[139.73262219, 35.756403981], [139.732999352, 35.756775133], [139.733001376, 35.756830362], [139.732498472, 35.756474836], [139.73262219, 35.756403981]]]}}, {"id": "10536", "type": "Feature", "properties": {"現象の種類": "急傾斜地の崩壊", "区域区分": "土砂災害警戒区域", "区域名": "-", "所在地": "北区王子本町2　岸町1　王子本町1", "告示日": "2018/5/31"}, "geometry": {"type": "Polygon", "coordinates": [[[139.733667094, 35.75580751], [139.733227368, 35.756342528], [139.733028866, 35.75640684], [139.732745262, 35.756254796], [139.733070151, 35.755892922], [139.733236532, 35.75579912], [139.733074347, 35.755659952], [139.733242281, 35.755520297], [139.733533239, 35.755640353], [139.733667094, 35.75580751]]]}}, {"id": "10537", "type": "Feature", "properties": {"現象の種類": "急傾斜地の崩壊", "区域区分": "土砂災害警戒区域", "区域名": "-", "所在地": "北区王子本町1　岸町1　王子1", "告示日": "2018/5/31"}, "geometry": {"type": "Polygon", "coordinates": [[[139.736512822, 35.753395615], [139.736086018, 35.753800882], [139.736159513, 35.753882137], [139.736118914, 35.753903927], [139.735805874, 35.753556728], [139.736113291, 35.753219535], [139.736032665, 35.753052949], [139.736337046, 35.75283827], [139.736601851, 35.753215668], [139.736512822, 35.753395615]]]}}, {"id": "10538", "type": "Feature", "properties": {"現象の種類": "急傾斜地の崩壊", "区域区分": "土砂災害警戒区域", "区域名": "-", "所在地": "北区王子本町1", "告示日": "2018/5/31"}, "geometry": {"type": "Polygon", "coordinates": [[[139.735908965, 35.752876762], [139.735742239, 35.752658943], [139.735973667, 35.752596892], [139.735929443, 35.752788185], [139.735908965, 35.752876762]]]}}, {"id": "10539", "type": "Feature", "properties": {"現象の種類": "急傾斜地の崩壊", "区域区分": "土砂災害警戒区域", "区域名": "-", "所在地": "北区滝野川4　滝野川5", "告示日": "2018/5/31"}, "geometry": {"type": "Polygon", "coordinates": [[[139.724010362, 35.751444113], [139.72379867, 35.751590544], [139.723722972, 35.751224347], [139.723798533, 35.751115531], [139.723883615, 35.751254174], [139.724013546, 35.751223391], [139.724016877, 35.751258406], [139.724122435, 35.75126824], [139.724125336, 35.751455682], [139.724010362, 35.751444113]]]}}, {"id": "10540", "type": "Feature", "properties": {"現象の種類": "急傾斜地の崩壊", "区域区分": "土砂災害警戒区域", "区域名": "-", "所在地": "北区滝野川2", "告示日": "2018/5/31"}, "geometry": {"type": "Polygon", "coordinates": [[[139.731429883, 35.751490938], [139.731453905, 35.75167735], [139.731268204, 35.751813862], [139.731033738, 35.751687811], [139.731218231, 35.751538733], [139.731429883, 35.751490938]]]}}, {"id": "10541", "type": "Feature", "properties": {"現象の種類": "急傾斜地の崩壊", "区域区分": "土砂災害警戒区域", "区域名": "-", "所在地": "北区滝野川2　王子本町1", "告示日": "2018/5/31"}, "geometry": {"type": "Polygon", "coordinates": [[[139.731921988, 35.751600571], [139.731641235, 35.75181243], [139.731562818, 35.751777925], [139.731651953, 35.7515044], [139.731921988, 35.751600571]]]}}, {"id": "10542", "type": "Feature", "properties": {"現象の種類": "急傾斜地の崩壊", "区域区分": "土砂災害警戒区域", "区域名": "-", "所在地": "北区西ケ原2", "告示日": "2018/5/31"}, "geometry": {"type": "Polygon", "coordinates": [[[139.743211233, 35.748079653], [139.743324394, 35.748254148], [139.74323733, 35.748348999], [139.742498657, 35.748688218], [139.74215943, 35.748826408], [139.742031762, 35.748661879], [139.742842761, 35.748229402], [139.743211233, 35.748079653]]]}}, {"id": "10543", "type": "Feature", "properties": {"現象の種類": "急傾斜地の崩壊", "区域区分": "土砂災害警戒区域", "区域名": "-", "所在地": "北区西ケ原1", "告示日": "2018/5/31"}, "geometry": {"type": "Polygon", "coordinates": [[[139.748742787, 35.741195589], [139.748857712, 35.741444469], [139.748696823, 35.74153479], [139.748518326, 35.741318505], [139.748742787, 35.741195589]]]}}, {"id": "10544", "type": "Feature", "properties": {"現象の種類": "急傾斜地の崩壊", "区域区分": "土砂災害警戒区域", "区域名": "-", "所在地": "北区田端4", "告示日": "2018/5/31"}, "geometry": {"type": "Polygon", "coordinates": [[[139.754783268, 35.738383521], [139.755005242, 35.738522341], [139.754709077, 35.738749718], [139.754439686, 35.738871797], [139.754338883, 35.738687395], [139.7545215, 35.738609673], [139.754497106, 35.738568217], [139.754683679, 35.738472235], [139.754700073, 35.738406104], [139.754783268, 35.738383521]]]}}, {"id": "10545", "type": "Feature", "properties": {"現象の種類": "急傾斜地の崩壊", "区域区分": "土砂災害警戒区域", "区域名": "-", "所在地": "北区田端3", "告示日": "2018/5/31"}, "geometry": {"type": "Polygon", "coordinates": [[[139.755938917, 35.736071024], [139.755956775, 35.736272354], [139.755881149, 35.736266453], [139.755813502, 35.73621514], [139.755938917, 35.736071024]]]}}, {"id": "10546", "type": "Feature", "properties": {"現象の種類": "急傾斜地の崩壊", "区域区分": "土砂災害警戒区域", "区域名": "-", "所在地": "北区田端1", "告示日": "2018/5/31"}, "geometry": {"type": "Polygon", "coordinates": [[[139.760395791, 35.736405971], [139.760152372, 35.736486495], [139.760140292, 35.7362641], [139.76025974, 35.736238224], [139.760285357, 35.736305392], [139.760441938, 35.736302957], [139.760395791, 35.736405971]]]}}, {"id": "10547", "type": "Feature", "properties": {"現象の種類": "急傾斜地の崩壊", "区域区分": "土砂災害警戒区域", "区域名": "-", "所在地": "北区田端1", "告示日": "2018/5/31"}, "geometry": {"type": "Polygon", "coordinates": [[[139.760669985, 35.735563678], [139.760931195, 35.73564852], [139.760985262, 35.735666082], [139.760671865, 35.735614751], [139.760669985, 35.735563678]]]}}, {"id": "10548", "type": "Feature", "properties": {"現象の種類": "急傾斜地の崩壊", "区域区分": "土砂災害警戒区域", "区域名": "-", "所在地": "北区田端1", "告示日": "2018/5/31"}, "geometry": {"type": "Polygon", "coordinates": [[[139.761681185, 35.735061858], [139.761474149, 35.735224356], [139.761469835, 35.735280764], [139.7612252, 35.735066167], [139.761247269, 35.735024617], [139.761358907, 35.735028172], [139.761515383, 35.734899026], [139.761681185, 35.735061858]]]}}, {"id": "10549", "type": "Feature", "properties": {"現象の種類": "急傾斜地の崩壊", "区域区分": "土砂災害警戒区域", "区域名": "-", "所在地": "北区田端1", "告示日": "2018/5/31"}, "geometry": {"type": "Polygon", "coordinates": [[[139.762030207, 35.734522785], [139.7623967, 35.734656056], [139.762392493, 35.734691223], [139.762037163, 35.735068483], [139.761783357, 35.734770989], [139.761980663, 35.734655546], [139.762030207, 35.734522785]]]}}, {"id": "10550", "type": "Feature", "properties": {"現象の種類": "急傾斜地の崩壊", "区域区分": "土砂災害警戒区域", "区域名": "-", "所在地": "北区西ケ原2", "告示日": "2018/5/31"}, "geometry": {"type": "Polygon", "coordinates": [[[139.740657517, 35.749455071], [139.740896308, 35.74937467], [139.741432082, 35.749078418], [139.741641269, 35.748833095], [139.741853717, 35.748767963], [139.741985927, 35.748948247], [139.74176657, 35.749033862], [139.741599902, 35.749241267], [139.741418985, 35.749346302], [139.741326309, 35.749465729], [139.741174916, 35.74950393], [139.741019577, 35.749743273], [139.740885779, 35.749754873], [139.740657517, 35.749455071]]]}}, {"id": "10551", "type": "Feature", "properties": {"現象の種類": "急傾斜地の崩壊", "区域区分": "土砂災害警戒区域", "区域名": "-", "所在地": "板橋区大谷口2　向原1", "告示日": "2018/5/31"}, "geometry": {"type": "Polygon", "coordinates": [[[139.686379882, 35.74310016], [139.686734204, 35.743130608], [139.686738999, 35.743137545], [139.686418559, 35.743192991], [139.686373717, 35.743163904], [139.686379882, 35.74310016]]]}}, {"id": "10552", "type": "Feature", "properties": {"現象の種類": "急傾斜地の崩壊", "区域区分": "土砂災害警戒区域", "区域名": "-", "所在地": "北区赤羽西2", "告示日": "2018/5/31"}, "geometry": {"type": "Polygon", "coordinates": [[[139.719877907, 35.772760598], [139.719469946, 35.772576757], [139.719931255, 35.772044843], [139.719973731, 35.772061768], [139.720121247, 35.77197224], [139.720434668, 35.771625798], [139.720605375, 35.771656115], [139.720771289, 35.771615155], [139.72078035, 35.771851196], [139.720726356, 35.771864189], [139.720765036, 35.771895801], [139.720657804, 35.771891466], [139.720441463, 35.772121156], [139.720613156, 35.772257882], [139.720352721, 35.772372435], [139.720403126, 35.772433977], [139.720262431, 35.772454432], [139.719877907, 35.772760598]]]}}, {"id": "10553", "type": "Feature", "properties": {"現象の種類": "急傾斜地の崩壊", "区域区分": "土砂災害警戒区域", "区域名": "-", "所在地": "北区赤羽台2　赤羽西4", "告示日": "2018/5/31"}, "geometry": {"type": "Polygon", "coordinates": [[[139.713019636, 35.774389358], [139.713096268, 35.774502334], [139.712947802, 35.774871845], [139.712856064, 35.774832666], [139.712729383, 35.774653471], [139.712928017, 35.774359849], [139.713019636, 35.774389358]]]}}, {"id": "10554", "type": "Feature", "properties": {"現象の種類": "急傾斜地の崩壊", "区域区分": "土砂災害警戒区域", "区域名": "-", "所在地": "北区中十条4　東十条5", "告示日": "2018/5/31"}, "geometry": {"type": "Polygon", "coordinates": [[[139.723723324, 35.767988649], [139.724048903, 35.768090383], [139.723821085, 35.768300812], [139.723704594, 35.768020782], [139.723723324, 35.767988649]]]}}, {"id": "10555", "type": "Feature", "properties": {"現象の種類": "急傾斜地の崩壊", "区域区分": "土砂災害警戒区域", "区域名": "-", "所在地": "北区赤羽西4", "告示日": "2018/5/31"}, "geometry": {"type": "Polygon", "coordinates": [[[139.718555121, 35.774475063], [139.718411427, 35.774601124], [139.718106137, 35.774347737], [139.718354066, 35.774157943], [139.718555121, 35.774475063]]]}}, {"id": "10556", "type": "Feature", "properties": {"現象の種類": "急傾斜地の崩壊", "区域区分": "土砂災害警戒区域", "区域名": "-", "所在地": "北区中十条3　東十条3", "告示日": "2018/5/31"}, "geometry": {"type": "Polygon", "coordinates": [[[139.726086548, 35.764517501], [139.725715875, 35.764423343], [139.72590897, 35.764075175], [139.725990417, 35.764031574], [139.726288718, 35.764170714], [139.726086548, 35.764517501]]]}}, {"id": "10557", "type": "Feature", "properties": {"現象の種類": "急傾斜地の崩壊", "区域区分": "土砂災害警戒区域", "区域名": "-", "所在地": "北区赤羽北3　赤羽北2　板橋区小豆沢4", "告示日": "2018/5/31"}, "geometry": {"type": "Polygon", "coordinates": [[[139.703137322, 35.781863907], [139.703458985, 35.78197036], [139.703364858, 35.782273538], [139.703163929, 35.782289764], [139.703140892, 35.782332017], [139.702748852, 35.782157014], [139.702687527, 35.782014414], [139.703136734, 35.781803716], [139.703137322, 35.781863907]]]}}, {"id": "10558", "type": "Feature", "properties": {"現象の種類": "急傾斜地の崩壊", "区域区分": "土砂災害警戒区域", "区域名": "-", "所在地": "北区中十条3　東十条4", "告示日": "2018/5/31"}, "geometry": {"type": "Polygon", "coordinates": [[[139.724945414, 35.765834246], [139.725256038, 35.765952461], [139.725164764, 35.766117491], [139.725002961, 35.76625866], [139.724724922, 35.766052342], [139.724945414, 35.765834246]]]}}, {"id": "10559", "type": "Feature", "properties": {"現象の種類": "急傾斜地の崩壊", "区域区分": "土砂災害警戒区域", "区域名": "-", "所在地": "北区中十条3　東十条4", "告示日": "2018/5/31"}, "geometry": {"type": "Polygon", "coordinates": [[[139.725732825, 35.76511407], [139.725382076, 35.764969558], [139.725423139, 35.764886709], [139.725796322, 35.765004453], [139.725732825, 35.76511407]]]}}, {"id": "10560", "type": "Feature", "properties": {"現象の種類": "急傾斜地の崩壊", "区域区分": "土砂災害警戒区域", "区域名": "-", "所在地": "北区赤羽西3", "告示日": "2018/5/31"}, "geometry": {"type": "Polygon", "coordinates": [[[139.718733913, 35.769506156], [139.718618461, 35.769675568], [139.718218616, 35.76943951], [139.717738727, 35.769257582], [139.717885182, 35.768972358], [139.718151591, 35.769102717], [139.718733913, 35.769506156]]]}}, {"id": "10561", "type": "Feature", "properties": {"現象の種類": "急傾斜地の崩壊", "区域区分": "土砂災害警戒区域", "区域名": "-", "所在地": "北区赤羽台1　赤羽西1", "告示日": "2018/5/31"}, "geometry": {"type": "Polygon", "coordinates": [[[139.718793898, 35.779689942], [139.718730881, 35.779533909], [139.718464918, 35.77933503], [139.718735672, 35.779087405], [139.719014419, 35.779224245], [139.719250517, 35.779632385], [139.718793898, 35.779689942]]]}}, {"id": "10562", "type": "Feature", "properties": {"現象の種類": "急傾斜地の崩壊", "区域区分": "土砂災害警戒区域", "区域名": "-", "所在地": "板橋区大谷口2", "告示日": "2018/5/31"}, "geometry": {"type": "Polygon", "coordinates": [[[139.685992907, 35.74625994], [139.686295959, 35.746306705], [139.68626562, 35.746621061], [139.685960208, 35.746565643], [139.685992907, 35.74625994]]]}}, {"id": "10563", "type": "Feature", "properties": {"現象の種類": "急傾斜地の崩壊", "区域区分": "土砂災害警戒区域", "区域名": "-", "所在地": "板橋区向原1　向原3", "告示日": "2018/5/31"}, "geometry": {"type": "Polygon", "coordinates": [[[139.682739555, 35.742582683], [139.682767345, 35.742625696], [139.682504304, 35.742732911], [139.682466536, 35.742671866], [139.682739555, 35.742582683]]]}}, {"id": "10564", "type": "Feature", "properties": {"現象の種類": "急傾斜地の崩壊", "区域区分": "土砂災害警戒区域", "区域名": "-", "所在地": "板橋区小茂根1　向原3", "告示日": "2018/5/31"}, "geometry": {"type": "Polygon", "coordinates": [[[139.684320452, 35.747002101], [139.684023514, 35.746959753], [139.683849957, 35.746647858], [139.684068687, 35.746456334], [139.684342433, 35.746879041], [139.684320452, 35.747002101]]]}}, {"id": "10565", "type": "Feature", "properties": {"現象の種類": "急傾斜地の崩壊", "区域区分": "土砂災害警戒区域", "区域名": "-", "所在地": "板橋区小茂根1　向原3", "告示日": "2018/5/31"}, "geometry": {"type": "Polygon", "coordinates": [[[139.683951372, 35.747835639], [139.683850512, 35.747863708], [139.683839062, 35.747932748], [139.683636513, 35.747966551], [139.683682842, 35.748038096], [139.683380954, 35.74803772], [139.683430969, 35.747775669], [139.68356749, 35.747739029], [139.683585716, 35.747640911], [139.683658611, 35.747647402], [139.683690944, 35.747145222], [139.683743158, 35.747031711], [139.684031084, 35.74696492], [139.684088782, 35.747194484], [139.68403272, 35.747195168], [139.684040895, 35.747431085], [139.683951372, 35.747835639]]]}}, {"id": "10566", "type": "Feature", "properties": {"現象の種類": "急傾斜地の崩壊", "区域区分": "土砂災害警戒区域", "区域名": "-", "所在地": "板橋区小茂根1　小茂根2", "告示日": "2018/5/31"}, "geometry": {"type": "Polygon", "coordinates": [[[139.683467851, 35.747949021], [139.683520336, 35.748197748], [139.683403521, 35.748205598], [139.683390019, 35.747963405], [139.683467851, 35.747949021]]]}}, {"id": "10567", "type": "Feature", "properties": {"現象の種類": "急傾斜地の崩壊", "区域区分": "土砂災害警戒区域", "区域名": "-", "所在地": "板橋区大谷口北町　大谷口上町", "告示日": "2018/5/31"}, "geometry": {"type": "Polygon", "coordinates": [[[139.687321456, 35.748261994], [139.68734636, 35.748519428], [139.68727307, 35.748524208], [139.687251274, 35.748277898], [139.687321456, 35.748261994]]]}}, {"id": "10568", "type": "Feature", "properties": {"現象の種類": "急傾斜地の崩壊", "区域区分": "土砂災害警戒区域", "区域名": "-", "所在地": "板橋区泉町　前野町1", "告示日": "2018/5/31"}, "geometry": {"type": "Polygon", "coordinates": [[[139.698331761, 35.765938387], [139.698037036, 35.765847393], [139.69807629, 35.765758048], [139.698306677, 35.765583061], [139.698576044, 35.765595114], [139.69849551, 35.765887972], [139.698331761, 35.765938387]]]}}, {"id": "10569", "type": "Feature", "properties": {"現象の種類": "急傾斜地の崩壊", "区域区分": "土砂災害警戒区域", "区域名": "-", "所在地": "板橋区泉町", "告示日": "2018/5/31"}, "geometry": {"type": "Polygon", "coordinates": [[[139.698333618, 35.765844797], [139.698423949, 35.765946845], [139.69817238, 35.766103065], [139.698063131, 35.765985268], [139.698333618, 35.765844797]]]}}, {"id": "10570", "type": "Feature", "properties": {"現象の種類": "急傾斜地の崩壊", "区域区分": "土砂災害警戒区域", "区域名": "-", "所在地": "板橋区大原町", "告示日": "2018/5/31"}, "geometry": {"type": "Polygon", "coordinates": [[[139.696635213, 35.769816494], [139.695996098, 35.769726957], [139.696026009, 35.769489347], [139.696679556, 35.769562135], [139.696635213, 35.769816494]]]}}, {"id": "10571", "type": "Feature", "properties": {"現象の種類": "急傾斜地の崩壊", "区域区分": "土砂災害警戒区域", "区域名": "-", "所在地": "板橋区前野町4", "告示日": "2018/5/31"}, "geometry": {"type": "Polygon", "coordinates": [[[139.693862784, 35.77259236], [139.694165842, 35.772656234], [139.694095104, 35.772865392], [139.693703657, 35.772805977], [139.693862784, 35.77259236]]]}}, {"id": "10572", "type": "Feature", "properties": {"現象の種類": "急傾斜地の崩壊", "区域区分": "土砂災害警戒区域", "区域名": "-", "所在地": "板橋区前野町4", "告示日": "2018/5/31"}, "geometry": {"type": "Polygon", "coordinates": [[[139.693721016, 35.773032682], [139.69425081, 35.773055184], [139.694134858, 35.773605812], [139.693723484, 35.773555349], [139.693667786, 35.773397288], [139.693763876, 35.773323463], [139.693721016, 35.773032682]]]}}, {"id": "10573", "type": "Feature", "properties": {"現象の種類": "急傾斜地の崩壊", "区域区分": "土砂災害警戒区域", "区域名": "-", "所在地": "板橋区志村1", "告示日": "2018/5/31"}, "geometry": {"type": "Polygon", "coordinates": [[[139.691943093, 35.774705861], [139.69212593, 35.774825395], [139.691863382, 35.775088207], [139.691679677, 35.774973969], [139.691943093, 35.774705861]]]}}, {"id": "10574", "type": "Feature", "properties": {"現象の種類": "急傾斜地の崩壊", "区域区分": "土砂災害警戒区域", "区域名": "-", "所在地": "板橋区小豆沢4", "告示日": "2018/5/31"}, "geometry": {"type": "Polygon", "coordinates": [[[139.700257589, 35.781236279], [139.700205863, 35.781186263], [139.700317501, 35.780777522], [139.700369313, 35.780768188], [139.700439526, 35.780803055], [139.700257589, 35.781236279]]]}}, {"id": "10575", "type": "Feature", "properties": {"現象の種類": "急傾斜地の崩壊", "区域区分": "土砂災害警戒区域", "区域名": "-", "所在地": "板橋区小豆沢4", "告示日": "2018/5/31"}, "geometry": {"type": "Polygon", "coordinates": [[[139.698569909, 35.780381097], [139.698529208, 35.780267404], [139.698712503, 35.780121985], [139.698799935, 35.780160027], [139.698569909, 35.780381097]]]}}, {"id": "10577", "type": "Feature", "properties": {"現象の種類": "急傾斜地の崩壊", "区域区分": "土砂災害警戒区域", "区域名": "-", "所在地": "板橋区小豆沢4", "告示日": "2018/5/31"}, "geometry": {"type": "Polygon", "coordinates": [[[139.698605795, 35.779257937], [139.698516895, 35.779432744], [139.698202163, 35.77928204], [139.698288739, 35.779156287], [139.698605795, 35.779257937]]]}}, {"id": "10578", "type": "Feature", "properties": {"現象の種類": "急傾斜地の崩壊", "区域区分": "土砂災害警戒区域", "区域名": "-", "所在地": "板橋区小豆沢3", "告示日": "2018/5/31"}, "geometry": {"type": "Polygon", "coordinates": [[[139.697860577, 35.778493186], [139.698225057, 35.778572254], [139.698085156, 35.778780013], [139.697766112, 35.778644232], [139.697860577, 35.778493186]]]}}, {"id": "10579", "type": "Feature", "properties": {"現象の種類": "急傾斜地の崩壊", "区域区分": "土砂災害警戒区域", "区域名": "-", "所在地": "板橋区小豆沢3", "告示日": "2018/5/31"}, "geometry": {"type": "Polygon", "coordinates": [[[139.693682385, 35.777540419], [139.693878842, 35.777661508], [139.693687194, 35.777884584], [139.693416129, 35.777728657], [139.693682385, 35.777540419]]]}}, {"id": "10580", "type": "Feature", "properties": {"現象の種類": "急傾斜地の崩壊", "区域区分": "土砂災害警戒区域", "区域名": "-", "所在地": "板橋区志村2", "告示日": "2018/5/31"}, "geometry": {"type": "Polygon", "coordinates": [[[139.692007784, 35.777776155], [139.692207748, 35.777813607], [139.692243682, 35.77809056], [139.691849808, 35.778124111], [139.692007784, 35.777776155]]]}}, {"id": "10581", "type": "Feature", "properties": {"現象の種類": "急傾斜地の崩壊", "区域区分": "土砂災害警戒区域", "区域名": "-", "所在地": "板橋区志村2", "告示日": "2018/5/31"}, "geometry": {"type": "Polygon", "coordinates": [[[139.691724475, 35.777693585], [139.691823141, 35.777747378], [139.691748238, 35.778000573], [139.691582633, 35.77798098], [139.691724475, 35.777693585]]]}}, {"id": "10582", "type": "Feature", "properties": {"現象の種類": "急傾斜地の崩壊", "区域区分": "土砂災害警戒区域", "区域名": "-", "所在地": "板橋区志村2", "告示日": "2018/5/31"}, "geometry": {"type": "Polygon", "coordinates": [[[139.691663307, 35.777659341], [139.691505164, 35.7779806], [139.691345519, 35.777953793], [139.691484943, 35.777615465], [139.691663307, 35.777659341]]]}}, {"id": "10583", "type": "Feature", "properties": {"現象の種類": "急傾斜地の崩壊", "区域区分": "土砂災害警戒区域", "区域名": "-", "所在地": "板橋区志村2", "告示日": "2018/5/31"}, "geometry": {"type": "Polygon", "coordinates": [[[139.690220362, 35.777412803], [139.690173675, 35.777639452], [139.690042538, 35.777652924], [139.690142262, 35.777345328], [139.690220362, 35.777412803]]]}}, {"id": "10584", "type": "Feature", "properties": {"現象の種類": "急傾斜地の崩壊", "区域区分": "土砂災害警戒区域", "区域名": "-", "所在地": "板橋区志村2", "告示日": "2018/5/31"}, "geometry": {"type": "Polygon", "coordinates": [[[139.689510094, 35.77712742], [139.689320103, 35.777484671], [139.689273078, 35.777474775], [139.689416242, 35.777107615], [139.689460892, 35.777085519], [139.689510094, 35.77712742]]]}}, {"id": "10585", "type": "Feature", "properties": {"現象の種類": "急傾斜地の崩壊", "区域区分": "土砂災害警戒区域", "区域名": "-", "所在地": "板橋区志村2", "告示日": "2018/5/31"}, "geometry": {"type": "Polygon", "coordinates": [[[139.688764489, 35.777231503], [139.68863419, 35.777238642], [139.688701969, 35.77696105], [139.688799319, 35.776976932], [139.688764489, 35.777231503]]]}}, {"id": "10586", "type": "Feature", "properties": {"現象の種類": "急傾斜地の崩壊", "区域区分": "土砂災害警戒区域", "区域名": "-", "所在地": "板橋区志村2", "告示日": "2018/5/31"}, "geometry": {"type": "Polygon", "coordinates": [[[139.685476529, 35.775542213], [139.685749851, 35.775653116], [139.68562427, 35.775819987], [139.685319084, 35.775631307], [139.685476529, 35.775542213]]]}}, {"id": "10587", "type": "Feature", "properties": {"現象の種類": "急傾斜地の崩壊", "区域区分": "土砂災害警戒区域", "区域名": "-", "所在地": "板橋区志村2　志村3", "告示日": "2018/5/31"}, "geometry": {"type": "Polygon", "coordinates": [[[139.684913764, 35.775669866], [139.685581838, 35.775773788], [139.685644081, 35.775784803], [139.685607079, 35.775844602], [139.685002532, 35.775750429], [139.684913764, 35.775669866]]]}}, {"id": "10588", "type": "Feature", "properties": {"現象の種類": "急傾斜地の崩壊", "区域区分": "土砂災害警戒区域", "区域名": "-", "所在地": "板橋区志村2", "告示日": "2018/5/31"}, "geometry": {"type": "Polygon", "coordinates": [[[139.68545361, 35.774854738], [139.685756731, 35.77489717], [139.685796155, 35.774984706], [139.685405399, 35.774993861], [139.68545361, 35.774854738]]]}}, {"id": "10589", "type": "Feature", "properties": {"現象の種類": "急傾斜地の崩壊", "区域区分": "土砂災害警戒区域", "区域名": "-", "所在地": "板橋区前野町5", "告示日": "2018/5/31"}, "geometry": {"type": "Polygon", "coordinates": [[[139.684634452, 35.771159739], [139.684638045, 35.771394908], [139.684424306, 35.771371683], [139.6845856, 35.771149278], [139.684634452, 35.771159739]]]}}, {"id": "10590", "type": "Feature", "properties": {"現象の種類": "急傾斜地の崩壊", "区域区分": "土砂災害警戒区域", "区域名": "-", "所在地": "板橋区中台3", "告示日": "2018/5/31"}, "geometry": {"type": "Polygon", "coordinates": [[[139.676388545, 35.770835451], [139.675962083, 35.770839806], [139.676089312, 35.770619055], [139.676206652, 35.770517105], [139.67648497, 35.770677239], [139.676328866, 35.770757537], [139.676420598, 35.770804886], [139.676388545, 35.770835451]]]}}, {"id": "10591", "type": "Feature", "properties": {"現象の種類": "急傾斜地の崩壊", "区域区分": "土砂災害警戒区域", "区域名": "-", "所在地": "板橋区前野町5　前野町6", "告示日": "2018/5/31"}, "geometry": {"type": "Polygon", "coordinates": [[[139.68408986, 35.770287263], [139.683947703, 35.770402528], [139.68358294, 35.770536138], [139.683592654, 35.77047092], [139.683529283, 35.770396093], [139.683547118, 35.770295907], [139.683500287, 35.770302848], [139.683456359, 35.770219085], [139.683553489, 35.770171754], [139.683524385, 35.769925675], [139.683595275, 35.769773145], [139.683785912, 35.769792606], [139.684043287, 35.769735329], [139.684113858, 35.769951051], [139.68397792, 35.769988443], [139.68408986, 35.770287263]]]}}, {"id": "10592", "type": "Feature", "properties": {"現象の種類": "急傾斜地の崩壊", "区域区分": "土砂災害警戒区域", "区域名": "-", "所在地": "板橋区前野町5　前野町6", "告示日": "2018/5/31"}, "geometry": {"type": "Polygon", "coordinates": [[[139.68372768, 35.769523658], [139.683787857, 35.769551338], [139.683737859, 35.769586055], [139.683768404, 35.769736838], [139.683665055, 35.769761275], [139.683591262, 35.769687846], [139.683705271, 35.769608682], [139.68372768, 35.769523658]]]}}, {"id": "10593", "type": "Feature", "properties": {"現象の種類": "急傾斜地の崩壊", "区域区分": "土砂災害警戒区域", "区域名": "-", "所在地": "板橋区前野町6", "告示日": "2018/5/31"}, "geometry": {"type": "Polygon", "coordinates": [[[139.683332414, 35.769306656], [139.683569101, 35.769390721], [139.683517044, 35.769540375], [139.683264264, 35.7695799], [139.683273919, 35.76937291], [139.683332414, 35.769306656]]]}}, {"id": "10594", "type": "Feature", "properties": {"現象の種類": "急傾斜地の崩壊", "区域区分": "土砂災害警戒区域", "区域名": "-", "所在地": "板橋区前野町6　中台1", "告示日": "2018/5/31"}, "geometry": {"type": "Polygon", "coordinates": [[[139.682431235, 35.768858968], [139.682271716, 35.768876359], [139.68215793, 35.768555038], [139.682319674, 35.768371511], [139.682660504, 35.768711184], [139.682431235, 35.768858968]]]}}, {"id": "10595", "type": "Feature", "properties": {"現象の種類": "急傾斜地の崩壊", "区域区分": "土砂災害警戒区域", "区域名": "-", "所在地": "板橋区前野町6　中台1", "告示日": "2018/5/31"}, "geometry": {"type": "Polygon", "coordinates": [[[139.682574145, 35.76845407], [139.682311746, 35.768395572], [139.682409582, 35.768062399], [139.682707789, 35.768129811], [139.682574145, 35.76845407]]]}}, {"id": "10596", "type": "Feature", "properties": {"現象の種類": "急傾斜地の崩壊", "区域区分": "土砂災害警戒区域", "区域名": "-", "所在地": "板橋区中台3", "告示日": "2018/5/31"}, "geometry": {"type": "Polygon", "coordinates": [[[139.681214386, 35.774507673], [139.680923526, 35.774796994], [139.680845826, 35.77474097], [139.681214386, 35.774507673]]]}}, {"id": "10597", "type": "Feature", "properties": {"現象の種類": "急傾斜地の崩壊", "区域区分": "土砂災害警戒区域", "区域名": "-", "所在地": "板橋区中台3", "告示日": "2018/5/31"}, "geometry": {"type": "Polygon", "coordinates": [[[139.680993561, 35.772520723], [139.68111814, 35.772911453], [139.680667649, 35.773039951], [139.680730781, 35.772687283], [139.680629386, 35.772546834], [139.680861234, 35.772379411], [139.680993561, 35.772520723]]]}}, {"id": "10598", "type": "Feature", "properties": {"現象の種類": "急傾斜地の崩壊", "区域区分": "土砂災害警戒区域", "区域名": "-", "所在地": "板橋区中台3", "告示日": "2018/5/31"}, "geometry": {"type": "Polygon", "coordinates": [[[139.678729095, 35.773531539], [139.678926099, 35.773537329], [139.679107373, 35.773542656], [139.679092868, 35.773611823], [139.678705817, 35.773608322], [139.678729095, 35.773531539]]]}}, {"id": "10599", "type": "Feature", "properties": {"現象の種類": "急傾斜地の崩壊", "区域区分": "土砂災害警戒区域", "区域名": "-", "所在地": "板橋区中台3", "告示日": "2018/5/31"}, "geometry": {"type": "Polygon", "coordinates": [[[139.678939988, 35.773756711], [139.678860098, 35.773752632], [139.678910363, 35.773507278], [139.678947482, 35.773520662], [139.678939988, 35.773756711]]]}}, {"id": "10600", "type": "Feature", "properties": {"現象の種類": "急傾斜地の崩壊", "区域区分": "土砂災害警戒区域", "区域名": "-", "所在地": "板橋区中台3", "告示日": "2018/5/31"}, "geometry": {"type": "Polygon", "coordinates": [[[139.679622055, 35.772953393], [139.679687967, 35.773125255], [139.67918367, 35.773230283], [139.679099873, 35.773052234], [139.679098836, 35.773002337], [139.679276678, 35.772956603], [139.679622055, 35.772953393]]]}}, {"id": "10601", "type": "Feature", "properties": {"現象の種類": "急傾斜地の崩壊", "区域区分": "土砂災害警戒区域", "区域名": "-", "所在地": "板橋区中台3", "告示日": "2018/5/31"}, "geometry": {"type": "Polygon", "coordinates": [[[139.6784787, 35.770813592], [139.678650534, 35.770920102], [139.678688707, 35.771023353], [139.678509324, 35.771205218], [139.678353529, 35.771184125], [139.678242818, 35.77094538], [139.6784787, 35.770813592]]]}}, {"id": "10602", "type": "Feature", "properties": {"現象の種類": "急傾斜地の崩壊", "区域区分": "土砂災害警戒区域", "区域名": "-", "所在地": "板橋区中台3", "告示日": "2018/5/31"}, "geometry": {"type": "Polygon", "coordinates": [[[139.679284803, 35.770390869], [139.678486145, 35.770562002], [139.678358699, 35.770515418], [139.678274357, 35.770271653], [139.679171915, 35.770103123], [139.679361647, 35.7701942], [139.679284803, 35.770390869]]]}}, {"id": "10603", "type": "Feature", "properties": {"現象の種類": "急傾斜地の崩壊", "区域区分": "土砂災害警戒区域", "区域名": "-", "所在地": "板橋区中台3　若木3", "告示日": "2018/5/31"}, "geometry": {"type": "Polygon", "coordinates": [[[139.676965986, 35.775566916], [139.677129707, 35.775643004], [139.677347668, 35.775653666], [139.6773498, 35.775683206], [139.677019873, 35.775783905], [139.676903292, 35.775683187], [139.676965986, 35.775566916]]]}}, {"id": "10604", "type": "Feature", "properties": {"現象の種類": "急傾斜地の崩壊", "区域区分": "土砂災害警戒区域", "区域名": "-", "所在地": "板橋区若木3", "告示日": "2018/5/31"}, "geometry": {"type": "Polygon", "coordinates": [[[139.675823226, 35.774383453], [139.675977512, 35.774528601], [139.675977287, 35.774638414], [139.675839654, 35.774822353], [139.675717287, 35.774864815], [139.675430949, 35.774526065], [139.675587603, 35.774353632], [139.675823226, 35.774383453]]]}}, {"id": "10605", "type": "Feature", "properties": {"現象の種類": "急傾斜地の崩壊", "区域区分": "土砂災害警戒区域", "区域名": "-", "所在地": "板橋区若木2　若木3", "告示日": "2018/5/31"}, "geometry": {"type": "Polygon", "coordinates": [[[139.675084034, 35.771444249], [139.675129481, 35.771514737], [139.674812817, 35.771812629], [139.674721167, 35.771530825], [139.675084034, 35.771444249]]]}}, {"id": "10606", "type": "Feature", "properties": {"現象の種類": "急傾斜地の崩壊", "区域区分": "土砂災害警戒区域", "区域名": "-", "所在地": "板橋区若木2", "告示日": "2018/5/31"}, "geometry": {"type": "Polygon", "coordinates": [[[139.674155653, 35.770382023], [139.673871815, 35.770434357], [139.673862292, 35.770413917], [139.674155653, 35.770382023]]]}}, {"id": "10607", "type": "Feature", "properties": {"現象の種類": "急傾斜地の崩壊", "区域区分": "土砂災害警戒区域", "区域名": "-", "所在地": "板橋区若木2", "告示日": "2018/5/31"}, "geometry": {"type": "Polygon", "coordinates": [[[139.674548026, 35.769917857], [139.674617217, 35.770148214], [139.674422194, 35.770176386], [139.674356381, 35.769945492], [139.674548026, 35.769917857]]]}}, {"id": "10608", "type": "Feature", "properties": {"現象の種類": "急傾斜地の崩壊", "区域区分": "土砂災害警戒区域", "区域名": "-", "所在地": "板橋区若木2", "告示日": "2018/5/31"}, "geometry": {"type": "Polygon", "coordinates": [[[139.67412409, 35.769712448], [139.674104328, 35.769973373], [139.673959874, 35.769963163], [139.673990538, 35.769707669], [139.67412409, 35.769712448]]]}}, {"id": "10609", "type": "Feature", "properties": {"現象の種類": "急傾斜地の崩壊", "区域区分": "土砂災害警戒区域", "区域名": "-", "所在地": "板橋区若木2", "告示日": "2018/5/31"}, "geometry": {"type": "Polygon", "coordinates": [[[139.67243327, 35.77014861], [139.672586855, 35.770343654], [139.672525223, 35.770392029], [139.672383781, 35.770201609], [139.67243327, 35.77014861]]]}}, {"id": "10610", "type": "Feature", "properties": {"現象の種類": "急傾斜地の崩壊", "区域区分": "土砂災害警戒区域", "区域名": "-", "所在地": "板橋区若木2", "告示日": "2018/5/31"}, "geometry": {"type": "Polygon", "coordinates": [[[139.671548173, 35.769756602], [139.671810748, 35.769903588], [139.671778081, 35.769967185], [139.671840328, 35.770009875], [139.671772349, 35.770086466], [139.671452833, 35.769905152], [139.671548173, 35.769756602]]]}}, {"id": "10611", "type": "Feature", "properties": {"現象の種類": "急傾斜地の崩壊", "区域区分": "土砂災害警戒区域", "区域名": "-", "所在地": "板橋区若木2", "告示日": "2018/5/31"}, "geometry": {"type": "Polygon", "coordinates": [[[139.671178654, 35.769922559], [139.671302424, 35.770076484], [139.670985701, 35.770139177], [139.67091384, 35.770102399], [139.671178654, 35.769922559]]]}}, {"id": "10612", "type": "Feature", "properties": {"現象の種類": "急傾斜地の崩壊", "区域区分": "土砂災害警戒区域", "区域名": "-", "所在地": "板橋区若木2　西台1", "告示日": "2018/5/31"}, "geometry": {"type": "Polygon", "coordinates": [[[139.670947924, 35.771312129], [139.671000487, 35.771597658], [139.670885232, 35.771612364], [139.670813104, 35.771309737], [139.670947924, 35.771312129]]]}}, {"id": "10613", "type": "Feature", "properties": {"現象の種類": "急傾斜地の崩壊", "区域区分": "土砂災害警戒区域", "区域名": "-", "所在地": "板橋区若木2　西台1", "告示日": "2018/5/31"}, "geometry": {"type": "Polygon", "coordinates": [[[139.671853472, 35.771053069], [139.672197204, 35.771365109], [139.671845877, 35.771501779], [139.671578757, 35.771317713], [139.671853472, 35.771053069]]]}}, {"id": "10614", "type": "Feature", "properties": {"現象の種類": "急傾斜地の崩壊", "区域区分": "土砂災害警戒区域", "区域名": "-", "所在地": "板橋区若木2", "告示日": "2018/5/31"}, "geometry": {"type": "Polygon", "coordinates": [[[139.673034909, 35.771775228], [139.673002825, 35.772085348], [139.672885702, 35.772108851], [139.672982545, 35.771760989], [139.673034909, 35.771775228]]]}}, {"id": "10615", "type": "Feature", "properties": {"現象の種類": "急傾斜地の崩壊", "区域区分": "土砂災害警戒区域", "区域名": "-", "所在地": "板橋区若木2", "告示日": "2018/5/31"}, "geometry": {"type": "Polygon", "coordinates": [[[139.672540027, 35.771666801], [139.672506941, 35.771834141], [139.672488996, 35.771924909], [139.672430913, 35.771903619], [139.672493717, 35.771650719], [139.672540027, 35.771666801]]]}}, {"id": "10616", "type": "Feature", "properties": {"現象の種類": "急傾斜地の崩壊", "区域区分": "土砂災害警戒区域", "区域名": "-", "所在地": "板橋区徳丸1", "告示日": "2018/5/31"}, "geometry": {"type": "Polygon", "coordinates": [[[139.663456798, 35.769378963], [139.663655612, 35.769540649], [139.663577089, 35.769650933], [139.663346807, 35.769461301], [139.663456798, 35.769378963]]]}}, {"id": "10617", "type": "Feature", "properties": {"現象の種類": "急傾斜地の崩壊", "区域区分": "土砂災害警戒区域", "区域名": "-", "所在地": "板橋区西台1　若木3", "告示日": "2018/5/31"}, "geometry": {"type": "Polygon", "coordinates": [[[139.672957233, 35.774231998], [139.672844142, 35.774006499], [139.673309935, 35.773812353], [139.673573166, 35.773773992], [139.673875275, 35.773834371], [139.673891812, 35.773908077], [139.673465625, 35.774155647], [139.673240766, 35.774157827], [139.672957233, 35.774231998]]]}}, {"id": "10618", "type": "Feature", "properties": {"現象の種類": "急傾斜地の崩壊", "区域区分": "土砂災害警戒区域", "区域名": "-", "所在地": "板橋区西台1", "告示日": "2018/5/31"}, "geometry": {"type": "Polygon", "coordinates": [[[139.673973662, 35.774694432], [139.673707954, 35.774810395], [139.673613193, 35.774703804], [139.67388492, 35.774628383], [139.673973662, 35.774694432]]]}}, {"id": "10619", "type": "Feature", "properties": {"現象の種類": "急傾斜地の崩壊", "区域区分": "土砂災害警戒区域", "区域名": "-", "所在地": "板橋区西台1", "告示日": "2018/5/31"}, "geometry": {"type": "Polygon", "coordinates": [[[139.674493132, 35.775389682], [139.674455696, 35.775366], [139.674077258, 35.77527143], [139.674184227, 35.775158734], [139.674493132, 35.775389682]]]}}, {"id": "10620", "type": "Feature", "properties": {"現象の種類": "急傾斜地の崩壊", "区域区分": "土砂災害警戒区域", "区域名": "-", "所在地": "板橋区西台1　蓮根1　相生町", "告示日": "2018/5/31"}, "geometry": {"type": "Polygon", "coordinates": [[[139.675978762, 35.7770324], [139.675916141, 35.777072437], [139.676016386, 35.777110848], [139.675856899, 35.777317007], [139.675403618, 35.776919056], [139.675540336, 35.776833963], [139.67588768, 35.777027529], [139.675978762, 35.7770324]]]}}, {"id": "10621", "type": "Feature", "properties": {"現象の種類": "急傾斜地の崩壊", "区域区分": "土砂災害警戒区域", "区域名": "-", "所在地": "板橋区西台2", "告示日": "2018/5/31"}, "geometry": {"type": "Polygon", "coordinates": [[[139.671547457, 35.778500258], [139.671699649, 35.778696098], [139.671452323, 35.778840741], [139.671296083, 35.778695612], [139.671490416, 35.778487144], [139.671547457, 35.778500258]]]}}, {"id": "10622", "type": "Feature", "properties": {"現象の種類": "急傾斜地の崩壊", "区域区分": "土砂災害警戒区域", "区域名": "-", "所在地": "板橋区西台2", "告示日": "2018/5/31"}, "geometry": {"type": "Polygon", "coordinates": [[[139.670417915, 35.777833529], [139.670746389, 35.777806315], [139.670534, 35.777997401], [139.670414354, 35.777893462], [139.670417915, 35.777833529]]]}}, {"id": "10623", "type": "Feature", "properties": {"現象の種類": "急傾斜地の崩壊", "区域区分": "土砂災害警戒区域", "区域名": "-", "所在地": "板橋区西台2", "告示日": "2018/5/31"}, "geometry": {"type": "Polygon", "coordinates": [[[139.669304124, 35.779562313], [139.669283903, 35.779342869], [139.669584731, 35.779291821], [139.669611521, 35.779531388], [139.669304124, 35.779562313]]]}}, {"id": "10624", "type": "Feature", "properties": {"現象の種類": "急傾斜地の崩壊", "区域区分": "土砂災害警戒区域", "区域名": "-", "所在地": "板橋区徳丸1", "告示日": "2018/5/31"}, "geometry": {"type": "Polygon", "coordinates": [[[139.664575366, 35.774793722], [139.664285517, 35.774775871], [139.664228947, 35.774533282], [139.664715642, 35.774465878], [139.664766441, 35.774693785], [139.6646039, 35.774733969], [139.664575366, 35.774793722]]]}}, {"id": "10625", "type": "Feature", "properties": {"現象の種類": "急傾斜地の崩壊", "区域区分": "土砂災害警戒区域", "区域名": "-", "所在地": "板橋区徳丸1", "告示日": "2018/5/31"}, "geometry": {"type": "Polygon", "coordinates": [[[139.66452497, 35.773019208], [139.664766459, 35.773201313], [139.664614601, 35.773345397], [139.664350356, 35.773179798], [139.66452497, 35.773019208]]]}}, {"id": "10626", "type": "Feature", "properties": {"現象の種類": "急傾斜地の崩壊", "区域区分": "土砂災害警戒区域", "区域名": "-", "所在地": "板橋区徳丸1", "告示日": "2018/5/31"}, "geometry": {"type": "Polygon", "coordinates": [[[139.664069652, 35.772749867], [139.664259035, 35.772926887], [139.664076956, 35.77304166], [139.663838648, 35.772928336], [139.664069652, 35.772749867]]]}}, {"id": "10627", "type": "Feature", "properties": {"現象の種類": "急傾斜地の崩壊", "区域区分": "土砂災害警戒区域", "区域名": "-", "所在地": "板橋区徳丸1", "告示日": "2018/5/31"}, "geometry": {"type": "Polygon", "coordinates": [[[139.664227451, 35.772392837], [139.664248838, 35.77255289], [139.663983968, 35.772595017], [139.663935504, 35.772452032], [139.664227451, 35.772392837]]]}}, {"id": "10628", "type": "Feature", "properties": {"現象の種類": "急傾斜地の崩壊", "区域区分": "土砂災害警戒区域", "区域名": "-", "所在地": "板橋区徳丸1", "告示日": "2018/5/31"}, "geometry": {"type": "Polygon", "coordinates": [[[139.665406176, 35.772051249], [139.665344491, 35.772008721], [139.665243707, 35.772022421], [139.665247336, 35.77176466], [139.665409532, 35.771764508], [139.66558879, 35.771857603], [139.665406176, 35.772051249]]]}}, {"id": "10629", "type": "Feature", "properties": {"現象の種類": "急傾斜地の崩壊", "区域区分": "土砂災害警戒区域", "区域名": "-", "所在地": "板橋区徳丸2", "告示日": "2018/5/31"}, "geometry": {"type": "Polygon", "coordinates": [[[139.662980412, 35.773548585], [139.662930279, 35.773764087], [139.662387319, 35.773929125], [139.662262138, 35.77366513], [139.662778993, 35.773499391], [139.662951128, 35.773478861], [139.662980412, 35.773548585]]]}}, {"id": "10630", "type": "Feature", "properties": {"現象の種類": "急傾斜地の崩壊", "区域区分": "土砂災害警戒区域", "区域名": "-", "所在地": "板橋区徳丸6", "告示日": "2018/5/31"}, "geometry": {"type": "Polygon", "coordinates": [[[139.66399595, 35.777773274], [139.664050978, 35.778168352], [139.66374559, 35.778201128], [139.663708058, 35.777785516], [139.66399595, 35.777773274]]]}}, {"id": "10631", "type": "Feature", "properties": {"現象の種類": "急傾斜地の崩壊", "区域区分": "土砂災害警戒区域", "区域名": "-", "所在地": "板橋区徳丸6", "告示日": "2018/5/31"}, "geometry": {"type": "Polygon", "coordinates": [[[139.66093588, 35.777308996], [139.661141692, 35.777504726], [139.661185417, 35.777597146], [139.661145912, 35.777624601], [139.661100841, 35.777589369], [139.660870248, 35.777304287], [139.66093588, 35.777308996]]]}}, {"id": "10632", "type": "Feature", "properties": {"現象の種類": "急傾斜地の崩壊", "区域区分": "土砂災害警戒区域", "区域名": "-", "所在地": "板橋区徳丸3", "告示日": "2018/5/31"}, "geometry": {"type": "Polygon", "coordinates": [[[139.658054976, 35.774003243], [139.658259867, 35.774172761], [139.65814518, 35.774274563], [139.658033442, 35.774045955], [139.658054976, 35.774003243]]]}}, {"id": "10633", "type": "Feature", "properties": {"現象の種類": "急傾斜地の崩壊", "区域区分": "土砂災害警戒区域", "区域名": "-", "所在地": "板橋区徳丸3", "告示日": "2018/5/31"}, "geometry": {"type": "Polygon", "coordinates": [[[139.657035768, 35.774481984], [139.656770772, 35.774566731], [139.656739971, 35.77450378], [139.656986248, 35.774428018], [139.657035768, 35.774481984]]]}}, {"id": "10634", "type": "Feature", "properties": {"現象の種類": "急傾斜地の崩壊", "区域区分": "土砂災害警戒区域", "区域名": "-", "所在地": "板橋区徳丸3", "告示日": "2018/5/31"}, "geometry": {"type": "Polygon", "coordinates": [[[139.657097404, 35.774565351], [139.656783475, 35.774681173], [139.656774786, 35.774662634], [139.657097404, 35.774565351]]]}}, {"id": "10635", "type": "Feature", "properties": {"現象の種類": "急傾斜地の崩壊", "区域区分": "土砂災害警戒区域", "区域名": "-", "所在地": "板橋区徳丸4", "告示日": "2018/5/31"}, "geometry": {"type": "Polygon", "coordinates": [[[139.653741331, 35.774724352], [139.653933287, 35.774887837], [139.653930303, 35.774919842], [139.653829591, 35.774967351], [139.653620863, 35.774773657], [139.653741331, 35.774724352]]]}}, {"id": "10636", "type": "Feature", "properties": {"現象の種類": "急傾斜地の崩壊", "区域区分": "土砂災害警戒区域", "区域名": "-", "所在地": "板橋区徳丸7　徳丸8", "告示日": "2018/5/31"}, "geometry": {"type": "Polygon", "coordinates": [[[139.660832063, 35.781599264], [139.660757382, 35.781635232], [139.660761005, 35.781791816], [139.660712751, 35.781799199], [139.660472653, 35.781604283], [139.660513979, 35.781591395], [139.660485045, 35.781455528], [139.660738124, 35.781380082], [139.660798692, 35.78150406], [139.660847336, 35.781489107], [139.660832063, 35.781599264]]]}}, {"id": "10637", "type": "Feature", "properties": {"現象の種類": "急傾斜地の崩壊", "区域区分": "土砂災害警戒区域", "区域名": "-", "所在地": "板橋区徳丸8　徳丸7", "告示日": "2018/5/31"}, "geometry": {"type": "Polygon", "coordinates": [[[139.660615408, 35.781431266], [139.660607616, 35.781553335], [139.660304442, 35.781571756], [139.660209536, 35.78143156], [139.660557259, 35.781350314], [139.660615408, 35.781431266]]]}}, {"id": "10638", "type": "Feature", "properties": {"現象の種類": "急傾斜地の崩壊", "区域区分": "土砂災害警戒区域", "区域名": "-", "所在地": "板橋区徳丸8", "告示日": "2018/5/31"}, "geometry": {"type": "Polygon", "coordinates": [[[139.660255979, 35.781514102], [139.660548696, 35.781723264], [139.660497541, 35.781876109], [139.660202944, 35.781569561], [139.660255979, 35.781514102]]]}}, {"id": "10639", "type": "Feature", "properties": {"現象の種類": "急傾斜地の崩壊", "区域区分": "土砂災害警戒区域", "区域名": "-", "所在地": "板橋区徳丸8", "告示日": "2018/5/31"}, "geometry": {"type": "Polygon", "coordinates": [[[139.659109863, 35.78182031], [139.659220621, 35.781740986], [139.659265809, 35.781598943], [139.659692425, 35.781480821], [139.659936741, 35.781622045], [139.659734416, 35.782067589], [139.659663388, 35.781853225], [139.659597039, 35.781876552], [139.659624643, 35.781979103], [139.659565471, 35.782109256], [139.659109863, 35.78182031]]]}}, {"id": "10640", "type": "Feature", "properties": {"現象の種類": "急傾斜地の崩壊", "区域区分": "土砂災害警戒区域", "区域名": "-", "所在地": "板橋区徳丸8", "告示日": "2018/5/31"}, "geometry": {"type": "Polygon", "coordinates": [[[139.658192137, 35.781941268], [139.658502935, 35.782048249], [139.658528151, 35.78225601], [139.658064739, 35.782354136], [139.657637545, 35.782178798], [139.657599788, 35.781976056], [139.657814911, 35.781833022], [139.658178882, 35.782004166], [139.658192137, 35.781941268]]]}}, {"id": "10641", "type": "Feature", "properties": {"現象の種類": "急傾斜地の崩壊", "区域区分": "土砂災害警戒区域", "区域名": "-", "所在地": "板橋区四葉2", "告示日": "2018/5/31"}, "geometry": {"type": "Polygon", "coordinates": [[[139.654564215, 35.782955112], [139.654621427, 35.783028289], [139.654199926, 35.783225747], [139.654160901, 35.783151578], [139.654564215, 35.782955112]]]}}, {"id": "10642", "type": "Feature", "properties": {"現象の種類": "急傾斜地の崩壊", "区域区分": "土砂災害警戒区域", "区域名": "-", "所在地": "板橋区大門", "告示日": "2018/5/31"}, "geometry": {"type": "Polygon", "coordinates": [[[139.650438655, 35.784679466], [139.650090724, 35.784850197], [139.649970639, 35.784996533], [139.649817511, 35.785044965], [139.649790565, 35.785157945], [139.649303686, 35.78456859], [139.649660408, 35.784573217], [139.650081683, 35.784489756], [139.650161218, 35.784462958], [139.650159591, 35.784425289], [139.650441406, 35.784448345], [139.650484551, 35.784481808], [139.650438655, 35.784679466]]]}}, {"id": "10643", "type": "Feature", "properties": {"現象の種類": "急傾斜地の崩壊", "区域区分": "土砂災害警戒区域", "区域名": "-", "所在地": "板橋区大門", "告示日": "2018/5/31"}, "geometry": {"type": "Polygon", "coordinates": [[[139.646671515, 35.785184138], [139.646568561, 35.785590924], [139.646227403, 35.7854533], [139.646235687, 35.785243133], [139.646671515, 35.785184138]]]}}, {"id": "10644", "type": "Feature", "properties": {"現象の種類": "急傾斜地の崩壊", "区域区分": "土砂災害警戒区域", "区域名": "-", "所在地": "板橋区赤塚8", "告示日": "2018/5/31"}, "geometry": {"type": "Polygon", "coordinates": [[[139.645230125, 35.782882544], [139.645301479, 35.782688341], [139.645652441, 35.78272065], [139.645581234, 35.782966244], [139.645300521, 35.782942189], [139.645310974, 35.782901513], [139.645230125, 35.782882544]]]}}, {"id": "10645", "type": "Feature", "properties": {"現象の種類": "急傾斜地の崩壊", "区域区分": "土砂災害警戒区域", "区域名": "-", "所在地": "板橋区赤塚8　赤塚5", "告示日": "2018/5/31"}, "geometry": {"type": "Polygon", "coordinates": [[[139.644986485, 35.782834038], [139.645060282, 35.782864198], [139.64522204, 35.782930306], [139.645142918, 35.783033744], [139.644901134, 35.782966948], [139.644902284, 35.782905393], [139.644986485, 35.782834038]]]}}, {"id": "10646", "type": "Feature", "properties": {"現象の種類": "急傾斜地の崩壊", "区域区分": "土砂災害警戒区域", "区域名": "-", "所在地": "板橋区赤塚5", "告示日": "2018/5/31"}, "geometry": {"type": "Polygon", "coordinates": [[[139.644458611, 35.782463051], [139.644784742, 35.782612013], [139.644649194, 35.782784209], [139.644326533, 35.782971097], [139.644228664, 35.782691099], [139.644458611, 35.782463051]]]}}, {"id": "10647", "type": "Feature", "properties": {"現象の種類": "急傾斜地の崩壊", "区域区分": "土砂災害警戒区域", "区域名": "-", "所在地": "板橋区赤塚5", "告示日": "2018/5/31"}, "geometry": {"type": "Polygon", "coordinates": [[[139.643634918, 35.782718667], [139.643717446, 35.782911445], [139.643317618, 35.782950472], [139.643179684, 35.782802412], [139.643323689, 35.782640003], [139.64341004, 35.782606556], [139.643634918, 35.782718667]]]}}, {"id": "10648", "type": "Feature", "properties": {"現象の種類": "急傾斜地の崩壊", "区域区分": "土砂災害警戒区域", "区域名": "-", "所在地": "板橋区赤塚4", "告示日": "2018/5/31"}, "geometry": {"type": "Polygon", "coordinates": [[[139.641621426, 35.785274664], [139.641773656, 35.785282481], [139.641868661, 35.785460229], [139.641172449, 35.785595508], [139.641132617, 35.785378474], [139.641621426, 35.785274664]]]}}, {"id": "10649", "type": "Feature", "properties": {"現象の種類": "急傾斜地の崩壊", "区域区分": "土砂災害警戒区域", "区域名": "-", "所在地": "板橋区赤塚4", "告示日": "2018/5/31"}, "geometry": {"type": "Polygon", "coordinates": [[[139.640432001, 35.785581805], [139.640510606, 35.785705077], [139.640406275, 35.785837302], [139.640106194, 35.78588049], [139.639970162, 35.785653707], [139.640174107, 35.78556561], [139.640223745, 35.785623699], [139.640432001, 35.785581805]]]}}, {"id": "10650", "type": "Feature", "properties": {"現象の種類": "急傾斜地の崩壊", "区域区分": "土砂災害警戒区域", "区域名": "-", "所在地": "板橋区成増4", "告示日": "2018/5/31"}, "geometry": {"type": "Polygon", "coordinates": [[[139.636576278, 35.787584259], [139.636333938, 35.787761047], [139.636358061, 35.787734962], [139.636311758, 35.787705227], [139.636173501, 35.787684154], [139.636204935, 35.787624093], [139.636101775, 35.787564451], [139.636261759, 35.78734419], [139.636364905, 35.78740164], [139.636397047, 35.787370912], [139.636576278, 35.787584259]]]}}, {"id": "10651", "type": "Feature", "properties": {"現象の種類": "急傾斜地の崩壊", "区域区分": "土砂災害警戒区域", "区域名": "-", "所在地": "板橋区成増4", "告示日": "2018/5/31"}, "geometry": {"type": "Polygon", "coordinates": [[[139.635821386, 35.786877921], [139.635791804, 35.787061769], [139.635626238, 35.787319781], [139.635525825, 35.787372241], [139.635454201, 35.787233078], [139.635342639, 35.787209011], [139.635227783, 35.78705862], [139.635374473, 35.786840559], [139.635416463, 35.78686111], [139.635485445, 35.78678105], [139.635821386, 35.786877921]]]}}, {"id": "10652", "type": "Feature", "properties": {"現象の種類": "急傾斜地の崩壊", "区域区分": "土砂災害警戒区域", "区域名": "-", "所在地": "板橋区成増5", "告示日": "2018/5/31"}, "geometry": {"type": "Polygon", "coordinates": [[[139.633415934, 35.785737034], [139.633251183, 35.785813533], [139.633199415, 35.785440082], [139.63325017, 35.785423501], [139.633525871, 35.785581838], [139.633464605, 35.785595511], [139.633415934, 35.785737034]]]}}, {"id": "10653", "type": "Feature", "properties": {"現象の種類": "急傾斜地の崩壊", "区域区分": "土砂災害警戒区域", "区域名": "-", "所在地": "板橋区成増3", "告示日": "2018/5/31"}, "geometry": {"type": "Polygon", "coordinates": [[[139.631199251, 35.781302096], [139.631432338, 35.781522489], [139.631425534, 35.781570773], [139.631149657, 35.78133495], [139.631199251, 35.781302096]]]}}, {"id": "10654", "type": "Feature", "properties": {"現象の種類": "急傾斜地の崩壊", "区域区分": "土砂災害警戒区域", "区域名": "-", "所在地": "板橋区成増2", "告示日": "2018/5/31"}, "geometry": {"type": "Polygon", "coordinates": [[[139.634667973, 35.77607075], [139.634398382, 35.776231853], [139.634322487, 35.775958024], [139.63463597, 35.77591455], [139.634667973, 35.77607075]]]}}, {"id": "10655", "type": "Feature", "properties": {"現象の種類": "急傾斜地の崩壊", "区域区分": "土砂災害警戒区域", "区域名": "-", "所在地": "板橋区成増2", "告示日": "2018/5/31"}, "geometry": {"type": "Polygon", "coordinates": [[[139.625963583, 35.779559773], [139.625989324, 35.779537927], [139.626337236, 35.779736166], [139.626300898, 35.779784025], [139.625963583, 35.779559773]]]}}, {"id": "10656", "type": "Feature", "properties": {"現象の種類": "急傾斜地の崩壊", "区域区分": "土砂災害警戒区域", "区域名": "-", "所在地": "板橋区成増1　練馬区旭町3", "告示日": "2018/5/31"}, "geometry": {"type": "Polygon", "coordinates": [[[139.625921055, 35.778924773], [139.625592855, 35.779040239], [139.625530127, 35.779062307], [139.62554746, 35.77895389], [139.625909093, 35.778814423], [139.625921055, 35.778924773]]]}}, {"id": "10657", "type": "Feature", "properties": {"現象の種類": "急傾斜地の崩壊", "区域区分": "土砂災害警戒区域", "区域名": "-", "所在地": "練馬区旭町3", "告示日": "2018/5/31"}, "geometry": {"type": "Polygon", "coordinates": [[[139.626185914, 35.774694799], [139.626263908, 35.774944208], [139.626233865, 35.774961626], [139.626009951, 35.774791261], [139.626185914, 35.774694799]]]}}, {"id": "10658", "type": "Feature", "properties": {"現象の種類": "急傾斜地の崩壊", "区域区分": "土砂災害警戒区域", "区域名": "-", "所在地": "練馬区旭町3", "告示日": "2018/5/31"}, "geometry": {"type": "Polygon", "coordinates": [[[139.626866152, 35.773915375], [139.626543761, 35.773931297], [139.626474278, 35.773841386], [139.626905894, 35.773820017], [139.626866152, 35.773915375]]]}}, {"id": "10659", "type": "Feature", "properties": {"現象の種類": "急傾斜地の崩壊", "区域区分": "土砂災害警戒区域", "区域名": "-", "所在地": "練馬区旭町2", "告示日": "2018/5/31"}, "geometry": {"type": "Polygon", "coordinates": [[[139.626309043, 35.770924308], [139.626437676, 35.771147937], [139.626170547, 35.771244675], [139.626037488, 35.771023351], [139.626309043, 35.770924308]]]}}, {"id": "10660", "type": "Feature", "properties": {"現象の種類": "急傾斜地の崩壊", "区域区分": "土砂災害警戒区域", "区域名": "-", "所在地": "練馬区土支田4", "告示日": "2018/5/31"}, "geometry": {"type": "Polygon", "coordinates": [[[139.610834803, 35.766220549], [139.610905023, 35.766463523], [139.610760841, 35.766628059], [139.61047743, 35.76661899], [139.610306208, 35.766520344], [139.610381178, 35.766269896], [139.610798574, 35.766289031], [139.610834803, 35.766220549]]]}}, {"id": "10661", "type": "Feature", "properties": {"現象の種類": "急傾斜地の崩壊", "区域区分": "土砂災害警戒区域", "区域名": "-", "所在地": "練馬区大泉町1", "告示日": "2018/5/31"}, "geometry": {"type": "Polygon", "coordinates": [[[139.606744432, 35.767482639], [139.60641683, 35.767515897], [139.606216852, 35.767392509], [139.606190428, 35.767234368], [139.606268014, 35.76708804], [139.606449442, 35.767028277], [139.606684273, 35.767053267], [139.606812351, 35.767209536], [139.606805271, 35.767395805], [139.606744432, 35.767482639]]]}}, {"id": "10662", "type": "Feature", "properties": {"現象の種類": "急傾斜地の崩壊", "区域区分": "土砂災害警戒区域", "区域名": "-", "所在地": "練馬区大泉町3　大泉町1", "告示日": "2018/5/31"}, "geometry": {"type": "Polygon", "coordinates": [[[139.602166741, 35.767029616], [139.601930554, 35.767432138], [139.601833164, 35.767397971], [139.601760245, 35.767313398], [139.601981645, 35.767039403], [139.602023152, 35.767004651], [139.602166741, 35.767029616]]]}}, {"id": "10663", "type": "Feature", "properties": {"現象の種類": "急傾斜地の崩壊", "区域区分": "土砂災害警戒区域", "区域名": "-", "所在地": "練馬区桜台6", "告示日": "2018/5/31"}, "geometry": {"type": "Polygon", "coordinates": [[[139.659732735, 35.748162595], [139.659826927, 35.748385944], [139.659624692, 35.74844058], [139.659378726, 35.748431902], [139.65939333, 35.748162654], [139.659732735, 35.748162595]]]}}, {"id": "10664", "type": "Feature", "properties": {"現象の種類": "急傾斜地の崩壊", "区域区分": "土砂災害警戒区域", "区域名": "-", "所在地": "練馬区上石神井3", "告示日": "2018/5/31"}, "geometry": {"type": "Polygon", "coordinates": [[[139.592687943, 35.733428384], [139.592527237, 35.733206392], [139.592788877, 35.733103044], [139.593284843, 35.73306929], [139.593425629, 35.733000509], [139.593547023, 35.733238551], [139.593283089, 35.733361983], [139.593090935, 35.733351597], [139.592687943, 35.733428384]]]}}, {"id": "10665", "type": "Feature", "properties": {"現象の種類": "急傾斜地の崩壊", "区域区分": "土砂災害警戒区域", "区域名": "-", "所在地": "練馬区関町北3", "告示日": "2018/5/31"}, "geometry": {"type": "Polygon", "coordinates": [[[139.566593411, 35.724652357], [139.566738951, 35.72450924], [139.566980742, 35.724603698], [139.566767116, 35.724783048], [139.566593411, 35.724652357]]]}}, {"id": "11198", "type": "Feature", "properties": {"現象の種類": "急傾斜地の崩壊", "区域区分": "土砂災害警戒区域", "区域名": "-", "所在地": "豊島区南池袋4", "告示日": "2019/3/15"}, "geometry": {"type": "Polygon", "coordinates": [[[139.717456329, 35.721389294], [139.7176738, 35.72150507], [139.717580222, 35.721684071], [139.71733574, 35.721560837], [139.717389168, 35.72142603], [139.717456329, 35.721389294]]]}}, {"id": "11221", "type": "Feature", "properties": {"現象の種類": "急傾斜地の崩壊", "区域区分": "土砂災害警戒区域", "区域名": "-", "所在地": "台東区谷中2", "告示日": "2019/3/15"}, "geometry": {"type": "Polygon", "coordinates": [[[139.765046192, 35.721389941], [139.764273139, 35.722102792], [139.764739344, 35.722872048], [139.764526225, 35.722957811], [139.764366551, 35.72277781], [139.763996759, 35.722082906], [139.764785511, 35.721321525], [139.765040379, 35.721168051], [139.765308691, 35.721286322], [139.765152356, 35.721463316], [139.765046192, 35.721389941]]]}}, {"id": "11222", "type": "Feature", "properties": {"現象の種類": "急傾斜地の崩壊", "区域区分": "土砂災害警戒区域", "区域名": "-", "所在地": "台東区谷中2", "告示日": "2019/3/15"}, "geometry": {"type": "Polygon", "coordinates": [[[139.765487882, 35.721390316], [139.765393207, 35.721483471], [139.765266304, 35.721380768], [139.765384259, 35.721208358], [139.765719272, 35.721102137], [139.766061786, 35.720724165], [139.766280952, 35.720898449], [139.765872027, 35.721274587], [139.765534864, 35.721409051], [139.765487882, 35.721390316]]]}}, {"id": "11223", "type": "Feature", "properties": {"現象の種類": "急傾斜地の崩壊", "区域区分": "土砂災害警戒区域", "区域名": "-", "所在地": "豊島区駒込7", "告示日": "2019/3/15"}, "geometry": {"type": "Polygon", "coordinates": [[[139.739203581, 35.739492805], [139.739321676, 35.739731944], [139.73931787, 35.739764174], [139.739036529, 35.739612605], [139.739203581, 35.739492805]]]}}, {"id": "11224", "type": "Feature", "properties": {"現象の種類": "急傾斜地の崩壊", "区域区分": "土砂災害警戒区域", "区域名": "-", "所在地": "豊島区駒込2", "告示日": "2019/3/15"}, "geometry": {"type": "Polygon", "coordinates": [[[139.746847575, 35.738496534], [139.746696051, 35.738334572], [139.746998914, 35.738055149], [139.747164769, 35.738182449], [139.747134412, 35.73827284], [139.747037396, 35.738365667], [139.746981141, 35.738295644], [139.74690412, 35.738348354], [139.746956292, 35.738406511], [139.746847575, 35.738496534]]]}}, {"id": "11225", "type": "Feature", "properties": {"現象の種類": "急傾斜地の崩壊", "区域区分": "土砂災害警戒区域", "区域名": "-", "所在地": "豊島区駒込2", "告示日": "2019/3/15"}, "geometry": {"type": "Polygon", "coordinates": [[[139.747341198, 35.737651126], [139.747619176, 35.737749327], [139.747573137, 35.737851274], [139.747278754, 35.73775976], [139.747341198, 35.737651126]]]}}, {"id": "11226", "type": "Feature", "properties": {"現象の種類": "急傾斜地の崩壊", "区域区分": "土砂災害警戒区域", "区域名": "-", "所在地": "豊島区駒込1", "告示日": "2019/3/15"}, "geometry": {"type": "Polygon", "coordinates": [[[139.749205591, 35.736368206], [139.749253778, 35.736500562], [139.748955762, 35.736549425], [139.748924582, 35.736480664], [139.74910929, 35.736320385], [139.749205591, 35.736368206]]]}}, {"id": "11227", "type": "Feature", "properties": {"現象の種類": "急傾斜地の崩壊", "区域区分": "土砂災害警戒区域", "区域名": "-", "所在地": "豊島区駒込1", "告示日": "2019/3/15"}, "geometry": {"type": "Polygon", "coordinates": [[[139.750087444, 35.735794857], [139.75014105, 35.735999309], [139.75003198, 35.736013135], [139.749976451, 35.73581086], [139.750087444, 35.735794857]]]}}, {"id": "11228", "type": "Feature", "properties": {"現象の種類": "急傾斜地の崩壊", "区域区分": "土砂災害警戒区域", "区域名": "-", "所在地": "豊島区駒込1", "告示日": "2019/3/15"}, "geometry": {"type": "Polygon", "coordinates": [[[139.751154274, 35.7353034], [139.75105943, 35.735405285], [139.750871532, 35.735400153], [139.750942711, 35.735317621], [139.750869162, 35.73526238], [139.750972327, 35.735170444], [139.751037029, 35.735217725], [139.751170835, 35.735138427], [139.751154274, 35.7353034]]]}}, {"id": "11229", "type": "Feature", "properties": {"現象の種類": "急傾斜地の崩壊", "区域区分": "土砂災害警戒区域", "区域名": "-", "所在地": "豊島区駒込1", "告示日": "2019/3/15"}, "geometry": {"type": "Polygon", "coordinates": [[[139.750685729, 35.735228185], [139.750950481, 35.735353661], [139.750832003, 35.735557064], [139.750602957, 35.735540761], [139.750637047, 35.735303211], [139.750685729, 35.735228185]]]}}, {"id": "11230", "type": "Feature", "properties": {"現象の種類": "急傾斜地の崩壊", "区域区分": "土砂災害警戒区域", "区域名": "-", "所在地": "豊島区南大塚1", "告示日": "2019/3/15"}, "geometry": {"type": "Polygon", "coordinates": [[[139.735786151, 35.727478386], [139.73615112, 35.72762068], [139.736009434, 35.727871874], [139.735720142, 35.727767869], [139.735786151, 35.727478386]]]}}, {"id": "11231", "type": "Feature", "properties": {"現象の種類": "急傾斜地の崩壊", "区域区分": "土砂災害警戒区域", "区域名": "-", "所在地": "豊島区南大塚1", "告示日": "2019/3/15"}, "geometry": {"type": "Polygon", "coordinates": [[[139.736103324, 35.727123176], [139.735961391, 35.727281979], [139.735842912, 35.727200695], [139.736066867, 35.727102598], [139.736103324, 35.727123176]]]}}, {"id": "11232", "type": "Feature", "properties": {"現象の種類": "急傾斜地の崩壊", "区域区分": "土砂災害警戒区域", "区域名": "-", "所在地": "豊島区南大塚1", "告示日": "2019/3/15"}, "geometry": {"type": "Polygon", "coordinates": [[[139.735930703, 35.726936657], [139.735881721, 35.727017461], [139.735695581, 35.726732869], [139.735853395, 35.726638157], [139.736121095, 35.726640453], [139.736107983, 35.726676767], [139.736396306, 35.726769626], [139.736273232, 35.726982407], [139.736033593, 35.726867621], [139.736030306, 35.726933686], [139.735930703, 35.726936657]]]}}, {"id": "11233", "type": "Feature", "properties": {"現象の種類": "急傾斜地の崩壊", "区域区分": "土砂災害警戒区域", "区域名": "-", "所在地": "豊島区目白1", "告示日": "2019/3/15"}, "geometry": {"type": "Polygon", "coordinates": [[[139.706429229, 35.71823247], [139.706164759, 35.718297856], [139.706067881, 35.718116336], [139.706346672, 35.717989391], [139.706429229, 35.71823247]]]}}, {"id": "11234", "type": "Feature", "properties": {"現象の種類": "急傾斜地の崩壊", "区域区分": "土砂災害警戒区域", "区域名": "-", "所在地": "豊島区目白1", "告示日": "2019/3/15"}, "geometry": {"type": "Polygon", "coordinates": [[[139.707472818, 35.717264668], [139.707563268, 35.717469973], [139.707179293, 35.717634697], [139.70704943, 35.717648293], [139.706945697, 35.717451138], [139.707033787, 35.717358954], [139.707348106, 35.717269648], [139.707472818, 35.717264668]]]}}, {"id": "11235", "type": "Feature", "properties": {"現象の種類": "急傾斜地の崩壊", "区域区分": "土砂災害警戒区域", "区域名": "-", "所在地": "豊島区目白1", "告示日": "2019/3/15"}, "geometry": {"type": "Polygon", "coordinates": [[[139.711606564, 35.717360353], [139.711987674, 35.71748249], [139.71170519, 35.71772119], [139.711303917, 35.717592583], [139.711301635, 35.717502775], [139.710710197, 35.717295572], [139.710459094, 35.717287315], [139.710414197, 35.717222784], [139.710218837, 35.717196993], [139.710256432, 35.716855246], [139.71042101, 35.716535155], [139.710611225, 35.716582517], [139.710745174, 35.716654726], [139.710735031, 35.716709543], [139.710972232, 35.716812627], [139.71119627, 35.716790029], [139.711098242, 35.717126361], [139.711521068, 35.717200186], [139.711606564, 35.717360353]]]}}, {"id": "11236", "type": "Feature", "properties": {"現象の種類": "急傾斜地の崩壊", "区域区分": "土砂災害警戒区域", "区域名": "-", "所在地": "豊島区高田2", "告示日": "2019/3/15"}, "geometry": {"type": "Polygon", "coordinates": [[[139.714097743, 35.717151602], [139.714208485, 35.717387262], [139.713891965, 35.717522341], [139.713800798, 35.717342414], [139.714070125, 35.717223973], [139.714097743, 35.717151602]]]}}, {"id": "11237", "type": "Feature", "properties": {"現象の種類": "急傾斜地の崩壊", "区域区分": "土砂災害警戒区域", "区域名": "-", "所在地": "豊島区高田2", "告示日": "2019/3/15"}, "geometry": {"type": "Polygon", "coordinates": [[[139.714333962, 35.717113193], [139.714073578, 35.717166131], [139.714013435, 35.717007649], [139.714232544, 35.716899746], [139.714333962, 35.717113193]]]}}, {"id": "11238", "type": "Feature", "properties": {"現象の種類": "急傾斜地の崩壊", "区域区分": "土砂災害警戒区域", "区域名": "-", "所在地": "豊島区高田2", "告示日": "2019/3/15"}, "geometry": {"type": "Polygon", "coordinates": [[[139.714231455, 35.716929679], [139.714135715, 35.716701047], [139.714357622, 35.716682868], [139.714267758, 35.716650834], [139.71426816, 35.716510746], [139.714361347, 35.716453055], [139.714582104, 35.716553429], [139.714578116, 35.716835446], [139.714231455, 35.716929679]]]}}, {"id": "11239", "type": "Feature", "properties": {"現象の種類": "急傾斜地の崩壊", "区域区分": "土砂災害警戒区域", "区域名": "-", "所在地": "豊島区高田2", "告示日": "2019/3/15"}, "geometry": {"type": "Polygon", "coordinates": [[[139.715043983, 35.716774353], [139.715026365, 35.716984949], [139.714742954, 35.717049191], [139.714724404, 35.716835168], [139.71476654, 35.716853558], [139.714761125, 35.716779502], [139.715043983, 35.716774353]]]}}, {"id": "11240", "type": "Feature", "properties": {"現象の種類": "急傾斜地の崩壊", "区域区分": "土砂災害警戒区域", "区域名": "-", "所在地": "豊島区雑司が谷1", "告示日": "2019/3/15"}, "geometry": {"type": "Polygon", "coordinates": [[[139.720830982, 35.71873634], [139.72104174, 35.718873966], [139.72081878, 35.719118382], [139.720655842, 35.718928958], [139.720830982, 35.71873634]]]}}, {"id": "11241", "type": "Feature", "properties": {"現象の種類": "急傾斜地の崩壊", "区域区分": "土砂災害警戒区域", "区域名": "-", "所在地": "豊島区雑司が谷1", "告示日": "2019/3/15"}, "geometry": {"type": "Polygon", "coordinates": [[[139.721431819, 35.71906536], [139.72125509, 35.719255819], [139.721055148, 35.719137602], [139.721117132, 35.719067829], [139.72107526, 35.718933938], [139.721259601, 35.718921274], [139.721431819, 35.71906536]]]}}, {"id": "11242", "type": "Feature", "properties": {"現象の種類": "急傾斜地の崩壊", "区域区分": "土砂災害警戒区域", "区域名": "-", "所在地": "豊島区雑司が谷1", "告示日": "2019/3/15"}, "geometry": {"type": "Polygon", "coordinates": [[[139.720110148, 35.718940929], [139.720319207, 35.719093247], [139.720138111, 35.719265161], [139.719895157, 35.719040833], [139.720110148, 35.718940929]]]}}, {"id": "12758", "type": "Feature", "properties": {"現象の種類": "急傾斜地の崩壊", "区域区分": "土砂災害警戒区域", "区域名": "-", "所在地": "千代田区永田町2", "告示日": "2019/1/9"}, "geometry": {"type": "Polygon", "coordinates": [[[139.740454434, 35.676721535], [139.740283857, 35.676636095], [139.740275305, 35.676417179], [139.740535308, 35.676383758], [139.740535594, 35.676061183], [139.740735124, 35.676072678], [139.740826409, 35.676032194], [139.74088785, 35.676158982], [139.740844245, 35.676395442], [139.740912587, 35.676434039], [139.740853268, 35.676652046], [139.740454434, 35.676721535]]]}}, {"id": "12759", "type": "Feature", "properties": {"現象の種類": "急傾斜地の崩壊", "区域区分": "土砂災害警戒区域", "区域名": "-", "所在地": "港区赤坂9", "告示日": "2019/1/9"}, "geometry": {"type": "Polygon", "coordinates": [[[139.732206611, 35.668756294], [139.731889182, 35.668782773], [139.731906882, 35.668533509], [139.732068792, 35.668489135], [139.732308647, 35.668648496], [139.732206611, 35.668756294]]]}}, {"id": "12760", "type": "Feature", "properties": {"現象の種類": "急傾斜地の崩壊", "区域区分": "土砂災害警戒区域", "区域名": "-", "所在地": "千代田区富士見1　飯田橋1", "告示日": "2019/1/9"}, "geometry": {"type": "Polygon", "coordinates": [[[139.748218957, 35.698942217], [139.748146983, 35.69892574], [139.748049277, 35.698734316], [139.748153906, 35.69867286], [139.748272768, 35.698897594], [139.748218957, 35.698942217]]]}}, {"id": "12761", "type": "Feature", "properties": {"現象の種類": "急傾斜地の崩壊", "区域区分": "土砂災害警戒区域", "区域名": "-", "所在地": "千代田区一番町", "告示日": "2019/1/9"}, "geometry": {"type": "Polygon", "coordinates": [[[139.744074481, 35.688336455], [139.74350442, 35.688194361], [139.743378877, 35.687863228], [139.743303459, 35.68779894], [139.74328474, 35.687349477], [139.74357346, 35.687284754], [139.743739609, 35.687589521], [139.743783425, 35.687995928], [139.743890649, 35.688093692], [139.744069719, 35.688149015], [139.744074481, 35.688336455]]]}}, {"id": "12762", "type": "Feature", "properties": {"現象の種類": "急傾斜地の崩壊", "区域区分": "土砂災害警戒区域", "区域名": "-", "所在地": "千代田区紀尾井町", "告示日": "2019/1/9"}, "geometry": {"type": "Polygon", "coordinates": [[[139.736146771, 35.681111622], [139.736679599, 35.681148617], [139.736552904, 35.681402796], [139.736232034, 35.68132435], [139.736146771, 35.681111622]]]}}, {"id": "12763", "type": "Feature", "properties": {"現象の種類": "急傾斜地の崩壊", "区域区分": "土砂災害警戒区域", "区域名": "-", "所在地": "千代田区永田町2", "告示日": "2019/1/9"}, "geometry": {"type": "Polygon", "coordinates": [[[139.740783823, 35.675664568], [139.740535235, 35.675662563], [139.740564577, 35.675573142], [139.740371918, 35.675556015], [139.740138947, 35.675610284], [139.740051245, 35.675416191], [139.740463985, 35.675278517], [139.740559334, 35.675389605], [139.740787563, 35.6754275], [139.740783823, 35.675664568]]]}}, {"id": "12764", "type": "Feature", "properties": {"現象の種類": "急傾斜地の崩壊", "区域区分": "土砂災害警戒区域", "区域名": "-", "所在地": "千代田区三番町", "告示日": "2019/1/9"}, "geometry": {"type": "Polygon", "coordinates": [[[139.741455888, 35.689700212], [139.741337118, 35.689740514], [139.741283618, 35.68986782], [139.741254414, 35.689849531], [139.741338714, 35.689639678], [139.741455888, 35.689700212]]]}}, {"id": "12765", "type": "Feature", "properties": {"現象の種類": "急傾斜地の崩壊", "区域区分": "土砂災害警戒区域", "区域名": "-", "所在地": "千代田区三番町", "告示日": "2019/1/9"}, "geometry": {"type": "Polygon", "coordinates": [[[139.741796343, 35.690030098], [139.741679614, 35.690094073], [139.741329694, 35.69000378], [139.741159305, 35.68991295], [139.741184477, 35.689710394], [139.741337512, 35.689749506], [139.741454786, 35.689698298], [139.74141774, 35.689811226], [139.741632338, 35.689851022], [139.741818814, 35.689796017], [139.742107342, 35.689856125], [139.742049854, 35.690060857], [139.741796343, 35.690030098]]]}}, {"id": "12766", "type": "Feature", "properties": {"現象の種類": "急傾斜地の崩壊", "区域区分": "土砂災害警戒区域", "区域名": "-", "所在地": "千代田区紀尾井町", "告示日": "2019/1/9"}, "geometry": {"type": "Polygon", "coordinates": [[[139.736995639, 35.679051268], [139.737904296, 35.678914248], [139.737960435, 35.67920476], [139.73735723, 35.679149663], [139.736970431, 35.679219452], [139.736592272, 35.679195385], [139.736594722, 35.679038254], [139.736995639, 35.679051268]]]}}, {"id": "12767", "type": "Feature", "properties": {"現象の種類": "急傾斜地の崩壊", "区域区分": "土砂災害警戒区域", "区域名": "-", "所在地": "千代田区紀尾井町", "告示日": "2019/1/9"}, "geometry": {"type": "Polygon", "coordinates": [[[139.732440733, 35.680862116], [139.732632028, 35.680967438], [139.732982021, 35.680613762], [139.733415322, 35.679540949], [139.733523497, 35.679347425], [139.733681308, 35.679216496], [139.734891153, 35.679007111], [139.735723692, 35.679004273], [139.735809938, 35.678942149], [139.73607937, 35.678963511], [139.735980047, 35.679239857], [139.73519004, 35.6792388], [139.73387311, 35.679397172], [139.733758704, 35.679477039], [139.73358438, 35.680130518], [139.733434146, 35.680472157], [139.733236229, 35.680838339], [139.733103508, 35.680989253], [139.732670554, 35.681352404], [139.7325443, 35.681002442], [139.732440733, 35.680862116]]]}}, {"id": "12768", "type": "Feature", "properties": {"現象の種類": "急傾斜地の崩壊", "区域区分": "土砂災害警戒区域", "区域名": "-", "所在地": "千代田区永田町1", "告示日": "2019/1/9"}, "geometry": {"type": "Polygon", "coordinates": [[[139.747909241, 35.677862032], [139.748275368, 35.678111751], [139.747815897, 35.678572671], [139.747460445, 35.678354013], [139.747909241, 35.677862032]]]}}, {"id": "12769", "type": "Feature", "properties": {"現象の種類": "急傾斜地の崩壊", "区域区分": "土砂災害警戒区域", "区域名": "-", "所在地": "千代田区紀尾井町", "告示日": "2019/1/9"}, "geometry": {"type": "Polygon", "coordinates": [[[139.736361604, 35.68045922], [139.736747162, 35.680493353], [139.736733519, 35.680727422], [139.736344793, 35.680698902], [139.736361604, 35.68045922]]]}}, {"id": "12770", "type": "Feature", "properties": {"現象の種類": "急傾斜地の崩壊", "区域区分": "土砂災害警戒区域", "区域名": "-", "所在地": "千代田区紀尾井町", "告示日": "2019/1/9"}, "geometry": {"type": "Polygon", "coordinates": [[[139.73547648, 35.680874849], [139.73532404, 35.680892315], [139.734787844, 35.680760657], [139.734906551, 35.680493663], [139.735522476, 35.680680986], [139.735262378, 35.680638769], [139.735220578, 35.680694919], [139.735297386, 35.68071639], [139.735254778, 35.680807907], [139.73547648, 35.680874849]]]}}, {"id": "12771", "type": "Feature", "properties": {"現象の種類": "急傾斜地の崩壊", "区域区分": "土砂災害警戒区域", "区域名": "-", "所在地": "千代田区紀尾井町", "告示日": "2019/1/9"}, "geometry": {"type": "Polygon", "coordinates": [[[139.734694048, 35.679532304], [139.734609691, 35.679574403], [139.7342796, 35.679601871], [139.734582294, 35.679492379], [139.734694048, 35.679532304]]]}}, {"id": "12772", "type": "Feature", "properties": {"現象の種類": "急傾斜地の崩壊", "区域区分": "土砂災害警戒区域", "区域名": "-", "所在地": "千代田区永田町2", "告示日": "2019/1/9"}, "geometry": {"type": "Polygon", "coordinates": [[[139.737322472, 35.677916056], [139.737623748, 35.677947984], [139.73763685, 35.678080839], [139.737770249, 35.678185537], [139.737541245, 35.678463919], [139.737219741, 35.678060231], [139.737322472, 35.677916056]]]}}, {"id": "12773", "type": "Feature", "properties": {"現象の種類": "急傾斜地の崩壊", "区域区分": "土砂災害警戒区域", "区域名": "-", "所在地": "千代田区永田町2", "告示日": "2019/1/9"}, "geometry": {"type": "Polygon", "coordinates": [[[139.738603616, 35.677356097], [139.73853161, 35.677248269], [139.738080428, 35.676974002], [139.738064528, 35.67689459], [139.737984739, 35.676835764], [139.738029101, 35.676430001], [139.73829518, 35.676577792], [139.738318652, 35.676545585], [139.73846318, 35.676568188], [139.73843257, 35.676600723], [139.738803448, 35.676932686], [139.73878174, 35.677089899], [139.738858671, 35.677087066], [139.738847986, 35.677202805], [139.738603616, 35.677356097]]]}}, {"id": "12774", "type": "Feature", "properties": {"現象の種類": "急傾斜地の崩壊", "区域区分": "土砂災害警戒区域", "区域名": "-", "所在地": "千代田区永田町2", "告示日": "2019/1/9"}, "geometry": {"type": "Polygon", "coordinates": [[[139.73922747, 35.676727193], [139.738996738, 35.677199086], [139.738953353, 35.677183807], [139.738995002, 35.677228414], [139.738715044, 35.677295162], [139.738624683, 35.677055868], [139.738639314, 35.676906891], [139.73876944, 35.67692614], [139.738820467, 35.676857371], [139.738702196, 35.676813973], [139.738825551, 35.6766654], [139.738895103, 35.676668663], [139.738902334, 35.6765794], [139.738843025, 35.676557252], [139.738900109, 35.676480755], [139.739435788, 35.676506962], [139.739459385, 35.676702698], [139.739249368, 35.676762645], [139.73922747, 35.676727193]]]}}, {"id": "12775", "type": "Feature", "properties": {"現象の種類": "急傾斜地の崩壊", "区域区分": "土砂災害警戒区域", "区域名": "-", "所在地": "千代田区永田町2", "告示日": "2019/1/9"}, "geometry": {"type": "Polygon", "coordinates": [[[139.739339461, 35.676411303], [139.739552504, 35.676402105], [139.739590141, 35.676566096], [139.73922754, 35.676618067], [139.739028638, 35.676598125], [139.738897863, 35.676443934], [139.738986868, 35.676437178], [139.739004224, 35.676362643], [139.738930143, 35.67581802], [139.738986951, 35.675762241], [139.739274384, 35.675750823], [139.739339461, 35.676411303]]]}}, {"id": "12776", "type": "Feature", "properties": {"現象の種類": "急傾斜地の崩壊", "区域区分": "土砂災害警戒区域", "区域名": "-", "所在地": "千代田区永田町2", "告示日": "2019/1/9"}, "geometry": {"type": "Polygon", "coordinates": [[[139.739280488, 35.675503798], [139.739260818, 35.675716367], [139.739142845, 35.675691084], [139.739151655, 35.675486559], [139.739280488, 35.675503798]]]}}, {"id": "12777", "type": "Feature", "properties": {"現象の種類": "急傾斜地の崩壊", "区域区分": "土砂災害警戒区域", "区域名": "-", "所在地": "千代田区永田町2", "告示日": "2019/1/9"}, "geometry": {"type": "Polygon", "coordinates": [[[139.740080092, 35.675233055], [139.739940128, 35.67502632], [139.740236819, 35.674843751], [139.740236935, 35.674779965], [139.740400034, 35.67464444], [139.740570541, 35.674869996], [139.740545453, 35.67489802], [139.740632847, 35.67508373], [139.740538969, 35.675073733], [139.740475836, 35.675194968], [139.740380306, 35.675232803], [139.74027452, 35.675201793], [139.740080092, 35.675233055]]]}}, {"id": "12778", "type": "Feature", "properties": {"現象の種類": "急傾斜地の崩壊", "区域区分": "土砂災害警戒区域", "区域名": "-", "所在地": "千代田区永田町2", "告示日": "2019/1/9"}, "geometry": {"type": "Polygon", "coordinates": [[[139.739741802, 35.675685484], [139.739687087, 35.675583624], [139.739661504, 35.675208343], [139.73981933, 35.675173578], [139.740134518, 35.675328379], [139.740166491, 35.675384813], [139.740136222, 35.67549175], [139.739766976, 35.675573166], [139.739798657, 35.67568023], [139.739741802, 35.675685484]]]}}, {"id": "12779", "type": "Feature", "properties": {"現象の種類": "急傾斜地の崩壊", "区域区分": "土砂災害警戒区域", "区域名": "-", "所在地": "千代田区永田町2　港区赤坂3", "告示日": "2019/1/9"}, "geometry": {"type": "Polygon", "coordinates": [[[139.738697483, 35.674333896], [139.739296826, 35.674670391], [139.739271454, 35.675297583], [139.738861596, 35.675452743], [139.738649415, 35.675237575], [139.738570431, 35.674799966], [139.738627104, 35.674796044], [139.738514431, 35.674633962], [139.738555585, 35.674480047], [139.738697483, 35.674333896]]]}}, {"id": "12780", "type": "Feature", "properties": {"現象の種類": "急傾斜地の崩壊", "区域区分": "土砂災害警戒区域", "区域名": "-", "所在地": "千代田区永田町2", "告示日": "2019/1/9"}, "geometry": {"type": "Polygon", "coordinates": [[[139.739962306, 35.674091161], [139.739919951, 35.674176155], [139.739846763, 35.674148239], [139.739700069, 35.673783383], [139.739717676, 35.67369485], [139.739818158, 35.673764919], [139.740019265, 35.673616122], [139.740311549, 35.673569544], [139.740210523, 35.674080283], [139.739962306, 35.674091161]]]}}, {"id": "12781", "type": "Feature", "properties": {"現象の種類": "急傾斜地の崩壊", "区域区分": "土砂災害警戒区域", "区域名": "-", "所在地": "千代田区永田町1", "告示日": "2019/1/9"}, "geometry": {"type": "Polygon", "coordinates": [[[139.745545117, 35.673233956], [139.745826842, 35.673289072], [139.746058874, 35.673334465], [139.746009624, 35.673391422], [139.745601918, 35.673336074], [139.745534695, 35.673311398], [139.745545117, 35.673233956]]]}}, {"id": "12782", "type": "Feature", "properties": {"現象の種類": "急傾斜地の崩壊", "区域区分": "土砂災害警戒区域", "区域名": "-", "所在地": "千代田区永田町1", "告示日": "2019/1/9"}, "geometry": {"type": "Polygon", "coordinates": [[[139.746373621, 35.673576111], [139.746633955, 35.673682643], [139.746563542, 35.673795477], [139.746325805, 35.673712666], [139.746373621, 35.673576111]]]}}, {"id": "12783", "type": "Feature", "properties": {"現象の種類": "急傾斜地の崩壊", "区域区分": "土砂災害警戒区域", "区域名": "-", "所在地": "千代田区永田町1", "告示日": "2019/1/9"}, "geometry": {"type": "Polygon", "coordinates": [[[139.746490825, 35.673406798], [139.746650455, 35.673460269], [139.746752646, 35.6734945], [139.746688268, 35.673573328], [139.746456112, 35.673468857], [139.746490825, 35.673406798]]]}}, {"id": "12784", "type": "Feature", "properties": {"現象の種類": "急傾斜地の崩壊", "区域区分": "土砂災害警戒区域", "区域名": "-", "所在地": "千代田区永田町1", "告示日": "2019/1/9"}, "geometry": {"type": "Polygon", "coordinates": [[[139.746862137, 35.673259823], [139.747049032, 35.673440142], [139.746828867, 35.673555152], [139.746645587, 35.673451554], [139.746862137, 35.673259823]]]}}, {"id": "12785", "type": "Feature", "properties": {"現象の種類": "急傾斜地の崩壊", "区域区分": "土砂災害警戒区域", "区域名": "-", "所在地": "千代田区隼町", "告示日": "2019/1/9"}, "geometry": {"type": "Polygon", "coordinates": [[[139.744989385, 35.680691846], [139.744856434, 35.680850921], [139.744782704, 35.680794811], [139.744938187, 35.680654333], [139.744989385, 35.680691846]]]}}, {"id": "12786", "type": "Feature", "properties": {"現象の種類": "急傾斜地の崩壊", "区域区分": "土砂災害警戒区域", "区域名": "-", "所在地": "千代田区神田駿河台1　神田猿楽町1", "告示日": "2019/1/9"}, "geometry": {"type": "Polygon", "coordinates": [[[139.76076035, 35.697910452], [139.761068636, 35.697967727], [139.760762757, 35.69797563], [139.76076035, 35.697910452]]]}}, {"id": "12787", "type": "Feature", "properties": {"現象の種類": "急傾斜地の崩壊", "区域区分": "土砂災害警戒区域", "区域名": "-", "所在地": "千代田区外神田2　文京区湯島1", "告示日": "2019/1/9"}, "geometry": {"type": "Polygon", "coordinates": [[[139.767082249, 35.702622332], [139.766725948, 35.702600085], [139.766753447, 35.702341423], [139.767111788, 35.702375598], [139.767082249, 35.702622332]]]}}, {"id": "12788", "type": "Feature", "properties": {"現象の種類": "急傾斜地の崩壊", "区域区分": "土砂災害警戒区域", "区域名": "-", "所在地": "千代田区神田駿河台2", "告示日": "2019/1/9"}, "geometry": {"type": "Polygon", "coordinates": [[[139.76101428, 35.701142491], [139.76102378, 35.701188033], [139.760670588, 35.701294794], [139.760692432, 35.701243335], [139.76101428, 35.701142491]]]}}, {"id": "12789", "type": "Feature", "properties": {"現象の種類": "急傾斜地の崩壊", "区域区分": "土砂災害警戒区域", "区域名": "-", "所在地": "千代田区神田駿河台2", "告示日": "2019/1/9"}, "geometry": {"type": "Polygon", "coordinates": [[[139.760635722, 35.70133457], [139.760505897, 35.701171102], [139.760783472, 35.701070113], [139.760806038, 35.701111435], [139.760753073, 35.701128579], [139.760841119, 35.701303359], [139.760635722, 35.70133457]]]}}, {"id": "12790", "type": "Feature", "properties": {"現象の種類": "急傾斜地の崩壊", "区域区分": "土砂災害警戒区域", "区域名": "-", "所在地": "千代田区神田猿楽町2　神田駿河台2", "告示日": "2019/1/9"}, "geometry": {"type": "Polygon", "coordinates": [[[139.759480746, 35.699430542], [139.759792918, 35.699732766], [139.759855973, 35.699793812], [139.759829502, 35.699812303], [139.759450968, 35.699451322], [139.759480746, 35.699430542]]]}}, {"id": "12791", "type": "Feature", "properties": {"現象の種類": "急傾斜地の崩壊", "区域区分": "土砂災害警戒区域", "区域名": "-", "所在地": "港区愛宕1", "告示日": "2019/1/9"}, "geometry": {"type": "Polygon", "coordinates": [[[139.748380505, 35.664780668], [139.748428838, 35.664969064], [139.748207591, 35.665099367], [139.748123541, 35.665021151], [139.748099266, 35.664836364], [139.748380505, 35.664780668]]]}}, {"id": "12792", "type": "Feature", "properties": {"現象の種類": "急傾斜地の崩壊", "区域区分": "土砂災害警戒区域", "区域名": "-", "所在地": "千代田区神田猿楽町1　神田駿河台1　神田猿楽町2", "告示日": "2019/1/9"}, "geometry": {"type": "Polygon", "coordinates": [[[139.759924891, 35.699616193], [139.759971234, 35.699662149], [139.759880092, 35.699749336], [139.759555114, 35.699428172], [139.759661527, 35.69935524], [139.759728976, 35.699422026], [139.759812775, 35.699364606], [139.759701913, 35.699259283], [139.759821106, 35.699149726], [139.759890297, 35.699217664], [139.759980257, 35.699149619], [139.7599529, 35.699072831], [139.760087066, 35.699008388], [139.760182112, 35.699061397], [139.760255042, 35.698957349], [139.760202381, 35.698801327], [139.760380029, 35.698675861], [139.760454968, 35.698646352], [139.760580093, 35.698717927], [139.760628944, 35.698624829], [139.760574458, 35.698613777], [139.760643781, 35.69855741], [139.76065684, 35.698197249], [139.760970283, 35.698184654], [139.760996745, 35.698438707], [139.760937449, 35.698456806], [139.760998048, 35.698699697], [139.760938978, 35.698824426], [139.760698614, 35.699050678], [139.760604369, 35.699102563], [139.760510128, 35.699087043], [139.760440543, 35.699206723], [139.760492227, 35.699253667], [139.760301907, 35.699432469], [139.760246924, 35.699384306], [139.760149003, 35.699471253], [139.760188994, 35.699510953], [139.759924891, 35.699616193]]]}}, {"id": "12793", "type": "Feature", "properties": {"現象の種類": "急傾斜地の崩壊", "区域区分": "土砂災害警戒区域", "区域名": "-", "所在地": "千代田区神田駿河台4", "告示日": "2019/1/9"}, "geometry": {"type": "Polygon", "coordinates": [[[139.765241724, 35.698063497], [139.764542765, 35.698312907], [139.76444566, 35.69811745], [139.764520642, 35.698105093], [139.764479123, 35.69802351], [139.764764002, 35.697949516], [139.764798855, 35.698015785], [139.764850824, 35.697998248], [139.764817316, 35.697932982], [139.764984683, 35.697903715], [139.764905709, 35.697812892], [139.765130407, 35.697716163], [139.76518796, 35.697782568], [139.765388388, 35.697683531], [139.76566917, 35.697654332], [139.765841234, 35.697827818], [139.76563315, 35.697909544], [139.765618253, 35.69785284], [139.765220048, 35.697986455], [139.765241724, 35.698063497]]]}}, {"id": "12794", "type": "Feature", "properties": {"現象の種類": "急傾斜地の崩壊", "区域区分": "土砂災害警戒区域", "区域名": "-", "所在地": "千代田区富士見1　飯田橋1", "告示日": "2019/1/9"}, "geometry": {"type": "Polygon", "coordinates": [[[139.749250249, 35.698173689], [139.748937747, 35.697941057], [139.749327055, 35.697739079], [139.749485394, 35.697895383], [139.74938565, 35.698012192], [139.749267754, 35.698092889], [139.749240684, 35.698069111], [139.749250249, 35.698173689]]]}}, {"id": "12795", "type": "Feature", "properties": {"現象の種類": "急傾斜地の崩壊", "区域区分": "土砂災害警戒区域", "区域名": "-", "所在地": "千代田区富士見1", "告示日": "2019/1/9"}, "geometry": {"type": "Polygon", "coordinates": [[[139.747661736, 35.697915172], [139.747433695, 35.698096245], [139.747359875, 35.698053958], [139.747583131, 35.697877923], [139.747661736, 35.697915172]]]}}, {"id": "12796", "type": "Feature", "properties": {"現象の種類": "急傾斜地の崩壊", "区域区分": "土砂災害警戒区域", "区域名": "-", "所在地": "千代田区富士見2", "告示日": "2019/1/9"}, "geometry": {"type": "Polygon", "coordinates": [[[139.742646423, 35.697030613], [139.742997846, 35.697192146], [139.742824088, 35.697424289], [139.742520538, 35.697283519], [139.742646423, 35.697030613]]]}}, {"id": "12797", "type": "Feature", "properties": {"現象の種類": "急傾斜地の崩壊", "区域区分": "土砂災害警戒区域", "区域名": "-", "所在地": "千代田区富士見2", "告示日": "2019/1/9"}, "geometry": {"type": "Polygon", "coordinates": [[[139.743267816, 35.696615928], [139.743262762, 35.696832663], [139.743117181, 35.697046172], [139.74288125, 35.696941509], [139.743005486, 35.696769817], [139.742956957, 35.696684251], [139.743025271, 35.696629375], [139.743267816, 35.696615928]]]}}, {"id": "12798", "type": "Feature", "properties": {"現象の種類": "急傾斜地の崩壊", "区域区分": "土砂災害警戒区域", "区域名": "-", "所在地": "千代田区富士見2", "告示日": "2019/1/9"}, "geometry": {"type": "Polygon", "coordinates": [[[139.743029005, 35.696768872], [139.742696457, 35.69670767], [139.742532933, 35.696601798], [139.742674748, 35.696314115], [139.742843058, 35.6963441], [139.743143234, 35.696495304], [139.743158383, 35.696571844], [139.743029005, 35.696768872]]]}}, {"id": "12799", "type": "Feature", "properties": {"現象の種類": "急傾斜地の崩壊", "区域区分": "土砂災害警戒区域", "区域名": "-", "所在地": "千代田区三番町", "告示日": "2019/1/9"}, "geometry": {"type": "Polygon", "coordinates": [[[139.741641962, 35.691002629], [139.741528838, 35.690977595], [139.741530776, 35.690933603], [139.741328779, 35.690904445], [139.741396801, 35.69068234], [139.741725759, 35.690773724], [139.741641962, 35.691002629]]]}}, {"id": "12800", "type": "Feature", "properties": {"現象の種類": "急傾斜地の崩壊", "区域区分": "土砂災害警戒区域", "区域名": "-", "所在地": "千代田区紀尾井町", "告示日": "2019/1/9"}, "geometry": {"type": "Polygon", "coordinates": [[[139.736571569, 35.682208452], [139.73651009, 35.682431395], [139.736181409, 35.682287931], [139.736227947, 35.68215767], [139.736543539, 35.682124688], [139.736571569, 35.682208452]]]}}, {"id": "12801", "type": "Feature", "properties": {"現象の種類": "急傾斜地の崩壊", "区域区分": "土砂災害警戒区域", "区域名": "-", "所在地": "港区赤坂1", "告示日": "2019/1/9"}, "geometry": {"type": "Polygon", "coordinates": [[[139.742548936, 35.668063268], [139.742691348, 35.668383523], [139.742557621, 35.66843886], [139.742142466, 35.668449637], [139.742068022, 35.668213023], [139.742548936, 35.668063268]]]}}, {"id": "12802", "type": "Feature", "properties": {"現象の種類": "急傾斜地の崩壊", "区域区分": "土砂災害警戒区域", "区域名": "-", "所在地": "港区赤坂4", "告示日": "2019/1/9"}, "geometry": {"type": "Polygon", "coordinates": [[[139.735365214, 35.674836672], [139.735107081, 35.6751158], [139.734845226, 35.674907879], [139.73487301, 35.67479213], [139.735120321, 35.674748524], [139.735186418, 35.674686728], [139.735176963, 35.674732632], [139.735276842, 35.674792823], [139.735226439, 35.674850042], [139.735298725, 35.674886172], [139.735365214, 35.674836672]]]}}, {"id": "12803", "type": "Feature", "properties": {"現象の種類": "急傾斜地の崩壊", "区域区分": "土砂災害警戒区域", "区域名": "-", "所在地": "港区赤坂4", "告示日": "2019/1/9"}, "geometry": {"type": "Polygon", "coordinates": [[[139.735725197, 35.67518301], [139.735509158, 35.67533738], [139.735349281, 35.675236021], [139.735271677, 35.675245188], [139.735201588, 35.675170893], [139.735472623, 35.674906754], [139.735448445, 35.675059372], [139.735541834, 35.675023685], [139.735725197, 35.67518301]]]}}, {"id": "12804", "type": "Feature", "properties": {"現象の種類": "急傾斜地の崩壊", "区域区分": "土砂災害警戒区域", "区域名": "-", "所在地": "港区赤坂5　赤坂7　赤坂6", "告示日": "2019/1/9"}, "geometry": {"type": "Polygon", "coordinates": [[[139.733836367, 35.670248744], [139.734174592, 35.670393153], [139.734292463, 35.670500689], [139.734326928, 35.670460865], [139.734661507, 35.670721868], [139.734687769, 35.670694217], [139.734823363, 35.670748287], [139.735045124, 35.671096464], [139.734904209, 35.671419541], [139.734493312, 35.671120565], [139.734449452, 35.671156928], [139.733965711, 35.670862476], [139.733537729, 35.670698003], [139.733384831, 35.670830512], [139.733512514, 35.670924245], [139.733337952, 35.671088204], [139.733069296, 35.671010405], [139.732919019, 35.670816924], [139.732945714, 35.670633533], [139.733175407, 35.670286776], [139.73333786, 35.670166441], [139.733836367, 35.670248744]]]}}, {"id": "12805", "type": "Feature", "properties": {"現象の種類": "急傾斜地の崩壊", "区域区分": "土砂災害警戒区域", "区域名": "-", "所在地": "港区赤坂6", "告示日": "2019/1/9"}, "geometry": {"type": "Polygon", "coordinates": [[[139.734399851, 35.667869696], [139.734537285, 35.668176078], [139.734318667, 35.668315867], [139.734132636, 35.668296776], [139.733965815, 35.66793598], [139.733780199, 35.667668925], [139.73377118, 35.667592576], [139.733818443, 35.667571056], [139.733558692, 35.667128605], [139.733451538, 35.667158859], [139.733681336, 35.666980629], [139.733738573, 35.66701347], [139.734034518, 35.667476402], [139.734082572, 35.667456082], [139.734399851, 35.667869696]]]}}, {"id": "12806", "type": "Feature", "properties": {"現象の種類": "急傾斜地の崩壊", "区域区分": "土砂災害警戒区域", "区域名": "-", "所在地": "港区赤坂6", "告示日": "2019/1/9"}, "geometry": {"type": "Polygon", "coordinates": [[[139.736055916, 35.668389758], [139.735876368, 35.668854353], [139.73550895, 35.668980683], [139.735433669, 35.668948912], [139.735462911, 35.668900379], [139.735243383, 35.668823446], [139.734980741, 35.668446333], [139.735256872, 35.668272098], [139.735497576, 35.668543032], [139.735595256, 35.668586527], [139.735805016, 35.668249956], [139.736055916, 35.668389758]]]}}, {"id": "12807", "type": "Feature", "properties": {"現象の種類": "急傾斜地の崩壊", "区域区分": "土砂災害警戒区域", "区域名": "-", "所在地": "港区赤坂7", "告示日": "2019/1/9"}, "geometry": {"type": "Polygon", "coordinates": [[[139.732680732, 35.671022856], [139.732845222, 35.671153757], [139.733019207, 35.671292214], [139.732931147, 35.671350265], [139.732622473, 35.671071304], [139.732680732, 35.671022856]]]}}, {"id": "12808", "type": "Feature", "properties": {"現象の種類": "急傾斜地の崩壊", "区域区分": "土砂災害警戒区域", "区域名": "-", "所在地": "港区赤坂7", "告示日": "2019/1/9"}, "geometry": {"type": "Polygon", "coordinates": [[[139.732529421, 35.671119449], [139.732805088, 35.67138195], [139.732866549, 35.671440476], [139.7327619, 35.671471962], [139.732465988, 35.671159193], [139.732529421, 35.671119449]]]}}, {"id": "12809", "type": "Feature", "properties": {"現象の種類": "急傾斜地の崩壊", "区域区分": "土砂災害警戒区域", "区域名": "-", "所在地": "港区赤坂7", "告示日": "2019/1/9"}, "geometry": {"type": "Polygon", "coordinates": [[[139.732452659, 35.671544416], [139.73183725, 35.671830846], [139.731701647, 35.671649169], [139.732284538, 35.671342266], [139.732452659, 35.671544416]]]}}, {"id": "12810", "type": "Feature", "properties": {"現象の種類": "急傾斜地の崩壊", "区域区分": "土砂災害警戒区域", "区域名": "-", "所在地": "港区赤坂7", "告示日": "2019/1/9"}, "geometry": {"type": "Polygon", "coordinates": [[[139.731714809, 35.671701406], [139.731506979, 35.671804222], [139.731436902, 35.6717602], [139.73141892, 35.671652987], [139.731264645, 35.671413096], [139.731475466, 35.67134096], [139.731714809, 35.671701406]]]}}, {"id": "12811", "type": "Feature", "properties": {"現象の種類": "急傾斜地の崩壊", "区域区分": "土砂災害警戒区域", "区域名": "-", "所在地": "港区愛宕2　虎ノ門3", "告示日": "2019/1/9"}, "geometry": {"type": "Polygon", "coordinates": [[[139.747279791, 35.66243333], [139.747407744, 35.66257081], [139.747293437, 35.662651341], [139.747153434, 35.66250615], [139.747279791, 35.66243333]]]}}, {"id": "12812", "type": "Feature", "properties": {"現象の種類": "急傾斜地の崩壊", "区域区分": "土砂災害警戒区域", "区域名": "-", "所在地": "港区赤坂7", "告示日": "2019/1/9"}, "geometry": {"type": "Polygon", "coordinates": [[[139.731520185, 35.671263591], [139.731340958, 35.67129964], [139.731224304, 35.671074887], [139.731755057, 35.670829344], [139.731516446, 35.670731686], [139.731447634, 35.670613965], [139.731616935, 35.670588775], [139.731685775, 35.670490873], [139.732028298, 35.670736501], [139.732060161, 35.670895655], [139.7320183, 35.671031488], [139.73169513, 35.671200142], [139.731556709, 35.67123533], [139.731502549, 35.671205747], [139.731520185, 35.671263591]]]}}, {"id": "12813", "type": "Feature", "properties": {"現象の種類": "急傾斜地の崩壊", "区域区分": "土砂災害警戒区域", "区域名": "-", "所在地": "港区赤坂7", "告示日": "2019/1/9"}, "geometry": {"type": "Polygon", "coordinates": [[[139.73081687, 35.672488004], [139.730564679, 35.672807128], [139.730330836, 35.672694088], [139.730512428, 35.672475066], [139.73072852, 35.672357134], [139.73081687, 35.672488004]]]}}, {"id": "12814", "type": "Feature", "properties": {"現象の種類": "急傾斜地の崩壊", "区域区分": "土砂災害警戒区域", "区域名": "-", "所在地": "港区赤坂7", "告示日": "2019/1/9"}, "geometry": {"type": "Polygon", "coordinates": [[[139.72944022, 35.671919879], [139.72936622, 35.671924225], [139.729279652, 35.672148544], [139.729069338, 35.672090377], [139.729140923, 35.671905652], [139.729168644, 35.671607837], [139.729460122, 35.671599715], [139.729437749, 35.671787749], [139.729483431, 35.671813286], [139.729399561, 35.671810757], [139.72944022, 35.671919879]]]}}, {"id": "12815", "type": "Feature", "properties": {"現象の種類": "急傾斜地の崩壊", "区域区分": "土砂災害警戒区域", "区域名": "-", "所在地": "港区赤坂8", "告示日": "2019/1/9"}, "geometry": {"type": "Polygon", "coordinates": [[[139.728825906, 35.671636725], [139.728514288, 35.671684571], [139.728452924, 35.671401384], [139.728799096, 35.671382561], [139.728825906, 35.671636725]]]}}, {"id": "12816", "type": "Feature", "properties": {"現象の種類": "急傾斜地の崩壊", "区域区分": "土砂災害警戒区域", "区域名": "-", "所在地": "港区赤坂8", "告示日": "2019/1/9"}, "geometry": {"type": "Polygon", "coordinates": [[[139.729074458, 35.67073454], [139.728815539, 35.670674165], [139.728866223, 35.670474704], [139.729115112, 35.670525346], [139.729074458, 35.67073454]]]}}, {"id": "12817", "type": "Feature", "properties": {"現象の種類": "急傾斜地の崩壊", "区域区分": "土砂災害警戒区域", "区域名": "-", "所在地": "港区赤坂9", "告示日": "2019/1/9"}, "geometry": {"type": "Polygon", "coordinates": [[[139.728342239, 35.667568504], [139.728169856, 35.667824327], [139.728211378, 35.66784827], [139.728072682, 35.667943485], [139.727961321, 35.667925015], [139.727709357, 35.667746475], [139.72786796, 35.667569746], [139.728006173, 35.667632934], [139.728145061, 35.667458847], [139.728342239, 35.667568504]]]}}, {"id": "12818", "type": "Feature", "properties": {"現象の種類": "急傾斜地の崩壊", "区域区分": "土砂災害警戒区域", "区域名": "-", "所在地": "港区赤坂9", "告示日": "2019/1/9"}, "geometry": {"type": "Polygon", "coordinates": [[[139.728542139, 35.66752837], [139.728261183, 35.6675444], [139.728332038, 35.667382584], [139.728280065, 35.667354909], [139.72843332, 35.667260194], [139.728655287, 35.667351376], [139.728542139, 35.66752837]]]}}, {"id": "12819", "type": "Feature", "properties": {"現象の種類": "急傾斜地の崩壊", "区域区分": "土砂災害警戒区域", "区域名": "-", "所在地": "港区赤坂9", "告示日": "2019/1/9"}, "geometry": {"type": "Polygon", "coordinates": [[[139.730266314, 35.66828769], [139.730208148, 35.668273199], [139.73017742, 35.668199874], [139.730454892, 35.66814234], [139.730479556, 35.668185264], [139.730266314, 35.66828769]]]}}, {"id": "12820", "type": "Feature", "properties": {"現象の種類": "急傾斜地の崩壊", "区域区分": "土砂災害警戒区域", "区域名": "-", "所在地": "港区赤坂9　赤坂8", "告示日": "2019/1/9"}, "geometry": {"type": "Polygon", "coordinates": [[[139.731036047, 35.66864444], [139.731064794, 35.668807676], [139.730941672, 35.668849329], [139.730654293, 35.66883736], [139.730344749, 35.668685124], [139.73023955, 35.668472027], [139.730259521, 35.66841334], [139.730510812, 35.66831363], [139.73066011, 35.66849996], [139.730733608, 35.668506479], [139.731917875, 35.667988557], [139.732065999, 35.668127132], [139.731591804, 35.668427907], [139.731563919, 35.668495249], [139.73145818, 35.668483884], [139.731036047, 35.66864444]]]}}, {"id": "12821", "type": "Feature", "properties": {"現象の種類": "急傾斜地の崩壊", "区域区分": "土砂災害警戒区域", "区域名": "-", "所在地": "港区赤坂9", "告示日": "2019/1/9"}, "geometry": {"type": "Polygon", "coordinates": [[[139.731199371, 35.668703776], [139.731024468, 35.668707729], [139.731031177, 35.668493257], [139.731197388, 35.668483841], [139.731199371, 35.668703776]]]}}, {"id": "12822", "type": "Feature", "properties": {"現象の種類": "急傾斜地の崩壊", "区域区分": "土砂災害警戒区域", "区域名": "-", "所在地": "港区赤坂9", "告示日": "2019/1/9"}, "geometry": {"type": "Polygon", "coordinates": [[[139.732132224, 35.667971154], [139.731955547, 35.668054372], [139.73179419, 35.667831042], [139.731806983, 35.667692628], [139.731886786, 35.667624994], [139.732115055, 35.667775285], [139.732208523, 35.667747237], [139.732128779, 35.667876617], [139.732132224, 35.667971154]]]}}, {"id": "12823", "type": "Feature", "properties": {"現象の種類": "急傾斜地の崩壊", "区域区分": "土砂災害警戒区域", "区域名": "-", "所在地": "港区赤坂9", "告示日": "2019/1/9"}, "geometry": {"type": "Polygon", "coordinates": [[[139.732257462, 35.667569815], [139.732286264, 35.6677658], [139.732149145, 35.667591317], [139.732257462, 35.667569815]]]}}, {"id": "12824", "type": "Feature", "properties": {"現象の種類": "急傾斜地の崩壊", "区域区分": "土砂災害警戒区域", "区域名": "-", "所在地": "港区愛宕1　虎ノ門3", "告示日": "2019/1/9"}, "geometry": {"type": "Polygon", "coordinates": [[[139.748441794, 35.66512511], [139.748668506, 35.665506663], [139.748590471, 35.665562463], [139.748582049, 35.665754494], [139.748366669, 35.665578154], [139.748263112, 35.665389619], [139.747900185, 35.665199755], [139.747715339, 35.664877482], [139.74762753, 35.664549577], [139.747651909, 35.664424422], [139.74760201, 35.664367642], [139.748325066, 35.664359376], [139.748199994, 35.664726384], [139.748270148, 35.664968215], [139.748441794, 35.66512511]]]}}, {"id": "12825", "type": "Feature", "properties": {"現象の種類": "急傾斜地の崩壊", "区域区分": "土砂災害警戒区域", "区域名": "-", "所在地": "港区愛宕2　愛宕1　虎ノ門3", "告示日": "2019/1/9"}, "geometry": {"type": "Polygon", "coordinates": [[[139.748030037, 35.663595152], [139.748300193, 35.664260276], [139.747669833, 35.664315988], [139.747740934, 35.664293462], [139.747881239, 35.664091732], [139.747822374, 35.663990344], [139.747728804, 35.663957496], [139.7476565, 35.663757195], [139.748030037, 35.663595152]]]}}, {"id": "12826", "type": "Feature", "properties": {"現象の種類": "急傾斜地の崩壊", "区域区分": "土砂災害警戒区域", "区域名": "-", "所在地": "港区虎ノ門3　愛宕2", "告示日": "2019/1/9"}, "geometry": {"type": "Polygon", "coordinates": [[[139.747327571, 35.663626874], [139.74724483, 35.663508442], [139.747487786, 35.663171258], [139.747893697, 35.663428802], [139.747537698, 35.663626738], [139.747487746, 35.663617224], [139.747536225, 35.663573961], [139.747475203, 35.663514552], [139.747327571, 35.663626874]]]}}, {"id": "12827", "type": "Feature", "properties": {"現象の種類": "急傾斜地の崩壊", "区域区分": "土砂災害警戒区域", "区域名": "-", "所在地": "港区愛宕2　虎ノ門3", "告示日": "2019/1/9"}, "geometry": {"type": "Polygon", "coordinates": [[[139.746894664, 35.662897086], [139.746784032, 35.662956689], [139.746769784, 35.662828174], [139.746919402, 35.662714054], [139.747066288, 35.662861692], [139.74698384, 35.662918862], [139.746894664, 35.662897086]]]}}, {"id": "12828", "type": "Feature", "properties": {"現象の種類": "急傾斜地の崩壊", "区域区分": "土砂災害警戒区域", "区域名": "-", "所在地": "港区愛宕2　虎ノ門3", "告示日": "2019/1/9"}, "geometry": {"type": "Polygon", "coordinates": [[[139.747104279, 35.662591173], [139.747178498, 35.662657927], [139.747257141, 35.66272866], [139.747212215, 35.662762431], [139.747042968, 35.662630337], [139.747104279, 35.662591173]]]}}, {"id": "12829", "type": "Feature", "properties": {"現象の種類": "急傾斜地の崩壊", "区域区分": "土砂災害警戒区域", "区域名": "-", "所在地": "港区虎ノ門3　芝公園3", "告示日": "2019/1/9"}, "geometry": {"type": "Polygon", "coordinates": [[[139.746556253, 35.661539951], [139.746630769, 35.661748454], [139.746433428, 35.661793878], [139.746360012, 35.66160482], [139.746556253, 35.661539951]]]}}, {"id": "12830", "type": "Feature", "properties": {"現象の種類": "急傾斜地の崩壊", "区域区分": "土砂災害警戒区域", "区域名": "-", "所在地": "港区虎ノ門3　芝公園3　虎ノ門5", "告示日": "2019/1/9"}, "geometry": {"type": "Polygon", "coordinates": [[[139.745566243, 35.662174617], [139.745002643, 35.66229232], [139.744942952, 35.662008043], [139.745357541, 35.661883456], [139.745686841, 35.661884946], [139.745693228, 35.661929307], [139.745546467, 35.662093856], [139.745566243, 35.662174617]]]}}, {"id": "12831", "type": "Feature", "properties": {"現象の種類": "急傾斜地の崩壊", "区域区分": "土砂災害警戒区域", "区域名": "-", "所在地": "港区虎ノ門4", "告示日": "2019/1/9"}, "geometry": {"type": "Polygon", "coordinates": [[[139.744458457, 35.664865898], [139.744671476, 35.665039468], [139.744711727, 35.665072264], [139.744549613, 35.665150223], [139.744368969, 35.66493543], [139.744373223, 35.664885692], [139.744458457, 35.664865898]]]}}, {"id": "12832", "type": "Feature", "properties": {"現象の種類": "急傾斜地の崩壊", "区域区分": "土砂災害警戒区域", "区域名": "-", "所在地": "港区虎ノ門5　芝公園3", "告示日": "2019/1/9"}, "geometry": {"type": "Polygon", "coordinates": [[[139.744517436, 35.661445787], [139.74456823, 35.661501945], [139.744164254, 35.661647868], [139.744156212, 35.661587828], [139.744517436, 35.661445787]]]}}, {"id": "12833", "type": "Feature", "properties": {"現象の種類": "急傾斜地の崩壊", "区域区分": "土砂災害警戒区域", "区域名": "-", "所在地": "港区芝公園3", "告示日": "2019/1/9"}, "geometry": {"type": "Polygon", "coordinates": [[[139.748768171, 35.660991675], [139.748830692, 35.661255517], [139.748794765, 35.66128162], [139.748825103, 35.661364942], [139.748929998, 35.661391918], [139.748909888, 35.661478263], [139.748795806, 35.661572932], [139.748538445, 35.661573987], [139.748514899, 35.661302186], [139.748587274, 35.661291452], [139.748532641, 35.661032495], [139.748481207, 35.661024103], [139.748451246, 35.660774628], [139.748737417, 35.660716457], [139.748771221, 35.660927703], [139.748825774, 35.660964208], [139.748768171, 35.660991675]]]}}, {"id": "12834", "type": "Feature", "properties": {"現象の種類": "急傾斜地の崩壊", "区域区分": "土砂災害警戒区域", "区域名": "-", "所在地": "港区芝公園4　東麻布1", "告示日": "2019/1/9"}, "geometry": {"type": "Polygon", "coordinates": [[[139.744300402, 35.658663607], [139.743899115, 35.658870283], [139.743717417, 35.658882983], [139.7437247, 35.658652023], [139.743906108, 35.658636503], [139.744180715, 35.658481748], [139.744242053, 35.658434857], [139.744192982, 35.65834344], [139.744542394, 35.658296148], [139.74469277, 35.658190065], [139.744938811, 35.658122545], [139.74500491, 35.658191139], [139.745022004, 35.658262946], [139.744971984, 35.65836371], [139.744746754, 35.658568464], [139.74446126, 35.658705767], [139.744327851, 35.658702071], [139.744300402, 35.658663607]]]}}, {"id": "12835", "type": "Feature", "properties": {"現象の種類": "急傾斜地の崩壊", "区域区分": "土砂災害警戒区域", "区域名": "-", "所在地": "港区麻布台1　芝公園3", "告示日": "2019/1/9"}, "geometry": {"type": "Polygon", "coordinates": [[[139.744192683, 35.660664345], [139.743764367, 35.660835765], [139.743754482, 35.660825221], [139.744192683, 35.660664345]]]}}, {"id": "12836", "type": "Feature", "properties": {"現象の種類": "急傾斜地の崩壊", "区域区分": "土砂災害警戒区域", "区域名": "-", "所在地": "港区麻布台1　芝公園3", "告示日": "2019/1/9"}, "geometry": {"type": "Polygon", "coordinates": [[[139.743932191, 35.660501462], [139.743558471, 35.660757841], [139.743271747, 35.660499448], [139.743327489, 35.660438256], [139.743216048, 35.660239196], [139.743181754, 35.660029804], [139.743474128, 35.660053697], [139.743519571, 35.660224496], [139.74370319, 35.660292364], [139.743932191, 35.660501462]]]}}, {"id": "12837", "type": "Feature", "properties": {"現象の種類": "急傾斜地の崩壊", "区域区分": "土砂災害警戒区域", "区域名": "-", "所在地": "港区麻布台3", "告示日": "2019/1/9"}, "geometry": {"type": "Polygon", "coordinates": [[[139.738697052, 35.660088101], [139.738871237, 35.66029666], [139.738777435, 35.660360714], [139.738545965, 35.66022667], [139.738697052, 35.660088101]]]}}, {"id": "12838", "type": "Feature", "properties": {"現象の種類": "急傾斜地の崩壊", "区域区分": "土砂災害警戒区域", "区域名": "-", "所在地": "港区麻布狸穴町　麻布永坂町", "告示日": "2019/1/9"}, "geometry": {"type": "Polygon", "coordinates": [[[139.739426067, 35.65954678], [139.739100255, 35.6595179], [139.739073468, 35.659314771], [139.739400746, 35.65924973], [139.739350562, 35.659277401], [139.739416492, 35.659356337], [139.739389913, 35.659428157], [139.739426067, 35.65954678]]]}}, {"id": "12839", "type": "Feature", "properties": {"現象の種類": "急傾斜地の崩壊", "区域区分": "土砂災害警戒区域", "区域名": "-", "所在地": "港区麻布永坂町　麻布狸穴町", "告示日": "2019/1/9"}, "geometry": {"type": "Polygon", "coordinates": [[[139.739169945, 35.658830584], [139.739170117, 35.659128972], [139.739068168, 35.659240512], [139.739024828, 35.659431781], [139.73874734, 35.659392254], [139.738836553, 35.659005805], [139.738625321, 35.658934986], [139.738679937, 35.658933086], [139.738675809, 35.658859115], [139.739169945, 35.658830584]]]}}, {"id": "12840", "type": "Feature", "properties": {"現象の種類": "急傾斜地の崩壊", "区域区分": "土砂災害警戒区域", "区域名": "-", "所在地": "港区麻布永坂町　麻布狸穴町", "告示日": "2019/1/9"}, "geometry": {"type": "Polygon", "coordinates": [[[139.73906526, 35.658460438], [139.738939503, 35.658484322], [139.738951206, 35.658605027], [139.73854552, 35.65855811], [139.738460063, 35.658323178], [139.73846567, 35.65813602], [139.73870504, 35.658081487], [139.738836413, 35.658200404], [139.738883527, 35.658313121], [139.739074487, 35.65828668], [139.73906526, 35.658460438]]]}}, {"id": "12841", "type": "Feature", "properties": {"現象の種類": "急傾斜地の崩壊", "区域区分": "土砂災害警戒区域", "区域名": "-", "所在地": "港区麻布永坂町", "告示日": "2019/1/9"}, "geometry": {"type": "Polygon", "coordinates": [[[139.738528391, 35.657976541], [139.738522851, 35.658175682], [139.738239441, 35.658063398], [139.738373008, 35.657898859], [139.738528391, 35.657976541]]]}}, {"id": "12842", "type": "Feature", "properties": {"現象の種類": "急傾斜地の崩壊", "区域区分": "土砂災害警戒区域", "区域名": "-", "所在地": "港区麻布永坂町", "告示日": "2019/1/9"}, "geometry": {"type": "Polygon", "coordinates": [[[139.7383371, 35.657937322], [139.738460833, 35.658023208], [139.738326272, 35.658208503], [139.73816563, 35.658135329], [139.7383371, 35.657937322]]]}}, {"id": "12843", "type": "Feature", "properties": {"現象の種類": "急傾斜地の崩壊", "区域区分": "土砂災害警戒区域", "区域名": "-", "所在地": "港区南青山4", "告示日": "2019/1/9"}, "geometry": {"type": "Polygon", "coordinates": [[[139.717957861, 35.664787874], [139.718036831, 35.664993477], [139.717932479, 35.665021062], [139.717848202, 35.664812128], [139.717957861, 35.664787874]]]}}, {"id": "12844", "type": "Feature", "properties": {"現象の種類": "急傾斜地の崩壊", "区域区分": "土砂災害警戒区域", "区域名": "-", "所在地": "港区麻布永坂町　東麻布3", "告示日": "2019/1/9"}, "geometry": {"type": "Polygon", "coordinates": [[[139.737517423, 35.65762872], [139.736938633, 35.657702867], [139.736907927, 35.657745295], [139.736685475, 35.657677572], [139.736726547, 35.657551572], [139.737490864, 35.657394438], [139.737544252, 35.657277692], [139.737638477, 35.65726326], [139.738212003, 35.657350079], [139.738319031, 35.657487479], [139.738076359, 35.657733036], [139.737596649, 35.657724543], [139.737517423, 35.65762872]]]}}, {"id": "12845", "type": "Feature", "properties": {"現象の種類": "急傾斜地の崩壊", "区域区分": "土砂災害警戒区域", "区域名": "-", "所在地": "港区麻布永坂町", "告示日": "2019/1/9"}, "geometry": {"type": "Polygon", "coordinates": [[[139.737147469, 35.65774221], [139.737453166, 35.657810559], [139.737427722, 35.657938788], [139.737367581, 35.657965197], [139.737335544, 35.65805889], [139.737066712, 35.658016261], [139.737105878, 35.657920786], [139.737080936, 35.657810305], [139.737147469, 35.65774221]]]}}, {"id": "12846", "type": "Feature", "properties": {"現象の種類": "急傾斜地の崩壊", "区域区分": "土砂災害警戒区域", "区域名": "-", "所在地": "港区麻布永坂町", "告示日": "2019/1/9"}, "geometry": {"type": "Polygon", "coordinates": [[[139.737097614, 35.658275626], [139.736761914, 35.658290606], [139.736727812, 35.658079678], [139.73677163, 35.65803431], [139.736797518, 35.658090253], [139.736884863, 35.65799658], [139.737062757, 35.657983193], [139.737097614, 35.658275626]]]}}, {"id": "12847", "type": "Feature", "properties": {"現象の種類": "急傾斜地の崩壊", "区域区分": "土砂災害警戒区域", "区域名": "-", "所在地": "港区六本木3", "告示日": "2019/1/9"}, "geometry": {"type": "Polygon", "coordinates": [[[139.736428253, 35.664872937], [139.736112789, 35.664971683], [139.735955213, 35.664936508], [139.735747483, 35.664808998], [139.735716745, 35.664588189], [139.736094593, 35.664571846], [139.736702988, 35.664684238], [139.73656614, 35.664850176], [139.736493519, 35.664809045], [139.736428253, 35.664872937]]]}}, {"id": "12848", "type": "Feature", "properties": {"現象の種類": "急傾斜地の崩壊", "区域区分": "土砂災害警戒区域", "区域名": "-", "所在地": "港区六本木3", "告示日": "2019/1/9"}, "geometry": {"type": "Polygon", "coordinates": [[[139.736482674, 35.664181486], [139.736751809, 35.66427252], [139.736458301, 35.664216248], [139.736482674, 35.664181486]]]}}, {"id": "12849", "type": "Feature", "properties": {"現象の種類": "急傾斜地の崩壊", "区域区分": "土砂災害警戒区域", "区域名": "-", "所在地": "港区六本木3", "告示日": "2019/1/9"}, "geometry": {"type": "Polygon", "coordinates": [[[139.736794241, 35.664155232], [139.736547897, 35.664128028], [139.736595971, 35.664040988], [139.736551864, 35.66400065], [139.736846338, 35.664044316], [139.736794241, 35.664155232]]]}}, {"id": "12850", "type": "Feature", "properties": {"現象の種類": "急傾斜地の崩壊", "区域区分": "土砂災害警戒区域", "区域名": "-", "所在地": "港区六本木3", "告示日": "2019/1/9"}, "geometry": {"type": "Polygon", "coordinates": [[[139.734335386, 35.663685714], [139.734541621, 35.663787102], [139.734515563, 35.663836369], [139.734288958, 35.66372581], [139.734335386, 35.663685714]]]}}, {"id": "12851", "type": "Feature", "properties": {"現象の種類": "急傾斜地の崩壊", "区域区分": "土砂災害警戒区域", "区域名": "-", "所在地": "港区六本木3", "告示日": "2019/1/9"}, "geometry": {"type": "Polygon", "coordinates": [[[139.735661679, 35.662875122], [139.735892293, 35.662785973], [139.735669431, 35.662922015], [139.735661679, 35.662875122]]]}}, {"id": "12852", "type": "Feature", "properties": {"現象の種類": "急傾斜地の崩壊", "区域区分": "土砂災害警戒区域", "区域名": "-", "所在地": "港区六本木4", "告示日": "2019/1/9"}, "geometry": {"type": "Polygon", "coordinates": [[[139.734775167, 35.665889231], [139.734537901, 35.666009724], [139.734454656, 35.665937322], [139.73430244, 35.665597541], [139.734573318, 35.665504698], [139.734775167, 35.665889231]]]}}, {"id": "12853", "type": "Feature", "properties": {"現象の種類": "急傾斜地の崩壊", "区域区分": "土砂災害警戒区域", "区域名": "-", "所在地": "港区六本木4", "告示日": "2019/1/9"}, "geometry": {"type": "Polygon", "coordinates": [[[139.734047627, 35.664716483], [139.7341747, 35.664895585], [139.733923985, 35.665017067], [139.733783962, 35.664850152], [139.734047627, 35.664716483]]]}}, {"id": "12854", "type": "Feature", "properties": {"現象の種類": "急傾斜地の崩壊", "区域区分": "土砂災害警戒区域", "区域名": "-", "所在地": "港区六本木5　六本木6", "告示日": "2019/1/9"}, "geometry": {"type": "Polygon", "coordinates": [[[139.732848676, 35.660448707], [139.733242784, 35.660518684], [139.733215885, 35.6606103], [139.733284904, 35.661270852], [139.732795959, 35.661332783], [139.732803113, 35.660800028], [139.732761015, 35.660793504], [139.732720555, 35.660590707], [139.732775404, 35.660575173], [139.732848676, 35.660448707]]]}}, {"id": "12855", "type": "Feature", "properties": {"現象の種類": "急傾斜地の崩壊", "区域区分": "土砂災害警戒区域", "区域名": "-", "所在地": "港区元麻布2", "告示日": "2019/1/9"}, "geometry": {"type": "Polygon", "coordinates": [[[139.729917391, 35.654237696], [139.729720741, 35.654335294], [139.729642623, 35.654254862], [139.729865697, 35.654177729], [139.729917391, 35.654237696]]]}}, {"id": "12856", "type": "Feature", "properties": {"現象の種類": "急傾斜地の崩壊", "区域区分": "土砂災害警戒区域", "区域名": "-", "所在地": "港区六本木5", "告示日": "2019/1/9"}, "geometry": {"type": "Polygon", "coordinates": [[[139.733374061, 35.66038058], [139.732887704, 35.66043408], [139.732810606, 35.660373452], [139.732625625, 35.659869996], [139.732680771, 35.659855745], [139.732644505, 35.659729785], [139.733095362, 35.659602292], [139.733374061, 35.66038058]]]}}, {"id": "12857", "type": "Feature", "properties": {"現象の種類": "急傾斜地の崩壊", "区域区分": "土砂災害警戒区域", "区域名": "-", "所在地": "港区六本木5", "告示日": "2019/1/9"}, "geometry": {"type": "Polygon", "coordinates": [[[139.732999859, 35.659602901], [139.73267328, 35.659692744], [139.732559302, 35.659414321], [139.732612863, 35.659402815], [139.732586087, 35.659305078], [139.73250752, 35.659204684], [139.732574014, 35.659145712], [139.732488086, 35.65911516], [139.73247482, 35.659021489], [139.732808026, 35.659009591], [139.732839242, 35.659111289], [139.732782677, 35.659157007], [139.732863039, 35.659349932], [139.732915998, 35.659341328], [139.732999859, 35.659602901]]]}}, {"id": "12858", "type": "Feature", "properties": {"現象の種類": "急傾斜地の崩壊", "区域区分": "土砂災害警戒区域", "区域名": "-", "所在地": "港区六本木5　六本木6", "告示日": "2019/1/9"}, "geometry": {"type": "Polygon", "coordinates": [[[139.732767064, 35.658631882], [139.732539464, 35.65864926], [139.732456715, 35.658546213], [139.732311987, 35.658549688], [139.732308329, 35.658515788], [139.732390635, 35.6582388], [139.732556195, 35.65825777], [139.732664539, 35.658130909], [139.732513593, 35.658047694], [139.732765746, 35.657797128], [139.732903948, 35.657783088], [139.732922298, 35.657733648], [139.733359862, 35.657750275], [139.733440492, 35.657810715], [139.733546415, 35.657725985], [139.733774016, 35.657742755], [139.733903814, 35.658026848], [139.734083229, 35.658083743], [139.734118803, 35.658217632], [139.733883725, 35.6582641], [139.733868782, 35.658217696], [139.733789509, 35.658226921], [139.733641906, 35.658034347], [139.733508789, 35.658025052], [139.733384632, 35.65807796], [139.733199921, 35.658053159], [139.733040576, 35.65832877], [139.73295453, 35.658286054], [139.732890003, 35.658381233], [139.73294815, 35.658435706], [139.732916677, 35.658527728], [139.732817441, 35.658531717], [139.732767064, 35.658631882]]]}}, {"id": "12859", "type": "Feature", "properties": {"現象の種類": "急傾斜地の崩壊", "区域区分": "土砂災害警戒区域", "区域名": "-", "所在地": "港区六本木5", "告示日": "2019/1/9"}, "geometry": {"type": "Polygon", "coordinates": [[[139.733130673, 35.657659072], [139.733281081, 35.657818263], [139.733183485, 35.657876065], [139.733181748, 35.657958149], [139.733126479, 35.658005146], [139.732934469, 35.657898992], [139.732992336, 35.657842783], [139.732945716, 35.657839631], [139.732980395, 35.657747112], [139.733130673, 35.657659072]]]}}, {"id": "12860", "type": "Feature", "properties": {"現象の種類": "急傾斜地の崩壊", "区域区分": "土砂災害警戒区域", "区域名": "-", "所在地": "港区六本木5　麻布十番1", "告示日": "2019/1/9"}, "geometry": {"type": "Polygon", "coordinates": [[[139.73422413, 35.657252524], [139.73393283, 35.657322959], [139.734013177, 35.657389498], [139.734086625, 35.657654398], [139.733837294, 35.657710064], [139.733744008, 35.657579698], [139.733703142, 35.65722411], [139.733784563, 35.657127088], [139.734144066, 35.657057145], [139.734097533, 35.656960468], [139.734208307, 35.656919703], [139.734842133, 35.656902586], [139.734629893, 35.657255308], [139.734291749, 35.657363971], [139.73422413, 35.657252524]]]}}, {"id": "12861", "type": "Feature", "properties": {"現象の種類": "急傾斜地の崩壊", "区域区分": "土砂災害警戒区域", "区域名": "-", "所在地": "港区六本木5", "告示日": "2019/1/9"}, "geometry": {"type": "Polygon", "coordinates": [[[139.734746967, 35.658081132], [139.734928616, 35.658301911], [139.734751898, 35.658389661], [139.734554005, 35.658163873], [139.734746967, 35.658081132]]]}}, {"id": "12862", "type": "Feature", "properties": {"現象の種類": "急傾斜地の崩壊", "区域区分": "土砂災害警戒区域", "区域名": "-", "所在地": "港区六本木5", "告示日": "2019/1/9"}, "geometry": {"type": "Polygon", "coordinates": [[[139.735562328, 35.658446613], [139.735343186, 35.658488845], [139.735416259, 35.658416969], [139.735359713, 35.658306551], [139.735490435, 35.658291172], [139.735562328, 35.658446613]]]}}, {"id": "12863", "type": "Feature", "properties": {"現象の種類": "急傾斜地の崩壊", "区域区分": "土砂災害警戒区域", "区域名": "-", "所在地": "港区六本木6", "告示日": "2019/1/9"}, "geometry": {"type": "Polygon", "coordinates": [[[139.731491912, 35.660842687], [139.731716321, 35.661320899], [139.731654026, 35.661337522], [139.731575124, 35.661530032], [139.731401403, 35.661404933], [139.731196194, 35.660925217], [139.731233196, 35.660914891], [139.731063979, 35.660742435], [139.731287649, 35.660682727], [139.731491912, 35.660842687]]]}}, {"id": "12864", "type": "Feature", "properties": {"現象の種類": "急傾斜地の崩壊", "区域区分": "土砂災害警戒区域", "区域名": "-", "所在地": "港区六本木6", "告示日": "2019/1/9"}, "geometry": {"type": "Polygon", "coordinates": [[[139.731000068, 35.658343344], [139.730797707, 35.658453196], [139.730732937, 35.658369897], [139.730939871, 35.658265873], [139.731000068, 35.658343344]]]}}, {"id": "12865", "type": "Feature", "properties": {"現象の種類": "急傾斜地の崩壊", "区域区分": "土砂災害警戒区域", "区域名": "-", "所在地": "港区六本木6　元麻布3　麻布十番1", "告示日": "2019/1/9"}, "geometry": {"type": "Polygon", "coordinates": [[[139.731838059, 35.658449554], [139.731659293, 35.658581218], [139.731535141, 35.658540769], [139.731390977, 35.658381135], [139.731467648, 35.658411546], [139.731674387, 35.658192276], [139.731996351, 35.657572503], [139.731846133, 35.657460012], [139.731996007, 35.65731556], [139.73226676, 35.657458218], [139.732284325, 35.657512875], [139.732047898, 35.658106232], [139.731838059, 35.658449554]]]}}, {"id": "12866", "type": "Feature", "properties": {"現象の種類": "急傾斜地の崩壊", "区域区分": "土砂災害警戒区域", "区域名": "-", "所在地": "港区南青山4", "告示日": "2019/1/9"}, "geometry": {"type": "Polygon", "coordinates": [[[139.718739005, 35.664907866], [139.718123543, 35.6649764], [139.718038362, 35.664752717], [139.71828124, 35.664732678], [139.718279038, 35.664675956], [139.718358966, 35.664710101], [139.718464913, 35.664637585], [139.718659366, 35.664617634], [139.718739005, 35.664907866]]]}}, {"id": "12867", "type": "Feature", "properties": {"現象の種類": "急傾斜地の崩壊", "区域区分": "土砂災害警戒区域", "区域名": "-", "所在地": "港区南青山4", "告示日": "2019/1/9"}, "geometry": {"type": "Polygon", "coordinates": [[[139.719362564, 35.664816429], [139.718901172, 35.664850143], [139.718807755, 35.664621911], [139.718963986, 35.664599444], [139.718989481, 35.664557579], [139.719310045, 35.664536113], [139.719362564, 35.664816429]]]}}, {"id": "12868", "type": "Feature", "properties": {"現象の種類": "急傾斜地の崩壊", "区域区分": "土砂災害警戒区域", "区域名": "-", "所在地": "港区南青山4", "告示日": "2019/1/9"}, "geometry": {"type": "Polygon", "coordinates": [[[139.71988455, 35.664783825], [139.719660645, 35.664944601], [139.719615391, 35.664893551], [139.719858278, 35.664743134], [139.71988455, 35.664783825]]]}}, {"id": "12869", "type": "Feature", "properties": {"現象の種類": "急傾斜地の崩壊", "区域区分": "土砂災害警戒区域", "区域名": "-", "所在地": "港区南青山4", "告示日": "2019/1/9"}, "geometry": {"type": "Polygon", "coordinates": [[[139.718382824, 35.664483964], [139.717886699, 35.664569813], [139.71782672, 35.664353557], [139.718209657, 35.664238576], [139.718382824, 35.664483964]]]}}, {"id": "12870", "type": "Feature", "properties": {"現象の種類": "急傾斜地の崩壊", "区域区分": "土砂災害警戒区域", "区域名": "-", "所在地": "港区南青山4", "告示日": "2019/1/9"}, "geometry": {"type": "Polygon", "coordinates": [[[139.718926329, 35.664325833], [139.718380946, 35.664497899], [139.718324093, 35.664255349], [139.718502945, 35.664167794], [139.718534586, 35.664212935], [139.718851776, 35.664099472], [139.718830532, 35.664031289], [139.718963038, 35.664070936], [139.719019816, 35.66431351], [139.718959856, 35.664422892], [139.718926329, 35.664325833]]]}}, {"id": "12871", "type": "Feature", "properties": {"現象の種類": "急傾斜地の崩壊", "区域区分": "土砂災害警戒区域", "区域名": "-", "所在地": "港区南青山4　西麻布2", "告示日": "2019/1/9"}, "geometry": {"type": "Polygon", "coordinates": [[[139.719572209, 35.662788709], [139.719225424, 35.662642647], [139.719320436, 35.662468948], [139.719731495, 35.662641425], [139.719572209, 35.662788709]]]}}, {"id": "12872", "type": "Feature", "properties": {"現象の種類": "急傾斜地の崩壊", "区域区分": "土砂災害警戒区域", "区域名": "-", "所在地": "港区西麻布2", "告示日": "2019/1/9"}, "geometry": {"type": "Polygon", "coordinates": [[[139.720939616, 35.661285563], [139.72080309, 35.661111517], [139.721015249, 35.661046948], [139.721007833, 35.661105591], [139.721049431, 35.661075234], [139.721124834, 35.661265561], [139.720939616, 35.661285563]]]}}, {"id": "12873", "type": "Feature", "properties": {"現象の種類": "急傾斜地の崩壊", "区域区分": "土砂災害警戒区域", "区域名": "-", "所在地": "港区西麻布2", "告示日": "2019/1/9"}, "geometry": {"type": "Polygon", "coordinates": [[[139.721642836, 35.661142555], [139.721552826, 35.66114856], [139.721433633, 35.660990448], [139.721684017, 35.66079886], [139.721952188, 35.660438321], [139.722159842, 35.660524676], [139.722135019, 35.660624152], [139.721642836, 35.661142555]]]}}, {"id": "12874", "type": "Feature", "properties": {"現象の種類": "急傾斜地の崩壊", "区域区分": "土砂災害警戒区域", "区域名": "-", "所在地": "港区西麻布3", "告示日": "2019/1/9"}, "geometry": {"type": "Polygon", "coordinates": [[[139.725197848, 35.658665771], [139.724979526, 35.658587593], [139.725066389, 35.658404361], [139.725257257, 35.658457721], [139.725197848, 35.658665771]]]}}, {"id": "12875", "type": "Feature", "properties": {"現象の種類": "急傾斜地の崩壊", "区域区分": "土砂災害警戒区域", "区域名": "-", "所在地": "港区西麻布3", "告示日": "2019/1/9"}, "geometry": {"type": "Polygon", "coordinates": [[[139.724199894, 35.657221645], [139.724436524, 35.657237519], [139.724410004, 35.657453302], [139.72417329, 35.657437507], [139.724199894, 35.657221645]]]}}, {"id": "12876", "type": "Feature", "properties": {"現象の種類": "急傾斜地の崩壊", "区域区分": "土砂災害警戒区域", "区域名": "-", "所在地": "港区元麻布1　麻布十番2", "告示日": "2019/1/9"}, "geometry": {"type": "Polygon", "coordinates": [[[139.733227251, 35.655573904], [139.733427373, 35.656078504], [139.733121212, 35.656199307], [139.732978137, 35.655949466], [139.733109759, 35.655914008], [139.732945865, 35.655667117], [139.733227251, 35.655573904]]]}}, {"id": "12877", "type": "Feature", "properties": {"現象の種類": "急傾斜地の崩壊", "区域区分": "土砂災害警戒区域", "区域名": "-", "所在地": "港区三田4", "告示日": "2019/1/9"}, "geometry": {"type": "Polygon", "coordinates": [[[139.74038962, 35.645480307], [139.740476257, 35.645624414], [139.740163215, 35.645735223], [139.740041431, 35.645599759], [139.74038962, 35.645480307]]]}}, {"id": "12878", "type": "Feature", "properties": {"現象の種類": "急傾斜地の崩壊", "区域区分": "土砂災害警戒区域", "区域名": "-", "所在地": "港区元麻布1", "告示日": "2019/1/9"}, "geometry": {"type": "Polygon", "coordinates": [[[139.73386505, 35.655099778], [139.733628128, 35.65524033], [139.733629691, 35.655144866], [139.733278657, 35.655162497], [139.732778763, 35.655077521], [139.732758703, 35.655111598], [139.732783171, 35.654875349], [139.733276762, 35.654920821], [139.733392028, 35.65491447], [139.733395217, 35.654855033], [139.733741188, 35.654870432], [139.733747687, 35.654963664], [139.733915911, 35.65500237], [139.73386505, 35.655099778]]]}}, {"id": "12879", "type": "Feature", "properties": {"現象の種類": "急傾斜地の崩壊", "区域区分": "土砂災害警戒区域", "区域名": "-", "所在地": "港区元麻布1", "告示日": "2019/1/9"}, "geometry": {"type": "Polygon", "coordinates": [[[139.734014604, 35.654684721], [139.734164118, 35.654954034], [139.734094376, 35.655008626], [139.733869651, 35.655028818], [139.73380354, 35.654773303], [139.734014604, 35.654684721]]]}}, {"id": "12880", "type": "Feature", "properties": {"現象の種類": "急傾斜地の崩壊", "区域区分": "土砂災害警戒区域", "区域名": "-", "所在地": "港区元麻布1　麻布十番2", "告示日": "2019/1/9"}, "geometry": {"type": "Polygon", "coordinates": [[[139.734526157, 35.654884772], [139.734306586, 35.654953172], [139.73411527, 35.654449947], [139.734448801, 35.654446989], [139.734507003, 35.654485703], [139.734526157, 35.654884772]]]}}, {"id": "12881", "type": "Feature", "properties": {"現象の種類": "急傾斜地の崩壊", "区域区分": "土砂災害警戒区域", "区域名": "-", "所在地": "港区元麻布1", "告示日": "2019/1/9"}, "geometry": {"type": "Polygon", "coordinates": [[[139.733992658, 35.654045358], [139.734062492, 35.654119537], [139.733749015, 35.654234094], [139.733728861, 35.654142329], [139.733992658, 35.654045358]]]}}, {"id": "12882", "type": "Feature", "properties": {"現象の種類": "急傾斜地の崩壊", "区域区分": "土砂災害警戒区域", "区域名": "-", "所在地": "港区元麻布1", "告示日": "2019/1/9"}, "geometry": {"type": "Polygon", "coordinates": [[[139.73341481, 35.653723128], [139.733489556, 35.653781206], [139.733628017, 35.654086969], [139.73341481, 35.653723128]]]}}, {"id": "12883", "type": "Feature", "properties": {"現象の種類": "急傾斜地の崩壊", "区域区分": "土砂災害警戒区域", "区域名": "-", "所在地": "港区元麻布1", "告示日": "2019/1/9"}, "geometry": {"type": "Polygon", "coordinates": [[[139.734029699, 35.653647471], [139.733756547, 35.653735607], [139.733732109, 35.653725629], [139.734008971, 35.653613208], [139.734029699, 35.653647471]]]}}, {"id": "12884", "type": "Feature", "properties": {"現象の種類": "急傾斜地の崩壊", "区域区分": "土砂災害警戒区域", "区域名": "-", "所在地": "港区元麻布1", "告示日": "2019/1/9"}, "geometry": {"type": "Polygon", "coordinates": [[[139.73383334, 35.653770369], [139.733762081, 35.653820948], [139.733519716, 35.653690287], [139.733507259, 35.653618144], [139.733687496, 35.653547847], [139.73383334, 35.653770369]]]}}, {"id": "12885", "type": "Feature", "properties": {"現象の種類": "急傾斜地の崩壊", "区域区分": "土砂災害警戒区域", "区域名": "-", "所在地": "港区元麻布1", "告示日": "2019/1/9"}, "geometry": {"type": "Polygon", "coordinates": [[[139.733024871, 35.654084071], [139.733130251, 35.65427272], [139.732805464, 35.654417926], [139.732677302, 35.654421008], [139.732664915, 35.654139605], [139.732840088, 35.654166876], [139.733024871, 35.654084071]]]}}, {"id": "12886", "type": "Feature", "properties": {"現象の種類": "急傾斜地の崩壊", "区域区分": "土砂災害警戒区域", "区域名": "-", "所在地": "港区元麻布1", "告示日": "2019/1/9"}, "geometry": {"type": "Polygon", "coordinates": [[[139.732606138, 35.653202825], [139.732753043, 35.653496581], [139.732702826, 35.653530598], [139.732728113, 35.65364635], [139.732658617, 35.653687884], [139.732328052, 35.653614227], [139.732297214, 35.653490416], [139.732452608, 35.653260533], [139.732606138, 35.653202825]]]}}, {"id": "12887", "type": "Feature", "properties": {"現象の種類": "急傾斜地の崩壊", "区域区分": "土砂災害警戒区域", "区域名": "-", "所在地": "港区元麻布1", "告示日": "2019/1/9"}, "geometry": {"type": "Polygon", "coordinates": [[[139.732918302, 35.652802835], [139.732744798, 35.652951782], [139.7325639, 35.652820142], [139.732289333, 35.652729276], [139.732384851, 35.652543994], [139.732722726, 35.652636845], [139.732918302, 35.652802835]]]}}, {"id": "12888", "type": "Feature", "properties": {"現象の種類": "急傾斜地の崩壊", "区域区分": "土砂災害警戒区域", "区域名": "-", "所在地": "港区元麻布1", "告示日": "2019/1/9"}, "geometry": {"type": "Polygon", "coordinates": [[[139.731688261, 35.652678215], [139.731717529, 35.652904985], [139.731594342, 35.652902681], [139.731552433, 35.652699139], [139.731688261, 35.652678215]]]}}, {"id": "12889", "type": "Feature", "properties": {"現象の種類": "急傾斜地の崩壊", "区域区分": "土砂災害警戒区域", "区域名": "-", "所在地": "港区元麻布2", "告示日": "2019/1/9"}, "geometry": {"type": "Polygon", "coordinates": [[[139.729284222, 35.654142873], [139.729368958, 35.654424796], [139.729103047, 35.654480608], [139.729065304, 35.654611408], [139.728882578, 35.654670997], [139.728825134, 35.654556928], [139.728827794, 35.654277262], [139.728986626, 35.654221115], [139.729001166, 35.654175505], [139.729242133, 35.65414362], [139.729284222, 35.654142873]]]}}, {"id": "12890", "type": "Feature", "properties": {"現象の種類": "急傾斜地の崩壊", "区域区分": "土砂災害警戒区域", "区域名": "-", "所在地": "港区元麻布3", "告示日": "2019/1/9"}, "geometry": {"type": "Polygon", "coordinates": [[[139.728518698, 35.65773705], [139.728429566, 35.657537138], [139.728811962, 35.657360313], [139.728961501, 35.657511979], [139.728849373, 35.65761714], [139.728518698, 35.65773705]]]}}, {"id": "12891", "type": "Feature", "properties": {"現象の種類": "急傾斜地の崩壊", "区域区分": "土砂災害警戒区域", "区域名": "-", "所在地": "港区元麻布3", "告示日": "2019/1/9"}, "geometry": {"type": "Polygon", "coordinates": [[[139.729059839, 35.657069338], [139.729242273, 35.657194855], [139.72910756, 35.657382103], [139.728902085, 35.657266413], [139.729059839, 35.657069338]]]}}, {"id": "12892", "type": "Feature", "properties": {"現象の種類": "急傾斜地の崩壊", "区域区分": "土砂災害警戒区域", "区域名": "-", "所在地": "港区元麻布3", "告示日": "2019/1/9"}, "geometry": {"type": "Polygon", "coordinates": [[[139.730486996, 35.657653028], [139.730287021, 35.657764037], [139.730175791, 35.657611196], [139.730122912, 35.657624713], [139.729962925, 35.657318307], [139.73002087, 35.657146247], [139.730144722, 35.657248678], [139.730225882, 35.657217592], [139.730486996, 35.657653028]]]}}, {"id": "12893", "type": "Feature", "properties": {"現象の種類": "急傾斜地の崩壊", "区域区分": "土砂災害警戒区域", "区域名": "-", "所在地": "港区元麻布3", "告示日": "2019/1/9"}, "geometry": {"type": "Polygon", "coordinates": [[[139.728342232, 35.656644209], [139.728262135, 35.656733098], [139.728175729, 35.656624503], [139.728305757, 35.656300311], [139.728586064, 35.656393384], [139.72841472, 35.656653744], [139.728342232, 35.656644209]]]}}, {"id": "12894", "type": "Feature", "properties": {"現象の種類": "急傾斜地の崩壊", "区域区分": "土砂災害警戒区域", "区域名": "-", "所在地": "港区元麻布3", "告示日": "2019/1/9"}, "geometry": {"type": "Polygon", "coordinates": [[[139.7282588, 35.6558208], [139.728478558, 35.655923019], [139.72845013, 35.656027435], [139.728177094, 35.65600942], [139.7282588, 35.6558208]]]}}, {"id": "12895", "type": "Feature", "properties": {"現象の種類": "急傾斜地の崩壊", "区域区分": "土砂災害警戒区域", "区域名": "-", "所在地": "港区元麻布3　元麻布2", "告示日": "2019/1/9"}, "geometry": {"type": "Polygon", "coordinates": [[[139.729638004, 35.655979907], [139.72898008, 35.656684367], [139.728797001, 35.656578753], [139.729456836, 35.655853196], [139.72978292, 35.655666701], [139.730061977, 35.655784423], [139.729892872, 35.65593735], [139.729784474, 35.655877209], [139.729638004, 35.655979907]]]}}, {"id": "12896", "type": "Feature", "properties": {"現象の種類": "急傾斜地の崩壊", "区域区分": "土砂災害警戒区域", "区域名": "-", "所在地": "港区元麻布3", "告示日": "2019/1/9"}, "geometry": {"type": "Polygon", "coordinates": [[[139.730222266, 35.655875189], [139.731078449, 35.656441268], [139.730921448, 35.656592738], [139.730174787, 35.656103961], [139.730104512, 35.656102423], [139.730128725, 35.656077787], [139.73006599, 35.656037503], [139.730222266, 35.655875189]]]}}, {"id": "12897", "type": "Feature", "properties": {"現象の種類": "急傾斜地の崩壊", "区域区分": "土砂災害警戒区域", "区域名": "-", "所在地": "港区元麻布3", "告示日": "2019/1/9"}, "geometry": {"type": "Polygon", "coordinates": [[[139.732071553, 35.656243608], [139.732129782, 35.65635434], [139.732085691, 35.656464307], [139.731855785, 35.656410708], [139.731948885, 35.656205296], [139.732071553, 35.656243608]]]}}, {"id": "12898", "type": "Feature", "properties": {"現象の種類": "急傾斜地の崩壊", "区域区分": "土砂災害警戒区域", "区域名": "-", "所在地": "港区南麻布1", "告示日": "2019/1/9"}, "geometry": {"type": "Polygon", "coordinates": [[[139.733293075, 35.650027821], [139.73320389, 35.650028549], [139.73322322, 35.650055384], [139.732960769, 35.650025421], [139.732954262, 35.649913525], [139.733112329, 35.64976801], [139.73315826, 35.649776622], [139.733361253, 35.649938481], [139.733293075, 35.650027821]]]}}, {"id": "12899", "type": "Feature", "properties": {"現象の種類": "急傾斜地の崩壊", "区域区分": "土砂災害警戒区域", "区域名": "-", "所在地": "港区南麻布2", "告示日": "2019/1/9"}, "geometry": {"type": "Polygon", "coordinates": [[[139.734066212, 35.648735047], [139.733856242, 35.648898369], [139.733635751, 35.648779939], [139.733830326, 35.648566427], [139.733955681, 35.648507122], [139.734066212, 35.648735047]]]}}, {"id": "12900", "type": "Feature", "properties": {"現象の種類": "急傾斜地の崩壊", "区域区分": "土砂災害警戒区域", "区域名": "-", "所在地": "港区三田4", "告示日": "2019/1/9"}, "geometry": {"type": "Polygon", "coordinates": [[[139.739007902, 35.64050795], [139.738899834, 35.64028206], [139.738961008, 35.640291195], [139.738952379, 35.640192092], [139.739025365, 35.640174025], [139.739066738, 35.640483126], [139.739007902, 35.64050795]]]}}, {"id": "12901", "type": "Feature", "properties": {"現象の種類": "急傾斜地の崩壊", "区域区分": "土砂災害警戒区域", "区域名": "-", "所在地": "港区南麻布2", "告示日": "2019/1/9"}, "geometry": {"type": "Polygon", "coordinates": [[[139.734010931, 35.648302827], [139.733668751, 35.6484644], [139.733580325, 35.648327776], [139.733571632, 35.648151016], [139.733894797, 35.64812587], [139.733949526, 35.648278423], [139.734010931, 35.648302827]]]}}, {"id": "12902", "type": "Feature", "properties": {"現象の種類": "急傾斜地の崩壊", "区域区分": "土砂災害警戒区域", "区域名": "-", "所在地": "港区南麻布3　南麻布4", "告示日": "2019/1/9"}, "geometry": {"type": "Polygon", "coordinates": [[[139.728750753, 35.64872602], [139.728695347, 35.649011979], [139.728473652, 35.648984559], [139.72849225, 35.648744663], [139.728562415, 35.648734863], [139.728527332, 35.648597004], [139.728658478, 35.648609089], [139.728750753, 35.64872602]]]}}, {"id": "12903", "type": "Feature", "properties": {"現象の種類": "急傾斜地の崩壊", "区域区分": "土砂災害警戒区域", "区域名": "-", "所在地": "港区南麻布3", "告示日": "2019/1/9"}, "geometry": {"type": "Polygon", "coordinates": [[[139.729209712, 35.648357126], [139.729146704, 35.648591845], [139.728838713, 35.648540063], [139.7287141, 35.648469165], [139.728773693, 35.648269449], [139.728884117, 35.648287718], [139.728901895, 35.648244973], [139.72899016, 35.648325822], [139.729209712, 35.648357126]]]}}, {"id": "12904", "type": "Feature", "properties": {"現象の種類": "急傾斜地の崩壊", "区域区分": "土砂災害警戒区域", "区域名": "-", "所在地": "港区南麻布3", "告示日": "2019/1/9"}, "geometry": {"type": "Polygon", "coordinates": [[[139.729976267, 35.648691096], [139.729727314, 35.648671168], [139.729217508, 35.64860732], [139.729310976, 35.648355378], [139.729390086, 35.648313392], [139.729528604, 35.648294169], [139.729507948, 35.648402757], [139.729779062, 35.648476492], [139.729895084, 35.648252668], [139.730044753, 35.648271759], [139.730090944, 35.64834267], [139.729976267, 35.648691096]]]}}, {"id": "12905", "type": "Feature", "properties": {"現象の種類": "急傾斜地の崩壊", "区域区分": "土砂災害警戒区域", "区域名": "-", "所在地": "港区南麻布3", "告示日": "2019/1/9"}, "geometry": {"type": "Polygon", "coordinates": [[[139.73025656, 35.648314205], [139.730687832, 35.648451465], [139.730591621, 35.648655952], [139.730189722, 35.648530055], [139.73025656, 35.648314205]]]}}, {"id": "12906", "type": "Feature", "properties": {"現象の種類": "急傾斜地の崩壊", "区域区分": "土砂災害警戒区域", "区域名": "-", "所在地": "港区南麻布4", "告示日": "2019/1/9"}, "geometry": {"type": "Polygon", "coordinates": [[[139.725607222, 35.650715877], [139.725338684, 35.650775393], [139.725291709, 35.650683306], [139.72516548, 35.650714492], [139.725090103, 35.650524081], [139.725436154, 35.650486882], [139.725516667, 35.650631341], [139.725572238, 35.650618711], [139.725607222, 35.650715877]]]}}, {"id": "12907", "type": "Feature", "properties": {"現象の種類": "急傾斜地の崩壊", "区域区分": "土砂災害警戒区域", "区域名": "-", "所在地": "港区南麻布4", "告示日": "2019/1/9"}, "geometry": {"type": "Polygon", "coordinates": [[[139.724842285, 35.650037378], [139.725076059, 35.650530143], [139.724852765, 35.65058768], [139.724612757, 35.650112621], [139.724842285, 35.650037378]]]}}, {"id": "12908", "type": "Feature", "properties": {"現象の種類": "急傾斜地の崩壊", "区域区分": "土砂災害警戒区域", "区域名": "-", "所在地": "港区南麻布4", "告示日": "2019/1/9"}, "geometry": {"type": "Polygon", "coordinates": [[[139.724525308, 35.649370993], [139.724874042, 35.649495008], [139.724771475, 35.649836146], [139.724327415, 35.650101236], [139.724241608, 35.64995968], [139.724273323, 35.649665878], [139.724396237, 35.649454597], [139.724525308, 35.649370993]]]}}, {"id": "12909", "type": "Feature", "properties": {"現象の種類": "急傾斜地の崩壊", "区域区分": "土砂災害警戒区域", "区域名": "-", "所在地": "港区南麻布4", "告示日": "2019/1/9"}, "geometry": {"type": "Polygon", "coordinates": [[[139.724971542, 35.64818962], [139.725295562, 35.648290058], [139.725199411, 35.648493703], [139.724893851, 35.64842165], [139.724971542, 35.64818962]]]}}, {"id": "12910", "type": "Feature", "properties": {"現象の種類": "急傾斜地の崩壊", "区域区分": "土砂災害警戒区域", "区域名": "-", "所在地": "港区南麻布4", "告示日": "2019/1/9"}, "geometry": {"type": "Polygon", "coordinates": [[[139.72819922, 35.648410064], [139.728028309, 35.648388728], [139.728085655, 35.648126965], [139.728100985, 35.648207583], [139.728144294, 35.648209231], [139.728161015, 35.648133799], [139.728345123, 35.648181782], [139.728306541, 35.648366504], [139.72819922, 35.648410064]]]}}, {"id": "12911", "type": "Feature", "properties": {"現象の種類": "急傾斜地の崩壊", "区域区分": "土砂災害警戒区域", "区域名": "-", "所在地": "港区三田1", "告示日": "2019/1/9"}, "geometry": {"type": "Polygon", "coordinates": [[[139.738612808, 35.653227737], [139.738701387, 35.653431648], [139.738629783, 35.653454505], [139.738536605, 35.653234726], [139.738612808, 35.653227737]]]}}, {"id": "12912", "type": "Feature", "properties": {"現象の種類": "急傾斜地の崩壊", "区域区分": "土砂災害警戒区域", "区域名": "-", "所在地": "港区三田1", "告示日": "2019/1/9"}, "geometry": {"type": "Polygon", "coordinates": [[[139.740241448, 35.652546958], [139.740467061, 35.653169491], [139.74033562, 35.65335111], [139.740106407, 35.653285175], [139.740042072, 35.653217074], [139.739989569, 35.652853659], [139.739984652, 35.652583169], [139.740241448, 35.652546958]]]}}, {"id": "12913", "type": "Feature", "properties": {"現象の種類": "急傾斜地の崩壊", "区域区分": "土砂災害警戒区域", "区域名": "-", "所在地": "港区三田1", "告示日": "2019/1/9"}, "geometry": {"type": "Polygon", "coordinates": [[[139.741939725, 35.653616505], [139.741190596, 35.65378277], [139.740990386, 35.653392867], [139.741830727, 35.653213394], [139.742059895, 35.653312281], [139.742080072, 35.653544994], [139.741939725, 35.653616505]]]}}, {"id": "12914", "type": "Feature", "properties": {"現象の種類": "急傾斜地の崩壊", "区域区分": "土砂災害警戒区域", "区域名": "-", "所在地": "港区三田2", "告示日": "2019/1/9"}, "geometry": {"type": "Polygon", "coordinates": [[[139.74426535, 35.649924056], [139.743640467, 35.649872042], [139.743632831, 35.649681992], [139.743809421, 35.649665164], [139.743809729, 35.649621929], [139.744229662, 35.649586356], [139.74426535, 35.649924056]]]}}, {"id": "12915", "type": "Feature", "properties": {"現象の種類": "急傾斜地の崩壊", "区域区分": "土砂災害警戒区域", "区域名": "-", "所在地": "港区三田2", "告示日": "2019/1/9"}, "geometry": {"type": "Polygon", "coordinates": [[[139.744359504, 35.649435993], [139.744378436, 35.649598683], [139.74408786, 35.649633666], [139.744118027, 35.649524565], [139.744039737, 35.649439199], [139.744294984, 35.649371577], [139.744359504, 35.649435993]]]}}, {"id": "12916", "type": "Feature", "properties": {"現象の種類": "急傾斜地の崩壊", "区域区分": "土砂災害警戒区域", "区域名": "-", "所在地": "港区三田3　三田4", "告示日": "2019/1/9"}, "geometry": {"type": "Polygon", "coordinates": [[[139.742196024, 35.647335062], [139.742278998, 35.647563201], [139.742236925, 35.64760535], [139.741973063, 35.647627747], [139.741883693, 35.647571374], [139.742003215, 35.647466578], [139.742003271, 35.647376536], [139.742196024, 35.647335062]]]}}, {"id": "12917", "type": "Feature", "properties": {"現象の種類": "急傾斜地の崩壊", "区域区分": "土砂災害警戒区域", "区域名": "-", "所在地": "港区三田3", "告示日": "2019/1/9"}, "geometry": {"type": "Polygon", "coordinates": [[[139.74230473, 35.647155415], [139.742408629, 35.647309214], [139.742130115, 35.647430729], [139.742036315, 35.64726341], [139.74230473, 35.647155415]]]}}, {"id": "12918", "type": "Feature", "properties": {"現象の種類": "急傾斜地の崩壊", "区域区分": "土砂災害警戒区域", "区域名": "-", "所在地": "港区三田3　三田4", "告示日": "2019/1/9"}, "geometry": {"type": "Polygon", "coordinates": [[[139.741324231, 35.642661771], [139.740611198, 35.642886077], [139.740563621, 35.64270133], [139.740425514, 35.642476328], [139.740381776, 35.641988738], [139.740782269, 35.641906458], [139.740903378, 35.642079256], [139.740818848, 35.642115138], [139.740829824, 35.642264887], [139.740886813, 35.642328061], [139.740814497, 35.642368242], [139.740957095, 35.642333974], [139.740917894, 35.642348701], [139.74099727, 35.642512965], [139.741148377, 35.642485808], [139.74122216, 35.642619592], [139.741281404, 35.642599725], [139.741324231, 35.642661771]]]}}, {"id": "12919", "type": "Feature", "properties": {"現象の種類": "急傾斜地の崩壊", "区域区分": "土砂災害警戒区域", "区域名": "-", "所在地": "港区三田4　三田3", "告示日": "2019/1/9"}, "geometry": {"type": "Polygon", "coordinates": [[[139.741423123, 35.647378877], [139.741257668, 35.647313501], [139.741299642, 35.647284194], [139.74114258, 35.64699671], [139.741407491, 35.64690167], [139.741503482, 35.647088708], [139.741540969, 35.647081801], [139.741529902, 35.64734693], [139.741423123, 35.647378877]]]}}, {"id": "12920", "type": "Feature", "properties": {"現象の種類": "急傾斜地の崩壊", "区域区分": "土砂災害警戒区域", "区域名": "-", "所在地": "港区三田4", "告示日": "2019/1/9"}, "geometry": {"type": "Polygon", "coordinates": [[[139.740979983, 35.646245462], [139.741152921, 35.646494614], [139.741143291, 35.646555544], [139.740846412, 35.646677481], [139.740788978, 35.646648254], [139.74081195, 35.646554674], [139.740757952, 35.646356807], [139.740979983, 35.646245462]]]}}, {"id": "12921", "type": "Feature", "properties": {"現象の種類": "急傾斜地の崩壊", "区域区分": "土砂災害警戒区域", "区域名": "-", "所在地": "港区三田4", "告示日": "2019/1/9"}, "geometry": {"type": "Polygon", "coordinates": [[[139.740514724, 35.645225202], [139.740976072, 35.645985713], [139.740520488, 35.64622404], [139.740346746, 35.645998872], [139.740403496, 35.645972745], [139.740287438, 35.645725441], [139.740358518, 35.645679122], [139.740154833, 35.64521086], [139.740410882, 35.645253983], [139.740514724, 35.645225202]]]}}, {"id": "12922", "type": "Feature", "properties": {"現象の種類": "急傾斜地の崩壊", "区域区分": "土砂災害警戒区域", "区域名": "-", "所在地": "港区三田4", "告示日": "2019/1/9"}, "geometry": {"type": "Polygon", "coordinates": [[[139.740470351, 35.645326316], [139.740278604, 35.645350116], [139.740132291, 35.645162237], [139.740228636, 35.645126817], [139.740161587, 35.645103231], [139.740139383, 35.644966907], [139.740021517, 35.644987633], [139.739996945, 35.644919996], [139.740302141, 35.644787477], [139.740507401, 35.644901537], [139.740615836, 35.645082507], [139.740572184, 35.645214824], [139.740470351, 35.645326316]]]}}, {"id": "12923", "type": "Feature", "properties": {"現象の種類": "急傾斜地の崩壊", "区域区分": "土砂災害警戒区域", "区域名": "-", "所在地": "港区三田4", "告示日": "2019/1/9"}, "geometry": {"type": "Polygon", "coordinates": [[[139.739871352, 35.644189795], [139.739599013, 35.644340651], [139.739533975, 35.644175876], [139.739026278, 35.643763573], [139.739217242, 35.643624176], [139.739338179, 35.64367535], [139.739595802, 35.643855547], [139.739871352, 35.644189795]]]}}, {"id": "12924", "type": "Feature", "properties": {"現象の種類": "急傾斜地の崩壊", "区域区分": "土砂災害警戒区域", "区域名": "-", "所在地": "港区三田4", "告示日": "2019/1/9"}, "geometry": {"type": "Polygon", "coordinates": [[[139.738757187, 35.643791556], [139.738623156, 35.643751293], [139.738707781, 35.643511329], [139.738856999, 35.643572739], [139.738757187, 35.643791556]]]}}, {"id": "12925", "type": "Feature", "properties": {"現象の種類": "急傾斜地の崩壊", "区域区分": "土砂災害警戒区域", "区域名": "-", "所在地": "港区三田4", "告示日": "2019/1/9"}, "geometry": {"type": "Polygon", "coordinates": [[[139.73800024, 35.643941152], [139.738116669, 35.643984715], [139.738017453, 35.644215149], [139.737820567, 35.644180388], [139.73800024, 35.643941152]]]}}, {"id": "12926", "type": "Feature", "properties": {"現象の種類": "急傾斜地の崩壊", "区域区分": "土砂災害警戒区域", "区域名": "-", "所在地": "港区三田4", "告示日": "2019/1/9"}, "geometry": {"type": "Polygon", "coordinates": [[[139.737806632, 35.643829892], [139.73783479, 35.64384717], [139.737619711, 35.644027581], [139.737606836, 35.644000073], [139.737806632, 35.643829892]]]}}, {"id": "12927", "type": "Feature", "properties": {"現象の種類": "急傾斜地の崩壊", "区域区分": "土砂災害警戒区域", "区域名": "-", "所在地": "港区三田4", "告示日": "2019/1/9"}, "geometry": {"type": "Polygon", "coordinates": [[[139.737475115, 35.643898643], [139.73740859, 35.643882766], [139.737600431, 35.643685972], [139.737649221, 35.643719193], [139.737475115, 35.643898643]]]}}, {"id": "12928", "type": "Feature", "properties": {"現象の種類": "急傾斜地の崩壊", "区域区分": "土砂災害警戒区域", "区域名": "-", "所在地": "港区三田4", "告示日": "2019/1/9"}, "geometry": {"type": "Polygon", "coordinates": [[[139.737397249, 35.644081973], [139.737528677, 35.644162071], [139.737406409, 35.644325029], [139.737100879, 35.644112882], [139.737397249, 35.644081973]]]}}, {"id": "12929", "type": "Feature", "properties": {"現象の種類": "急傾斜地の崩壊", "区域区分": "土砂災害警戒区域", "区域名": "-", "所在地": "港区三田4", "告示日": "2019/1/9"}, "geometry": {"type": "Polygon", "coordinates": [[[139.737543517, 35.643094253], [139.737112737, 35.643537046], [139.736969666, 35.643417214], [139.736984991, 35.643337585], [139.73733087, 35.64292252], [139.737598361, 35.642725599], [139.73762458, 35.642746193], [139.737704928, 35.642640665], [139.737878886, 35.642572886], [139.73801317, 35.642740271], [139.737853259, 35.642816258], [139.737814028, 35.642903784], [139.737543517, 35.643094253]]]}}, {"id": "12930", "type": "Feature", "properties": {"現象の種類": "急傾斜地の崩壊", "区域区分": "土砂災害警戒区域", "区域名": "-", "所在地": "港区三田4　三田3", "告示日": "2019/1/9"}, "geometry": {"type": "Polygon", "coordinates": [[[139.740506211, 35.642062295], [139.740268531, 35.642171724], [139.739769637, 35.642275969], [139.739526956, 35.641867623], [139.739409536, 35.641393124], [139.739640516, 35.64135246], [139.739914152, 35.642035732], [139.740414246, 35.641871935], [139.740506211, 35.642062295]]]}}, {"id": "12931", "type": "Feature", "properties": {"現象の種類": "急傾斜地の崩壊", "区域区分": "土砂災害警戒区域", "区域名": "-", "所在地": "港区三田4", "告示日": "2019/1/9"}, "geometry": {"type": "Polygon", "coordinates": [[[139.73978929, 35.64103918], [139.739503483, 35.640958052], [139.739417206, 35.640819901], [139.739279805, 35.640844102], [139.739169544, 35.640686877], [139.739236789, 35.640657464], [139.739218893, 35.640624611], [139.739532717, 35.640538108], [139.739561561, 35.640702105], [139.739622485, 35.64072085], [139.739694448, 35.640837275], [139.739762664, 35.64080763], [139.739733115, 35.640902201], [139.73978929, 35.64103918]]]}}, {"id": "12932", "type": "Feature", "properties": {"現象の種類": "急傾斜地の崩壊", "区域区分": "土砂災害警戒区域", "区域名": "-", "所在地": "港区高輪1", "告示日": "2019/1/9"}, "geometry": {"type": "Polygon", "coordinates": [[[139.736033633, 35.643007113], [139.736283626, 35.643068866], [139.736187622, 35.64327051], [139.73592989, 35.643177631], [139.736033633, 35.643007113]]]}}, {"id": "12933", "type": "Feature", "properties": {"現象の種類": "急傾斜地の崩壊", "区域区分": "土砂災害警戒区域", "区域名": "-", "所在地": "港区高輪1", "告示日": "2019/1/9"}, "geometry": {"type": "Polygon", "coordinates": [[[139.736277476, 35.642687215], [139.736659435, 35.642820087], [139.73658438, 35.643237664], [139.736140606, 35.643121482], [139.736277476, 35.642687215]]]}}, {"id": "12934", "type": "Feature", "properties": {"現象の種類": "急傾斜地の崩壊", "区域区分": "土砂災害警戒区域", "区域名": "-", "所在地": "港区高輪1", "告示日": "2019/1/9"}, "geometry": {"type": "Polygon", "coordinates": [[[139.734496462, 35.640430776], [139.734324255, 35.640292764], [139.73435712, 35.640224185], [139.734115034, 35.640141258], [139.734086328, 35.640084756], [139.734197076, 35.639955026], [139.734497253, 35.639931773], [139.734686016, 35.64006644], [139.73464139, 35.640154268], [139.734763802, 35.640115912], [139.7349468, 35.640230503], [139.735068328, 35.640604304], [139.735046798, 35.640794525], [139.734993773, 35.640832902], [139.734976961, 35.641116676], [139.734809962, 35.641355777], [139.734751387, 35.64156393], [139.734642039, 35.641699493], [139.73449185, 35.64176802], [139.734359039, 35.641496791], [139.734481997, 35.640894728], [139.734590763, 35.640835414], [139.734510743, 35.640782894], [139.734485098, 35.640636559], [139.734602138, 35.640526993], [139.73460095, 35.64049157], [139.734461881, 35.640497833], [139.734496462, 35.640430776]]]}}, {"id": "12935", "type": "Feature", "properties": {"現象の種類": "急傾斜地の崩壊", "区域区分": "土砂災害警戒区域", "区域名": "-", "所在地": "港区高輪1", "告示日": "2019/1/9"}, "geometry": {"type": "Polygon", "coordinates": [[[139.734001415, 35.640234815], [139.734261944, 35.640325859], [139.734363801, 35.640361454], [139.73425524, 35.640497927], [139.733941916, 35.640319477], [139.734001415, 35.640234815]]]}}, {"id": "12936", "type": "Feature", "properties": {"現象の種類": "急傾斜地の崩壊", "区域区分": "土砂災害警戒区域", "区域名": "-", "所在地": "港区高輪1", "告示日": "2019/1/9"}, "geometry": {"type": "Polygon", "coordinates": [[[139.733774635, 35.640232731], [139.733899464, 35.640387614], [139.733706489, 35.640389345], [139.733590375, 35.640462747], [139.733436222, 35.640334862], [139.733380685, 35.640180074], [139.733535819, 35.640072135], [139.733774635, 35.640232731]]]}}, {"id": "12937", "type": "Feature", "properties": {"現象の種類": "急傾斜地の崩壊", "区域区分": "土砂災害警戒区域", "区域名": "-", "所在地": "港区高輪1", "告示日": "2019/1/9"}, "geometry": {"type": "Polygon", "coordinates": [[[139.732756175, 35.639446215], [139.732518526, 35.639595594], [139.732443927, 35.639478068], [139.732675534, 35.639348929], [139.732756175, 35.639446215]]]}}, {"id": "12938", "type": "Feature", "properties": {"現象の種類": "急傾斜地の崩壊", "区域区分": "土砂災害警戒区域", "区域名": "-", "所在地": "港区高輪2", "告示日": "2019/1/9"}, "geometry": {"type": "Polygon", "coordinates": [[[139.735814845, 35.639085922], [139.736015493, 35.639191147], [139.735942359, 35.639264189], [139.735758265, 35.639156692], [139.735814845, 35.639085922]]]}}, {"id": "12939", "type": "Feature", "properties": {"現象の種類": "急傾斜地の崩壊", "区域区分": "土砂災害警戒区域", "区域名": "-", "所在地": "港区高輪2", "告示日": "2019/1/9"}, "geometry": {"type": "Polygon", "coordinates": [[[139.736160061, 35.638945586], [139.735963385, 35.639072817], [139.735824436, 35.63895862], [139.735843608, 35.638878397], [139.736117409, 35.638896795], [139.736160061, 35.638945586]]]}}, {"id": "12940", "type": "Feature", "properties": {"現象の種類": "急傾斜地の崩壊", "区域区分": "土砂災害警戒区域", "区域名": "-", "所在地": "港区高輪2", "告示日": "2019/1/9"}, "geometry": {"type": "Polygon", "coordinates": [[[139.73925213, 35.639549894], [139.738950019, 35.639430085], [139.739135586, 35.63935886], [139.73914372, 35.63922184], [139.73872523, 35.638128783], [139.738975118, 35.63807517], [139.739076995, 35.638212816], [139.739115424, 35.638204345], [139.739154075, 35.638457688], [139.73931438, 35.638910752], [139.739489841, 35.63917939], [139.739492666, 35.639446898], [139.739447679, 35.639548189], [139.73925213, 35.639549894]]]}}, {"id": "12941", "type": "Feature", "properties": {"現象の種類": "急傾斜地の崩壊", "区域区分": "土砂災害警戒区域", "区域名": "-", "所在地": "港区高輪2", "告示日": "2019/1/9"}, "geometry": {"type": "Polygon", "coordinates": [[[139.736439553, 35.636003593], [139.736462959, 35.636231787], [139.736360619, 35.636226383], [139.73634234, 35.63601145], [139.736439553, 35.636003593]]]}}, {"id": "12942", "type": "Feature", "properties": {"現象の種類": "急傾斜地の崩壊", "区域区分": "土砂災害警戒区域", "区域名": "-", "所在地": "港区高輪2", "告示日": "2019/1/9"}, "geometry": {"type": "Polygon", "coordinates": [[[139.737038033, 35.636038447], [139.736991318, 35.636080496], [139.736724403, 35.636069785], [139.736702367, 35.635949184], [139.73682471, 35.635902749], [139.736831689, 35.635635826], [139.737099851, 35.635641997], [139.737038033, 35.636038447]]]}}, {"id": "12943", "type": "Feature", "properties": {"現象の種類": "急傾斜地の崩壊", "区域区分": "土砂災害警戒区域", "区域名": "-", "所在地": "港区高輪2", "告示日": "2019/1/9"}, "geometry": {"type": "Polygon", "coordinates": [[[139.737148127, 35.635925576], [139.737376994, 35.635949704], [139.737336313, 35.636177176], [139.73710673, 35.636157709], [139.737148127, 35.635925576]]]}}, {"id": "12944", "type": "Feature", "properties": {"現象の種類": "急傾斜地の崩壊", "区域区分": "土砂災害警戒区域", "区域名": "-", "所在地": "港区高輪2　高輪3", "告示日": "2019/1/9"}, "geometry": {"type": "Polygon", "coordinates": [[[139.735858416, 35.634639129], [139.736386745, 35.634404068], [139.736548926, 35.634463655], [139.736536234, 35.634515097], [139.736620112, 35.634541965], [139.736673089, 35.634681443], [139.736745591, 35.634601201], [139.736980193, 35.634730185], [139.737037847, 35.634793881], [139.736991368, 35.634890049], [139.737092456, 35.634929512], [139.737212037, 35.635091514], [139.737227813, 35.635499369], [139.736954075, 35.6354952], [139.736930046, 35.635184237], [139.73687124, 35.635168906], [139.736841886, 35.635050803], [139.736648303, 35.635075926], [139.736276369, 35.634693997], [139.735840046, 35.634917728], [139.73577246, 35.634850665], [139.735652004, 35.634902393], [139.735606034, 35.634823549], [139.735858416, 35.634639129]]]}}, {"id": "12945", "type": "Feature", "properties": {"現象の種類": "急傾斜地の崩壊", "区域区分": "土砂災害警戒区域", "区域名": "-", "所在地": "港区高輪3　高輪2", "告示日": "2019/1/9"}, "geometry": {"type": "Polygon", "coordinates": [[[139.736033607, 35.634675895], [139.735906773, 35.634505706], [139.736284182, 35.634294567], [139.736212903, 35.634173538], [139.736307064, 35.634140635], [139.736371558, 35.633907917], [139.736532612, 35.634061821], [139.736701808, 35.634427713], [139.73645465, 35.634553059], [139.736402807, 35.634571931], [139.736376659, 35.634528828], [139.736033607, 35.634675895]]]}}, {"id": "12946", "type": "Feature", "properties": {"現象の種類": "急傾斜地の崩壊", "区域区分": "土砂災害警戒区域", "区域名": "-", "所在地": "港区高輪3", "告示日": "2019/1/9"}, "geometry": {"type": "Polygon", "coordinates": [[[139.7361131, 35.633831691], [139.736257968, 35.633982963], [139.735963223, 35.634178566], [139.735809046, 35.63400597], [139.7361131, 35.633831691]]]}}, {"id": "12947", "type": "Feature", "properties": {"現象の種類": "急傾斜地の崩壊", "区域区分": "土砂災害警戒区域", "区域名": "-", "所在地": "港区高輪3", "告示日": "2019/1/9"}, "geometry": {"type": "Polygon", "coordinates": [[[139.734626814, 35.634944164], [139.734620067, 35.635021803], [139.73434674, 35.635143491], [139.734200927, 35.634904376], [139.734469001, 35.634777961], [139.734626814, 35.634944164]]]}}, {"id": "12948", "type": "Feature", "properties": {"現象の種類": "急傾斜地の崩壊", "区域区分": "土砂災害警戒区域", "区域名": "-", "所在地": "港区高輪3", "告示日": "2019/1/9"}, "geometry": {"type": "Polygon", "coordinates": [[[139.734454184, 35.634349626], [139.734397104, 35.63442666], [139.734145569, 35.634353089], [139.734183812, 35.634251255], [139.734295089, 35.634200533], [139.734571627, 35.634293735], [139.734525563, 35.634376722], [139.734454184, 35.634349626]]]}}, {"id": "12949", "type": "Feature", "properties": {"現象の種類": "急傾斜地の崩壊", "区域区分": "土砂災害警戒区域", "区域名": "-", "所在地": "港区高輪3", "告示日": "2019/1/9"}, "geometry": {"type": "Polygon", "coordinates": [[[139.734686167, 35.634106517], [139.734437309, 35.634037701], [139.734462627, 35.633897203], [139.734722364, 35.63402728], [139.734686167, 35.634106517]]]}}, {"id": "12950", "type": "Feature", "properties": {"現象の種類": "急傾斜地の崩壊", "区域区分": "土砂災害警戒区域", "区域名": "-", "所在地": "港区高輪3", "告示日": "2019/1/9"}, "geometry": {"type": "Polygon", "coordinates": [[[139.734835397, 35.629958313], [139.734824057, 35.630173527], [139.734676386, 35.630190761], [139.734494932, 35.630174102], [139.734340131, 35.630000228], [139.734510906, 35.62979352], [139.734653354, 35.629900643], [139.734835397, 35.629958313]]]}}, {"id": "12951", "type": "Feature", "properties": {"現象の種類": "急傾斜地の崩壊", "区域区分": "土砂災害警戒区域", "区域名": "-", "所在地": "港区高輪4", "告示日": "2019/1/9"}, "geometry": {"type": "Polygon", "coordinates": [[[139.733606276, 35.626687942], [139.733877325, 35.626780238], [139.733887891, 35.626782925], [139.733597747, 35.626740329], [139.733606276, 35.626687942]]]}}, {"id": "12952", "type": "Feature", "properties": {"現象の種類": "急傾斜地の崩壊", "区域区分": "土砂災害警戒区域", "区域名": "-", "所在地": "港区高輪4", "告示日": "2019/1/9"}, "geometry": {"type": "Polygon", "coordinates": [[[139.733830394, 35.626349355], [139.734083332, 35.626419688], [139.734012166, 35.626575858], [139.733757052, 35.626505164], [139.733830394, 35.626349355]]]}}, {"id": "12953", "type": "Feature", "properties": {"現象の種類": "急傾斜地の崩壊", "区域区分": "土砂災害警戒区域", "区域名": "-", "所在地": "港区高輪4", "告示日": "2019/1/9"}, "geometry": {"type": "Polygon", "coordinates": [[[139.733904452, 35.626181821], [139.734172655, 35.626298032], [139.734135177, 35.626362994], [139.733856904, 35.626261564], [139.733904452, 35.626181821]]]}}, {"id": "12954", "type": "Feature", "properties": {"現象の種類": "急傾斜地の崩壊", "区域区分": "土砂災害警戒区域", "区域名": "-", "所在地": "港区高輪4", "告示日": "2019/1/9"}, "geometry": {"type": "Polygon", "coordinates": [[[139.734009572, 35.625971926], [139.734303614, 35.62609834], [139.734251531, 35.626223977], [139.733931975, 35.626114279], [139.734009572, 35.625971926]]]}}, {"id": "12955", "type": "Feature", "properties": {"現象の種類": "急傾斜地の崩壊", "区域区分": "土砂災害警戒区域", "区域名": "-", "所在地": "港区高輪4", "告示日": "2019/1/9"}, "geometry": {"type": "Polygon", "coordinates": [[[139.734464726, 35.625535541], [139.734538105, 35.625775207], [139.734383654, 35.625952807], [139.73411344, 35.625835823], [139.734308424, 35.625555755], [139.734464726, 35.625535541]]]}}, {"id": "12956", "type": "Feature", "properties": {"現象の種類": "急傾斜地の崩壊", "区域区分": "土砂災害警戒区域", "区域名": "-", "所在地": "港区高輪4", "告示日": "2019/1/9"}, "geometry": {"type": "Polygon", "coordinates": [[[139.736852471, 35.625033314], [139.736526352, 35.625234814], [139.7363417, 35.625201084], [139.736259688, 35.62504497], [139.736170586, 35.625030974], [139.735765962, 35.625139677], [139.735325375, 35.625101441], [139.73534969, 35.624816416], [139.735590524, 35.624839075], [139.736246083, 35.624745951], [139.736674297, 35.624775396], [139.736655654, 35.624833291], [139.73669256, 35.624857419], [139.736718304, 35.624695916], [139.736851523, 35.624507485], [139.736997145, 35.624438402], [139.737138018, 35.624442987], [139.737110579, 35.624382663], [139.737265243, 35.624336805], [139.737336118, 35.624196646], [139.73756575, 35.624154602], [139.737743827, 35.624362018], [139.737523557, 35.624400746], [139.737413275, 35.62465626], [139.737147592, 35.624753697], [139.737176271, 35.624782784], [139.7371256, 35.62502323], [139.736852471, 35.625033314]]]}}, {"id": "12957", "type": "Feature", "properties": {"現象の種類": "急傾斜地の崩壊", "区域区分": "土砂災害警戒区域", "区域名": "-", "所在地": "港区高輪4", "告示日": "2019/1/9"}, "geometry": {"type": "Polygon", "coordinates": [[[139.737068716, 35.627389898], [139.736870119, 35.627364815], [139.736873818, 35.627093545], [139.73714168, 35.62709908], [139.737146242, 35.627360452], [139.737068281, 35.627343051], [139.737068716, 35.627389898]]]}}, {"id": "12958", "type": "Feature", "properties": {"現象の種類": "急傾斜地の崩壊", "区域区分": "土砂災害警戒区域", "区域名": "-", "所在地": "港区高輪4", "告示日": "2019/1/9"}, "geometry": {"type": "Polygon", "coordinates": [[[139.73595971, 35.62681566], [139.735973057, 35.627024142], [139.735959456, 35.62702474], [139.73595971, 35.62681566]]]}}, {"id": "12959", "type": "Feature", "properties": {"現象の種類": "急傾斜地の崩壊", "区域区分": "土砂災害警戒区域", "区域名": "-", "所在地": "港区高輪4", "告示日": "2019/1/9"}, "geometry": {"type": "Polygon", "coordinates": [[[139.73687271, 35.627032533], [139.736222398, 35.627032175], [139.736214671, 35.626806894], [139.737098388, 35.626836432], [139.737162219, 35.626969099], [139.73687271, 35.627032533]]]}}, {"id": "12960", "type": "Feature", "properties": {"現象の種類": "急傾斜地の崩壊", "区域区分": "土砂災害警戒区域", "区域名": "-", "所在地": "港区白金2", "告示日": "2019/1/9"}, "geometry": {"type": "Polygon", "coordinates": [[[139.73064808, 35.64329854], [139.73067812, 35.643502616], [139.730575325, 35.643509952], [139.730545841, 35.643290405], [139.73064808, 35.64329854]]]}}, {"id": "12961", "type": "Feature", "properties": {"現象の種類": "急傾斜地の崩壊", "区域区分": "土砂災害警戒区域", "区域名": "-", "所在地": "港区白金2", "告示日": "2019/1/9"}, "geometry": {"type": "Polygon", "coordinates": [[[139.730771344, 35.643204475], [139.731065992, 35.643212142], [139.731099605, 35.643342496], [139.731012389, 35.64345555], [139.730772422, 35.643520156], [139.730735491, 35.643265053], [139.730771344, 35.643204475]]]}}, {"id": "12962", "type": "Feature", "properties": {"現象の種類": "急傾斜地の崩壊", "区域区分": "土砂災害警戒区域", "区域名": "-", "所在地": "港区白金2", "告示日": "2019/1/9"}, "geometry": {"type": "Polygon", "coordinates": [[[139.731428674, 35.642756531], [139.731506173, 35.643107206], [139.731212076, 35.643229913], [139.73100105, 35.642898916], [139.731428674, 35.642756531]]]}}, {"id": "12963", "type": "Feature", "properties": {"現象の種類": "急傾斜地の崩壊", "区域区分": "土砂災害警戒区域", "区域名": "-", "所在地": "港区白金2", "告示日": "2019/1/9"}, "geometry": {"type": "Polygon", "coordinates": [[[139.733315305, 35.641706658], [139.73331961, 35.641939475], [139.73308293, 35.641915413], [139.733085624, 35.641743761], [139.733315305, 35.641706658]]]}}, {"id": "12964", "type": "Feature", "properties": {"現象の種類": "急傾斜地の崩壊", "区域区分": "土砂災害警戒区域", "区域名": "-", "所在地": "港区白金2", "告示日": "2019/1/9"}, "geometry": {"type": "Polygon", "coordinates": [[[139.732851669, 35.641231308], [139.732861532, 35.641345122], [139.732799683, 35.641513398], [139.732570643, 35.641490639], [139.732593519, 35.64132223], [139.732728498, 35.641131263], [139.732851669, 35.641231308]]]}}, {"id": "12965", "type": "Feature", "properties": {"現象の種類": "急傾斜地の崩壊", "区域区分": "土砂災害警戒区域", "区域名": "-", "所在地": "港区白金2", "告示日": "2019/1/9"}, "geometry": {"type": "Polygon", "coordinates": [[[139.73257684, 35.64125694], [139.732372575, 35.641249084], [139.732263324, 35.641082127], [139.732469332, 35.641044349], [139.732785481, 35.640842388], [139.732885993, 35.640927374], [139.732846873, 35.640942225], [139.73286334, 35.641166393], [139.73257684, 35.64125694]]]}}, {"id": "12966", "type": "Feature", "properties": {"現象の種類": "急傾斜地の崩壊", "区域区分": "土砂災害警戒区域", "区域名": "-", "所在地": "港区白金4", "告示日": "2019/1/9"}, "geometry": {"type": "Polygon", "coordinates": [[[139.72529061, 35.641166709], [139.725505702, 35.641233357], [139.725483081, 35.641319863], [139.725246859, 35.641489057], [139.72505895, 35.641341951], [139.72529061, 35.641166709]]]}}, {"id": "12967", "type": "Feature", "properties": {"現象の種類": "急傾斜地の崩壊", "区域区分": "土砂災害警戒区域", "区域名": "-", "所在地": "港区白金4", "告示日": "2019/1/9"}, "geometry": {"type": "Polygon", "coordinates": [[[139.72702637, 35.641312968], [139.727081368, 35.641494992], [139.726651434, 35.641562511], [139.726565155, 35.641335306], [139.726586723, 35.641217811], [139.726844247, 35.641185268], [139.72685181, 35.641292038], [139.726804986, 35.641353862], [139.72702637, 35.641312968]]]}}, {"id": "12968", "type": "Feature", "properties": {"現象の種類": "急傾斜地の崩壊", "区域区分": "土砂災害警戒区域", "区域名": "-", "所在地": "港区白金6", "告示日": "2019/1/9"}, "geometry": {"type": "Polygon", "coordinates": [[[139.724618084, 35.644255663], [139.724406897, 35.644350198], [139.724354672, 35.644147309], [139.724596539, 35.644044544], [139.72495311, 35.644057502], [139.724962507, 35.644262008], [139.724618084, 35.644255663]]]}}, {"id": "12969", "type": "Feature", "properties": {"現象の種類": "急傾斜地の崩壊", "区域区分": "土砂災害警戒区域", "区域名": "-", "所在地": "港区白金6", "告示日": "2019/1/9"}, "geometry": {"type": "Polygon", "coordinates": [[[139.723617367, 35.643098858], [139.723808056, 35.643285942], [139.723729658, 35.643342926], [139.723547119, 35.643152744], [139.723617367, 35.643098858]]]}}, {"id": "12970", "type": "Feature", "properties": {"現象の種類": "急傾斜地の崩壊", "区域区分": "土砂災害警戒区域", "区域名": "-", "所在地": "港区白金6", "告示日": "2019/1/9"}, "geometry": {"type": "Polygon", "coordinates": [[[139.723980278, 35.643154574], [139.723953871, 35.643230792], [139.723724492, 35.643020927], [139.723834282, 35.642938481], [139.724047924, 35.643130808], [139.723980278, 35.643154574]]]}}, {"id": "12971", "type": "Feature", "properties": {"現象の種類": "急傾斜地の崩壊", "区域区分": "土砂災害警戒区域", "区域名": "-", "所在地": "港区白金6", "告示日": "2019/1/9"}, "geometry": {"type": "Polygon", "coordinates": [[[139.724408193, 35.642972928], [139.724258125, 35.643063027], [139.724070337, 35.642935785], [139.724196231, 35.64281025], [139.724313727, 35.642772708], [139.724805582, 35.642712957], [139.72484156, 35.642935437], [139.724408193, 35.642972928]]]}}, {"id": "12972", "type": "Feature", "properties": {"現象の種類": "急傾斜地の崩壊", "区域区分": "土砂災害警戒区域", "区域名": "-", "所在地": "港区白金台1", "告示日": "2019/1/9"}, "geometry": {"type": "Polygon", "coordinates": [[[139.731575991, 35.639227179], [139.731062776, 35.639305685], [139.730815825, 35.639199852], [139.730987651, 35.639023212], [139.731283359, 35.638998337], [139.7313631, 35.639060696], [139.731598091, 35.639023281], [139.731575991, 35.639227179]]]}}, {"id": "12973", "type": "Feature", "properties": {"現象の種類": "急傾斜地の崩壊", "区域区分": "土砂災害警戒区域", "区域名": "-", "所在地": "港区白金台1", "告示日": "2019/1/9"}, "geometry": {"type": "Polygon", "coordinates": [[[139.730642792, 35.638452453], [139.730692076, 35.638687585], [139.730821728, 35.638806194], [139.730874653, 35.639016948], [139.730613717, 35.639103347], [139.730511727, 35.638963113], [139.730510544, 35.638887845], [139.73031301, 35.63884095], [139.730339846, 35.6387856], [139.730297916, 35.638717593], [139.730355511, 35.638643778], [139.730216698, 35.638636682], [139.730317926, 35.638342393], [139.73050698, 35.638355459], [139.730642792, 35.638452453]]]}}, {"id": "12974", "type": "Feature", "properties": {"現象の種類": "急傾斜地の崩壊", "区域区分": "土砂災害警戒区域", "区域名": "-", "所在地": "港区白金台1", "告示日": "2019/1/9"}, "geometry": {"type": "Polygon", "coordinates": [[[139.730471373, 35.63787139], [139.730523839, 35.63816831], [139.730212007, 35.638209256], [139.730106435, 35.638124266], [139.730121085, 35.637908911], [139.730471373, 35.63787139]]]}}, {"id": "12975", "type": "Feature", "properties": {"現象の種類": "急傾斜地の崩壊", "区域区分": "土砂災害警戒区域", "区域名": "-", "所在地": "港区白金台2", "告示日": "2019/1/9"}, "geometry": {"type": "Polygon", "coordinates": [[[139.728897141, 35.634756746], [139.728704805, 35.634792889], [139.728629555, 35.634592084], [139.728824472, 35.634536507], [139.728897141, 35.634756746]]]}}, {"id": "12976", "type": "Feature", "properties": {"現象の種類": "急傾斜地の崩壊", "区域区分": "土砂災害警戒区域", "区域名": "-", "所在地": "港区白金台2", "告示日": "2019/1/9"}, "geometry": {"type": "Polygon", "coordinates": [[[139.728798606, 35.631732974], [139.728755799, 35.632033669], [139.728570903, 35.631978892], [139.728798606, 35.631732974]]]}}, {"id": "12977", "type": "Feature", "properties": {"現象の種類": "急傾斜地の崩壊", "区域区分": "土砂災害警戒区域", "区域名": "-", "所在地": "港区白金台2", "告示日": "2019/1/9"}, "geometry": {"type": "Polygon", "coordinates": [[[139.728819831, 35.631456907], [139.729014502, 35.631609512], [139.728675619, 35.631675794], [139.728819831, 35.631456907]]]}}, {"id": "12978", "type": "Feature", "properties": {"現象の種類": "急傾斜地の崩壊", "区域区分": "土砂災害警戒区域", "区域名": "-", "所在地": "港区白金台3", "告示日": "2019/1/9"}, "geometry": {"type": "Polygon", "coordinates": [[[139.727718178, 35.637417239], [139.727555349, 35.637529401], [139.727492872, 35.637572438], [139.727484002, 35.637526972], [139.727665951, 35.637403859], [139.727718178, 35.637417239]]]}}, {"id": "12979", "type": "Feature", "properties": {"現象の種類": "急傾斜地の崩壊", "区域区分": "土砂災害警戒区域", "区域名": "-", "所在地": "文京区大塚2", "告示日": "2019/1/9"}, "geometry": {"type": "Polygon", "coordinates": [[[139.729161486, 35.718623547], [139.72945773, 35.718632812], [139.729494705, 35.718730193], [139.72942171, 35.718783289], [139.729409121, 35.718883505], [139.729162387, 35.718851878], [139.729142051, 35.718806044], [139.729161486, 35.718623547]]]}}, {"id": "12980", "type": "Feature", "properties": {"現象の種類": "急傾斜地の崩壊", "区域区分": "土砂災害警戒区域", "区域名": "-", "所在地": "港区白金台3", "告示日": "2019/1/9"}, "geometry": {"type": "Polygon", "coordinates": [[[139.724874022, 35.63557025], [139.724968695, 35.635789482], [139.724836031, 35.635817284], [139.724652672, 35.63572273], [139.724538456, 35.635478871], [139.724777193, 35.635365709], [139.724818206, 35.635411199], [139.724914423, 35.635388836], [139.724898442, 35.63543187], [139.724961319, 35.635495047], [139.724874022, 35.63557025]]]}}, {"id": "12981", "type": "Feature", "properties": {"現象の種類": "急傾斜地の崩壊", "区域区分": "土砂災害警戒区域", "区域名": "-", "所在地": "港区白金台3", "告示日": "2019/1/9"}, "geometry": {"type": "Polygon", "coordinates": [[[139.726566015, 35.6349684], [139.726473522, 35.635155613], [139.726426609, 35.635137408], [139.726566015, 35.6349684]]]}}, {"id": "12982", "type": "Feature", "properties": {"現象の種類": "急傾斜地の崩壊", "区域区分": "土砂災害警戒区域", "区域名": "-", "所在地": "港区白金台3", "告示日": "2019/1/9"}, "geometry": {"type": "Polygon", "coordinates": [[[139.72642466, 35.635004793], [139.726725421, 35.635065681], [139.726682338, 35.635152321], [139.72642466, 35.635004793]]]}}, {"id": "12983", "type": "Feature", "properties": {"現象の種類": "急傾斜地の崩壊", "区域区分": "土砂災害警戒区域", "区域名": "-", "所在地": "港区白金台4　白金4", "告示日": "2019/1/9"}, "geometry": {"type": "Polygon", "coordinates": [[[139.726158785, 35.64041491], [139.726217628, 35.640640009], [139.72587918, 35.640756229], [139.725795124, 35.640521769], [139.726158785, 35.64041491]]]}}, {"id": "12984", "type": "Feature", "properties": {"現象の種類": "急傾斜地の崩壊", "区域区分": "土砂災害警戒区域", "区域名": "-", "所在地": "文京区目白台1", "告示日": "2019/1/9"}, "geometry": {"type": "Polygon", "coordinates": [[[139.720607309, 35.714762918], [139.719713681, 35.715002574], [139.719650357, 35.714805552], [139.71979788, 35.714762299], [139.719786311, 35.714706404], [139.719961984, 35.714642388], [139.720543398, 35.714567821], [139.720607309, 35.714762918]]]}}, {"id": "12985", "type": "Feature", "properties": {"現象の種類": "急傾斜地の崩壊", "区域区分": "土砂災害警戒区域", "区域名": "-", "所在地": "文京区目白台1", "告示日": "2019/1/9"}, "geometry": {"type": "Polygon", "coordinates": [[[139.72066541, 35.714814157], [139.720771088, 35.714917114], [139.720669984, 35.715161374], [139.720412819, 35.714996217], [139.72066541, 35.714814157]]]}}, {"id": "12986", "type": "Feature", "properties": {"現象の種類": "急傾斜地の崩壊", "区域区分": "土砂災害警戒区域", "区域名": "-", "所在地": "文京区目白台1", "告示日": "2019/1/9"}, "geometry": {"type": "Polygon", "coordinates": [[[139.723020346, 35.712352212], [139.723369643, 35.712617638], [139.723212528, 35.712821877], [139.722784514, 35.712756528], [139.722794061, 35.712524905], [139.722849043, 35.712406553], [139.723020346, 35.712352212]]]}}, {"id": "12987", "type": "Feature", "properties": {"現象の種類": "急傾斜地の崩壊", "区域区分": "土砂災害警戒区域", "区域名": "-", "所在地": "文京区関口2", "告示日": "2019/1/9"}, "geometry": {"type": "Polygon", "coordinates": [[[139.726063809, 35.711123688], [139.726164985, 35.711254522], [139.725919407, 35.711338685], [139.725813168, 35.711246129], [139.725853132, 35.711211679], [139.725750589, 35.711094673], [139.725761658, 35.711052026], [139.725879288, 35.711018082], [139.726063809, 35.711123688]]]}}, {"id": "12988", "type": "Feature", "properties": {"現象の種類": "急傾斜地の崩壊", "区域区分": "土砂災害警戒区域", "区域名": "-", "所在地": "文京区関口2", "告示日": "2019/1/9"}, "geometry": {"type": "Polygon", "coordinates": [[[139.726520622, 35.71122991], [139.726342174, 35.711282953], [139.726393151, 35.711480714], [139.726147728, 35.711547318], [139.726024565, 35.711300348], [139.726039057, 35.711108093], [139.726212747, 35.711061098], [139.726204227, 35.710955011], [139.72645409, 35.710916902], [139.72651838, 35.711007374], [139.726520622, 35.71122991]]]}}, {"id": "12989", "type": "Feature", "properties": {"現象の種類": "急傾斜地の崩壊", "区域区分": "土砂災害警戒区域", "区域名": "-", "所在地": "文京区関口2", "告示日": "2019/1/9"}, "geometry": {"type": "Polygon", "coordinates": [[[139.726751524, 35.710442234], [139.726816331, 35.710354523], [139.727749582, 35.710298875], [139.728737882, 35.710338374], [139.729050137, 35.710391672], [139.729034471, 35.710631306], [139.72894702, 35.710656529], [139.72893973, 35.710780988], [139.728225473, 35.710702136], [139.728048485, 35.710643207], [139.727760972, 35.710743192], [139.727284687, 35.710772749], [139.726522995, 35.711005705], [139.7259238, 35.7108785], [139.725794955, 35.710795613], [139.725934482, 35.710637592], [139.726445476, 35.710650549], [139.726595319, 35.710425358], [139.726614381, 35.710467392], [139.726751524, 35.710442234]]]}}, {"id": "12990", "type": "Feature", "properties": {"現象の種類": "急傾斜地の崩壊", "区域区分": "土砂災害警戒区域", "区域名": "-", "所在地": "文京区目白台3　音羽2", "告示日": "2019/1/9"}, "geometry": {"type": "Polygon", "coordinates": [[[139.726256073, 35.719200214], [139.726159576, 35.719215791], [139.725834883, 35.719129213], [139.725819589, 35.719163027], [139.725683683, 35.719152791], [139.725620764, 35.718857562], [139.726060757, 35.718780267], [139.726256073, 35.719200214]]]}}, {"id": "12991", "type": "Feature", "properties": {"現象の種類": "急傾斜地の崩壊", "区域区分": "土砂災害警戒区域", "区域名": "-", "所在地": "文京区大塚2", "告示日": "2019/1/9"}, "geometry": {"type": "Polygon", "coordinates": [[[139.730614838, 35.71938086], [139.730261144, 35.719353674], [139.729801822, 35.71923182], [139.729912587, 35.718934223], [139.730525521, 35.719072523], [139.730614838, 35.71938086]]]}}, {"id": "12992", "type": "Feature", "properties": {"現象の種類": "急傾斜地の崩壊", "区域区分": "土砂災害警戒区域", "区域名": "-", "所在地": "文京区大塚2", "告示日": "2019/1/9"}, "geometry": {"type": "Polygon", "coordinates": [[[139.729110304, 35.718408737], [139.729519323, 35.718473824], [139.729479208, 35.718588567], [139.729052732, 35.718544153], [139.729110304, 35.718408737]]]}}, {"id": "12993", "type": "Feature", "properties": {"現象の種類": "急傾斜地の崩壊", "区域区分": "土砂災害警戒区域", "区域名": "-", "所在地": "文京区大塚2", "告示日": "2019/1/9"}, "geometry": {"type": "Polygon", "coordinates": [[[139.729335026, 35.718029184], [139.729674092, 35.718093716], [139.72962258, 35.718252595], [139.729323025, 35.718196688], [139.729383065, 35.718083962], [139.729335026, 35.718029184]]]}}, {"id": "12994", "type": "Feature", "properties": {"現象の種類": "急傾斜地の崩壊", "区域区分": "土砂災害警戒区域", "区域名": "-", "所在地": "文京区大塚2　1", "告示日": "2019/1/9"}, "geometry": {"type": "Polygon", "coordinates": [[[139.730116886, 35.717279537], [139.729989463, 35.717763671], [139.729652178, 35.717671105], [139.729850036, 35.716967586], [139.730075755, 35.716924688], [139.730357255, 35.717035625], [139.730331646, 35.717254539], [139.730116886, 35.717279537]]]}}, {"id": "12995", "type": "Feature", "properties": {"現象の種類": "急傾斜地の崩壊", "区域区分": "土砂災害警戒区域", "区域名": "-", "所在地": "文京区大塚1　音羽1", "告示日": "2019/1/9"}, "geometry": {"type": "Polygon", "coordinates": [[[139.729695666, 35.716998751], [139.729375982, 35.716924241], [139.729436386, 35.716926223], [139.7298913, 35.716021858], [139.730029609, 35.715704499], [139.729998661, 35.715651228], [139.730030979, 35.715530714], [139.730163454, 35.715208122], [139.730278883, 35.715205362], [139.730297133, 35.715162582], [139.73058884, 35.715259554], [139.730535093, 35.715296772], [139.730639982, 35.715379112], [139.730488255, 35.715682567], [139.730415484, 35.715776751], [139.730274656, 35.715779792], [139.729695666, 35.716998751]]]}}, {"id": "12996", "type": "Feature", "properties": {"現象の種類": "急傾斜地の崩壊", "区域区分": "土砂災害警戒区域", "区域名": "-", "所在地": "文京区大塚1　音羽1　小日向3", "告示日": "2019/1/9"}, "geometry": {"type": "Polygon", "coordinates": [[[139.730797521, 35.715429538], [139.730541295, 35.715362539], [139.73064197, 35.715140119], [139.730847073, 35.715163209], [139.730797521, 35.715429538]]]}}, {"id": "12997", "type": "Feature", "properties": {"現象の種類": "急傾斜地の崩壊", "区域区分": "土砂災害警戒区域", "区域名": "-", "所在地": "文京区目白台3", "告示日": "2019/1/9"}, "geometry": {"type": "Polygon", "coordinates": [[[139.726888917, 35.715924845], [139.726911805, 35.716005523], [139.726544239, 35.715969036], [139.726583771, 35.715743247], [139.726639479, 35.715741376], [139.72671302, 35.715539834], [139.726976192, 35.715626895], [139.726888917, 35.715924845]]]}}, {"id": "12998", "type": "Feature", "properties": {"現象の種類": "急傾斜地の崩壊", "区域区分": "土砂災害警戒区域", "区域名": "-", "所在地": "文京区関口3", "告示日": "2019/1/9"}, "geometry": {"type": "Polygon", "coordinates": [[[139.728805235, 35.713651643], [139.728339279, 35.713672135], [139.728325265, 35.713539328], [139.728410551, 35.713476338], [139.728805235, 35.713651643]]]}}, {"id": "12999", "type": "Feature", "properties": {"現象の種類": "急傾斜地の崩壊", "区域区分": "土砂災害警戒区域", "区域名": "-", "所在地": "文京区小日向3", "告示日": "2019/1/9"}, "geometry": {"type": "Polygon", "coordinates": [[[139.736753488, 35.71530184], [139.737013906, 35.715482022], [139.736914817, 35.715740668], [139.736512663, 35.715632963], [139.736753488, 35.71530184]]]}}, {"id": "13000", "type": "Feature", "properties": {"現象の種類": "急傾斜地の崩壊", "区域区分": "土砂災害警戒区域", "区域名": "-", "所在地": "文京区小日向2", "告示日": "2019/1/9"}, "geometry": {"type": "Polygon", "coordinates": [[[139.732077345, 35.712195464], [139.731967869, 35.71232745], [139.731553468, 35.712312956], [139.731631858, 35.712097914], [139.731764607, 35.711987593], [139.732077345, 35.712195464]]]}}, {"id": "13001", "type": "Feature", "properties": {"現象の種類": "急傾斜地の崩壊", "区域区分": "土砂災害警戒区域", "区域名": "-", "所在地": "文京区小日向2", "告示日": "2019/1/9"}, "geometry": {"type": "Polygon", "coordinates": [[[139.733696888, 35.711664827], [139.733975871, 35.711679648], [139.73393488, 35.711805284], [139.733688318, 35.711772814], [139.733696888, 35.711664827]]]}}, {"id": "13002", "type": "Feature", "properties": {"現象の種類": "急傾斜地の崩壊", "区域区分": "土砂災害警戒区域", "区域名": "-", "所在地": "文京区小日向2", "告示日": "2019/1/9"}, "geometry": {"type": "Polygon", "coordinates": [[[139.734329868, 35.710577925], [139.734648371, 35.710994922], [139.73445856, 35.711067286], [139.734347734, 35.71123348], [139.734219973, 35.711328274], [139.734149216, 35.711515183], [139.734006771, 35.7115637], [139.734031365, 35.711604539], [139.73358922, 35.711532224], [139.733600876, 35.711378185], [139.733767065, 35.711336931], [139.73376496, 35.711197817], [139.733956041, 35.711011949], [139.734071651, 35.710817027], [139.734029584, 35.710722326], [139.734329868, 35.710577925]]]}}, {"id": "13003", "type": "Feature", "properties": {"現象の種類": "急傾斜地の崩壊", "区域区分": "土砂災害警戒区域", "区域名": "-", "所在地": "文京区小日向1", "告示日": "2019/1/9"}, "geometry": {"type": "Polygon", "coordinates": [[[139.738309763, 35.711566612], [139.738062655, 35.711678954], [139.73803644, 35.711592893], [139.737790576, 35.711618337], [139.737722607, 35.711222954], [139.73779367, 35.711169748], [139.738324526, 35.711221448], [139.738277848, 35.711403724], [139.738309763, 35.711566612]]]}}, {"id": "13004", "type": "Feature", "properties": {"現象の種類": "急傾斜地の崩壊", "区域区分": "土砂災害警戒区域", "区域名": "-", "所在地": "文京区小日向1", "告示日": "2019/1/9"}, "geometry": {"type": "Polygon", "coordinates": [[[139.738473404, 35.711262878], [139.738514253, 35.71156296], [139.738332722, 35.711570211], [139.738267069, 35.711325374], [139.738473404, 35.711262878]]]}}, {"id": "13005", "type": "Feature", "properties": {"現象の種類": "急傾斜地の崩壊", "区域区分": "土砂災害警戒区域", "区域名": "-", "所在地": "文京区小日向1", "告示日": "2019/1/9"}, "geometry": {"type": "Polygon", "coordinates": [[[139.738498284, 35.711276555], [139.73875445, 35.711377227], [139.73870528, 35.711506545], [139.738607583, 35.711392906], [139.738498284, 35.711276555]]]}}, {"id": "13006", "type": "Feature", "properties": {"現象の種類": "急傾斜地の崩壊", "区域区分": "土砂災害警戒区域", "区域名": "-", "所在地": "文京区小日向4", "告示日": "2019/1/9"}, "geometry": {"type": "Polygon", "coordinates": [[[139.740385953, 35.713340231], [139.740589489, 35.71349131], [139.740244241, 35.713800957], [139.739988509, 35.713654108], [139.740284039, 35.713357304], [139.740385953, 35.713340231]]]}}, {"id": "13007", "type": "Feature", "properties": {"現象の種類": "急傾斜地の崩壊", "区域区分": "土砂災害警戒区域", "区域名": "-", "所在地": "文京区春日2　小日向1", "告示日": "2019/1/9"}, "geometry": {"type": "Polygon", "coordinates": [[[139.740499792, 35.713085458], [139.74045809, 35.713256993], [139.74011572, 35.713188273], [139.740256627, 35.712924716], [139.740231351, 35.712836873], [139.740591557, 35.712534547], [139.740829466, 35.712730515], [139.740724334, 35.712790222], [139.740560264, 35.713071332], [139.740499792, 35.713085458]]]}}, {"id": "13008", "type": "Feature", "properties": {"現象の種類": "急傾斜地の崩壊", "区域区分": "土砂災害警戒区域", "区域名": "-", "所在地": "文京区春日2", "告示日": "2019/1/9"}, "geometry": {"type": "Polygon", "coordinates": [[[139.741794251, 35.710899031], [139.741814336, 35.711205097], [139.741390157, 35.711241219], [139.741258408, 35.7111563], [139.74119556, 35.711028271], [139.741476597, 35.71093415], [139.741794251, 35.710899031]]]}}, {"id": "13009", "type": "Feature", "properties": {"現象の種類": "急傾斜地の崩壊", "区域区分": "土砂災害警戒区域", "区域名": "-", "所在地": "文京区春日2", "告示日": "2019/1/9"}, "geometry": {"type": "Polygon", "coordinates": [[[139.74277696, 35.711506258], [139.742518976, 35.711594105], [139.742447931, 35.711525693], [139.742394947, 35.711548434], [139.742337936, 35.71146275], [139.742349619, 35.711311312], [139.742602896, 35.711214708], [139.742634285, 35.711335485], [139.74277696, 35.711506258]]]}}, {"id": "13010", "type": "Feature", "properties": {"現象の種類": "急傾斜地の崩壊", "区域区分": "土砂災害警戒区域", "区域名": "-", "所在地": "文京区春日2", "告示日": "2019/1/9"}, "geometry": {"type": "Polygon", "coordinates": [[[139.743117073, 35.710804323], [139.743257309, 35.711013983], [139.742982172, 35.711150102], [139.742829016, 35.71092877], [139.743117073, 35.710804323]]]}}, {"id": "13011", "type": "Feature", "properties": {"現象の種類": "急傾斜地の崩壊", "区域区分": "土砂災害警戒区域", "区域名": "-", "所在地": "文京区春日2", "告示日": "2019/1/9"}, "geometry": {"type": "Polygon", "coordinates": [[[139.743631532, 35.710770704], [139.743648769, 35.710957642], [139.743459441, 35.711010407], [139.743414994, 35.710805411], [139.743631532, 35.710770704]]]}}, {"id": "13012", "type": "Feature", "properties": {"現象の種類": "急傾斜地の崩壊", "区域区分": "土砂災害警戒区域", "区域名": "-", "所在地": "文京区春日1", "告示日": "2019/1/9"}, "geometry": {"type": "Polygon", "coordinates": [[[139.746720154, 35.707728428], [139.746775177, 35.707875336], [139.74644064, 35.707979908], [139.74637523, 35.707838203], [139.746720154, 35.707728428]]]}}, {"id": "13013", "type": "Feature", "properties": {"現象の種類": "急傾斜地の崩壊", "区域区分": "土砂災害警戒区域", "区域名": "-", "所在地": "文京区春日1", "告示日": "2019/1/9"}, "geometry": {"type": "Polygon", "coordinates": [[[139.746490214, 35.707766116], [139.74628429, 35.707726302], [139.746336084, 35.707634598], [139.74629804, 35.707458167], [139.746690083, 35.7074855], [139.746688167, 35.707743866], [139.746490214, 35.707766116]]]}}, {"id": "13014", "type": "Feature", "properties": {"現象の種類": "急傾斜地の崩壊", "区域区分": "土砂災害警戒区域", "区域名": "-", "所在地": "文京区春日1", "告示日": "2019/1/9"}, "geometry": {"type": "Polygon", "coordinates": [[[139.747103843, 35.707435769], [139.746800111, 35.707374584], [139.746843673, 35.707175864], [139.747088723, 35.70704996], [139.747147507, 35.707054378], [139.747127311, 35.70723199], [139.747162957, 35.707235735], [139.747103843, 35.707435769]]]}}, {"id": "13015", "type": "Feature", "properties": {"現象の種類": "急傾斜地の崩壊", "区域区分": "土砂災害警戒区域", "区域名": "-", "所在地": "文京区春日1", "告示日": "2019/1/9"}, "geometry": {"type": "Polygon", "coordinates": [[[139.747631538, 35.707328091], [139.747693194, 35.707609849], [139.747577861, 35.707664596], [139.74732262, 35.707602763], [139.747104611, 35.707452554], [139.747190908, 35.706985263], [139.747397915, 35.707055081], [139.747502052, 35.707184792], [139.747653432, 35.707190834], [139.747631538, 35.707328091]]]}}, {"id": "13016", "type": "Feature", "properties": {"現象の種類": "急傾斜地の崩壊", "区域区分": "土砂災害警戒区域", "区域名": "-", "所在地": "文京区千石2", "告示日": "2019/1/9"}, "geometry": {"type": "Polygon", "coordinates": [[[139.73920912, 35.722979571], [139.73897248, 35.72315313], [139.738661703, 35.722968229], [139.738832461, 35.722812631], [139.738939836, 35.722785716], [139.73920912, 35.722979571]]]}}, {"id": "13017", "type": "Feature", "properties": {"現象の種類": "急傾斜地の崩壊", "区域区分": "土砂災害警戒区域", "区域名": "-", "所在地": "文京区千石2", "告示日": "2019/1/9"}, "geometry": {"type": "Polygon", "coordinates": [[[139.739711724, 35.721905415], [139.739954467, 35.721975707], [139.739826475, 35.722228151], [139.739684202, 35.722385982], [139.739525674, 35.722476557], [139.739312999, 35.722344557], [139.739514821, 35.722226539], [139.739711724, 35.721905415]]]}}, {"id": "13018", "type": "Feature", "properties": {"現象の種類": "急傾斜地の崩壊", "区域区分": "土砂災害警戒区域", "区域名": "-", "所在地": "文京区白山2", "告示日": "2019/1/9"}, "geometry": {"type": "Polygon", "coordinates": [[[139.747584369, 35.717345638], [139.747692414, 35.717514744], [139.747364696, 35.7176818], [139.747216565, 35.717534849], [139.747537309, 35.717346274], [139.747584369, 35.717345638]]]}}, {"id": "13019", "type": "Feature", "properties": {"現象の種類": "急傾斜地の崩壊", "区域区分": "土砂災害警戒区域", "区域名": "-", "所在地": "文京区白山2", "告示日": "2019/1/9"}, "geometry": {"type": "Polygon", "coordinates": [[[139.750822646, 35.716757955], [139.750809264, 35.717033291], [139.750737748, 35.717168882], [139.750441503, 35.717139839], [139.750473724, 35.716700422], [139.750552063, 35.716711965], [139.750640105, 35.716362274], [139.750912614, 35.716413354], [139.75086808, 35.716599249], [139.750766458, 35.716583233], [139.750724768, 35.716741798], [139.750822646, 35.716757955]]]}}, {"id": "13020", "type": "Feature", "properties": {"現象の種類": "急傾斜地の崩壊", "区域区分": "土砂災害警戒区域", "区域名": "-", "所在地": "文京区白山2　小石川1", "告示日": "2019/1/9"}, "geometry": {"type": "Polygon", "coordinates": [[[139.751050877, 35.715650352], [139.750938326, 35.715698938], [139.750884067, 35.715841174], [139.750686693, 35.716019952], [139.750536325, 35.715885159], [139.750534834, 35.715794149], [139.750548959, 35.715652952], [139.75067981, 35.715544883], [139.750382644, 35.715551226], [139.750280576, 35.71552782], [139.750292474, 35.715476999], [139.750101435, 35.715737571], [139.749964523, 35.715759711], [139.749963208, 35.715720106], [139.749778241, 35.715723197], [139.749785098, 35.715495202], [139.749818507, 35.71549729], [139.749804304, 35.715449091], [139.749959119, 35.715135438], [139.750105982, 35.715085826], [139.750507012, 35.715107506], [139.751092371, 35.71537163], [139.751050877, 35.715650352]]]}}, {"id": "13021", "type": "Feature", "properties": {"現象の種類": "急傾斜地の崩壊", "区域区分": "土砂災害警戒区域", "区域名": "-", "所在地": "文京区小石川3", "告示日": "2019/1/9"}, "geometry": {"type": "Polygon", "coordinates": [[[139.748065975, 35.713468204], [139.747776045, 35.713617418], [139.7477389, 35.713561464], [139.747608605, 35.713577259], [139.747659228, 35.713441449], [139.747933233, 35.713314055], [139.748065975, 35.713468204]]]}}, {"id": "13022", "type": "Feature", "properties": {"現象の種類": "急傾斜地の崩壊", "区域区分": "土砂災害警戒区域", "区域名": "-", "所在地": "文京区小石川3", "告示日": "2019/1/9"}, "geometry": {"type": "Polygon", "coordinates": [[[139.747283754, 35.712634252], [139.747445277, 35.712896768], [139.747243217, 35.713013824], [139.747057186, 35.712765654], [139.747283754, 35.712634252]]]}}, {"id": "13023", "type": "Feature", "properties": {"現象の種類": "急傾斜地の崩壊", "区域区分": "土砂災害警戒区域", "区域名": "-", "所在地": "文京区小石川3", "告示日": "2019/1/9"}, "geometry": {"type": "Polygon", "coordinates": [[[139.748297758, 35.712878943], [139.7480961, 35.712631134], [139.748518381, 35.712455925], [139.74863044, 35.712448725], [139.748781717, 35.712582615], [139.748748778, 35.712586323], [139.748756355, 35.712699278], [139.748297758, 35.712878943]]]}}, {"id": "13024", "type": "Feature", "properties": {"現象の種類": "急傾斜地の崩壊", "区域区分": "土砂災害警戒区域", "区域名": "-", "所在地": "文京区小石川2", "告示日": "2019/1/9"}, "geometry": {"type": "Polygon", "coordinates": [[[139.750200874, 35.711221821], [139.750219591, 35.710974544], [139.750337411, 35.711051383], [139.750507539, 35.711067457], [139.750451775, 35.711220777], [139.750276809, 35.71123638], [139.750200874, 35.711221821]]]}}, {"id": "13025", "type": "Feature", "properties": {"現象の種類": "急傾斜地の崩壊", "区域区分": "土砂災害警戒区域", "区域名": "-", "所在地": "文京区小石川2", "告示日": "2019/1/9"}, "geometry": {"type": "Polygon", "coordinates": [[[139.750552369, 35.710972788], [139.750538084, 35.711059132], [139.750273187, 35.711036569], [139.750290538, 35.710976694], [139.750552369, 35.710972788]]]}}, {"id": "13026", "type": "Feature", "properties": {"現象の種類": "急傾斜地の崩壊", "区域区分": "土砂災害警戒区域", "区域名": "-", "所在地": "文京区小石川2", "告示日": "2019/1/9"}, "geometry": {"type": "Polygon", "coordinates": [[[139.750363773, 35.710773339], [139.750656772, 35.71080875], [139.750630596, 35.71091466], [139.750326824, 35.710891694], [139.750363773, 35.710773339]]]}}, {"id": "13027", "type": "Feature", "properties": {"現象の種類": "急傾斜地の崩壊", "区域区分": "土砂災害警戒区域", "区域名": "-", "所在地": "文京区白山5", "告示日": "2019/1/9"}, "geometry": {"type": "Polygon", "coordinates": [[[139.750284677, 35.722146989], [139.75017078, 35.722273755], [139.749871459, 35.722196703], [139.749954436, 35.722028976], [139.749843938, 35.721985781], [139.750016352, 35.721798305], [139.75009142, 35.721817112], [139.750187485, 35.721622759], [139.750452664, 35.721689225], [139.750284677, 35.722146989]]]}}, {"id": "13028", "type": "Feature", "properties": {"現象の種類": "急傾斜地の崩壊", "区域区分": "土砂災害警戒区域", "区域名": "-", "所在地": "文京区白山5", "告示日": "2019/1/9"}, "geometry": {"type": "Polygon", "coordinates": [[[139.750708944, 35.720930921], [139.750911234, 35.721087599], [139.750880046, 35.721106688], [139.750708944, 35.720930921]]]}}, {"id": "13029", "type": "Feature", "properties": {"現象の種類": "急傾斜地の崩壊", "区域区分": "土砂災害警戒区域", "区域名": "-", "所在地": "文京区白山1", "告示日": "2019/1/9"}, "geometry": {"type": "Polygon", "coordinates": [[[139.752667676, 35.720923413], [139.752646169, 35.721133347], [139.752380661, 35.721115833], [139.752369718, 35.720952978], [139.752439569, 35.720812662], [139.752443587, 35.720715848], [139.752402408, 35.720702132], [139.752486859, 35.720657414], [139.752507976, 35.720493904], [139.752592744, 35.720434163], [139.752594443, 35.720354647], [139.752885425, 35.720435257], [139.752787979, 35.720575455], [139.752667676, 35.720923413]]]}}, {"id": "13030", "type": "Feature", "properties": {"現象の種類": "急傾斜地の崩壊", "区域区分": "土砂災害警戒区域", "区域名": "-", "所在地": "文京区白山1", "告示日": "2019/1/9"}, "geometry": {"type": "Polygon", "coordinates": [[[139.753407073, 35.718537149], [139.753676906, 35.718632182], [139.75366372, 35.718707029], [139.753350191, 35.718619134], [139.753407073, 35.718537149]]]}}, {"id": "13031", "type": "Feature", "properties": {"現象の種類": "急傾斜地の崩壊", "区域区分": "土砂災害警戒区域", "区域名": "-", "所在地": "文京区西片2　白山1", "告示日": "2019/1/9"}, "geometry": {"type": "Polygon", "coordinates": [[[139.75397952, 35.715803275], [139.753607183, 35.715925258], [139.753545515, 35.715818391], [139.753479536, 35.715840087], [139.753425589, 35.715769366], [139.753496855, 35.715719519], [139.753355964, 35.71560454], [139.753313412, 35.715616638], [139.753366321, 35.715519736], [139.75333173, 35.715394859], [139.753577219, 35.715297458], [139.753616019, 35.715324967], [139.753783619, 35.715482057], [139.753744499, 35.715492563], [139.753775063, 35.715570918], [139.75384937, 35.715621521], [139.753846837, 35.71570555], [139.753915654, 35.715807775], [139.75397952, 35.715803275]]]}}, {"id": "13032", "type": "Feature", "properties": {"現象の種類": "急傾斜地の崩壊", "区域区分": "土砂災害警戒区域", "区域名": "-", "所在地": "文京区西片1", "告示日": "2019/1/9"}, "geometry": {"type": "Polygon", "coordinates": [[[139.753016369, 35.714337191], [139.752599745, 35.714469477], [139.752553471, 35.714348471], [139.753016369, 35.714337191]]]}}, {"id": "13033", "type": "Feature", "properties": {"現象の種類": "急傾斜地の崩壊", "区域区分": "土砂災害警戒区域", "区域名": "-", "所在地": "文京区西片1", "告示日": "2019/1/9"}, "geometry": {"type": "Polygon", "coordinates": [[[139.752968536, 35.714167305], [139.752487741, 35.714242819], [139.752495859, 35.714178126], [139.752585815, 35.714165293], [139.752574573, 35.714098119], [139.752493744, 35.714105933], [139.75251072, 35.713850446], [139.752990157, 35.713861218], [139.752917613, 35.714128398], [139.752968867, 35.71412532], [139.752968536, 35.714167305]]]}}, {"id": "13034", "type": "Feature", "properties": {"現象の種類": "急傾斜地の崩壊", "区域区分": "土砂災害警戒区域", "区域名": "-", "所在地": "文京区西片1", "告示日": "2019/1/9"}, "geometry": {"type": "Polygon", "coordinates": [[[139.752991502, 35.712397263], [139.753293318, 35.712417905], [139.753271537, 35.712855704], [139.753380031, 35.712895004], [139.753370879, 35.713154202], [139.753337459, 35.713157117], [139.753409015, 35.71324932], [139.75336995, 35.713250728], [139.753390749, 35.713339068], [139.753318953, 35.71336711], [139.753261006, 35.713479503], [139.753089047, 35.713532871], [139.752994018, 35.713493725], [139.753024167, 35.713362116], [139.752822787, 35.713310206], [139.752878837, 35.713156386], [139.75286751, 35.712978547], [139.752796486, 35.712895073], [139.752964816, 35.712841425], [139.752956276, 35.712643595], [139.752862652, 35.712637951], [139.752991502, 35.712397263]]]}}, {"id": "13035", "type": "Feature", "properties": {"現象の種類": "急傾斜地の崩壊", "区域区分": "土砂災害警戒区域", "区域名": "-", "所在地": "文京区西片1", "告示日": "2019/1/9"}, "geometry": {"type": "Polygon", "coordinates": [[[139.753538439, 35.711696236], [139.753840856, 35.711949517], [139.753565357, 35.712054385], [139.7532772, 35.711903189], [139.753538439, 35.711696236]]]}}, {"id": "13036", "type": "Feature", "properties": {"現象の種類": "急傾斜地の崩壊", "区域区分": "土砂災害警戒区域", "区域名": "-", "所在地": "文京区本郷6", "告示日": "2019/1/9"}, "geometry": {"type": "Polygon", "coordinates": [[[139.757467883, 35.713590377], [139.757673312, 35.714004002], [139.757433809, 35.714086016], [139.757186609, 35.713688967], [139.757467883, 35.713590377]]]}}, {"id": "13037", "type": "Feature", "properties": {"現象の種類": "急傾斜地の崩壊", "区域区分": "土砂災害警戒区域", "区域名": "-", "所在地": "文京区西片1", "告示日": "2019/1/9"}, "geometry": {"type": "Polygon", "coordinates": [[[139.756576206, 35.713384473], [139.756629414, 35.71344022], [139.756377964, 35.713539958], [139.756356988, 35.713513348], [139.756576206, 35.713384473]]]}}, {"id": "13038", "type": "Feature", "properties": {"現象の種類": "急傾斜地の崩壊", "区域区分": "土砂災害警戒区域", "区域名": "-", "所在地": "文京区西片1", "告示日": "2019/1/9"}, "geometry": {"type": "Polygon", "coordinates": [[[139.756100073, 35.712838346], [139.756249361, 35.712986444], [139.755943028, 35.713103422], [139.755783977, 35.712869374], [139.756095277, 35.712738308], [139.756100073, 35.712838346]]]}}, {"id": "13039", "type": "Feature", "properties": {"現象の種類": "急傾斜地の崩壊", "区域区分": "土砂災害警戒区域", "区域名": "-", "所在地": "文京区本郷6", "告示日": "2019/1/9"}, "geometry": {"type": "Polygon", "coordinates": [[[139.756997074, 35.712847656], [139.757043053, 35.712954976], [139.756774505, 35.713024705], [139.756726297, 35.712923452], [139.756997074, 35.712847656]]]}}, {"id": "13040", "type": "Feature", "properties": {"現象の種類": "急傾斜地の崩壊", "区域区分": "土砂災害警戒区域", "区域名": "-", "所在地": "文京区本郷6", "告示日": "2019/1/9"}, "geometry": {"type": "Polygon", "coordinates": [[[139.756666074, 35.712777461], [139.756753259, 35.712892496], [139.756811368, 35.712969168], [139.756644812, 35.712808427], [139.756666074, 35.712777461]]]}}, {"id": "13041", "type": "Feature", "properties": {"現象の種類": "急傾斜地の崩壊", "区域区分": "土砂災害警戒区域", "区域名": "-", "所在地": "文京区本郷6", "告示日": "2019/1/9"}, "geometry": {"type": "Polygon", "coordinates": [[[139.756703599, 35.712341174], [139.756811144, 35.71258432], [139.756455347, 35.712680025], [139.756369337, 35.712473126], [139.756703599, 35.712341174]]]}}, {"id": "13042", "type": "Feature", "properties": {"現象の種類": "急傾斜地の崩壊", "区域区分": "土砂災害警戒区域", "区域名": "-", "所在地": "文京区本郷5", "告示日": "2019/1/9"}, "geometry": {"type": "Polygon", "coordinates": [[[139.756150501, 35.710745001], [139.75617301, 35.710957284], [139.755795578, 35.710899362], [139.755859391, 35.710791347], [139.755769191, 35.710783036], [139.75577877, 35.710737993], [139.755845061, 35.710740784], [139.756002141, 35.71044525], [139.756040981, 35.710465901], [139.756116287, 35.710361891], [139.756304605, 35.710272621], [139.756422973, 35.710443812], [139.756335826, 35.710492782], [139.756150501, 35.710745001]]]}}, {"id": "13043", "type": "Feature", "properties": {"現象の種類": "急傾斜地の崩壊", "区域区分": "土砂災害警戒区域", "区域名": "-", "所在地": "文京区本郷4", "告示日": "2019/1/9"}, "geometry": {"type": "Polygon", "coordinates": [[[139.75561463, 35.710013009], [139.755209299, 35.709984748], [139.755319377, 35.709661405], [139.755597962, 35.709706566], [139.75561463, 35.710013009]]]}}, {"id": "13044", "type": "Feature", "properties": {"現象の種類": "急傾斜地の崩壊", "区域区分": "土砂災害警戒区域", "区域名": "-", "所在地": "文京区本郷4", "告示日": "2019/1/9"}, "geometry": {"type": "Polygon", "coordinates": [[[139.755856381, 35.709393872], [139.755977355, 35.70957941], [139.755900449, 35.709620758], [139.755743653, 35.70945759], [139.755856381, 35.709393872]]]}}, {"id": "13045", "type": "Feature", "properties": {"現象の種類": "急傾斜地の崩壊", "区域区分": "土砂災害警戒区域", "区域名": "-", "所在地": "文京区本郷4", "告示日": "2019/1/9"}, "geometry": {"type": "Polygon", "coordinates": [[[139.755987523, 35.709388776], [139.756284513, 35.709450371], [139.756267031, 35.70950529], [139.756201906, 35.709571897], [139.755987523, 35.709388776]]]}}, {"id": "13046", "type": "Feature", "properties": {"現象の種類": "急傾斜地の崩壊", "区域区分": "土砂災害警戒区域", "区域名": "-", "所在地": "文京区本郷4", "告示日": "2019/1/9"}, "geometry": {"type": "Polygon", "coordinates": [[[139.756291859, 35.709328822], [139.756331428, 35.709389429], [139.756027141, 35.709362355], [139.756071404, 35.709197294], [139.756345624, 35.709242032], [139.756291859, 35.709328822]]]}}, {"id": "13047", "type": "Feature", "properties": {"現象の種類": "急傾斜地の崩壊", "区域区分": "土砂災害警戒区域", "区域名": "-", "所在地": "文京区本郷4", "告示日": "2019/1/9"}, "geometry": {"type": "Polygon", "coordinates": [[[139.756434099, 35.70935573], [139.756269931, 35.70936623], [139.756176517, 35.709077794], [139.756553971, 35.70904157], [139.756434099, 35.70935573]]]}}, {"id": "13048", "type": "Feature", "properties": {"現象の種類": "急傾斜地の崩壊", "区域区分": "土砂災害警戒区域", "区域名": "-", "所在地": "文京区本郷1", "告示日": "2019/1/9"}, "geometry": {"type": "Polygon", "coordinates": [[[139.754977383, 35.706769504], [139.754663209, 35.706824753], [139.754737688, 35.706651998], [139.754670134, 35.706631712], [139.754872513, 35.706507693], [139.754805393, 35.706402885], [139.755236419, 35.706453042], [139.755174335, 35.706597663], [139.754977383, 35.706769504]]]}}, {"id": "13049", "type": "Feature", "properties": {"現象の種類": "急傾斜地の崩壊", "区域区分": "土砂災害警戒区域", "区域名": "-", "所在地": "文京区本郷1", "告示日": "2019/1/9"}, "geometry": {"type": "Polygon", "coordinates": [[[139.754900777, 35.706327292], [139.755291231, 35.706345823], [139.755285806, 35.706402186], [139.754912775, 35.706365621], [139.754900777, 35.706327292]]]}}, {"id": "13050", "type": "Feature", "properties": {"現象の種類": "急傾斜地の崩壊", "区域区分": "土砂災害警戒区域", "区域名": "-", "所在地": "文京区本郷1", "告示日": "2019/1/9"}, "geometry": {"type": "Polygon", "coordinates": [[[139.756399033, 35.703380774], [139.75664337, 35.703460167], [139.756479434, 35.70371559], [139.756240907, 35.703655213], [139.756399033, 35.703380774]]]}}, {"id": "13051", "type": "Feature", "properties": {"現象の種類": "急傾斜地の崩壊", "区域区分": "土砂災害警戒区域", "区域名": "-", "所在地": "文京区千駄木2　千駄木1", "告示日": "2019/1/9"}, "geometry": {"type": "Polygon", "coordinates": [[[139.760708602, 35.724077549], [139.761025218, 35.724414322], [139.760729771, 35.724557679], [139.760400024, 35.724163468], [139.760354887, 35.723981189], [139.760691783, 35.723963718], [139.760708602, 35.724077549]]]}}, {"id": "13052", "type": "Feature", "properties": {"現象の種類": "急傾斜地の崩壊", "区域区分": "土砂災害警戒区域", "区域名": "-", "所在地": "文京区千駄木2　千駄木1", "告示日": "2019/1/9"}, "geometry": {"type": "Polygon", "coordinates": [[[139.760443837, 35.723811416], [139.760478104, 35.724037405], [139.760277461, 35.724025494], [139.760190277, 35.723868424], [139.760443837, 35.723811416]]]}}, {"id": "13053", "type": "Feature", "properties": {"現象の種類": "急傾斜地の崩壊", "区域区分": "土砂災害警戒区域", "区域名": "-", "所在地": "文京区千駄木2　千駄木1", "告示日": "2019/1/9"}, "geometry": {"type": "Polygon", "coordinates": [[[139.76040347, 35.72334977], [139.76050537, 35.723695358], [139.760156357, 35.723736579], [139.760075183, 35.723383358], [139.76040347, 35.72334977]]]}}, {"id": "13054", "type": "Feature", "properties": {"現象の種類": "急傾斜地の崩壊", "区域区分": "土砂災害警戒区域", "区域名": "-", "所在地": "文京区千駄木2　千駄木1", "告示日": "2019/1/9"}, "geometry": {"type": "Polygon", "coordinates": [[[139.7601575, 35.722881683], [139.760213017, 35.723175581], [139.759964348, 35.723171048], [139.75987053, 35.722983237], [139.7601575, 35.722881683]]]}}, {"id": "13055", "type": "Feature", "properties": {"現象の種類": "急傾斜地の崩壊", "区域区分": "土砂災害警戒区域", "区域名": "-", "所在地": "文京区千駄木1", "告示日": "2019/1/9"}, "geometry": {"type": "Polygon", "coordinates": [[[139.759678358, 35.722855686], [139.759757569, 35.723075319], [139.759670282, 35.723096749], [139.759578472, 35.722849114], [139.759678358, 35.722855686]]]}}, {"id": "13056", "type": "Feature", "properties": {"現象の種類": "急傾斜地の崩壊", "区域区分": "土砂災害警戒区域", "区域名": "-", "所在地": "文京区千駄木1", "告示日": "2019/1/9"}, "geometry": {"type": "Polygon", "coordinates": [[[139.75924605, 35.722657883], [139.759325076, 35.722671187], [139.759308742, 35.722777695], [139.759456473, 35.723112901], [139.759124424, 35.72311264], [139.75876725, 35.722729069], [139.758765933, 35.722616436], [139.759232859, 35.722595952], [139.75924605, 35.722657883]]]}}, {"id": "13057", "type": "Feature", "properties": {"現象の種類": "急傾斜地の崩壊", "区域区分": "土砂災害警戒区域", "区域名": "-", "所在地": "文京区千駄木1", "告示日": "2019/1/9"}, "geometry": {"type": "Polygon", "coordinates": [[[139.759205917, 35.722517395], [139.759139586, 35.722537271], [139.758886312, 35.72244053], [139.758972196, 35.722331468], [139.758934102, 35.722311326], [139.75902134, 35.722239875], [139.759365863, 35.722325999], [139.759313329, 35.722406748], [139.75914981, 35.72237553], [139.759100179, 35.722431444], [139.759205917, 35.722517395]]]}}, {"id": "13058", "type": "Feature", "properties": {"現象の種類": "急傾斜地の崩壊", "区域区分": "土砂災害警戒区域", "区域名": "-", "所在地": "文京区千駄木1", "告示日": "2019/1/9"}, "geometry": {"type": "Polygon", "coordinates": [[[139.759235757, 35.722201215], [139.759041233, 35.722167155], [139.759147632, 35.721777655], [139.759485839, 35.721822674], [139.75949002, 35.722077291], [139.759272575, 35.722044351], [139.759235757, 35.722201215]]]}}, {"id": "13059", "type": "Feature", "properties": {"現象の種類": "急傾斜地の崩壊", "区域区分": "土砂災害警戒区域", "区域名": "-", "所在地": "文京区根津1　弥生1", "告示日": "2019/1/9"}, "geometry": {"type": "Polygon", "coordinates": [[[139.761006648, 35.719155889], [139.761311156, 35.719279579], [139.761101124, 35.719491274], [139.760899252, 35.719198932], [139.761006648, 35.719155889]]]}}, {"id": "13060", "type": "Feature", "properties": {"現象の種類": "急傾斜地の崩壊", "区域区分": "土砂災害警戒区域", "区域名": "-", "所在地": "文京区根津1　弥生2", "告示日": "2019/1/9"}, "geometry": {"type": "Polygon", "coordinates": [[[139.76227505, 35.718247802], [139.762502263, 35.718401433], [139.762319146, 35.718568242], [139.762157949, 35.718353823], [139.76227505, 35.718247802]]]}}, {"id": "13061", "type": "Feature", "properties": {"現象の種類": "急傾斜地の崩壊", "区域区分": "土砂災害警戒区域", "区域名": "-", "所在地": "文京区弥生2　根津1", "告示日": "2019/1/9"}, "geometry": {"type": "Polygon", "coordinates": [[[139.762715835, 35.717873655], [139.762949865, 35.718025555], [139.762902014, 35.718164636], [139.76274048, 35.718250201], [139.762570693, 35.717997918], [139.762715835, 35.717873655]]]}}, {"id": "13062", "type": "Feature", "properties": {"現象の種類": "急傾斜地の崩壊", "区域区分": "土砂災害警戒区域", "区域名": "-", "所在地": "文京区弥生2　台東区池之端2", "告示日": "2019/1/9"}, "geometry": {"type": "Polygon", "coordinates": [[[139.764959173, 35.716665819], [139.764967078, 35.716721], [139.764471686, 35.717067113], [139.764485814, 35.716551535], [139.764453893, 35.716518004], [139.76460984, 35.716445316], [139.764719077, 35.716457327], [139.764921958, 35.716295416], [139.765028273, 35.716604374], [139.764959173, 35.716665819]]]}}, {"id": "13063", "type": "Feature", "properties": {"現象の種類": "急傾斜地の崩壊", "区域区分": "土砂災害警戒区域", "区域名": "-", "所在地": "文京区弥生2", "告示日": "2019/1/9"}, "geometry": {"type": "Polygon", "coordinates": [[[139.765026824, 35.71625303], [139.765059347, 35.716002016], [139.765179216, 35.716020741], [139.765119306, 35.716248126], [139.765026824, 35.71625303]]]}}, {"id": "13064", "type": "Feature", "properties": {"現象の種類": "急傾斜地の崩壊", "区域区分": "土砂災害警戒区域", "区域名": "-", "所在地": "文京区弥生2", "告示日": "2019/1/9"}, "geometry": {"type": "Polygon", "coordinates": [[[139.765597011, 35.715456446], [139.76598554, 35.715485424], [139.765930726, 35.715660944], [139.765554266, 35.71555857], [139.765597011, 35.715456446]]]}}, {"id": "13065", "type": "Feature", "properties": {"現象の種類": "急傾斜地の崩壊", "区域区分": "土砂災害警戒区域", "区域名": "-", "所在地": "文京区弥生2", "告示日": "2019/1/9"}, "geometry": {"type": "Polygon", "coordinates": [[[139.765951878, 35.715223733], [139.765645207, 35.715260659], [139.76541897, 35.715091066], [139.765688338, 35.714947522], [139.765833601, 35.715017294], [139.766005125, 35.715029214], [139.765951878, 35.715223733]]]}}, {"id": "13066", "type": "Feature", "properties": {"現象の種類": "急傾斜地の崩壊", "区域区分": "土砂災害警戒区域", "区域名": "-", "所在地": "文京区本郷7　台東区池之端2", "告示日": "2019/1/9"}, "geometry": {"type": "Polygon", "coordinates": [[[139.767004717, 35.713203887], [139.766221456, 35.713419134], [139.76623057, 35.713103774], [139.766942342, 35.712997344], [139.767004717, 35.713203887]]]}}, {"id": "13067", "type": "Feature", "properties": {"現象の種類": "急傾斜地の崩壊", "区域区分": "土砂災害警戒区域", "区域名": "-", "所在地": "文京区本郷7　台東区池之端1", "告示日": "2019/1/9"}, "geometry": {"type": "Polygon", "coordinates": [[[139.767171907, 35.713004871], [139.767030504, 35.712806065], [139.767238202, 35.712738926], [139.767217798, 35.712502611], [139.767312842, 35.712418441], [139.767427794, 35.712409715], [139.767428065, 35.71235112], [139.767735541, 35.712287428], [139.767781511, 35.712455313], [139.767716964, 35.712577542], [139.767589441, 35.71262672], [139.767622171, 35.712715586], [139.767592433, 35.712840879], [139.767461075, 35.712952194], [139.767171907, 35.713004871]]]}}, {"id": "13068", "type": "Feature", "properties": {"現象の種類": "急傾斜地の崩壊", "区域区分": "土砂災害警戒区域", "区域名": "-", "所在地": "文京区本郷7", "告示日": "2019/1/9"}, "geometry": {"type": "Polygon", "coordinates": [[[139.767240767, 35.711782969], [139.767307006, 35.711808224], [139.767568672, 35.711832759], [139.767517511, 35.711948741], [139.767182883, 35.711847296], [139.767240767, 35.711782969]]]}}, {"id": "13069", "type": "Feature", "properties": {"現象の種類": "急傾斜地の崩壊", "区域区分": "土砂災害警戒区域", "区域名": "-", "所在地": "文京区湯島3", "告示日": "2019/1/9"}, "geometry": {"type": "Polygon", "coordinates": [[[139.767708725, 35.705409363], [139.768161793, 35.705413414], [139.768160826, 35.705516267], [139.76773205, 35.705513914], [139.767708725, 35.705409363]]]}}, {"id": "13070", "type": "Feature", "properties": {"現象の種類": "急傾斜地の崩壊", "区域区分": "土砂災害警戒区域", "区域名": "-", "所在地": "文京区湯島3", "告示日": "2019/1/9"}, "geometry": {"type": "Polygon", "coordinates": [[[139.76813501, 35.703951036], [139.76845348, 35.703983194], [139.768488177, 35.703986698], [139.768426324, 35.704022053], [139.768413173, 35.70409893], [139.768176443, 35.704082918], [139.76813501, 35.703951036]]]}}, {"id": "13071", "type": "Feature", "properties": {"現象の種類": "急傾斜地の崩壊", "区域区分": "土砂災害警戒区域", "区域名": "-", "所在地": "文京区春日1", "告示日": "2019/1/9"}, "geometry": {"type": "Polygon", "coordinates": [[[139.746931941, 35.708124238], [139.746490671, 35.708170942], [139.746408388, 35.708020441], [139.746867248, 35.707979563], [139.746931941, 35.708124238]]]}}, {"id": "13173", "type": "Feature", "properties": {"現象の種類": "急傾斜地の崩壊", "区域区分": "土砂災害警戒区域", "区域名": "-", "所在地": "新宿区南元町", "告示日": "2019/1/9"}, "geometry": {"type": "Polygon", "coordinates": [[[139.721745872, 35.680019478], [139.722046066, 35.680027411], [139.721981503, 35.680346975], [139.721644895, 35.680334561], [139.721678054, 35.680077597], [139.721745872, 35.680019478]]]}}, {"id": "13175", "type": "Feature", "properties": {"現象の種類": "急傾斜地の崩壊", "区域区分": "土砂災害警戒区域", "区域名": "-", "所在地": "調布市入間町3　世田谷区成城4", "告示日": "2019/1/9"}, "geometry": {"type": "Polygon", "coordinates": [[[139.588997319, 35.64531121], [139.589162382, 35.645530731], [139.588782513, 35.645863699], [139.588487071, 35.646029367], [139.58834508, 35.645877411], [139.588492775, 35.645590494], [139.588997319, 35.64531121]]]}}, {"id": "13176", "type": "Feature", "properties": {"現象の種類": "急傾斜地の崩壊", "区域区分": "土砂災害警戒区域", "区域名": "-", "所在地": "新宿区中落合2", "告示日": "2019/1/9"}, "geometry": {"type": "Polygon", "coordinates": [[[139.693585704, 35.719801606], [139.69325287, 35.719763723], [139.693327729, 35.71958724], [139.693614307, 35.719636787], [139.693585704, 35.719801606]]]}}, {"id": "13177", "type": "Feature", "properties": {"現象の種類": "急傾斜地の崩壊", "区域区分": "土砂災害警戒区域", "区域名": "-", "所在地": "新宿区下落合4", "告示日": "2019/1/9"}, "geometry": {"type": "Polygon", "coordinates": [[[139.696814813, 35.717377263], [139.697013672, 35.717462353], [139.697041139, 35.717520402], [139.696923613, 35.717592619], [139.696940607, 35.717635351], [139.696685395, 35.717728474], [139.696617119, 35.717615631], [139.696681221, 35.717590232], [139.696814813, 35.717377263]]]}}, {"id": "13178", "type": "Feature", "properties": {"現象の種類": "急傾斜地の崩壊", "区域区分": "土砂災害警戒区域", "区域名": "-", "所在地": "新宿区下落合2", "告示日": "2019/1/9"}, "geometry": {"type": "Polygon", "coordinates": [[[139.700911809, 35.717349518], [139.700950484, 35.717478769], [139.700923353, 35.717631588], [139.700656956, 35.71763258], [139.700663623, 35.717589046], [139.700232692, 35.717539958], [139.700270083, 35.717271107], [139.70027335, 35.717302311], [139.700758278, 35.717336092], [139.70076751, 35.717288127], [139.700911809, 35.717349518]]]}}, {"id": "13179", "type": "Feature", "properties": {"現象の種類": "急傾斜地の崩壊", "区域区分": "土砂災害警戒区域", "区域名": "-", "所在地": "新宿区下落合2", "告示日": "2019/1/9"}, "geometry": {"type": "Polygon", "coordinates": [[[139.701622783, 35.717681922], [139.701397827, 35.717627435], [139.701388472, 35.717343596], [139.701576529, 35.717328068], [139.701573085, 35.717392126], [139.7016585, 35.717375071], [139.701738464, 35.717426243], [139.701690025, 35.717639877], [139.701622783, 35.717681922]]]}}, {"id": "13180", "type": "Feature", "properties": {"現象の種類": "急傾斜地の崩壊", "区域区分": "土砂災害警戒区域", "区域名": "-", "所在地": "新宿区西早稲田1", "告示日": "2019/1/9"}, "geometry": {"type": "Polygon", "coordinates": [[[139.719024783, 35.706944433], [139.719071161, 35.707157427], [139.719027353, 35.707200112], [139.718805991, 35.707248162], [139.718689329, 35.707207032], [139.718822297, 35.707024062], [139.718910878, 35.706980242], [139.719024783, 35.706944433]]]}}, {"id": "13181", "type": "Feature", "properties": {"現象の種類": "急傾斜地の崩壊", "区域区分": "土砂災害警戒区域", "区域名": "-", "所在地": "新宿区戸山1", "告示日": "2019/1/9"}, "geometry": {"type": "Polygon", "coordinates": [[[139.717230348, 35.704821707], [139.717574646, 35.705074196], [139.717456849, 35.705202009], [139.71730284, 35.705255457], [139.717246741, 35.70540538], [139.717049691, 35.705518723], [139.716965562, 35.705658837], [139.716653905, 35.705321045], [139.717230348, 35.704821707]]]}}, {"id": "13182", "type": "Feature", "properties": {"現象の種類": "急傾斜地の崩壊", "区域区分": "土砂災害警戒区域", "区域名": "-", "所在地": "新宿区戸山2　戸山3", "告示日": "2019/1/9"}, "geometry": {"type": "Polygon", "coordinates": [[[139.715676424, 35.704789476], [139.714786132, 35.704808438], [139.714214822, 35.704625388], [139.71402283, 35.704480219], [139.714208451, 35.704199307], [139.714309635, 35.704195664], [139.715001852, 35.704457492], [139.715827958, 35.704457448], [139.715862075, 35.704708287], [139.715676424, 35.704789476]]]}}, {"id": "13183", "type": "Feature", "properties": {"現象の種類": "急傾斜地の崩壊", "区域区分": "土砂災害警戒区域", "区域名": "-", "所在地": "新宿区若葉3　南元町", "告示日": "2019/1/9"}, "geometry": {"type": "Polygon", "coordinates": [[[139.723974514, 35.68224848], [139.724058001, 35.682432775], [139.723902915, 35.682488255], [139.72373609, 35.682506873], [139.723576092, 35.682445637], [139.723689042, 35.682263983], [139.723769538, 35.682305578], [139.723974514, 35.68224848]]]}}, {"id": "13184", "type": "Feature", "properties": {"現象の種類": "急傾斜地の崩壊", "区域区分": "土砂災害警戒区域", "区域名": "-", "所在地": "新宿区戸山3", "告示日": "2019/1/9"}, "geometry": {"type": "Polygon", "coordinates": [[[139.709967381, 35.705820652], [139.709388114, 35.70584477], [139.709293635, 35.705716606], [139.709325333, 35.70571237], [139.709249443, 35.70505952], [139.709558619, 35.705035923], [139.709624793, 35.705552153], [139.711274581, 35.705481079], [139.711299253, 35.70571637], [139.710897688, 35.705755924], [139.710890037, 35.705689693], [139.709960287, 35.705749796], [139.709967381, 35.705820652]]]}}, {"id": "13185", "type": "Feature", "properties": {"現象の種類": "急傾斜地の崩壊", "区域区分": "土砂災害警戒区域", "区域名": "-", "所在地": "新宿区戸山2", "告示日": "2019/1/9"}, "geometry": {"type": "Polygon", "coordinates": [[[139.710506673, 35.703275895], [139.71017342, 35.703198886], [139.710107918, 35.702814977], [139.710404311, 35.702725438], [139.710509538, 35.702773434], [139.710620113, 35.703091761], [139.710506673, 35.703275895]]]}}, {"id": "13186", "type": "Feature", "properties": {"現象の種類": "急傾斜地の崩壊", "区域区分": "土砂災害警戒区域", "区域名": "-", "所在地": "新宿区戸山2", "告示日": "2019/1/9"}, "geometry": {"type": "Polygon", "coordinates": [[[139.712252412, 35.701621147], [139.712267451, 35.702152721], [139.712209744, 35.702497981], [139.711897536, 35.702458205], [139.711946307, 35.702127276], [139.71189522, 35.701768367], [139.711800234, 35.701677832], [139.711849274, 35.701423152], [139.712044786, 35.701434303], [139.712176675, 35.701530686], [139.712252412, 35.701621147]]]}}, {"id": "13187", "type": "Feature", "properties": {"現象の種類": "急傾斜地の崩壊", "区域区分": "土砂災害警戒区域", "区域名": "-", "所在地": "新宿区戸山1", "告示日": "2019/1/9"}, "geometry": {"type": "Polygon", "coordinates": [[[139.717763757, 35.701891449], [139.717889023, 35.702094266], [139.71773829, 35.702186017], [139.717528225, 35.702028741], [139.717763757, 35.701891449]]]}}, {"id": "13188", "type": "Feature", "properties": {"現象の種類": "急傾斜地の崩壊", "区域区分": "土砂災害警戒区域", "区域名": "-", "所在地": "新宿区新宿6", "告示日": "2019/1/9"}, "geometry": {"type": "Polygon", "coordinates": [[[139.711724164, 35.697075952], [139.711814481, 35.697140594], [139.711897991, 35.697400464], [139.711819146, 35.69756892], [139.711634298, 35.697504178], [139.711481516, 35.697140521], [139.711724164, 35.697075952]]]}}, {"id": "13189", "type": "Feature", "properties": {"現象の種類": "急傾斜地の崩壊", "区域区分": "土砂災害警戒区域", "区域名": "-", "所在地": "新宿区新宿6", "告示日": "2019/1/9"}, "geometry": {"type": "Polygon", "coordinates": [[[139.71125356, 35.696643428], [139.71132792, 35.696779171], [139.711079868, 35.696874085], [139.71098895, 35.696713559], [139.71125356, 35.696643428]]]}}, {"id": "13190", "type": "Feature", "properties": {"現象の種類": "急傾斜地の崩壊", "区域区分": "土砂災害警戒区域", "区域名": "-", "所在地": "新宿区河田町　住吉町", "告示日": "2019/1/9"}, "geometry": {"type": "Polygon", "coordinates": [[[139.720791157, 35.694378112], [139.721201188, 35.694465745], [139.721075335, 35.694857933], [139.720917611, 35.695082156], [139.720683986, 35.694950533], [139.720672915, 35.694751146], [139.720791157, 35.694378112]]]}}, {"id": "13191", "type": "Feature", "properties": {"現象の種類": "急傾斜地の崩壊", "区域区分": "土砂災害警戒区域", "区域名": "-", "所在地": "新宿区市谷仲之町　住吉町", "告示日": "2019/1/9"}, "geometry": {"type": "Polygon", "coordinates": [[[139.723043027, 35.693116517], [139.722723517, 35.693111253], [139.722663919, 35.692886595], [139.723159533, 35.692810999], [139.723043027, 35.693116517]]]}}, {"id": "13192", "type": "Feature", "properties": {"現象の種類": "急傾斜地の崩壊", "区域区分": "土砂災害警戒区域", "区域名": "-", "所在地": "新宿区舟町　住吉町", "告示日": "2019/1/9"}, "geometry": {"type": "Polygon", "coordinates": [[[139.721602952, 35.69156769], [139.721600837, 35.691941741], [139.721466916, 35.691954826], [139.721463245, 35.691566539], [139.721602952, 35.69156769]]]}}, {"id": "13193", "type": "Feature", "properties": {"現象の種類": "急傾斜地の崩壊", "区域区分": "土砂災害警戒区域", "区域名": "-", "所在地": "新宿区富久町", "告示日": "2019/1/9"}, "geometry": {"type": "Polygon", "coordinates": [[[139.719057686, 35.692212223], [139.719096018, 35.692220239], [139.718804687, 35.692181664], [139.718678297, 35.692103164], [139.718828442, 35.691937067], [139.719084984, 35.692119431], [139.719057686, 35.692212223]]]}}, {"id": "13194", "type": "Feature", "properties": {"現象の種類": "急傾斜地の崩壊", "区域区分": "土砂災害警戒区域", "区域名": "-", "所在地": "新宿区愛住町　富久町", "告示日": "2019/1/9"}, "geometry": {"type": "Polygon", "coordinates": [[[139.71801595, 35.691063278], [139.717626608, 35.691050719], [139.717655843, 35.690793162], [139.718047533, 35.690843941], [139.71801595, 35.691063278]]]}}, {"id": "13195", "type": "Feature", "properties": {"現象の種類": "急傾斜地の崩壊", "区域区分": "土砂災害警戒区域", "区域名": "-", "所在地": "新宿区若葉1", "告示日": "2019/1/9"}, "geometry": {"type": "Polygon", "coordinates": [[[139.726384606, 35.683521935], [139.726092727, 35.683540495], [139.726068603, 35.683170228], [139.72636842, 35.683130175], [139.726384606, 35.683521935]]]}}, {"id": "13196", "type": "Feature", "properties": {"現象の種類": "急傾斜地の崩壊", "区域区分": "土砂災害警戒区域", "区域名": "-", "所在地": "新宿区若葉2　若葉1", "告示日": "2019/1/9"}, "geometry": {"type": "Polygon", "coordinates": [[[139.725216745, 35.684118827], [139.725460449, 35.684215101], [139.72546113, 35.68422716], [139.725376252, 35.68431929], [139.725167345, 35.684154933], [139.725216745, 35.684118827]]]}}, {"id": "13197", "type": "Feature", "properties": {"現象の種類": "急傾斜地の崩壊", "区域区分": "土砂災害警戒区域", "区域名": "-", "所在地": "新宿区若葉2", "告示日": "2019/1/9"}, "geometry": {"type": "Polygon", "coordinates": [[[139.724420548, 35.685123754], [139.724616868, 35.685291057], [139.724361604, 35.685473084], [139.724189441, 35.685273185], [139.724420548, 35.685123754]]]}}, {"id": "13198", "type": "Feature", "properties": {"現象の種類": "急傾斜地の崩壊", "区域区分": "土砂災害警戒区域", "区域名": "-", "所在地": "新宿区須賀町　若葉2", "告示日": "2019/1/9"}, "geometry": {"type": "Polygon", "coordinates": [[[139.722818623, 35.685201048], [139.722927245, 35.685387492], [139.722701271, 35.68550532], [139.72262724, 35.685675543], [139.722366122, 35.685633011], [139.722460236, 35.685391663], [139.722818623, 35.685201048]]]}}, {"id": "13199", "type": "Feature", "properties": {"現象の種類": "急傾斜地の崩壊", "区域区分": "土砂災害警戒区域", "区域名": "-", "所在地": "新宿区市谷八幡町", "告示日": "2019/1/9"}, "geometry": {"type": "Polygon", "coordinates": [[[139.734283033, 35.69233834], [139.734217567, 35.69248379], [139.734238336, 35.692554115], [139.733994163, 35.692444774], [139.734047855, 35.692380772], [139.734027713, 35.69232911], [139.733933209, 35.692343454], [139.733953415, 35.692217154], [139.733873108, 35.692178129], [139.733976433, 35.691991728], [139.7341477, 35.69200816], [139.734283033, 35.69233834]]]}}, {"id": "13200", "type": "Feature", "properties": {"現象の種類": "急傾斜地の崩壊", "区域区分": "土砂災害警戒区域", "区域名": "-", "所在地": "新宿区市谷砂土原町3", "告示日": "2019/1/9"}, "geometry": {"type": "Polygon", "coordinates": [[[139.736334714, 35.696269817], [139.735932101, 35.696668906], [139.73573291, 35.696546074], [139.736091831, 35.696102119], [139.736334714, 35.696269817]]]}}, {"id": "13201", "type": "Feature", "properties": {"現象の種類": "急傾斜地の崩壊", "区域区分": "土砂災害警戒区域", "区域名": "-", "所在地": "新宿区市谷船河原町　若宮町", "告示日": "2019/1/9"}, "geometry": {"type": "Polygon", "coordinates": [[[139.740642081, 35.698442112], [139.740688842, 35.698661067], [139.740433307, 35.698801683], [139.740168543, 35.698579613], [139.740169785, 35.698541883], [139.740642081, 35.698442112]]]}}, {"id": "13202", "type": "Feature", "properties": {"現象の種類": "急傾斜地の崩壊", "区域区分": "土砂災害警戒区域", "区域名": "-", "所在地": "新宿区横寺町　岩戸町", "告示日": "2019/1/9"}, "geometry": {"type": "Polygon", "coordinates": [[[139.735989623, 35.700993982], [139.736650927, 35.701357484], [139.736463135, 35.701577012], [139.735849535, 35.701204769], [139.735989623, 35.700993982]]]}}, {"id": "13203", "type": "Feature", "properties": {"現象の種類": "急傾斜地の崩壊", "区域区分": "土砂災害警戒区域", "区域名": "-", "所在地": "新宿区筑土八幡町", "告示日": "2019/1/9"}, "geometry": {"type": "Polygon", "coordinates": [[[139.740845914, 35.704395669], [139.740351761, 35.704409462], [139.740288372, 35.704207742], [139.740625644, 35.704123533], [139.740678395, 35.703913696], [139.740781099, 35.703779355], [139.74102166, 35.703789669], [139.740983792, 35.703882644], [139.741036117, 35.703955659], [139.741018062, 35.704104573], [139.740898372, 35.704236265], [139.740845914, 35.704395669]]]}}, {"id": "13204", "type": "Feature", "properties": {"現象の種類": "急傾斜地の崩壊", "区域区分": "土砂災害警戒区域", "区域名": "-", "所在地": "新宿区赤城元町　西五軒町　築地町", "告示日": "2019/1/9"}, "geometry": {"type": "Polygon", "coordinates": [[[139.73684658, 35.70570447], [139.736258483, 35.705757552], [139.736265143, 35.705714975], [139.73590588, 35.705671164], [139.735813297, 35.705568416], [139.735672386, 35.705229927], [139.735725693, 35.705203058], [139.735642466, 35.7049429], [139.735985988, 35.704951935], [139.736071373, 35.705156797], [139.736311411, 35.705206553], [139.736866943, 35.705159211], [139.737222074, 35.705222769], [139.73725122, 35.70518083], [139.737191704, 35.705070319], [139.737281656, 35.704941883], [139.737469428, 35.705069282], [139.73753664, 35.705163814], [139.737415692, 35.705397093], [139.737434262, 35.705465336], [139.737180259, 35.705553821], [139.737158933, 35.70563052], [139.736828806, 35.705635716], [139.73684658, 35.70570447]]]}}, {"id": "13205", "type": "Feature", "properties": {"現象の種類": "急傾斜地の崩壊", "区域区分": "土砂災害警戒区域", "区域名": "-", "所在地": "新宿区下落合2", "告示日": "2019/1/9"}, "geometry": {"type": "Polygon", "coordinates": [[[139.700338391, 35.717726664], [139.700260527, 35.718207851], [139.699965267, 35.71816648], [139.699992609, 35.717734182], [139.700338391, 35.717726664]]]}}, {"id": "13206", "type": "Feature", "properties": {"現象の種類": "急傾斜地の崩壊", "区域区分": "土砂災害警戒区域", "区域名": "-", "所在地": "新宿区愛住町　四谷4", "告示日": "2019/1/9"}, "geometry": {"type": "Polygon", "coordinates": [[[139.718470484, 35.68988766], [139.718376997, 35.689997891], [139.71825973, 35.690276021], [139.718172984, 35.690302565], [139.718140453, 35.690171045], [139.718032824, 35.690158617], [139.71811799, 35.689888388], [139.718470484, 35.68988766]]]}}, {"id": "13207", "type": "Feature", "properties": {"現象の種類": "急傾斜地の崩壊", "区域区分": "土砂災害警戒区域", "区域名": "-", "所在地": "新宿区市谷鷹匠町", "告示日": "2019/1/9"}, "geometry": {"type": "Polygon", "coordinates": [[[139.733508374, 35.695714198], [139.733663084, 35.695886517], [139.733449917, 35.696028866], [139.733117581, 35.696143339], [139.732983971, 35.695932808], [139.733254934, 35.69581189], [139.733308134, 35.695850335], [139.733508374, 35.695714198]]]}}, {"id": "13208", "type": "Feature", "properties": {"現象の種類": "急傾斜地の崩壊", "区域区分": "土砂災害警戒区域", "区域名": "-", "所在地": "新宿区白銀町", "告示日": "2019/1/9"}, "geometry": {"type": "Polygon", "coordinates": [[[139.73846711, 35.703606021], [139.73872286, 35.703663813], [139.738656759, 35.703845264], [139.738449934, 35.703814656], [139.73846711, 35.703606021]]]}}, {"id": "13209", "type": "Feature", "properties": {"現象の種類": "急傾斜地の崩壊", "区域区分": "土砂災害警戒区域", "区域名": "-", "所在地": "新宿区筑土八幡町", "告示日": "2019/1/9"}, "geometry": {"type": "Polygon", "coordinates": [[[139.740019666, 35.703927034], [139.739501142, 35.703965866], [139.739462288, 35.703666489], [139.740083395, 35.70373284], [139.740019666, 35.703927034]]]}}, {"id": "13210", "type": "Feature", "properties": {"現象の種類": "急傾斜地の崩壊", "区域区分": "土砂災害警戒区域", "区域名": "-", "所在地": "品川区上大崎1", "告示日": "2019/1/9"}, "geometry": {"type": "Polygon", "coordinates": [[[139.722931763, 35.634712489], [139.722647877, 35.634788222], [139.722582244, 35.634634192], [139.722850094, 35.634563582], [139.722931763, 35.634712489]]]}}, {"id": "13211", "type": "Feature", "properties": {"現象の種類": "急傾斜地の崩壊", "区域区分": "土砂災害警戒区域", "区域名": "-", "所在地": "品川区上大崎1", "告示日": "2019/1/9"}, "geometry": {"type": "Polygon", "coordinates": [[[139.72272526, 35.63421406], [139.722810245, 35.63446799], [139.722533196, 35.634539132], [139.722481022, 35.634267653], [139.72272526, 35.63421406]]]}}, {"id": "13212", "type": "Feature", "properties": {"現象の種類": "急傾斜地の崩壊", "区域区分": "土砂災害警戒区域", "区域名": "-", "所在地": "品川区上大崎1", "告示日": "2019/1/9"}, "geometry": {"type": "Polygon", "coordinates": [[[139.725253009, 35.634044895], [139.72521666, 35.634052706], [139.725276687, 35.634180227], [139.725022437, 35.634230571], [139.724919414, 35.634043875], [139.725206529, 35.633934334], [139.725253009, 35.634044895]]]}}, {"id": "13213", "type": "Feature", "properties": {"現象の種類": "急傾斜地の崩壊", "区域区分": "土砂災害警戒区域", "区域名": "-", "所在地": "品川区上大崎1", "告示日": "2019/1/9"}, "geometry": {"type": "Polygon", "coordinates": [[[139.724911188, 35.634942538], [139.72486622, 35.634723802], [139.725057827, 35.634731366], [139.72501179, 35.634629369], [139.725073746, 35.634407214], [139.725174689, 35.634381072], [139.725263063, 35.634559281], [139.725327006, 35.634551315], [139.725368267, 35.634750756], [139.725221355, 35.634894588], [139.724911188, 35.634942538]]]}}, {"id": "13214", "type": "Feature", "properties": {"現象の種類": "急傾斜地の崩壊", "区域区分": "土砂災害警戒区域", "区域名": "-", "所在地": "品川区上大崎1", "告示日": "2019/1/9"}, "geometry": {"type": "Polygon", "coordinates": [[[139.726210239, 35.633586003], [139.726300742, 35.633807393], [139.726001759, 35.633871853], [139.725952249, 35.633642746], [139.726210239, 35.633586003]]]}}, {"id": "13215", "type": "Feature", "properties": {"現象の種類": "急傾斜地の崩壊", "区域区分": "土砂災害警戒区域", "区域名": "-", "所在地": "品川区上大崎1　港区白金台2", "告示日": "2019/1/9"}, "geometry": {"type": "Polygon", "coordinates": [[[139.726476254, 35.632973333], [139.726746936, 35.633644443], [139.726422792, 35.633728083], [139.726287149, 35.633415154], [139.726201651, 35.633401736], [139.726057206, 35.633065361], [139.726476254, 35.632973333]]]}}, {"id": "13216", "type": "Feature", "properties": {"現象の種類": "急傾斜地の崩壊", "区域区分": "土砂災害警戒区域", "区域名": "-", "所在地": "品川区東五反田5", "告示日": "2019/1/9"}, "geometry": {"type": "Polygon", "coordinates": [[[139.724961194, 35.631968468], [139.724878258, 35.632082699], [139.724645251, 35.63211981], [139.724584298, 35.631871311], [139.72459312, 35.631610795], [139.724659586, 35.631419835], [139.724780723, 35.631340975], [139.724992376, 35.631334044], [139.724908894, 35.631515434], [139.725108009, 35.631622167], [139.725022225, 35.631620106], [139.724943925, 35.631740742], [139.724961194, 35.631968468]]]}}, {"id": "13217", "type": "Feature", "properties": {"現象の種類": "急傾斜地の崩壊", "区域区分": "土砂災害警戒区域", "区域名": "-", "所在地": "品川区上大崎3", "告示日": "2019/1/9"}, "geometry": {"type": "Polygon", "coordinates": [[[139.719986097, 35.630401379], [139.720036633, 35.630405573], [139.71987256, 35.630641783], [139.719767645, 35.630966933], [139.719811175, 35.631225154], [139.719629458, 35.631249683], [139.719601991, 35.631353506], [139.719339229, 35.631309536], [139.719375131, 35.631101873], [139.719468702, 35.630943123], [139.719305597, 35.630752038], [139.719321313, 35.630586544], [139.719387776, 35.630405592], [139.719476904, 35.630360423], [139.719443687, 35.630344886], [139.71959282, 35.630369727], [139.719640765, 35.63014666], [139.71971911, 35.630127172], [139.719735287, 35.629828441], [139.720023762, 35.629846292], [139.720031374, 35.630196158], [139.719986097, 35.630401379]]]}}, {"id": "13218", "type": "Feature", "properties": {"現象の種類": "急傾斜地の崩壊", "区域区分": "土砂災害警戒区域", "区域名": "-", "所在地": "品川区上大崎3　東五反田5", "告示日": "2019/1/9"}, "geometry": {"type": "Polygon", "coordinates": [[[139.72073559, 35.630721381], [139.720790646, 35.630814824], [139.720754731, 35.630969572], [139.720477705, 35.630966519], [139.72040619, 35.630855662], [139.720371352, 35.630567701], [139.720328464, 35.630564415], [139.72032544, 35.630513119], [139.720788213, 35.63053672], [139.72073559, 35.630721381]]]}}, {"id": "13219", "type": "Feature", "properties": {"現象の種類": "急傾斜地の崩壊", "区域区分": "土砂災害警戒区域", "区域名": "-", "所在地": "品川区上大崎3", "告示日": "2019/1/9"}, "geometry": {"type": "Polygon", "coordinates": [[[139.71816933, 35.631775022], [139.718149602, 35.631878131], [139.717830434, 35.631857813], [139.717842194, 35.631722334], [139.717895675, 35.631705979], [139.71794045, 35.63160073], [139.71823571, 35.63165447], [139.718219408, 35.631781921], [139.71816933, 35.631775022]]]}}, {"id": "13220", "type": "Feature", "properties": {"現象の種類": "急傾斜地の崩壊", "区域区分": "土砂災害警戒区域", "区域名": "-", "所在地": "品川区上大崎4　目黒区下目黒1", "告示日": "2019/1/9"}, "geometry": {"type": "Polygon", "coordinates": [[[139.714329449, 35.629712162], [139.714609785, 35.629320752], [139.714704978, 35.629362583], [139.714760392, 35.629331808], [139.714847605, 35.629166204], [139.715008923, 35.629077478], [139.715068705, 35.629234392], [139.715270903, 35.629336816], [139.715157243, 35.629467237], [139.715179105, 35.629525043], [139.71479781, 35.629709288], [139.714715582, 35.629890582], [139.714329449, 35.629712162]]]}}, {"id": "13221", "type": "Feature", "properties": {"現象の種類": "急傾斜地の崩壊", "区域区分": "土砂災害警戒区域", "区域名": "-", "所在地": "品川区上大崎4", "告示日": "2019/1/9"}, "geometry": {"type": "Polygon", "coordinates": [[[139.715104533, 35.629022312], [139.715459202, 35.629231079], [139.715460637, 35.629246044], [139.715057693, 35.629105381], [139.715104533, 35.629022312]]]}}, {"id": "13222", "type": "Feature", "properties": {"現象の種類": "急傾斜地の崩壊", "区域区分": "土砂災害警戒区域", "区域名": "-", "所在地": "品川区西五反田3", "告示日": "2019/1/9"}, "geometry": {"type": "Polygon", "coordinates": [[[139.717600947, 35.628440226], [139.717019681, 35.628562626], [139.716623756, 35.628731628], [139.716412742, 35.628428351], [139.717099939, 35.628164976], [139.717535374, 35.628065423], [139.717801798, 35.628087765], [139.718273898, 35.628138518], [139.718515298, 35.628402788], [139.718612027, 35.62839035], [139.718726863, 35.628452029], [139.71872656, 35.628664865], [139.718400842, 35.628647878], [139.718063588, 35.628483939], [139.717600947, 35.628440226]]]}}, {"id": "13223", "type": "Feature", "properties": {"現象の種類": "急傾斜地の崩壊", "区域区分": "土砂災害警戒区域", "区域名": "-", "所在地": "品川区西五反田8", "告示日": "2019/1/9"}, "geometry": {"type": "Polygon", "coordinates": [[[139.720116007, 35.619838385], [139.720166185, 35.620157101], [139.719920946, 35.620174899], [139.719858804, 35.619882225], [139.720116007, 35.619838385]]]}}, {"id": "13224", "type": "Feature", "properties": {"現象の種類": "急傾斜地の崩壊", "区域区分": "土砂災害警戒区域", "区域名": "-", "所在地": "品川区東五反田4", "告示日": "2019/1/9"}, "geometry": {"type": "Polygon", "coordinates": [[[139.727996018, 35.630838378], [139.727756419, 35.631044694], [139.727465812, 35.630774901], [139.727714916, 35.630680105], [139.727996018, 35.630838378]]]}}, {"id": "13225", "type": "Feature", "properties": {"現象の種類": "急傾斜地の崩壊", "区域区分": "土砂災害警戒区域", "区域名": "-", "所在地": "品川区東五反田4", "告示日": "2019/1/9"}, "geometry": {"type": "Polygon", "coordinates": [[[139.727214654, 35.63007992], [139.7273771, 35.630231239], [139.727088498, 35.630445083], [139.727050376, 35.630417915], [139.727089479, 35.630391446], [139.727083157, 35.630283084], [139.727026765, 35.630229938], [139.727214654, 35.63007992]]]}}, {"id": "13226", "type": "Feature", "properties": {"現象の種類": "急傾斜地の崩壊", "区域区分": "土砂災害警戒区域", "区域名": "-", "所在地": "品川区東五反田5", "告示日": "2019/1/9"}, "geometry": {"type": "Polygon", "coordinates": [[[139.725510978, 35.630817609], [139.725309663, 35.630925064], [139.725003081, 35.630892336], [139.725043021, 35.630718118], [139.724995428, 35.630624323], [139.72524484, 35.630506455], [139.725510978, 35.630817609]]]}}, {"id": "13227", "type": "Feature", "properties": {"現象の種類": "急傾斜地の崩壊", "区域区分": "土砂災害警戒区域", "区域名": "-", "所在地": "品川区東五反田5", "告示日": "2019/1/9"}, "geometry": {"type": "Polygon", "coordinates": [[[139.721146953, 35.629346488], [139.720928087, 35.629630517], [139.720744214, 35.629442479], [139.720748136, 35.62937289], [139.721146953, 35.629346488]]]}}, {"id": "13228", "type": "Feature", "properties": {"現象の種類": "急傾斜地の崩壊", "区域区分": "土砂災害警戒区域", "区域名": "-", "所在地": "品川区東五反田5", "告示日": "2019/1/9"}, "geometry": {"type": "Polygon", "coordinates": [[[139.721238904, 35.629169706], [139.721141974, 35.629195037], [139.720753135, 35.629119583], [139.720913916, 35.628954674], [139.720895485, 35.628914812], [139.721044747, 35.628911977], [139.721104153, 35.62882459], [139.721140471, 35.628837064], [139.721140953, 35.628752597], [139.721467969, 35.628622369], [139.721539022, 35.628737822], [139.721499208, 35.628947016], [139.721238904, 35.629169706]]]}}, {"id": "13229", "type": "Feature", "properties": {"現象の種類": "急傾斜地の崩壊", "区域区分": "土砂災害警戒区域", "区域名": "-", "所在地": "品川区東五反田1", "告示日": "2019/1/9"}, "geometry": {"type": "Polygon", "coordinates": [[[139.727349381, 35.628463439], [139.727078542, 35.628815313], [139.726552244, 35.628562708], [139.726734107, 35.628490121], [139.72693014, 35.628238605], [139.727054282, 35.628223569], [139.727349381, 35.628463439]]]}}, {"id": "13230", "type": "Feature", "properties": {"現象の種類": "急傾斜地の崩壊", "区域区分": "土砂災害警戒区域", "区域名": "-", "所在地": "品川区東五反田1", "告示日": "2019/1/9"}, "geometry": {"type": "Polygon", "coordinates": [[[139.727237764, 35.628372653], [139.727109675, 35.628136086], [139.727130342, 35.628070477], [139.727234281, 35.628045057], [139.727335018, 35.628099324], [139.727445617, 35.628271782], [139.727341233, 35.628358501], [139.727237764, 35.628372653]]]}}, {"id": "13231", "type": "Feature", "properties": {"現象の種類": "急傾斜地の崩壊", "区域区分": "土砂災害警戒区域", "区域名": "-", "所在地": "品川区東五反田1", "告示日": "2019/1/9"}, "geometry": {"type": "Polygon", "coordinates": [[[139.727977149, 35.629255748], [139.727687792, 35.629354205], [139.727654322, 35.629252941], [139.727918904, 35.629157437], [139.727942439, 35.629266264], [139.727977149, 35.629255748]]]}}, {"id": "13232", "type": "Feature", "properties": {"現象の種類": "急傾斜地の崩壊", "区域区分": "土砂災害警戒区域", "区域名": "-", "所在地": "品川区東五反田3　東五反田1", "告示日": "2019/1/9"}, "geometry": {"type": "Polygon", "coordinates": [[[139.728390953, 35.628072303], [139.728073861, 35.628144054], [139.727971139, 35.62800622], [139.727855793, 35.627980698], [139.727824161, 35.627866725], [139.727775154, 35.62787768], [139.727727554, 35.627649387], [139.727642697, 35.627637503], [139.727576064, 35.627410726], [139.727571051, 35.627068254], [139.727628001, 35.627041621], [139.72764851, 35.626957081], [139.727929425, 35.626900805], [139.728124407, 35.627514965], [139.728390953, 35.628072303]]]}}, {"id": "13233", "type": "Feature", "properties": {"現象の種類": "急傾斜地の崩壊", "区域区分": "土砂災害警戒区域", "区域名": "-", "所在地": "品川区東五反田3", "告示日": "2019/1/9"}, "geometry": {"type": "Polygon", "coordinates": [[[139.729652494, 35.627494564], [139.729454284, 35.627536402], [139.729362101, 35.627275257], [139.729314459, 35.627286845], [139.729325902, 35.627170476], [139.729290066, 35.627066325], [139.729232135, 35.627077904], [139.729212689, 35.626904896], [139.729316272, 35.626801137], [139.729161831, 35.626448259], [139.729012981, 35.626418202], [139.728915285, 35.626476893], [139.728901059, 35.62656288], [139.72834433, 35.626816971], [139.728171997, 35.626778328], [139.728029632, 35.626802813], [139.727876903, 35.626606521], [139.727994853, 35.626519452], [139.728019328, 35.626396604], [139.728376698, 35.626158748], [139.729337541, 35.625988032], [139.7293201, 35.626025067], [139.729549186, 35.626117124], [139.729580634, 35.626092902], [139.729680226, 35.626328631], [139.729642059, 35.626337523], [139.729692429, 35.62661035], [139.729790481, 35.626839677], [139.729783289, 35.626979488], [139.729593354, 35.627101834], [139.72965876, 35.627085213], [139.729689785, 35.627247234], [139.729686438, 35.627300598], [139.729608743, 35.627314323], [139.729652494, 35.627494564]]]}}, {"id": "13234", "type": "Feature", "properties": {"現象の種類": "急傾斜地の崩壊", "区域区分": "土砂災害警戒区域", "区域名": "-", "所在地": "品川区東五反田3", "告示日": "2019/1/9"}, "geometry": {"type": "Polygon", "coordinates": [[[139.730099787, 35.629135797], [139.730241283, 35.629365071], [139.730389438, 35.62937304], [139.730282556, 35.629632932], [139.730147578, 35.629717644], [139.730056575, 35.629667535], [139.729956731, 35.629411884], [139.730040487, 35.629148457], [139.730099787, 35.629135797]]]}}, {"id": "13235", "type": "Feature", "properties": {"現象の種類": "急傾斜地の崩壊", "区域区分": "土砂災害警戒区域", "区域名": "-", "所在地": "品川区東五反田3", "告示日": "2019/1/9"}, "geometry": {"type": "Polygon", "coordinates": [[[139.729620237, 35.630048931], [139.729925847, 35.630057848], [139.729879961, 35.630189513], [139.729620237, 35.630048931]]]}}, {"id": "13236", "type": "Feature", "properties": {"現象の種類": "急傾斜地の崩壊", "区域区分": "土砂災害警戒区域", "区域名": "-", "所在地": "品川区東五反田5", "告示日": "2019/1/9"}, "geometry": {"type": "Polygon", "coordinates": [[[139.722762252, 35.628382331], [139.72233354, 35.628299363], [139.722348123, 35.62809258], [139.722550996, 35.628172546], [139.722791299, 35.628185387], [139.722762252, 35.628382331]]]}}, {"id": "13237", "type": "Feature", "properties": {"現象の種類": "急傾斜地の崩壊", "区域区分": "土砂災害警戒区域", "区域名": "-", "所在地": "品川区東五反田5", "告示日": "2019/1/9"}, "geometry": {"type": "Polygon", "coordinates": [[[139.724828432, 35.62818138], [139.724693209, 35.628108149], [139.724394228, 35.628051537], [139.724119992, 35.62787938], [139.72376705, 35.62786112], [139.723777049, 35.627473679], [139.724242005, 35.627487082], [139.72433608, 35.627617158], [139.7246354, 35.627826118], [139.724747129, 35.627764018], [139.72473268, 35.627808808], [139.724796772, 35.627822207], [139.724855926, 35.627782596], [139.725077072, 35.627955245], [139.724828432, 35.62818138]]]}}, {"id": "13238", "type": "Feature", "properties": {"現象の種類": "急傾斜地の崩壊", "区域区分": "土砂災害警戒区域", "区域名": "-", "所在地": "品川区北品川6　東五反田3", "告示日": "2019/1/9"}, "geometry": {"type": "Polygon", "coordinates": [[[139.731348817, 35.62880449], [139.731038404, 35.628780338], [139.730997982, 35.628629038], [139.73133457, 35.62862139], [139.731348817, 35.62880449]]]}}, {"id": "13239", "type": "Feature", "properties": {"現象の種類": "急傾斜地の崩壊", "区域区分": "土砂災害警戒区域", "区域名": "-", "所在地": "品川区北品川6", "告示日": "2019/1/9"}, "geometry": {"type": "Polygon", "coordinates": [[[139.731295949, 35.628055237], [139.730947367, 35.628043583], [139.730923322, 35.627975502], [139.731287222, 35.627900358], [139.731295949, 35.628055237]]]}}, {"id": "13240", "type": "Feature", "properties": {"現象の種類": "急傾斜地の崩壊", "区域区分": "土砂災害警戒区域", "区域名": "-", "所在地": "品川区北品川5", "告示日": "2019/1/9"}, "geometry": {"type": "Polygon", "coordinates": [[[139.733925989, 35.619822715], [139.733839839, 35.620051707], [139.733573749, 35.620291818], [139.733318488, 35.620169638], [139.733415243, 35.620053789], [139.733366391, 35.62001733], [139.733536462, 35.619815001], [139.733430308, 35.619728102], [139.733506292, 35.619619448], [139.733684869, 35.619458774], [139.733890495, 35.619366904], [139.734194752, 35.619480559], [139.734155567, 35.619653428], [139.734041441, 35.619827948], [139.733925989, 35.619822715]]]}}, {"id": "13241", "type": "Feature", "properties": {"現象の種類": "急傾斜地の崩壊", "区域区分": "土砂災害警戒区域", "区域名": "-", "所在地": "品川区北品川3", "告示日": "2019/1/9"}, "geometry": {"type": "Polygon", "coordinates": [[[139.739830397, 35.619124026], [139.739740808, 35.619351397], [139.739334162, 35.619345762], [139.739364499, 35.619099144], [139.739830397, 35.619124026]]]}}, {"id": "13242", "type": "Feature", "properties": {"現象の種類": "急傾斜地の崩壊", "区域区分": "土砂災害警戒区域", "区域名": "-", "所在地": "品川区北品川3", "告示日": "2019/1/9"}, "geometry": {"type": "Polygon", "coordinates": [[[139.739404688, 35.618525031], [139.739517341, 35.618586328], [139.739496318, 35.618889385], [139.739316108, 35.618900423], [139.739057376, 35.618551172], [139.739404688, 35.618525031]]]}}, {"id": "13243", "type": "Feature", "properties": {"現象の種類": "急傾斜地の崩壊", "区域区分": "土砂災害警戒区域", "区域名": "-", "所在地": "品川区北品川3", "告示日": "2019/1/9"}, "geometry": {"type": "Polygon", "coordinates": [[[139.740008187, 35.61853181], [139.740054143, 35.618789575], [139.739815219, 35.618865834], [139.739709785, 35.618546543], [139.740008187, 35.61853181]]]}}, {"id": "13244", "type": "Feature", "properties": {"現象の種類": "急傾斜地の崩壊", "区域区分": "土砂災害警戒区域", "区域名": "-", "所在地": "品川区北品川3　北品川2", "告示日": "2019/1/9"}, "geometry": {"type": "Polygon", "coordinates": [[[139.740393437, 35.618768202], [139.740135176, 35.618716348], [139.740146793, 35.618513798], [139.74024556, 35.618536321], [139.740328426, 35.618452187], [139.740299606, 35.618413853], [139.740883528, 35.618420883], [139.740789924, 35.618657987], [139.74062528, 35.618752785], [139.740582702, 35.618721562], [139.740393437, 35.618768202]]]}}, {"id": "13245", "type": "Feature", "properties": {"現象の種類": "急傾斜地の崩壊", "区域区分": "土砂災害警戒区域", "区域名": "-", "所在地": "品川区北品川3　北品川2", "告示日": "2019/1/9"}, "geometry": {"type": "Polygon", "coordinates": [[[139.740999901, 35.618415834], [139.740265769, 35.618383898], [139.740345813, 35.61829832], [139.740206341, 35.618278831], [139.739641545, 35.618346995], [139.739596748, 35.61803361], [139.740133848, 35.617898536], [139.740368188, 35.617768996], [139.740470162, 35.617773762], [139.741034065, 35.618003348], [139.740999901, 35.618415834]]]}}, {"id": "13246", "type": "Feature", "properties": {"現象の種類": "急傾斜地の崩壊", "区域区分": "土砂災害警戒区域", "区域名": "-", "所在地": "品川区南品川6", "告示日": "2019/1/9"}, "geometry": {"type": "Polygon", "coordinates": [[[139.736660397, 35.610737238], [139.73697105, 35.61096042], [139.736679257, 35.611104601], [139.736565087, 35.610952342], [139.736602213, 35.6107426], [139.736660397, 35.610737238]]]}}, {"id": "13247", "type": "Feature", "properties": {"現象の種類": "急傾斜地の崩壊", "区域区分": "土砂災害警戒区域", "区域名": "-", "所在地": "品川区東大井4", "告示日": "2019/1/9"}, "geometry": {"type": "Polygon", "coordinates": [[[139.741551174, 35.60547612], [139.741665703, 35.605714376], [139.741508028, 35.605788356], [139.74132849, 35.605795161], [139.741210465, 35.605748104], [139.74137714, 35.605526199], [139.741551174, 35.60547612]]]}}, {"id": "13248", "type": "Feature", "properties": {"現象の種類": "急傾斜地の崩壊", "区域区分": "土砂災害警戒区域", "区域名": "-", "所在地": "品川区東大井4", "告示日": "2019/1/9"}, "geometry": {"type": "Polygon", "coordinates": [[[139.741220878, 35.60452653], [139.741356565, 35.604730546], [139.741113763, 35.604891003], [139.740802322, 35.604651784], [139.741189378, 35.604368388], [139.741220878, 35.60452653]]]}}, {"id": "13249", "type": "Feature", "properties": {"現象の種類": "急傾斜地の崩壊", "区域区分": "土砂災害警戒区域", "区域名": "-", "所在地": "品川区東大井4", "告示日": "2019/1/9"}, "geometry": {"type": "Polygon", "coordinates": [[[139.74126532, 35.604433803], [139.740973365, 35.604588181], [139.740654059, 35.604223652], [139.740588465, 35.604263447], [139.740338859, 35.604010212], [139.740714932, 35.60377675], [139.740870481, 35.603885497], [139.740967267, 35.604032871], [139.740919529, 35.604062042], [139.741182744, 35.604279047], [139.74126532, 35.604433803]]]}}, {"id": "13250", "type": "Feature", "properties": {"現象の種類": "急傾斜地の崩壊", "区域区分": "土砂災害警戒区域", "区域名": "-", "所在地": "品川区東大井3", "告示日": "2019/1/9"}, "geometry": {"type": "Polygon", "coordinates": [[[139.73995426, 35.60343108], [139.739698337, 35.603524545], [139.739576822, 35.603351638], [139.739841724, 35.60320824], [139.739906849, 35.603257961], [139.739897187, 35.603346118], [139.73995426, 35.60343108]]]}}, {"id": "13251", "type": "Feature", "properties": {"現象の種類": "急傾斜地の崩壊", "区域区分": "土砂災害警戒区域", "区域名": "-", "所在地": "品川区東大井3", "告示日": "2019/1/9"}, "geometry": {"type": "Polygon", "coordinates": [[[139.739199448, 35.60314013], [139.739023083, 35.603007205], [139.739436067, 35.602737627], [139.739442198, 35.602789106], [139.739267359, 35.602908956], [139.739349953, 35.602965813], [139.739498373, 35.602861899], [139.739568254, 35.602891882], [139.739199448, 35.60314013]]]}}, {"id": "13252", "type": "Feature", "properties": {"現象の種類": "急傾斜地の崩壊", "区域区分": "土砂災害警戒区域", "区域名": "-", "所在地": "品川区東大井3", "告示日": "2019/1/9"}, "geometry": {"type": "Polygon", "coordinates": [[[139.738489519, 35.601694606], [139.738158754, 35.601800719], [139.738033486, 35.601573269], [139.738284299, 35.601486025], [139.738404266, 35.601654874], [139.738489519, 35.601694606]]]}}, {"id": "13253", "type": "Feature", "properties": {"現象の種類": "急傾斜地の崩壊", "区域区分": "土砂災害警戒区域", "区域名": "-", "所在地": "品川区東大井3", "告示日": "2019/1/9"}, "geometry": {"type": "Polygon", "coordinates": [[[139.738720703, 35.601887342], [139.738940804, 35.602062039], [139.738944335, 35.602155434], [139.738616016, 35.602348362], [139.738311784, 35.602031706], [139.738720703, 35.601887342]]]}}, {"id": "13254", "type": "Feature", "properties": {"現象の種類": "急傾斜地の崩壊", "区域区分": "土砂災害警戒区域", "区域名": "-", "所在地": "品川区八潮5", "告示日": "2019/1/9"}, "geometry": {"type": "Polygon", "coordinates": [[[139.751474422, 35.59756926], [139.751499614, 35.597593166], [139.751188471, 35.597592954], [139.751196194, 35.597429523], [139.751360356, 35.597306043], [139.752830045, 35.597299551], [139.752829771, 35.597573598], [139.751474422, 35.59756926]]]}}, {"id": "13255", "type": "Feature", "properties": {"現象の種類": "急傾斜地の崩壊", "区域区分": "土砂災害警戒区域", "区域名": "-", "所在地": "品川区北品川6　港区高輪4", "告示日": "2019/1/9"}, "geometry": {"type": "Polygon", "coordinates": [[[139.731135242, 35.627179146], [139.731084997, 35.627304317], [139.730816712, 35.627240806], [139.730798575, 35.627181474], [139.731135242, 35.627179146]]]}}, {"id": "13257", "type": "Feature", "properties": {"現象の種類": "急傾斜地の崩壊", "区域区分": "土砂災害警戒区域", "区域名": "-", "所在地": "品川区東五反田4", "告示日": "2019/1/9"}, "geometry": {"type": "Polygon", "coordinates": [[[139.726880193, 35.631774561], [139.726918136, 35.632074422], [139.726637904, 35.632082738], [139.726565827, 35.632045353], [139.726639424, 35.632035683], [139.726880193, 35.631774561]]]}}, {"id": "13258", "type": "Feature", "properties": {"現象の種類": "急傾斜地の崩壊", "区域区分": "土砂災害警戒区域", "区域名": "-", "所在地": "品川区上大崎3", "告示日": "2019/1/9"}, "geometry": {"type": "Polygon", "coordinates": [[[139.719162517, 35.6312304], [139.719231615, 35.631246241], [139.719218594, 35.631309151], [139.718817754, 35.631214478], [139.718821211, 35.631152731], [139.71888503, 35.631167215], [139.718932425, 35.631075851], [139.718873897, 35.631054881], [139.719275372, 35.631151088], [139.719208174, 35.631144083], [139.719162517, 35.6312304]]]}}, {"id": "13259", "type": "Feature", "properties": {"現象の種類": "急傾斜地の崩壊", "区域区分": "土砂災害警戒区域", "区域名": "-", "所在地": "品川区上大崎3", "告示日": "2019/1/9"}, "geometry": {"type": "Polygon", "coordinates": [[[139.718929626, 35.630867159], [139.719333229, 35.630938577], [139.719308878, 35.631091984], [139.718888916, 35.63099603], [139.718929626, 35.630867159]]]}}, {"id": "13260", "type": "Feature", "properties": {"現象の種類": "急傾斜地の崩壊", "区域区分": "土砂災害警戒区域", "区域名": "-", "所在地": "渋谷区本町3　中野区弥生町1", "告示日": "2019/1/9"}, "geometry": {"type": "Polygon", "coordinates": [[[139.683387561, 35.691750781], [139.683505175, 35.691920762], [139.683272814, 35.692045955], [139.683093596, 35.691922052], [139.683387561, 35.691750781]]]}}, {"id": "13261", "type": "Feature", "properties": {"現象の種類": "急傾斜地の崩壊", "区域区分": "土砂災害警戒区域", "区域名": "-", "所在地": "渋谷区元代々木町", "告示日": "2019/1/9"}, "geometry": {"type": "Polygon", "coordinates": [[[139.686302707, 35.674003864], [139.685959142, 35.674082322], [139.685853744, 35.674068761], [139.685729356, 35.67397675], [139.685845387, 35.673757477], [139.686068673, 35.673780287], [139.686311418, 35.673725414], [139.686333378, 35.673774571], [139.686382992, 35.67374912], [139.686496822, 35.673934418], [139.686368816, 35.674026482], [139.686302707, 35.674003864]]]}}, {"id": "13262", "type": "Feature", "properties": {"現象の種類": "急傾斜地の崩壊", "区域区分": "土砂災害警戒区域", "区域名": "-", "所在地": "渋谷区西原3", "告示日": "2019/1/9"}, "geometry": {"type": "Polygon", "coordinates": [[[139.681791567, 35.670978563], [139.681719131, 35.671219703], [139.681514086, 35.67119222], [139.68155573, 35.670948518], [139.681791567, 35.670978563]]]}}, {"id": "13263", "type": "Feature", "properties": {"現象の種類": "急傾斜地の崩壊", "区域区分": "土砂災害警戒区域", "区域名": "-", "所在地": "渋谷区代々木5", "告示日": "2019/1/9"}, "geometry": {"type": "Polygon", "coordinates": [[[139.68891197, 35.672467961], [139.688562896, 35.672423641], [139.688578812, 35.672187748], [139.6890518, 35.672131704], [139.689144684, 35.672060059], [139.689325394, 35.672246787], [139.689185948, 35.672370121], [139.68891197, 35.672467961]]]}}, {"id": "13264", "type": "Feature", "properties": {"現象の種類": "急傾斜地の崩壊", "区域区分": "土砂災害警戒区域", "区域名": "-", "所在地": "渋谷区神宮前6", "告示日": "2019/1/9"}, "geometry": {"type": "Polygon", "coordinates": [[[139.70317421, 35.667112965], [139.7028738, 35.66690296], [139.7030506, 35.66670474], [139.703371915, 35.666833455], [139.703412972, 35.666910123], [139.70317421, 35.667112965]]]}}, {"id": "13265", "type": "Feature", "properties": {"現象の種類": "急傾斜地の崩壊", "区域区分": "土砂災害警戒区域", "区域名": "-", "所在地": "渋谷区神山町　富ヶ谷1", "告示日": "2019/1/9"}, "geometry": {"type": "Polygon", "coordinates": [[[139.690717642, 35.665275112], [139.690894411, 35.665365647], [139.690759904, 35.665640163], [139.690536168, 35.665524691], [139.690717642, 35.665275112]]]}}, {"id": "13266", "type": "Feature", "properties": {"現象の種類": "急傾斜地の崩壊", "区域区分": "土砂災害警戒区域", "区域名": "-", "所在地": "渋谷区広尾4　広尾5", "告示日": "2019/1/9"}, "geometry": {"type": "Polygon", "coordinates": [[[139.720687803, 35.650628284], [139.720720019, 35.650714855], [139.720612584, 35.650937145], [139.720495562, 35.650980756], [139.720307907, 35.650921535], [139.720199764, 35.650804874], [139.720359272, 35.650540354], [139.72058142, 35.650555887], [139.720687803, 35.650628284]]]}}, {"id": "13267", "type": "Feature", "properties": {"現象の種類": "急傾斜地の崩壊", "区域区分": "土砂災害警戒区域", "区域名": "-", "所在地": "渋谷区恵比寿4", "告示日": "2019/1/9"}, "geometry": {"type": "Polygon", "coordinates": [[[139.713144753, 35.645410716], [139.712910013, 35.645238302], [139.712984264, 35.645166079], [139.712966192, 35.645130092], [139.713166656, 35.645078098], [139.713278297, 35.645401744], [139.713144753, 35.645410716]]]}}, {"id": "13269", "type": "Feature", "properties": {"現象の種類": "急傾斜地の崩壊", "区域区分": "土砂災害警戒区域", "区域名": "-", "所在地": "渋谷区恵比寿4", "告示日": "2019/1/9"}, "geometry": {"type": "Polygon", "coordinates": [[[139.713864262, 35.645328407], [139.71347497, 35.645387427], [139.713362241, 35.645060264], [139.713964468, 35.645013445], [139.713986436, 35.645369905], [139.713866928, 35.645373393], [139.713864262, 35.645328407]]]}}, {"id": "13270", "type": "Feature", "properties": {"現象の種類": "急傾斜地の崩壊", "区域区分": "土砂災害警戒区域", "区域名": "-", "所在地": "渋谷区西原1", "告示日": "2019/1/9"}, "geometry": {"type": "Polygon", "coordinates": [[[139.68494309, 35.674675316], [139.684710265, 35.674390258], [139.684962507, 35.674276534], [139.685262979, 35.674541032], [139.685057737, 35.674664099], [139.685023272, 35.674626646], [139.68494309, 35.674675316]]]}}, {"id": "13271", "type": "Feature", "properties": {"現象の種類": "急傾斜地の崩壊", "区域区分": "土砂災害警戒区域", "区域名": "-", "所在地": "渋谷区元代々木町", "告示日": "2019/1/9"}, "geometry": {"type": "Polygon", "coordinates": [[[139.68649501, 35.671559904], [139.686175452, 35.671637332], [139.68610241, 35.671421935], [139.686331673, 35.671366014], [139.686606131, 35.67137658], [139.686703265, 35.671422816], [139.686564735, 35.671594082], [139.68649501, 35.671559904]]]}}, {"id": "13272", "type": "Feature", "properties": {"現象の種類": "急傾斜地の崩壊", "区域区分": "土砂災害警戒区域", "区域名": "-", "所在地": "港区元麻布3", "告示日": "2019/1/9"}, "geometry": {"type": "Polygon", "coordinates": [[[139.731743721, 35.657085266], [139.731612741, 35.657042789], [139.731257559, 35.656833006], [139.731396352, 35.656683564], [139.731738252, 35.656844431], [139.731852878, 35.65693586], [139.731743721, 35.657085266]]]}}, {"id": "13273", "type": "Feature", "properties": {"現象の種類": "急傾斜地の崩壊", "区域区分": "土砂災害警戒区域", "区域名": "-", "所在地": "大田区仲池上1", "告示日": "2019/1/10"}, "geometry": {"type": "Polygon", "coordinates": [[[139.698402601, 35.588210538], [139.698833547, 35.588330359], [139.698701319, 35.588529113], [139.698193768, 35.588447133], [139.69808314, 35.588304827], [139.697864164, 35.588251888], [139.698039722, 35.588021256], [139.698255312, 35.587937441], [139.698202217, 35.58790199], [139.698447696, 35.587666451], [139.698565237, 35.587771295], [139.698801289, 35.587785247], [139.698729298, 35.58791951], [139.69879097, 35.587975225], [139.698621065, 35.58817274], [139.698548271, 35.588127423], [139.698402601, 35.588210538]]]}}, {"id": "13274", "type": "Feature", "properties": {"現象の種類": "急傾斜地の崩壊", "区域区分": "土砂災害警戒区域", "区域名": "-", "所在地": "大田区久が原2", "告示日": "2019/1/10"}, "geometry": {"type": "Polygon", "coordinates": [[[139.695515686, 35.579935334], [139.695714833, 35.580020998], [139.695622414, 35.580210245], [139.695453747, 35.580149408], [139.695515686, 35.579935334]]]}}, {"id": "13275", "type": "Feature", "properties": {"現象の種類": "急傾斜地の崩壊", "区域区分": "土砂災害警戒区域", "区域名": "-", "所在地": "板橋区赤塚4", "告示日": "2019/1/10"}, "geometry": {"type": "Polygon", "coordinates": [[[139.642221981, 35.785976155], [139.642291621, 35.786093274], [139.642290237, 35.78621046], [139.641839532, 35.786178147], [139.64182492, 35.786095671], [139.641959246, 35.785939643], [139.64184126, 35.785892305], [139.641925963, 35.785682204], [139.642069149, 35.785711479], [139.642243192, 35.785867312], [139.642221981, 35.785976155]]]}}, {"id": "13457", "type": "Feature", "properties": {"現象の種類": "急傾斜地の崩壊", "区域区分": "土砂災害警戒区域", "区域名": "-", "所在地": "品川区北品川5", "告示日": "2021/5/7"}, "geometry": {"type": "Polygon", "coordinates": [[[139.732814075, 35.622550061], [139.732830056, 35.623083469], [139.732695206, 35.623289726], [139.732393486, 35.623227132], [139.732382747, 35.623124185], [139.732483426, 35.623081116], [139.73249439, 35.622778156], [139.73242507, 35.622635812], [139.73241902, 35.622452654], [139.732320894, 35.622474153], [139.732272715, 35.622311399], [139.732221581, 35.62229837], [139.73219096, 35.622110636], [139.732648684, 35.622127062], [139.732814075, 35.622550061]]]}}, {"id": "15498", "type": "Feature", "properties": {"現象の種類": "急傾斜地の崩壊", "区域区分": "土砂災害特別警戒区域", "区域名": "-", "所在地": "新宿区下落合4", "告示日": "2021/9/15"}, "geometry": {"type": "Polygon", "coordinates": [[[139.698311361, 35.717775583], [139.698391402, 35.717739832], [139.698358482, 35.717792215], [139.698311361, 35.717775583]]]}}, {"id": "18067", "type": "Feature", "properties": {"現象の種類": "急傾斜地の崩壊", "区域区分": "土砂災害特別警戒区域", "区域名": "-", "所在地": "北区赤羽西3", "告示日": "2016/3/9"}, "geometry": {"type": "Polygon", "coordinates": [[[139.717025647, 35.77107868], [139.717026424, 35.771283347], [139.716965679, 35.771283127], [139.716955285, 35.771090754], [139.717025647, 35.77107868]]]}}, {"id": "20575", "type": "Feature", "properties": {"現象の種類": "急傾斜地の崩壊", "区域区分": "土砂災害特別警戒区域", "区域名": "-", "所在地": "北区赤羽北2　3", "告示日": "2016/3/9"}, "geometry": {"type": "Polygon", "coordinates": [[[139.707958193, 35.783980139], [139.707910407, 35.784081874], [139.707847554, 35.784060165], [139.707904082, 35.783948106], [139.707958193, 35.783980139]]]}}, {"id": "20598", "type": "Feature", "properties": {"現象の種類": "急傾斜地の崩壊", "区域区分": "土砂災害特別警戒区域", "区域名": "-", "所在地": "世田谷区岡本1　2", "告示日": "2016/3/9"}, "geometry": {"type": "Polygon", "coordinates": [[[139.619412799, 35.623219548], [139.619380481, 35.623185566], [139.619437928, 35.623081125], [139.619649697, 35.623025993], [139.619582627, 35.622935721], [139.61989403, 35.622784841], [139.619979685, 35.622668923], [139.620108826, 35.622754401], [139.620033136, 35.622872755], [139.619876153, 35.622944323], [139.619896393, 35.622985556], [139.619767231, 35.623081498], [139.619412799, 35.623219548]]]}}, {"id": "20599", "type": "Feature", "properties": {"現象の種類": "急傾斜地の崩壊", "区域区分": "土砂災害特別警戒区域", "区域名": "-", "所在地": "世田谷区岡本2", "告示日": "2016/3/9"}, "geometry": {"type": "Polygon", "coordinates": [[[139.615589718, 35.623397448], [139.61552476, 35.623433598], [139.615495997, 35.623390541], [139.615565055, 35.623359926], [139.615589718, 35.623397448]]]}}, {"id": "20600", "type": "Feature", "properties": {"現象の種類": "急傾斜地の崩壊", "区域区分": "土砂災害特別警戒区域", "区域名": "-", "所在地": "世田谷区岡本2", "告示日": "2016/3/9"}, "geometry": {"type": "Polygon", "coordinates": [[[139.616054454, 35.623135699], [139.615946811, 35.623181203], [139.615934038, 35.623137909], [139.616013435, 35.623104449], [139.616054454, 35.623135699]]]}}, {"id": "20601", "type": "Feature", "properties": {"現象の種類": "急傾斜地の崩壊", "区域区分": "土砂災害特別警戒区域", "区域名": "-", "所在地": "世田谷区岡本2", "告示日": "2016/3/9"}, "geometry": {"type": "Polygon", "coordinates": [[[139.616155018, 35.622984192], [139.616167583, 35.622875992], [139.616561156, 35.622804285], [139.616592085, 35.622894839], [139.616155018, 35.622984192]]]}}, {"id": "20602", "type": "Feature", "properties": {"現象の種類": "急傾斜地の崩壊", "区域区分": "土砂災害特別警戒区域", "区域名": "-", "所在地": "世田谷区成城4　調布市入間町3", "告示日": "2016/3/9"}, "geometry": {"type": "Polygon", "coordinates": [[[139.589029308, 35.6452078], [139.588821951, 35.645341627], [139.588655697, 35.645372147], [139.588296313, 35.645677915], [139.588261532, 35.645646564], [139.58834036, 35.645488195], [139.588549898, 35.645285701], [139.588747383, 35.645270979], [139.58899787, 35.645175387], [139.589029308, 35.6452078]]]}}, {"id": "20603", "type": "Feature", "properties": {"現象の種類": "急傾斜地の崩壊", "区域区分": "土砂災害特別警戒区域", "区域名": "-", "所在地": "世田谷区成城4", "告示日": "2016/3/9"}, "geometry": {"type": "Polygon", "coordinates": [[[139.590260284, 35.641658843], [139.590282683, 35.641812167], [139.590179012, 35.642185569], [139.590121079, 35.64232813], [139.59002681, 35.642302037], [139.590218685, 35.641643721], [139.590260284, 35.641658843]]]}}, {"id": "20604", "type": "Feature", "properties": {"現象の種類": "急傾斜地の崩壊", "区域区分": "土砂災害特別警戒区域", "区域名": "-", "所在地": "世田谷区成城4", "告示日": "2016/3/9"}, "geometry": {"type": "Polygon", "coordinates": [[[139.591199831, 35.640402563], [139.591175229, 35.640441824], [139.591021929, 35.640388271], [139.591037886, 35.640279088], [139.591199831, 35.640402563]]]}}, {"id": "20605", "type": "Feature", "properties": {"現象の種類": "急傾斜地の崩壊", "区域区分": "土砂災害特別警戒区域", "区域名": "-", "所在地": "世田谷区成城4", "告示日": "2016/3/9"}, "geometry": {"type": "Polygon", "coordinates": [[[139.591486262, 35.639975484], [139.591578157, 35.640200063], [139.591329625, 35.640477118], [139.591119024, 35.640390156], [139.591375612, 35.640073026], [139.591486262, 35.639975484]]]}}, {"id": "20606", "type": "Feature", "properties": {"現象の種類": "急傾斜地の崩壊", "区域区分": "土砂災害特別警戒区域", "区域名": "-", "所在地": "世田谷区成城4", "告示日": "2016/3/9"}, "geometry": {"type": "Polygon", "coordinates": [[[139.592127608, 35.639829605], [139.592399654, 35.640058338], [139.592475568, 35.640367067], [139.592315538, 35.64030688], [139.592178977, 35.640144235], [139.591877337, 35.639958036], [139.592127608, 35.639829605]]]}}, {"id": "20607", "type": "Feature", "properties": {"現象の種類": "急傾斜地の崩壊", "区域区分": "土砂災害特別警戒区域", "区域名": "-", "所在地": "世田谷区大蔵5", "告示日": "2016/3/9"}, "geometry": {"type": "Polygon", "coordinates": [[[139.606900615, 35.627764603], [139.606697441, 35.627844593], [139.606646962, 35.627761766], [139.606857565, 35.627680762], [139.606900615, 35.627764603]]]}}, {"id": "20608", "type": "Feature", "properties": {"現象の種類": "急傾斜地の崩壊", "区域区分": "土砂災害特別警戒区域", "区域名": "-", "所在地": "世田谷区大蔵3", "告示日": "2016/3/9"}, "geometry": {"type": "Polygon", "coordinates": [[[139.606824994, 35.633842503], [139.606782701, 35.633774053], [139.606884943, 35.633777129], [139.606956833, 35.633698176], [139.606994698, 35.633785739], [139.606824994, 35.633842503]]]}}, {"id": "20609", "type": "Feature", "properties": {"現象の種類": "急傾斜地の崩壊", "区域区分": "土砂災害特別警戒区域", "区域名": "-", "所在地": "世田谷区大蔵3", "告示日": "2016/3/9"}, "geometry": {"type": "Polygon", "coordinates": [[[139.6096078, 35.631922807], [139.609641803, 35.632108035], [139.609743126, 35.632187651], [139.609606622, 35.632339199], [139.609649843, 35.632419222], [139.609606386, 35.632496937], [139.60944823, 35.632569202], [139.609316333, 35.632395251], [139.609417769, 35.632384377], [139.609372932, 35.632265333], [139.609506759, 35.63218473], [139.609400181, 35.632066394], [139.60943505, 35.63192826], [139.6096078, 35.631922807]]]}}, {"id": "20610", "type": "Feature", "properties": {"現象の種類": "急傾斜地の崩壊", "区域区分": "土砂災害特別警戒区域", "区域名": "-", "所在地": "世田谷区大蔵3　4", "告示日": "2016/3/9"}, "geometry": {"type": "Polygon", "coordinates": [[[139.609443937, 35.631303382], [139.609904986, 35.63181596], [139.609956104, 35.631983635], [139.609870676, 35.631998583], [139.609809441, 35.631853825], [139.609571302, 35.631624101], [139.609262115, 35.631438834], [139.609443937, 35.631303382]]]}}, {"id": "20611", "type": "Feature", "properties": {"現象の種類": "急傾斜地の崩壊", "区域区分": "土砂災害特別警戒区域", "区域名": "-", "所在地": "世田谷区大蔵4", "告示日": "2016/3/9"}, "geometry": {"type": "Polygon", "coordinates": [[[139.609252994, 35.630533657], [139.609323548, 35.630593121], [139.609210381, 35.630687547], [139.609054915, 35.630713329], [139.609252994, 35.630533657]]]}}, {"id": "20612", "type": "Feature", "properties": {"現象の種類": "急傾斜地の崩壊", "区域区分": "土砂災害特別警戒区域", "区域名": "-", "所在地": "世田谷区大蔵4", "告示日": "2016/3/9"}, "geometry": {"type": "Polygon", "coordinates": [[[139.609482465, 35.630279712], [139.609483823, 35.630410612], [139.609387896, 35.630390033], [139.609443142, 35.630276712], [139.609482465, 35.630279712]]]}}, {"id": "20613", "type": "Feature", "properties": {"現象の種類": "急傾斜地の崩壊", "区域区分": "土砂災害特別警戒区域", "区域名": "-", "所在地": "世田谷区大蔵4", "告示日": "2016/3/9"}, "geometry": {"type": "Polygon", "coordinates": [[[139.610176648, 35.629279121], [139.610227136, 35.62937104], [139.609891737, 35.629653843], [139.609780457, 35.629973821], [139.609836477, 35.63006466], [139.609603963, 35.630096714], [139.60955026, 35.630220818], [139.609499879, 35.630219006], [139.609499967, 35.630072261], [139.609543943, 35.630014318], [139.609487046, 35.629926264], [139.609521213, 35.629783283], [139.60963246, 35.629636738], [139.610071575, 35.629311226], [139.610176648, 35.629279121]]]}}, {"id": "20614", "type": "Feature", "properties": {"現象の種類": "急傾斜地の崩壊", "区域区分": "土砂災害特別警戒区域", "区域名": "-", "所在地": "世田谷区大蔵4", "告示日": "2016/3/9"}, "geometry": {"type": "Polygon", "coordinates": [[[139.610773397, 35.629082961], [139.610818965, 35.62918645], [139.610512492, 35.629414331], [139.61044854, 35.62935918], [139.610773397, 35.629082961]]]}}, {"id": "20615", "type": "Feature", "properties": {"現象の種類": "急傾斜地の崩壊", "区域区分": "土砂災害特別警戒区域", "区域名": "-", "所在地": "世田谷区大蔵4", "告示日": "2016/3/9"}, "geometry": {"type": "Polygon", "coordinates": [[[139.611039943, 35.628989205], [139.611056964, 35.629079356], [139.610879996, 35.628963255], [139.61098369, 35.628729491], [139.611214876, 35.628561462], [139.611295156, 35.628627242], [139.611039943, 35.628989205]]]}}, {"id": "20616", "type": "Feature", "properties": {"現象の種類": "急傾斜地の崩壊", "区域区分": "土砂災害特別警戒区域", "区域名": "-", "所在地": "世田谷区野毛1　等々力1", "告示日": "2016/3/9"}, "geometry": {"type": "Polygon", "coordinates": [[[139.645600984, 35.60420106], [139.645816449, 35.60430651], [139.645778326, 35.60468156], [139.64558893, 35.604850926], [139.645490895, 35.604838856], [139.645592725, 35.604480481], [139.645547585, 35.604304726], [139.645600984, 35.60420106]]]}}, {"id": "20617", "type": "Feature", "properties": {"現象の種類": "急傾斜地の崩壊", "区域区分": "土砂災害特別警戒区域", "区域名": "-", "所在地": "世田谷区野毛1　等々力1", "告示日": "2016/3/9"}, "geometry": {"type": "Polygon", "coordinates": [[[139.645649022, 35.605064288], [139.645600773, 35.605199466], [139.645372708, 35.605253597], [139.645503238, 35.605188909], [139.645484181, 35.604916508], [139.645627582, 35.604908656], [139.645649022, 35.605064288]]]}}, {"id": "20618", "type": "Feature", "properties": {"現象の種類": "急傾斜地の崩壊", "区域区分": "土砂災害特別警戒区域", "区域名": "-", "所在地": "世田谷区野毛1　等々力1", "告示日": "2016/3/9"}, "geometry": {"type": "Polygon", "coordinates": [[[139.645352002, 35.605358744], [139.645440551, 35.605470747], [139.645382712, 35.605486542], [139.645316505, 35.605354235], [139.645331785, 35.605279211], [139.645398599, 35.605270368], [139.645352002, 35.605358744]]]}}, {"id": "20620", "type": "Feature", "properties": {"現象の種類": "急傾斜地の崩壊", "区域区分": "土砂災害特別警戒区域", "区域名": "-", "所在地": "世田谷区中町1　等々力2", "告示日": "2016/3/9"}, "geometry": {"type": "Polygon", "coordinates": [[[139.645739618, 35.606281209], [139.645937116, 35.606657295], [139.645795635, 35.606730257], [139.645586149, 35.606487711], [139.645524289, 35.606328292], [139.645618647, 35.606306701], [139.645573365, 35.606184208], [139.645472442, 35.606128813], [139.645361473, 35.60584035], [139.645545566, 35.605791976], [139.645700355, 35.606288722], [139.645739618, 35.606281209]]]}}, {"id": "20621", "type": "Feature", "properties": {"現象の種類": "急傾斜地の崩壊", "区域区分": "土砂災害特別警戒区域", "区域名": "-", "所在地": "世田谷区中町1　等々力2", "告示日": "2016/3/9"}, "geometry": {"type": "Polygon", "coordinates": [[[139.646539606, 35.607711747], [139.646395514, 35.607744368], [139.646115654, 35.607085939], [139.646016662, 35.606980435], [139.64601275, 35.606905575], [139.64587321, 35.606822266], [139.646016312, 35.606731206], [139.64608973, 35.606851913], [139.646293525, 35.60700674], [139.646435467, 35.607281079], [139.646539606, 35.607711747]]]}}, {"id": "20622", "type": "Feature", "properties": {"現象の種類": "急傾斜地の崩壊", "区域区分": "土砂災害特別警戒区域", "区域名": "-", "所在地": "世田谷区尾山台2", "告示日": "2016/3/9"}, "geometry": {"type": "Polygon", "coordinates": [[[139.655309, 35.600904885], [139.655228764, 35.601005033], [139.654718496, 35.600872723], [139.654586249, 35.600662475], [139.654727603, 35.600692476], [139.654786485, 35.600762792], [139.655309, 35.600904885]]]}}, {"id": "20623", "type": "Feature", "properties": {"現象の種類": "急傾斜地の崩壊", "区域区分": "土砂災害特別警戒区域", "区域名": "-", "所在地": "世田谷区岡本1　2", "告示日": "2016/3/9"}, "geometry": {"type": "Polygon", "coordinates": [[[139.618664079, 35.624561638], [139.618533364, 35.624739845], [139.618572004, 35.624777339], [139.618442047, 35.624786464], [139.61835156, 35.624691453], [139.618451547, 35.624496299], [139.618546977, 35.624524168], [139.618787877, 35.624006389], [139.618831775, 35.624021288], [139.618648751, 35.624498383], [139.618664079, 35.624561638]]]}}, {"id": "20624", "type": "Feature", "properties": {"現象の種類": "急傾斜地の崩壊", "区域区分": "土砂災害特別警戒区域", "区域名": "-", "所在地": "世田谷区野毛2", "告示日": "2016/3/9"}, "geometry": {"type": "Polygon", "coordinates": [[[139.639306354, 35.604664244], [139.639359561, 35.604697775], [139.639181675, 35.604834473], [139.639100913, 35.604766753], [139.639319693, 35.604388122], [139.639452811, 35.604447987], [139.639306354, 35.604664244]]]}}, {"id": "20625", "type": "Feature", "properties": {"現象の種類": "急傾斜地の崩壊", "区域区分": "土砂災害特別警戒区域", "区域名": "-", "所在地": "世田谷区成城4", "告示日": "2016/3/9"}, "geometry": {"type": "Polygon", "coordinates": [[[139.589601924, 35.643303582], [139.589817732, 35.643338117], [139.58978938, 35.643533215], [139.589582081, 35.643500816], [139.589601924, 35.643303582]]]}}, {"id": "20626", "type": "Feature", "properties": {"現象の種類": "急傾斜地の崩壊", "区域区分": "土砂災害特別警戒区域", "区域名": "-", "所在地": "世田谷区成城4", "告示日": "2016/3/9"}, "geometry": {"type": "Polygon", "coordinates": [[[139.589973042, 35.642324389], [139.59015794, 35.642344804], [139.590083871, 35.642472586], [139.589978077, 35.642452446], [139.589973042, 35.642324389]]]}}, {"id": "20627", "type": "Feature", "properties": {"現象の種類": "急傾斜地の崩壊", "区域区分": "土砂災害特別警戒区域", "区域名": "-", "所在地": "世田谷区成城4", "告示日": "2016/3/9"}, "geometry": {"type": "Polygon", "coordinates": [[[139.589748418, 35.644140861], [139.589792872, 35.644189959], [139.589738491, 35.644165344], [139.589748418, 35.644140861]]]}}, {"id": "20628", "type": "Feature", "properties": {"現象の種類": "急傾斜地の崩壊", "区域区分": "土砂災害特別警戒区域", "区域名": "-", "所在地": "世田谷区等々力1　野毛1", "告示日": "2016/3/9"}, "geometry": {"type": "Polygon", "coordinates": [[[139.646342914, 35.604405823], [139.646399355, 35.604437406], [139.646137602, 35.60472832], [139.645882833, 35.604661302], [139.64605941, 35.604611188], [139.64622616, 35.604349182], [139.646290866, 35.604141289], [139.646551088, 35.603930383], [139.646558716, 35.603854091], [139.646383753, 35.603678803], [139.646431273, 35.603520313], [139.646346444, 35.603501437], [139.646292914, 35.60331055], [139.645804464, 35.602866245], [139.645769182, 35.602464511], [139.645849539, 35.602464457], [139.645852638, 35.602671626], [139.64594585, 35.602890383], [139.646554567, 35.603429688], [139.646637274, 35.603548615], [139.646671088, 35.60375395], [139.646789187, 35.603912279], [139.646680291, 35.604117819], [139.646342914, 35.604405823]]]}}, {"id": "20629", "type": "Feature", "properties": {"現象の種類": "急傾斜地の崩壊", "区域区分": "土砂災害特別警戒区域", "区域名": "-", "所在地": "世田谷区等々力2　中町1", "告示日": "2016/3/9"}, "geometry": {"type": "Polygon", "coordinates": [[[139.646657204, 35.607934569], [139.646634513, 35.608054348], [139.646386888, 35.608353866], [139.64633706, 35.608322863], [139.64656028, 35.608022158], [139.646590968, 35.607921978], [139.6465271, 35.607892451], [139.646620865, 35.607876781], [139.646657204, 35.607934569]]]}}, {"id": "20630", "type": "Feature", "properties": {"現象の種類": "急傾斜地の崩壊", "区域区分": "土砂災害特別警戒区域", "区域名": "-", "所在地": "世田谷区等々力2　中町1", "告示日": "2016/3/9"}, "geometry": {"type": "Polygon", "coordinates": [[[139.645729403, 35.605877126], [139.645935052, 35.606407217], [139.645994179, 35.606457287], [139.646003422, 35.606585048], [139.646427802, 35.607026035], [139.64653759, 35.607362215], [139.646601983, 35.607830707], [139.646525632, 35.607841972], [139.646252917, 35.607126842], [139.645947877, 35.606824478], [139.645723539, 35.606465627], [139.645503519, 35.60578768], [139.645616084, 35.605756732], [139.645668663, 35.605890207], [139.645729403, 35.605877126]]]}}, {"id": "20631", "type": "Feature", "properties": {"現象の種類": "急傾斜地の崩壊", "区域区分": "土砂災害特別警戒区域", "区域名": "-", "所在地": "世田谷区野毛1", "告示日": "2016/3/9"}, "geometry": {"type": "Polygon", "coordinates": [[[139.645853365, 35.603198306], [139.646088746, 35.603280117], [139.646143135, 35.603453528], [139.646098924, 35.603472383], [139.645998682, 35.603366745], [139.645804514, 35.60332472], [139.645793182, 35.603267837], [139.645853365, 35.603198306]]]}}, {"id": "20632", "type": "Feature", "properties": {"現象の種類": "急傾斜地の崩壊", "区域区分": "土砂災害特別警戒区域", "区域名": "-", "所在地": "世田谷区中町1", "告示日": "2016/3/9"}, "geometry": {"type": "Polygon", "coordinates": [[[139.645797893, 35.6083099], [139.645398387, 35.608573085], [139.645771399, 35.608270294], [139.646197749, 35.608289843], [139.646288141, 35.608236431], [139.646422621, 35.608081084], [139.646477375, 35.607905608], [139.646527544, 35.607897066], [139.646434678, 35.608101444], [139.646266981, 35.608315409], [139.645797893, 35.6083099]]]}}, {"id": "20633", "type": "Feature", "properties": {"現象の種類": "急傾斜地の崩壊", "区域区分": "土砂災害特別警戒区域", "区域名": "-", "所在地": "板橋区成増1　練馬区旭町3", "告示日": "2016/3/9"}, "geometry": {"type": "Polygon", "coordinates": [[[139.62556077, 35.778423163], [139.625731879, 35.778730104], [139.625677624, 35.778782431], [139.625593741, 35.778733962], [139.625490875, 35.778442371], [139.62556077, 35.778423163]]]}}, {"id": "20634", "type": "Feature", "properties": {"現象の種類": "急傾斜地の崩壊", "区域区分": "土砂災害特別警戒区域", "区域名": "-", "所在地": "板橋区徳丸8", "告示日": "2016/3/9"}, "geometry": {"type": "Polygon", "coordinates": [[[139.656748509, 35.781030254], [139.656859332, 35.781033832], [139.656868755, 35.781580364], [139.656768759, 35.781584738], [139.656748509, 35.781030254]]]}}, {"id": "20635", "type": "Feature", "properties": {"現象の種類": "急傾斜地の崩壊", "区域区分": "土砂災害特別警戒区域", "区域名": "-", "所在地": "板橋区徳丸8", "告示日": "2016/3/9"}, "geometry": {"type": "Polygon", "coordinates": [[[139.657056067, 35.78188947], [139.656834531, 35.781763491], [139.656925951, 35.781656851], [139.65705934, 35.78169385], [139.657246399, 35.781640167], [139.657056067, 35.78188947]]]}}, {"id": "20636", "type": "Feature", "properties": {"現象の種類": "急傾斜地の崩壊", "区域区分": "土砂災害特別警戒区域", "区域名": "-", "所在地": "板橋区中台2", "告示日": "2016/3/9"}, "geometry": {"type": "Polygon", "coordinates": [[[139.682785095, 35.770174537], [139.682849434, 35.770423287], [139.682612745, 35.770540265], [139.682531059, 35.77037044], [139.682576028, 35.770189569], [139.682785095, 35.770174537]]]}}, {"id": "20637", "type": "Feature", "properties": {"現象の種類": "急傾斜地の崩壊", "区域区分": "土砂災害特別警戒区域", "区域名": "-", "所在地": "板橋区中台2", "告示日": "2016/3/9"}, "geometry": {"type": "Polygon", "coordinates": [[[139.683323959, 35.771584977], [139.683398486, 35.77184695], [139.683266123, 35.771865402], [139.682846069, 35.770965106], [139.683055015, 35.770905485], [139.683348117, 35.771508131], [139.683323959, 35.771584977]]]}}, {"id": "20638", "type": "Feature", "properties": {"現象の種類": "急傾斜地の崩壊", "区域区分": "土砂災害特別警戒区域", "区域名": "-", "所在地": "板橋区赤塚5　8", "告示日": "2016/3/9"}, "geometry": {"type": "Polygon", "coordinates": [[[139.644348354, 35.785355683], [139.644475442, 35.785384139], [139.644369204, 35.785623502], [139.644321761, 35.785617336], [139.644299165, 35.785534579], [139.644348354, 35.785355683]]]}}, {"id": "20639", "type": "Feature", "properties": {"現象の種類": "急傾斜地の崩壊", "区域区分": "土砂災害特別警戒区域", "区域名": "-", "所在地": "板橋区西台3", "告示日": "2016/3/9"}, "geometry": {"type": "Polygon", "coordinates": [[[139.667684379, 35.776989729], [139.667684387, 35.776953274], [139.667871357, 35.776886679], [139.667930354, 35.776941863], [139.667684379, 35.776989729]]]}}, {"id": "20640", "type": "Feature", "properties": {"現象の種類": "急傾斜地の崩壊", "区域区分": "土砂災害特別警戒区域", "区域名": "-", "所在地": "板橋区西台2", "告示日": "2016/3/9"}, "geometry": {"type": "Polygon", "coordinates": [[[139.671803823, 35.778786359], [139.67201128, 35.779117168], [139.672025445, 35.779289888], [139.671986355, 35.779348092], [139.671935967, 35.779346025], [139.671913641, 35.779135791], [139.671699852, 35.778855735], [139.671803823, 35.778786359]]]}}, {"id": "20641", "type": "Feature", "properties": {"現象の種類": "急傾斜地の崩壊", "区域区分": "土砂災害特別警戒区域", "区域名": "-", "所在地": "板橋区志村2　3　前野町4", "告示日": "2016/3/9"}, "geometry": {"type": "Polygon", "coordinates": [[[139.687232162, 35.774456315], [139.687122277, 35.774682832], [139.687076092, 35.774666567], [139.687183766, 35.774435891], [139.687232162, 35.774456315]]]}}, {"id": "20642", "type": "Feature", "properties": {"現象の種類": "急傾斜地の崩壊", "区域区分": "土砂災害特別警戒区域", "区域名": "-", "所在地": "板橋区志村2　3　前野町4", "告示日": "2016/3/9"}, "geometry": {"type": "Polygon", "coordinates": [[[139.687317747, 35.774302483], [139.687710663, 35.77436137], [139.687939706, 35.774390334], [139.687907943, 35.774487318], [139.68731322, 35.774381467], [139.687317747, 35.774302483]]]}}, {"id": "20643", "type": "Feature", "properties": {"現象の種類": "急傾斜地の崩壊", "区域区分": "土砂災害特別警戒区域", "区域名": "-", "所在地": "板橋区志村1　2", "告示日": "2016/3/9"}, "geometry": {"type": "Polygon", "coordinates": [[[139.688289293, 35.774510522], [139.688440475, 35.774593641], [139.688417791, 35.774639176], [139.68827108, 35.774561847], [139.688289293, 35.774510522]]]}}, {"id": "20644", "type": "Feature", "properties": {"現象の種類": "急傾斜地の崩壊", "区域区分": "土砂災害特別警戒区域", "区域名": "-", "所在地": "板橋区中台3", "告示日": "2016/3/9"}, "geometry": {"type": "Polygon", "coordinates": [[[139.681395886, 35.774246277], [139.681337737, 35.774343151], [139.681209944, 35.774362472], [139.681197208, 35.77420962], [139.681234109, 35.774194539], [139.681199327, 35.77417117], [139.681338002, 35.774061452], [139.681395886, 35.774246277]]]}}, {"id": "20646", "type": "Feature", "properties": {"現象の種類": "急傾斜地の崩壊", "区域区分": "土砂災害特別警戒区域", "区域名": "-", "所在地": "板橋区志村2　3", "告示日": "2016/3/9"}, "geometry": {"type": "Polygon", "coordinates": [[[139.688218376, 35.776845884], [139.688225138, 35.776984479], [139.687832142, 35.776982304], [139.687724604, 35.776914061], [139.68713122, 35.776802159], [139.686955321, 35.776704661], [139.686480001, 35.776636952], [139.686142585, 35.776527758], [139.686256092, 35.776330365], [139.6868897, 35.776456632], [139.686871822, 35.776531805], [139.687332259, 35.776616418], [139.687908173, 35.776829924], [139.688218376, 35.776845884]]]}}, {"id": "20647", "type": "Feature", "properties": {"現象の種類": "急傾斜地の崩壊", "区域区分": "土砂災害特別警戒区域", "区域名": "-", "所在地": "板橋区徳丸8", "告示日": "2016/3/9"}, "geometry": {"type": "Polygon", "coordinates": [[[139.659280506, 35.782124789], [139.658821071, 35.782171759], [139.658779662, 35.782076478], [139.658837723, 35.781995772], [139.658874298, 35.782039092], [139.659075646, 35.782031768], [139.659234217, 35.782000126], [139.659285279, 35.781931798], [139.659378762, 35.781990907], [139.659280506, 35.782124789]]]}}, {"id": "20648", "type": "Feature", "properties": {"現象の種類": "急傾斜地の崩壊", "区域区分": "土砂災害特別警戒区域", "区域名": "-", "所在地": "板橋区徳丸8", "告示日": "2016/3/9"}, "geometry": {"type": "Polygon", "coordinates": [[[139.660289028, 35.781875536], [139.660093476, 35.781925942], [139.659809519, 35.781902325], [139.659857365, 35.781796918], [139.660213822, 35.781770054], [139.660330592, 35.781702459], [139.660404016, 35.781778883], [139.660289028, 35.781875536]]]}}, {"id": "20649", "type": "Feature", "properties": {"現象の種類": "急傾斜地の崩壊", "区域区分": "土砂災害特別警戒区域", "区域名": "-", "所在地": "板橋区徳丸7", "告示日": "2016/3/9"}, "geometry": {"type": "Polygon", "coordinates": [[[139.661000557, 35.781686979], [139.660761225, 35.781743641], [139.660758635, 35.781701434], [139.660949966, 35.781581003], [139.661184371, 35.781523943], [139.662546335, 35.781338453], [139.663748239, 35.781001724], [139.663793684, 35.781088093], [139.662545473, 35.781501629], [139.661112381, 35.781723148], [139.661000557, 35.781686979]]]}}, {"id": "20650", "type": "Feature", "properties": {"現象の種類": "急傾斜地の崩壊", "区域区分": "土砂災害特別警戒区域", "区域名": "-", "所在地": "板橋区徳丸3", "告示日": "2016/3/9"}, "geometry": {"type": "Polygon", "coordinates": [[[139.658106508, 35.775491285], [139.657969252, 35.775455498], [139.657949983, 35.775436643], [139.658015423, 35.775400372], [139.658170243, 35.775447072], [139.658106508, 35.775491285]]]}}, {"id": "20651", "type": "Feature", "properties": {"現象の種類": "急傾斜地の崩壊", "区域区分": "土砂災害特別警戒区域", "区域名": "-", "所在地": "板橋区中台2", "告示日": "2016/3/9"}, "geometry": {"type": "Polygon", "coordinates": [[[139.682309534, 35.769381912], [139.682339367, 35.769439082], [139.682167022, 35.769484267], [139.681835394, 35.769328823], [139.681794553, 35.769154469], [139.681849507, 35.769136071], [139.681986283, 35.769253329], [139.682309534, 35.769381912]]]}}, {"id": "20652", "type": "Feature", "properties": {"現象の種類": "急傾斜地の崩壊", "区域区分": "土砂災害特別警戒区域", "区域名": "-", "所在地": "板橋区中台2", "告示日": "2016/3/9"}, "geometry": {"type": "Polygon", "coordinates": [[[139.681792032, 35.769021309], [139.68171413, 35.769155136], [139.681674152, 35.769150628], [139.68169192, 35.769061435], [139.681609565, 35.768841043], [139.681648888, 35.768833538], [139.681792032, 35.769021309]]]}}, {"id": "20653", "type": "Feature", "properties": {"現象の種類": "急傾斜地の崩壊", "区域区分": "土砂災害特別警戒区域", "区域名": "-", "所在地": "板橋区中台3", "告示日": "2016/3/9"}, "geometry": {"type": "Polygon", "coordinates": [[[139.677423193, 35.771235327], [139.677588004, 35.771306305], [139.677693861, 35.771487484], [139.677633437, 35.771525422], [139.677322026, 35.77135493], [139.677423193, 35.771235327]]]}}, {"id": "20654", "type": "Feature", "properties": {"現象の種類": "急傾斜地の崩壊", "区域区分": "土砂災害特別警戒区域", "区域名": "-", "所在地": "板橋区中台3", "告示日": "2016/3/9"}, "geometry": {"type": "Polygon", "coordinates": [[[139.680636246, 35.772326], [139.680725705, 35.772477281], [139.680678089, 35.772511665], [139.680489638, 35.772316224], [139.680636246, 35.772326]]]}}, {"id": "20655", "type": "Feature", "properties": {"現象の種類": "急傾斜地の崩壊", "区域区分": "土砂災害特別警戒区域", "区域名": "-", "所在地": "板橋区中台3", "告示日": "2016/3/9"}, "geometry": {"type": "Polygon", "coordinates": [[[139.680967693, 35.773115624], [139.680860403, 35.77313833], [139.680784602, 35.773002342], [139.680924773, 35.772958011], [139.680967693, 35.773115624]]]}}, {"id": "20656", "type": "Feature", "properties": {"現象の種類": "急傾斜地の崩壊", "区域区分": "土砂災害特別警戒区域", "区域名": "-", "所在地": "板橋区中台3", "告示日": "2016/3/9"}, "geometry": {"type": "Polygon", "coordinates": [[[139.679370815, 35.773602193], [139.678943801, 35.773583429], [139.678934417, 35.77352929], [139.679309048, 35.773512139], [139.679456539, 35.773369327], [139.679533991, 35.773405134], [139.679370815, 35.773602193]]]}}, {"id": "20657", "type": "Feature", "properties": {"現象の種類": "急傾斜地の崩壊", "区域区分": "土砂災害特別警戒区域", "区域名": "-", "所在地": "板橋区中台3", "告示日": "2016/3/9"}, "geometry": {"type": "Polygon", "coordinates": [[[139.679502673, 35.772857916], [139.679455549, 35.772940859], [139.67929511, 35.772952314], [139.679283288, 35.772873362], [139.679341707, 35.772797859], [139.679416545, 35.772784812], [139.679502673, 35.772857916]]]}}, {"id": "20658", "type": "Feature", "properties": {"現象の種類": "急傾斜地の崩壊", "区域区分": "土砂災害特別警戒区域", "区域名": "-", "所在地": "板橋区赤塚5", "告示日": "2016/3/9"}, "geometry": {"type": "Polygon", "coordinates": [[[139.642415874, 35.785028572], [139.642499898, 35.785065608], [139.642416996, 35.785166274], [139.642315984, 35.785090561], [139.642234067, 35.784898173], [139.642343704, 35.784872132], [139.642415874, 35.785028572]]]}}, {"id": "20659", "type": "Feature", "properties": {"現象の種類": "急傾斜地の崩壊", "区域区分": "土砂災害特別警戒区域", "区域名": "-", "所在地": "板橋区中台3", "告示日": "2016/3/9"}, "geometry": {"type": "Polygon", "coordinates": [[[139.681370948, 35.775104119], [139.68134921, 35.775245171], [139.681221031, 35.775265878], [139.681115173, 35.775126025], [139.68099356, 35.774842348], [139.681133981, 35.774792745], [139.681152577, 35.774709703], [139.680997289, 35.774723619], [139.681084539, 35.774636832], [139.681281006, 35.774659983], [139.681226823, 35.774844874], [139.681291908, 35.775072732], [139.681319595, 35.775116402], [139.681370948, 35.775104119]]]}}, {"id": "20660", "type": "Feature", "properties": {"現象の種類": "急傾斜地の崩壊", "区域区分": "土砂災害特別警戒区域", "区域名": "-", "所在地": "板橋区中台3", "告示日": "2016/3/9"}, "geometry": {"type": "Polygon", "coordinates": [[[139.677075554, 35.77576805], [139.677852988, 35.775981136], [139.677839707, 35.776022784], [139.677485237, 35.775959741], [139.677075554, 35.77576805]]]}}, {"id": "20661", "type": "Feature", "properties": {"現象の種類": "急傾斜地の崩壊", "区域区分": "土砂災害特別警戒区域", "区域名": "-", "所在地": "板橋区大門　高島平4", "告示日": "2016/3/9"}, "geometry": {"type": "Polygon", "coordinates": [[[139.647238977, 35.785349281], [139.646955547, 35.785453358], [139.646602829, 35.785455519], [139.646637003, 35.785320445], [139.647238676, 35.785208954], [139.647712314, 35.785188778], [139.649201199, 35.784802728], [139.649415109, 35.784703586], [139.649612126, 35.784942312], [139.649316161, 35.785071854], [139.648030311, 35.785415936], [139.647717105, 35.785434994], [139.647238977, 35.785349281]]]}}, {"id": "20662", "type": "Feature", "properties": {"現象の種類": "急傾斜地の崩壊", "区域区分": "土砂災害特別警戒区域", "区域名": "-", "所在地": "板橋区大門", "告示日": "2016/3/9"}, "geometry": {"type": "Polygon", "coordinates": [[[139.650506561, 35.784123884], [139.650563476, 35.784192419], [139.650520217, 35.784344219], [139.650407036, 35.784442965], [139.650377128, 35.784323385], [139.650506561, 35.784123884]]]}}, {"id": "20663", "type": "Feature", "properties": {"現象の種類": "急傾斜地の崩壊", "区域区分": "土砂災害特別警戒区域", "区域名": "-", "所在地": "板橋区前野町5", "告示日": "2016/3/9"}, "geometry": {"type": "Polygon", "coordinates": [[[139.684027136, 35.770438514], [139.684190454, 35.77098839], [139.68417037, 35.771134776], [139.684093033, 35.771155974], [139.683731168, 35.770549161], [139.683819871, 35.770511952], [139.68379737, 35.770458758], [139.683974574, 35.77038222], [139.684027136, 35.770438514]]]}}, {"id": "20664", "type": "Feature", "properties": {"現象の種類": "急傾斜地の崩壊", "区域区分": "土砂災害特別警戒区域", "区域名": "-", "所在地": "板橋区赤塚5　8", "告示日": "2016/3/9"}, "geometry": {"type": "Polygon", "coordinates": [[[139.644920461, 35.783876033], [139.64508577, 35.78391755], [139.644940368, 35.784482358], [139.644815038, 35.784479116], [139.644920461, 35.783876033]]]}}, {"id": "20665", "type": "Feature", "properties": {"現象の種類": "急傾斜地の崩壊", "区域区分": "土砂災害特別警戒区域", "区域名": "-", "所在地": "板橋区赤塚8", "告示日": "2016/3/9"}, "geometry": {"type": "Polygon", "coordinates": [[[139.645044617, 35.784605791], [139.645026528, 35.784721776], [139.644890163, 35.784901882], [139.64471228, 35.785042109], [139.644619674, 35.785021911], [139.644819342, 35.784849279], [139.64497766, 35.784628785], [139.644844734, 35.784602841], [139.644847899, 35.784504445], [139.644918586, 35.784510699], [139.644902219, 35.784573863], [139.645044617, 35.784605791]]]}}, {"id": "20666", "type": "Feature", "properties": {"現象の種類": "急傾斜地の崩壊", "区域区分": "土砂災害特別警戒区域", "区域名": "-", "所在地": "板橋区赤塚4", "告示日": "2016/3/9"}, "geometry": {"type": "Polygon", "coordinates": [[[139.640969126, 35.783795702], [139.641067244, 35.783866001], [139.64075589, 35.784002426], [139.640729011, 35.783937518], [139.64088938, 35.783894069], [139.640969126, 35.783795702]]]}}, {"id": "20667", "type": "Feature", "properties": {"現象の種類": "急傾斜地の崩壊", "区域区分": "土砂災害特別警戒区域", "区域名": "-", "所在地": "板橋区赤塚5　三園1", "告示日": "2016/3/9"}, "geometry": {"type": "Polygon", "coordinates": [[[139.640015809, 35.787390997], [139.639739283, 35.787510643], [139.639561301, 35.787297503], [139.641052891, 35.786712326], [139.641688608, 35.786538272], [139.641759765, 35.786670327], [139.640717308, 35.786978205], [139.640540008, 35.787116233], [139.640061897, 35.787285638], [139.640015809, 35.787390997]]]}}, {"id": "20668", "type": "Feature", "properties": {"現象の種類": "急傾斜地の崩壊", "区域区分": "土砂災害特別警戒区域", "区域名": "-", "所在地": "板橋区赤塚5", "告示日": "2016/3/9"}, "geometry": {"type": "Polygon", "coordinates": [[[139.644363143, 35.784132637], [139.644223527, 35.784599494], [139.644059249, 35.78455476], [139.644236404, 35.783944877], [139.644371585, 35.783891987], [139.644363143, 35.784132637]]]}}, {"id": "20669", "type": "Feature", "properties": {"現象の種類": "急傾斜地の崩壊", "区域区分": "土砂災害特別警戒区域", "区域名": "-", "所在地": "板橋区赤塚5", "告示日": "2016/3/9"}, "geometry": {"type": "Polygon", "coordinates": [[[139.644046817, 35.783059564], [139.644021603, 35.783112094], [139.643865874, 35.783086731], [139.643887564, 35.783042316], [139.644046817, 35.783059564]]]}}, {"id": "20670", "type": "Feature", "properties": {"現象の種類": "急傾斜地の崩壊", "区域区分": "土砂災害特別警戒区域", "区域名": "-", "所在地": "板橋区赤塚4　5", "告示日": "2016/3/9"}, "geometry": {"type": "Polygon", "coordinates": [[[139.64163068, 35.783811962], [139.641809433, 35.78402449], [139.641937581, 35.784321424], [139.641914656, 35.78435765], [139.641583798, 35.783827156], [139.64163068, 35.783811962]]]}}, {"id": "20671", "type": "Feature", "properties": {"現象の種類": "急傾斜地の崩壊", "区域区分": "土砂災害特別警戒区域", "区域名": "-", "所在地": "板橋区西台3", "告示日": "2016/3/9"}, "geometry": {"type": "Polygon", "coordinates": [[[139.667667975, 35.776082335], [139.667514762, 35.776215267], [139.667469313, 35.7764065], [139.667387034, 35.776514151], [139.667279262, 35.776429456], [139.667518702, 35.776103291], [139.66764077, 35.776045802], [139.667667975, 35.776082335]]]}}, {"id": "20672", "type": "Feature", "properties": {"現象の種類": "急傾斜地の崩壊", "区域区分": "土砂災害特別警戒区域", "区域名": "-", "所在地": "板橋区西台1", "告示日": "2016/3/9"}, "geometry": {"type": "Polygon", "coordinates": [[[139.672588172, 35.773823551], [139.672606288, 35.773868605], [139.672405651, 35.773961103], [139.672344225, 35.773849639], [139.672588172, 35.773823551]]]}}, {"id": "20673", "type": "Feature", "properties": {"現象の種類": "急傾斜地の崩壊", "区域区分": "土砂災害特別警戒区域", "区域名": "-", "所在地": "板橋区西台1", "告示日": "2016/3/9"}, "geometry": {"type": "Polygon", "coordinates": [[[139.672258598, 35.774281384], [139.671614199, 35.774486573], [139.671465906, 35.774378995], [139.671989374, 35.774216747], [139.672240226, 35.774241178], [139.672258598, 35.774281384]]]}}, {"id": "20674", "type": "Feature", "properties": {"現象の種類": "急傾斜地の崩壊", "区域区分": "土砂災害特別警戒区域", "区域名": "-", "所在地": "板橋区西台1　若木3", "告示日": "2016/3/9"}, "geometry": {"type": "Polygon", "coordinates": [[[139.674255531, 35.774906979], [139.674501424, 35.775201303], [139.67439924, 35.775319485], [139.674307744, 35.775251081], [139.674354052, 35.775183714], [139.674133821, 35.774957652], [139.674255531, 35.774906979]]]}}, {"id": "20675", "type": "Feature", "properties": {"現象の種類": "急傾斜地の崩壊", "区域区分": "土砂災害特別警戒区域", "区域名": "-", "所在地": "板橋区西台1", "告示日": "2016/3/9"}, "geometry": {"type": "Polygon", "coordinates": [[[139.673920743, 35.774926627], [139.673833417, 35.774845081], [139.673827637, 35.774758339], [139.673877487, 35.774736561], [139.673988878, 35.774859934], [139.673920743, 35.774926627]]]}}, {"id": "20676", "type": "Feature", "properties": {"現象の種類": "急傾斜地の崩壊", "区域区分": "土砂災害特別警戒区域", "区域名": "-", "所在地": "板橋区西台1", "告示日": "2016/3/9"}, "geometry": {"type": "Polygon", "coordinates": [[[139.67342724, 35.774608874], [139.673190267, 35.774683191], [139.673109744, 35.774626929], [139.673405363, 35.774571908], [139.67342724, 35.774608874]]]}}, {"id": "20677", "type": "Feature", "properties": {"現象の種類": "急傾斜地の崩壊", "区域区分": "土砂災害特別警戒区域", "区域名": "-", "所在地": "板橋区成増5", "告示日": "2016/3/9"}, "geometry": {"type": "Polygon", "coordinates": [[[139.630844325, 35.785490226], [139.631290364, 35.785710042], [139.631444749, 35.785824523], [139.631381137, 35.785901567], [139.630764179, 35.785569491], [139.630844325, 35.785490226]]]}}, {"id": "20678", "type": "Feature", "properties": {"現象の種類": "急傾斜地の崩壊", "区域区分": "土砂災害特別警戒区域", "区域名": "-", "所在地": "板橋区成増1　2", "告示日": "2016/3/9"}, "geometry": {"type": "Polygon", "coordinates": [[[139.627187584, 35.778635872], [139.627218006, 35.778686373], [139.625756854, 35.779255199], [139.625830148, 35.779135995], [139.627055922, 35.778651999], [139.627187584, 35.778635872]]]}}, {"id": "20679", "type": "Feature", "properties": {"現象の種類": "急傾斜地の崩壊", "区域区分": "土砂災害特別警戒区域", "区域名": "-", "所在地": "板橋区小豆沢4", "告示日": "2016/3/9"}, "geometry": {"type": "Polygon", "coordinates": [[[139.698518008, 35.780197193], [139.698450273, 35.78040091], [139.698281941, 35.780408749], [139.697248083, 35.779977799], [139.697278204, 35.779923867], [139.697574665, 35.779935189], [139.698392019, 35.780221098], [139.698518008, 35.780197193]]]}}, {"id": "20680", "type": "Feature", "properties": {"現象の種類": "急傾斜地の崩壊", "区域区分": "土砂災害特別警戒区域", "区域名": "-", "所在地": "板橋区小豆沢4", "告示日": "2016/3/9"}, "geometry": {"type": "Polygon", "coordinates": [[[139.698696937, 35.780276592], [139.699199606, 35.780517574], [139.699548807, 35.780608404], [139.699744512, 35.780832731], [139.699998901, 35.780972847], [139.69997629, 35.781020003], [139.699694832, 35.780937376], [139.699632279, 35.780833749], [139.699246602, 35.78080357], [139.698820839, 35.780625442], [139.698666897, 35.780493643], [139.698655656, 35.78032331], [139.698696937, 35.780276592]]]}}, {"id": "20681", "type": "Feature", "properties": {"現象の種類": "急傾斜地の崩壊", "区域区分": "土砂災害特別警戒区域", "区域名": "-", "所在地": "板橋区小豆沢4", "告示日": "2016/3/9"}, "geometry": {"type": "Polygon", "coordinates": [[[139.699774652, 35.780684376], [139.700290242, 35.780916349], [139.700248014, 35.781052617], [139.699753865, 35.780712558], [139.699774652, 35.780684376]]]}}, {"id": "20682", "type": "Feature", "properties": {"現象の種類": "急傾斜地の崩壊", "区域区分": "土砂災害特別警戒区域", "区域名": "-", "所在地": "板橋区小豆沢4", "告示日": "2016/3/9"}, "geometry": {"type": "Polygon", "coordinates": [[[139.700380613, 35.780943338], [139.701682755, 35.781484716], [139.701627528, 35.781621954], [139.70063503, 35.781283081], [139.700496626, 35.781161525], [139.700316176, 35.781096772], [139.700380613, 35.780943338]]]}}, {"id": "20683", "type": "Feature", "properties": {"現象の種類": "急傾斜地の崩壊", "区域区分": "土砂災害特別警戒区域", "区域名": "-", "所在地": "北区赤羽西5", "告示日": "2016/3/9"}, "geometry": {"type": "Polygon", "coordinates": [[[139.712320877, 35.773174196], [139.712774863, 35.773360178], [139.712695462, 35.773446114], [139.712268356, 35.773276507], [139.712010849, 35.773231762], [139.71177323, 35.773274215], [139.711714491, 35.77320677], [139.712022454, 35.773129361], [139.712320877, 35.773174196]]]}}, {"id": "20684", "type": "Feature", "properties": {"現象の種類": "急傾斜地の崩壊", "区域区分": "土砂災害特別警戒区域", "区域名": "-", "所在地": "板橋区小豆沢3", "告示日": "2016/3/9"}, "geometry": {"type": "Polygon", "coordinates": [[[139.697039511, 35.779426065], [139.696522155, 35.779691984], [139.69641262, 35.779692537], [139.696021806, 35.779527811], [139.695281897, 35.779383316], [139.695197962, 35.779226294], [139.69492788, 35.779115299], [139.694555633, 35.779113241], [139.694652642, 35.77886613], [139.695018706, 35.778975445], [139.6949862, 35.779030522], [139.695260828, 35.779129839], [139.695300428, 35.779076317], [139.695538365, 35.779164751], [139.695659858, 35.779267602], [139.696093069, 35.779314478], [139.696530058, 35.779470084], [139.696809158, 35.779398097], [139.697275607, 35.779054639], [139.697316935, 35.779106892], [139.697155644, 35.779225522], [139.697039511, 35.779426065]]]}}, {"id": "20685", "type": "Feature", "properties": {"現象の種類": "急傾斜地の崩壊", "区域区分": "土砂災害特別警戒区域", "区域名": "-", "所在地": "板橋区志村1", "告示日": "2016/3/9"}, "geometry": {"type": "Polygon", "coordinates": [[[139.691229438, 35.774933521], [139.691405434, 35.775176442], [139.691311894, 35.775274047], [139.691092274, 35.774964909], [139.691229438, 35.774933521]]]}}, {"id": "20686", "type": "Feature", "properties": {"現象の種類": "急傾斜地の崩壊", "区域区分": "土砂災害特別警戒区域", "区域名": "-", "所在地": "板橋区四葉2", "告示日": "2016/3/9"}, "geometry": {"type": "Polygon", "coordinates": [[[139.650908201, 35.783159292], [139.651000332, 35.78338304], [139.650915427, 35.783398748], [139.650817633, 35.783211959], [139.650908201, 35.783159292]]]}}, {"id": "20687", "type": "Feature", "properties": {"現象の種類": "急傾斜地の崩壊", "区域区分": "土砂災害特別警戒区域", "区域名": "-", "所在地": "板橋区四葉2", "告示日": "2016/3/9"}, "geometry": {"type": "Polygon", "coordinates": [[[139.652923981, 35.782340546], [139.653050152, 35.782474486], [139.653184258, 35.782534583], [139.653111139, 35.78266363], [139.652775298, 35.782438778], [139.652923981, 35.782340546]]]}}, {"id": "20688", "type": "Feature", "properties": {"現象の種類": "急傾斜地の崩壊", "区域区分": "土砂災害特別警戒区域", "区域名": "-", "所在地": "北区赤羽北1　赤羽台4", "告示日": "2016/3/9"}, "geometry": {"type": "Polygon", "coordinates": [[[139.715420441, 35.785460929], [139.715490886, 35.785558174], [139.715481852, 35.785680142], [139.715352539, 35.785613518], [139.715294617, 35.785492617], [139.715420441, 35.785460929]]]}}, {"id": "20689", "type": "Feature", "properties": {"現象の種類": "急傾斜地の崩壊", "区域区分": "土砂災害特別警戒区域", "区域名": "-", "所在地": "北区赤羽北1　赤羽台4", "告示日": "2016/3/9"}, "geometry": {"type": "Polygon", "coordinates": [[[139.715340111, 35.785332685], [139.715266098, 35.785377087], [139.715253554, 35.785340081], [139.715320364, 35.785306131], [139.715340111, 35.785332685]]]}}, {"id": "20690", "type": "Feature", "properties": {"現象の種類": "急傾斜地の崩壊", "区域区分": "土砂災害特別警戒区域", "区域名": "-", "所在地": "北区西ケ原2　栄町", "告示日": "2016/3/9"}, "geometry": {"type": "Polygon", "coordinates": [[[139.740939544, 35.749639052], [139.740825813, 35.749976966], [139.740625065, 35.749867645], [139.740824489, 35.749598795], [139.740907901, 35.749586466], [139.740939544, 35.749639052]]]}}, {"id": "20691", "type": "Feature", "properties": {"現象の種類": "急傾斜地の崩壊", "区域区分": "土砂災害特別警戒区域", "区域名": "-", "所在地": "北区王子1", "告示日": "2016/3/9"}, "geometry": {"type": "Polygon", "coordinates": [[[139.737258193, 35.752638651], [139.736988845, 35.752728485], [139.736972408, 35.7525404], [139.737109905, 35.752493871], [139.738100918, 35.751724366], [139.738266904, 35.751883084], [139.737258193, 35.752638651]]]}}, {"id": "20692", "type": "Feature", "properties": {"現象の種類": "急傾斜地の崩壊", "区域区分": "土砂災害特別警戒区域", "区域名": "-", "所在地": "北区岸町1　王子本町2", "告示日": "2016/3/9"}, "geometry": {"type": "Polygon", "coordinates": [[[139.731670316, 35.75789477], [139.731794851, 35.757882333], [139.73176704, 35.757514067], [139.732117307, 35.75720367], [139.732346723, 35.756870386], [139.732497846, 35.756745264], [139.732693126, 35.756859072], [139.732513636, 35.7569612], [139.732323474, 35.757170655], [139.732290031, 35.75733018], [139.731961662, 35.757628015], [139.731918492, 35.757925103], [139.731739156, 35.757940805], [139.731670316, 35.75789477]]]}}, {"id": "20693", "type": "Feature", "properties": {"現象の種類": "急傾斜地の崩壊", "区域区分": "土砂災害特別警戒区域", "区域名": "-", "所在地": "北区赤羽北2", "告示日": "2016/3/9"}, "geometry": {"type": "Polygon", "coordinates": [[[139.71066465, 35.78262116], [139.710702792, 35.782665033], [139.710185724, 35.78291235], [139.710053549, 35.782965844], [139.709980372, 35.782901728], [139.710289907, 35.782718135], [139.71066465, 35.78262116]]]}}, {"id": "20694", "type": "Feature", "properties": {"現象の種類": "急傾斜地の崩壊", "区域区分": "土砂災害特別警戒区域", "区域名": "-", "所在地": "北区赤羽西2", "告示日": "2016/3/9"}, "geometry": {"type": "Polygon", "coordinates": [[[139.719494533, 35.773480256], [139.719619227, 35.773513554], [139.71953454, 35.773621396], [139.719393091, 35.773546818], [139.719494533, 35.773480256]]]}}, {"id": "20695", "type": "Feature", "properties": {"現象の種類": "急傾斜地の崩壊", "区域区分": "土砂災害特別警戒区域", "区域名": "-", "所在地": "北区赤羽西2", "告示日": "2016/3/9"}, "geometry": {"type": "Polygon", "coordinates": [[[139.719735883, 35.773511697], [139.719662806, 35.773578987], [139.719598623, 35.773554883], [139.719632471, 35.773488119], [139.719735883, 35.773511697]]]}}, {"id": "20696", "type": "Feature", "properties": {"現象の種類": "急傾斜地の崩壊", "区域区分": "土砂災害特別警戒区域", "区域名": "-", "所在地": "北区赤羽西2", "告示日": "2016/3/9"}, "geometry": {"type": "Polygon", "coordinates": [[[139.720261932, 35.773795815], [139.719947597, 35.773801272], [139.719719138, 35.773723633], [139.719742592, 35.773647439], [139.719976738, 35.773697601], [139.720272484, 35.773682517], [139.720261932, 35.773795815]]]}}, {"id": "20697", "type": "Feature", "properties": {"現象の種類": "急傾斜地の崩壊", "区域区分": "土砂災害特別警戒区域", "区域名": "-", "所在地": "北区赤羽西3", "告示日": "2016/3/9"}, "geometry": {"type": "Polygon", "coordinates": [[[139.717511306, 35.76983052], [139.717811082, 35.769984789], [139.71803164, 35.770189882], [139.718025968, 35.770241616], [139.717475338, 35.769894528], [139.717511306, 35.76983052]]]}}, {"id": "20698", "type": "Feature", "properties": {"現象の種類": "急傾斜地の崩壊", "区域区分": "土砂災害特別警戒区域", "区域名": "-", "所在地": "北区赤羽西3", "告示日": "2016/3/9"}, "geometry": {"type": "Polygon", "coordinates": [[[139.717260936, 35.769895945], [139.717338933, 35.76997252], [139.717293742, 35.770009553], [139.71729172, 35.770166012], [139.71741095, 35.770398583], [139.717327889, 35.770435463], [139.717215911, 35.770096113], [139.717260936, 35.769895945]]]}}, {"id": "20699", "type": "Feature", "properties": {"現象の種類": "急傾斜地の崩壊", "区域区分": "土砂災害特別警戒区域", "区域名": "-", "所在地": "北区赤羽西3", "告示日": "2016/3/9"}, "geometry": {"type": "Polygon", "coordinates": [[[139.717441225, 35.77050123], [139.717480759, 35.770577118], [139.717434559, 35.770597824], [139.717367263, 35.770533563], [139.717441225, 35.77050123]]]}}, {"id": "20700", "type": "Feature", "properties": {"現象の種類": "急傾斜地の崩壊", "区域区分": "土砂災害特別警戒区域", "区域名": "-", "所在地": "北区赤羽北3", "告示日": "2016/3/9"}, "geometry": {"type": "Polygon", "coordinates": [[[139.712313412, 35.777463798], [139.71237061, 35.777502523], [139.712404519, 35.777604646], [139.712238839, 35.777486256], [139.712313412, 35.777463798]]]}}, {"id": "20701", "type": "Feature", "properties": {"現象の種類": "急傾斜地の崩壊", "区域区分": "土砂災害特別警戒区域", "区域名": "-", "所在地": "北区赤羽北3", "告示日": "2016/3/9"}, "geometry": {"type": "Polygon", "coordinates": [[[139.712131427, 35.777387136], [139.711940703, 35.777432126], [139.712114711, 35.777351047], [139.712131427, 35.777387136]]]}}, {"id": "20702", "type": "Feature", "properties": {"現象の種類": "急傾斜地の崩壊", "区域区分": "土砂災害特別警戒区域", "区域名": "-", "所在地": "北区赤羽北4", "告示日": "2016/3/9"}, "geometry": {"type": "Polygon", "coordinates": [[[139.71072601, 35.78335524], [139.710663135, 35.783287642], [139.710753437, 35.783234522], [139.711245462, 35.783230057], [139.711394481, 35.783145152], [139.711416045, 35.783182544], [139.71126853, 35.783271468], [139.710798739, 35.783303945], [139.71072601, 35.78335524]]]}}, {"id": "20703", "type": "Feature", "properties": {"現象の種類": "急傾斜地の崩壊", "区域区分": "土砂災害特別警戒区域", "区域名": "-", "所在地": "北区赤羽北1", "告示日": "2016/3/9"}, "geometry": {"type": "Polygon", "coordinates": [[[139.714486771, 35.786202308], [139.715054428, 35.786286978], [139.715104527, 35.786358959], [139.714772366, 35.786366683], [139.714487132, 35.786288584], [139.714352929, 35.786190403], [139.714351188, 35.786090744], [139.714552269, 35.785928854], [139.714586046, 35.785979377], [139.714446834, 35.786104858], [139.714486771, 35.786202308]]]}}, {"id": "20704", "type": "Feature", "properties": {"現象の種類": "急傾斜地の崩壊", "区域区分": "土砂災害特別警戒区域", "区域名": "-", "所在地": "北区赤羽北1　赤羽台4", "告示日": "2016/3/9"}, "geometry": {"type": "Polygon", "coordinates": [[[139.713124667, 35.785640084], [139.713087368, 35.785796704], [139.712770194, 35.785673372], [139.712703346, 35.785593145], [139.712825326, 35.785524103], [139.713124667, 35.785640084]]]}}, {"id": "20705", "type": "Feature", "properties": {"現象の種類": "急傾斜地の崩壊", "区域区分": "土砂災害特別警戒区域", "区域名": "-", "所在地": "北区赤羽北3　4", "告示日": "2016/3/9"}, "geometry": {"type": "Polygon", "coordinates": [[[139.717549664, 35.782906185], [139.717563451, 35.783090127], [139.717351488, 35.783113377], [139.717369307, 35.78293829], [139.717310783, 35.782823408], [139.717286096, 35.782847703], [139.717421154, 35.782707069], [139.717549664, 35.782906185]]]}}, {"id": "20706", "type": "Feature", "properties": {"現象の種類": "急傾斜地の崩壊", "区域区分": "土砂災害特別警戒区域", "区域名": "-", "所在地": "北区赤羽北4", "告示日": "2016/3/9"}, "geometry": {"type": "Polygon", "coordinates": [[[139.717471236, 35.78311301], [139.717384517, 35.78333859], [139.717323297, 35.783325952], [139.71734237, 35.783119153], [139.717471236, 35.78311301]]]}}, {"id": "20707", "type": "Feature", "properties": {"現象の種類": "急傾斜地の崩壊", "区域区分": "土砂災害特別警戒区域", "区域名": "-", "所在地": "北区赤羽北3　4", "告示日": "2016/3/9"}, "geometry": {"type": "Polygon", "coordinates": [[[139.717551762, 35.783324114], [139.717545042, 35.783594795], [139.717392961, 35.78358153], [139.717423392, 35.78338579], [139.717551762, 35.783324114]]]}}, {"id": "20708", "type": "Feature", "properties": {"現象の種類": "急傾斜地の崩壊", "区域区分": "土砂災害特別警戒区域", "区域名": "-", "所在地": "北区赤羽西1", "告示日": "2016/3/9"}, "geometry": {"type": "Polygon", "coordinates": [[[139.719736507, 35.775915274], [139.719898355, 35.775983724], [139.719607497, 35.776182852], [139.719571554, 35.776133079], [139.719736507, 35.775915274]]]}}, {"id": "20709", "type": "Feature", "properties": {"現象の種類": "急傾斜地の崩壊", "区域区分": "土砂災害特別警戒区域", "区域名": "-", "所在地": "北区赤羽西1", "告示日": "2016/3/9"}, "geometry": {"type": "Polygon", "coordinates": [[[139.719634971, 35.775758033], [139.719696289, 35.775765518], [139.719718445, 35.775854563], [139.719678207, 35.775857038], [139.719634971, 35.775758033]]]}}, {"id": "20710", "type": "Feature", "properties": {"現象の種類": "急傾斜地の崩壊", "区域区分": "土砂災害特別警戒区域", "区域名": "-", "所在地": "北区赤羽北2　3", "告示日": "2016/3/9"}, "geometry": {"type": "Polygon", "coordinates": [[[139.703507698, 35.782284302], [139.70421703, 35.7824817], [139.704589308, 35.782655146], [139.704465446, 35.782820587], [139.703419589, 35.782309808], [139.703507698, 35.782284302]]]}}, {"id": "20711", "type": "Feature", "properties": {"現象の種類": "急傾斜地の崩壊", "区域区分": "土砂災害特別警戒区域", "区域名": "-", "所在地": "北区赤羽北2　3", "告示日": "2016/3/9"}, "geometry": {"type": "Polygon", "coordinates": [[[139.708043742, 35.784004699], [139.708667632, 35.784231536], [139.708655894, 35.784317272], [139.707986247, 35.784107717], [139.708043742, 35.784004699]]]}}, {"id": "22777", "type": "Feature", "properties": {"現象の種類": "急傾斜地の崩壊", "区域区分": "土砂災害特別警戒区域", "区域名": "-", "所在地": "港区赤坂8", "告示日": "2017/3/13"}, "geometry": {"type": "Polygon", "coordinates": [[[139.729370393, 35.668756], [139.729307768, 35.668831802], [139.729237861, 35.668783852], [139.72894663, 35.668786614], [139.728945183, 35.668728853], [139.729320781, 35.668667906], [139.729370393, 35.668756]]]}}, {"id": "22778", "type": "Feature", "properties": {"現象の種類": "急傾斜地の崩壊", "区域区分": "土砂災害特別警戒区域", "区域名": "-", "所在地": "港区赤坂8", "告示日": "2017/3/13"}, "geometry": {"type": "Polygon", "coordinates": [[[139.729474136, 35.668846412], [139.729514681, 35.66894092], [139.729468864, 35.668959021], [139.729433107, 35.668906203], [139.729474136, 35.668846412]]]}}, {"id": "22779", "type": "Feature", "properties": {"現象の種類": "急傾斜地の崩壊", "区域区分": "土砂災害特別警戒区域", "区域名": "-", "所在地": "港区六本木2　赤坂2", "告示日": "2017/3/13"}, "geometry": {"type": "Polygon", "coordinates": [[[139.737538653, 35.66670082], [139.737584414, 35.666936466], [139.737843538, 35.667128933], [139.737761656, 35.667222361], [139.737446871, 35.667031056], [139.737422872, 35.666765787], [139.737538653, 35.66670082]]]}}, {"id": "22780", "type": "Feature", "properties": {"現象の種類": "急傾斜地の崩壊", "区域区分": "土砂災害特別警戒区域", "区域名": "-", "所在地": "港区六本木2　赤坂2", "告示日": "2017/3/13"}, "geometry": {"type": "Polygon", "coordinates": [[[139.738195179, 35.667315334], [139.738171933, 35.667352063], [139.738394352, 35.667585643], [139.738751299, 35.667873795], [139.738603288, 35.667981872], [139.738368687, 35.667822263], [139.737986618, 35.667344279], [139.738090903, 35.667250633], [139.738195179, 35.667315334]]]}}, {"id": "22781", "type": "Feature", "properties": {"現象の種類": "急傾斜地の崩壊", "区域区分": "土砂災害特別警戒区域", "区域名": "-", "所在地": "港区六本木2　赤坂2", "告示日": "2017/3/13"}, "geometry": {"type": "Polygon", "coordinates": [[[139.738711609, 35.668144497], [139.738761744, 35.668176982], [139.738570162, 35.668280082], [139.7385274, 35.66823231], [139.738711609, 35.668144497]]]}}, {"id": "22782", "type": "Feature", "properties": {"現象の種類": "急傾斜地の崩壊", "区域区分": "土砂災害特別警戒区域", "区域名": "-", "所在地": "港区六本木2　4", "告示日": "2017/3/13"}, "geometry": {"type": "Polygon", "coordinates": [[[139.735917344, 35.665995274], [139.735681033, 35.666426853], [139.7355545, 35.66638355], [139.73571806, 35.666058344], [139.735885724, 35.665899105], [139.736072917, 35.665929135], [139.736578678, 35.666211796], [139.736511737, 35.666301687], [139.735917344, 35.665995274]]]}}, {"id": "22783", "type": "Feature", "properties": {"現象の種類": "急傾斜地の崩壊", "区域区分": "土砂災害特別警戒区域", "区域名": "-", "所在地": "港区六本木2　4", "告示日": "2017/3/13"}, "geometry": {"type": "Polygon", "coordinates": [[[139.737108064, 35.666461535], [139.737216497, 35.666539039], [139.737128755, 35.666629701], [139.737017667, 35.666571378], [139.737108064, 35.666461535]]]}}, {"id": "22784", "type": "Feature", "properties": {"現象の種類": "急傾斜地の崩壊", "区域区分": "土砂災害特別警戒区域", "区域名": "-", "所在地": "港区赤坂1", "告示日": "2017/3/13"}, "geometry": {"type": "Polygon", "coordinates": [[[139.743475583, 35.668091438], [139.742907781, 35.668267234], [139.742878253, 35.668165307], [139.743174622, 35.668019181], [139.743466876, 35.668049458], [139.743475583, 35.668091438]]]}}, {"id": "22785", "type": "Feature", "properties": {"現象の種類": "急傾斜地の崩壊", "区域区分": "土砂災害特別警戒区域", "区域名": "-", "所在地": "港区三田2", "告示日": "2017/3/13"}, "geometry": {"type": "Polygon", "coordinates": [[[139.744142706, 35.648082597], [139.744146987, 35.648218077], [139.74411254, 35.648219738], [139.74408528, 35.648116159], [139.744030926, 35.648101895], [139.744044019, 35.648066613], [139.744142706, 35.648082597]]]}}, {"id": "22787", "type": "Feature", "properties": {"現象の種類": "急傾斜地の崩壊", "区域区分": "土砂災害特別警戒区域", "区域名": "-", "所在地": "港区愛宕1　2　虎ノ門3", "告示日": "2017/3/13"}, "geometry": {"type": "Polygon", "coordinates": [[[139.749291469, 35.665517595], [139.748928109, 35.66559452], [139.74866981, 35.665571106], [139.748614327, 35.665528531], [139.748765877, 35.665426033], [139.749020482, 35.665440704], [139.748991981, 35.66502391], [139.748738346, 35.664396949], [139.748700408, 35.664134673], [139.748442706, 35.663460958], [139.748229219, 35.66343971], [139.74799129, 35.663201516], [139.747960517, 35.662990462], [139.747995403, 35.662733707], [139.748132536, 35.662728894], [139.748125394, 35.662975482], [139.748272817, 35.663272011], [139.748588089, 35.663336628], [139.748658339, 35.66362752], [139.748782278, 35.66372873], [139.748963004, 35.664056237], [139.748987945, 35.664329427], [139.749216194, 35.664717237], [139.749291469, 35.665517595]]]}}, {"id": "22788", "type": "Feature", "properties": {"現象の種類": "急傾斜地の崩壊", "区域区分": "土砂災害特別警戒区域", "区域名": "-", "所在地": "港区愛宕2　虎ノ門3", "告示日": "2017/3/13"}, "geometry": {"type": "Polygon", "coordinates": [[[139.748060321, 35.662688196], [139.748026593, 35.662556318], [139.748348482, 35.662520546], [139.74841296, 35.662573257], [139.748207156, 35.662587991], [139.748060321, 35.662688196]]]}}, {"id": "22789", "type": "Feature", "properties": {"現象の種類": "急傾斜地の崩壊", "区域区分": "土砂災害特別警戒区域", "区域名": "-", "所在地": "港区虎ノ門5　麻布台1", "告示日": "2017/3/13"}, "geometry": {"type": "Polygon", "coordinates": [[[139.743485243, 35.661708958], [139.742959037, 35.661863291], [139.742515417, 35.661777236], [139.742527081, 35.661700316], [139.742957969, 35.66175897], [139.743335091, 35.661670844], [139.743181643, 35.661334782], [139.743072183, 35.661289064], [139.743125856, 35.661246278], [139.743278776, 35.661282782], [139.743485243, 35.661708958]]]}}, {"id": "22790", "type": "Feature", "properties": {"現象の種類": "急傾斜地の崩壊", "区域区分": "土砂災害特別警戒区域", "区域名": "-", "所在地": "港区麻布台1", "告示日": "2017/3/13"}, "geometry": {"type": "Polygon", "coordinates": [[[139.739856116, 35.661849961], [139.739891491, 35.661945796], [139.739787335, 35.66198427], [139.739744783, 35.661911894], [139.739856116, 35.661849961]]]}}, {"id": "22791", "type": "Feature", "properties": {"現象の種類": "急傾斜地の崩壊", "区域区分": "土砂災害特別警戒区域", "区域名": "-", "所在地": "港区麻布台1", "告示日": "2017/3/13"}, "geometry": {"type": "Polygon", "coordinates": [[[139.739508611, 35.661988871], [139.739558435, 35.662075531], [139.73938251, 35.662124186], [139.739346237, 35.662051773], [139.739508611, 35.661988871]]]}}, {"id": "22792", "type": "Feature", "properties": {"現象の種類": "急傾斜地の崩壊", "区域区分": "土砂災害特別警戒区域", "区域名": "-", "所在地": "港区麻布台2　東麻布2", "告示日": "2017/3/13"}, "geometry": {"type": "Polygon", "coordinates": [[[139.741610483, 35.657644574], [139.741473062, 35.657774693], [139.741470387, 35.657881552], [139.741207425, 35.657990806], [139.741098119, 35.657936687], [139.741043182, 35.65778983], [139.741127972, 35.657727196], [139.741587526, 35.657593629], [139.741610483, 35.657644574]]]}}, {"id": "22793", "type": "Feature", "properties": {"現象の種類": "急傾斜地の崩壊", "区域区分": "土砂災害特別警戒区域", "区域名": "-", "所在地": "港区麻布台2　東麻布2", "告示日": "2017/3/13"}, "geometry": {"type": "Polygon", "coordinates": [[[139.742138747, 35.657652149], [139.741694476, 35.657649905], [139.741653851, 35.657567543], [139.742168851, 35.657370633], [139.742211931, 35.657617431], [139.742138747, 35.657652149]]]}}, {"id": "22794", "type": "Feature", "properties": {"現象の種類": "急傾斜地の崩壊", "区域区分": "土砂災害特別警戒区域", "区域名": "-", "所在地": "港区麻布台2　東麻布2", "告示日": "2017/3/13"}, "geometry": {"type": "Polygon", "coordinates": [[[139.742428774, 35.657654398], [139.742506582, 35.657856351], [139.742412551, 35.657886542], [139.742305433, 35.657702864], [139.742428774, 35.657654398]]]}}, {"id": "22795", "type": "Feature", "properties": {"現象の種類": "急傾斜地の崩壊", "区域区分": "土砂災害特別警戒区域", "区域名": "-", "所在地": "港区芝公園4", "告示日": "2017/3/13"}, "geometry": {"type": "Polygon", "coordinates": [[[139.746064282, 35.657602435], [139.74616562, 35.657769693], [139.746175531, 35.657886844], [139.746402333, 35.658192409], [139.746492934, 35.658437249], [139.746446708, 35.658455532], [139.746329913, 35.658369987], [139.746106439, 35.658114755], [139.745864445, 35.657520759], [139.745903696, 35.657492054], [139.746064282, 35.657602435]]]}}, {"id": "22796", "type": "Feature", "properties": {"現象の種類": "急傾斜地の崩壊", "区域区分": "土砂災害特別警戒区域", "区域名": "-", "所在地": "港区三田2", "告示日": "2017/3/13"}, "geometry": {"type": "Polygon", "coordinates": [[[139.74189863, 35.648394772], [139.741888762, 35.648544952], [139.741743534, 35.648540238], [139.741792765, 35.648472925], [139.741761929, 35.648365157], [139.741797098, 35.648275456], [139.742017114, 35.648104817], [139.742197948, 35.648058416], [139.742576129, 35.648080841], [139.742567263, 35.64817002], [139.742271516, 35.648172322], [139.74199365, 35.648243202], [139.74189863, 35.648394772]]]}}, {"id": "22797", "type": "Feature", "properties": {"現象の種類": "急傾斜地の崩壊", "区域区分": "土砂災害特別警戒区域", "区域名": "-", "所在地": "港区三田3　4", "告示日": "2017/3/13"}, "geometry": {"type": "Polygon", "coordinates": [[[139.742475755, 35.645124951], [139.742579677, 35.645340107], [139.742462277, 35.645408664], [139.742325019, 35.645189663], [139.742475755, 35.645124951]]]}}, {"id": "22798", "type": "Feature", "properties": {"現象の種類": "急傾斜地の崩壊", "区域区分": "土砂災害特別警戒区域", "区域名": "-", "所在地": "港区三田3　4", "告示日": "2017/3/13"}, "geometry": {"type": "Polygon", "coordinates": [[[139.742034659, 35.643818395], [139.742005142, 35.644031171], [139.742036412, 35.644289354], [139.742010455, 35.644482442], [139.741947182, 35.64455393], [139.742025247, 35.644671525], [139.741979453, 35.644691917], [139.741893559, 35.644574033], [139.741885452, 35.644403493], [139.741813003, 35.644340022], [139.74173461, 35.644099659], [139.7415499, 35.643855193], [139.741935014, 35.643658647], [139.742034659, 35.643818395]]]}}, {"id": "22799", "type": "Feature", "properties": {"現象の種類": "急傾斜地の崩壊", "区域区分": "土砂災害特別警戒区域", "区域名": "-", "所在地": "港区三田3　4", "告示日": "2017/3/13"}, "geometry": {"type": "Polygon", "coordinates": [[[139.74128724, 35.642877654], [139.741535553, 35.643350915], [139.741334503, 35.643456254], [139.74119418, 35.643447573], [139.741145539, 35.643360211], [139.741110768, 35.642998015], [139.740923085, 35.642855819], [139.740798752, 35.642827077], [139.741040968, 35.64275088], [139.741056048, 35.642813985], [139.741225746, 35.642832727], [139.74128724, 35.642877654]]]}}, {"id": "22800", "type": "Feature", "properties": {"現象の種類": "急傾斜地の崩壊", "区域区分": "土砂災害特別警戒区域", "区域名": "-", "所在地": "港区白金4", "告示日": "2017/3/13"}, "geometry": {"type": "Polygon", "coordinates": [[[139.72611501, 35.643634988], [139.725891958, 35.643313599], [139.725873521, 35.643202122], [139.725914063, 35.643152002], [139.726224987, 35.643582149], [139.72611501, 35.643634988]]]}}, {"id": "22801", "type": "Feature", "properties": {"現象の種類": "急傾斜地の崩壊", "区域区分": "土砂災害特別警戒区域", "区域名": "-", "所在地": "港区高輪3", "告示日": "2017/3/13"}, "geometry": {"type": "Polygon", "coordinates": [[[139.735021749, 35.633010061], [139.735063064, 35.633053788], [139.734884098, 35.633151966], [139.734810328, 35.63308089], [139.735021749, 35.633010061]]]}}, {"id": "22802", "type": "Feature", "properties": {"現象の種類": "急傾斜地の崩壊", "区域区分": "土砂災害特別警戒区域", "区域名": "-", "所在地": "港区高輪3", "告示日": "2017/3/13"}, "geometry": {"type": "Polygon", "coordinates": [[[139.735034895, 35.632589879], [139.735154343, 35.632595206], [139.735148761, 35.632648623], [139.73504308, 35.632647113], [139.735034895, 35.632589879]]]}}, {"id": "22803", "type": "Feature", "properties": {"現象の種類": "急傾斜地の崩壊", "区域区分": "土砂災害特別警戒区域", "区域名": "-", "所在地": "港区高輪3", "告示日": "2017/3/13"}, "geometry": {"type": "Polygon", "coordinates": [[[139.735382558, 35.632629047], [139.735082688, 35.632614886], [139.735080845, 35.632523296], [139.735300668, 35.632528935], [139.735354468, 35.632347155], [139.735430704, 35.632339005], [139.735382558, 35.632629047]]]}}, {"id": "22804", "type": "Feature", "properties": {"現象の種類": "急傾斜地の崩壊", "区域区分": "土砂災害特別警戒区域", "区域名": "-", "所在地": "港区高輪3", "告示日": "2017/3/13"}, "geometry": {"type": "Polygon", "coordinates": [[[139.735997943, 35.631214626], [139.736215744, 35.631433612], [139.736249221, 35.631593939], [139.73619768, 35.631602276], [139.736155956, 35.631458069], [139.735957676, 35.631275229], [139.735997943, 35.631214626]]]}}, {"id": "22805", "type": "Feature", "properties": {"現象の種類": "急傾斜地の崩壊", "区域区分": "土砂災害特別警戒区域", "区域名": "-", "所在地": "港区高輪4", "告示日": "2017/3/13"}, "geometry": {"type": "Polygon", "coordinates": [[[139.735169999, 35.624932037], [139.735338903, 35.624943189], [139.735332993, 35.625011255], [139.73520406, 35.62502435], [139.735169999, 35.624932037]]]}}, {"id": "22806", "type": "Feature", "properties": {"現象の種類": "急傾斜地の崩壊", "区域区分": "土砂災害特別警戒区域", "区域名": "-", "所在地": "新宿区中落合4　西落合1", "告示日": "2017/3/13"}, "geometry": {"type": "Polygon", "coordinates": [[[139.679758344, 35.718039474], [139.679673222, 35.718130661], [139.679493455, 35.718091952], [139.679519558, 35.718014045], [139.679570409, 35.71800371], [139.679720246, 35.717978488], [139.679758344, 35.718039474]]]}}, {"id": "22807", "type": "Feature", "properties": {"現象の種類": "急傾斜地の崩壊", "区域区分": "土砂災害特別警戒区域", "区域名": "-", "所在地": "新宿区中落合4　中井2", "告示日": "2017/3/13"}, "geometry": {"type": "Polygon", "coordinates": [[[139.679292796, 35.717136572], [139.679493372, 35.717126002], [139.679431998, 35.717150221], [139.679425459, 35.717349119], [139.679488866, 35.717463966], [139.679442001, 35.717779847], [139.679401516, 35.71789964], [139.679288049, 35.717907393], [139.679219479, 35.717817805], [139.679229494, 35.71757648], [139.679355177, 35.717504569], [139.679280678, 35.717317311], [139.679292796, 35.717136572]]]}}, {"id": "22808", "type": "Feature", "properties": {"現象の種類": "急傾斜地の崩壊", "区域区分": "土砂災害特別警戒区域", "区域名": "-", "所在地": "新宿区中井2　中野区上高田5", "告示日": "2017/3/13"}, "geometry": {"type": "Polygon", "coordinates": [[[139.679621005, 35.716451967], [139.67956115, 35.716594786], [139.679504572, 35.71659936], [139.679485, 35.716514829], [139.679534758, 35.716459163], [139.679621005, 35.716451967]]]}}, {"id": "22809", "type": "Feature", "properties": {"現象の種類": "急傾斜地の崩壊", "区域区分": "土砂災害特別警戒区域", "区域名": "-", "所在地": "新宿区中落合2", "告示日": "2017/3/13"}, "geometry": {"type": "Polygon", "coordinates": [[[139.693690977, 35.717545904], [139.693643056, 35.717601755], [139.693629552, 35.717551308], [139.693690977, 35.717545904]]]}}, {"id": "22810", "type": "Feature", "properties": {"現象の種類": "急傾斜地の崩壊", "区域区分": "土砂災害特別警戒区域", "区域名": "-", "所在地": "練馬区南田中5", "告示日": "2017/3/13"}, "geometry": {"type": "Polygon", "coordinates": [[[139.611897394, 35.738486721], [139.611895674, 35.738528012], [139.611250672, 35.738627033], [139.611245087, 35.738584646], [139.611897394, 35.738486721]]]}}, {"id": "22811", "type": "Feature", "properties": {"現象の種類": "急傾斜地の崩壊", "区域区分": "土砂災害特別警戒区域", "区域名": "-", "所在地": "新宿区下落合4", "告示日": "2017/3/13"}, "geometry": {"type": "Polygon", "coordinates": [[[139.697016997, 35.717767968], [139.697109542, 35.71799579], [139.697015796, 35.718036977], [139.696847426, 35.717797972], [139.696926528, 35.717746072], [139.697016997, 35.717767968]]]}}, {"id": "22812", "type": "Feature", "properties": {"現象の種類": "急傾斜地の崩壊", "区域区分": "土砂災害特別警戒区域", "区域名": "-", "所在地": "新宿区下落合4", "告示日": "2017/3/13"}, "geometry": {"type": "Polygon", "coordinates": [[[139.69747803, 35.718159692], [139.697539097, 35.718192557], [139.697530492, 35.718219162], [139.69747803, 35.718159692]]]}}, {"id": "22813", "type": "Feature", "properties": {"現象の種類": "急傾斜地の崩壊", "区域区分": "土砂災害特別警戒区域", "区域名": "-", "所在地": "新宿区下落合4", "告示日": "2017/3/13"}, "geometry": {"type": "Polygon", "coordinates": [[[139.697819404, 35.717981324], [139.697611124, 35.71804302], [139.697628409, 35.717968745], [139.697808193, 35.717928408], [139.697819404, 35.717981324]]]}}, {"id": "22814", "type": "Feature", "properties": {"現象の種類": "急傾斜地の崩壊", "区域区分": "土砂災害特別警戒区域", "区域名": "-", "所在地": "新宿区下落合2　4", "告示日": "2017/3/13"}, "geometry": {"type": "Polygon", "coordinates": [[[139.699192744, 35.71794832], [139.699137045, 35.717967657], [139.699085098, 35.717905979], [139.699148304, 35.717879954], [139.699192744, 35.71794832]]]}}, {"id": "22815", "type": "Feature", "properties": {"現象の種類": "急傾斜地の崩壊", "区域区分": "土砂災害特別警戒区域", "区域名": "-", "所在地": "新宿区下落合2", "告示日": "2017/3/13"}, "geometry": {"type": "Polygon", "coordinates": [[[139.704582506, 35.717576206], [139.704557154, 35.717678882], [139.704450268, 35.717670642], [139.704140571, 35.717585761], [139.703669567, 35.717342824], [139.703337974, 35.717353718], [139.703336636, 35.717270276], [139.703704285, 35.717240482], [139.704190541, 35.717493199], [139.704582506, 35.717576206]]]}}, {"id": "22816", "type": "Feature", "properties": {"現象の種類": "急傾斜地の崩壊", "区域区分": "土砂災害特別警戒区域", "区域名": "-", "所在地": "新宿区戸山1　3", "告示日": "2017/3/13"}, "geometry": {"type": "Polygon", "coordinates": [[[139.716617578, 35.705329771], [139.716504214, 35.705430437], [139.716367376, 35.705404781], [139.716373645, 35.705263491], [139.716617578, 35.705329771]]]}}, {"id": "22817", "type": "Feature", "properties": {"現象の種類": "急傾斜地の崩壊", "区域区分": "土砂災害特別警戒区域", "区域名": "-", "所在地": "新宿区大久保3", "告示日": "2017/3/13"}, "geometry": {"type": "Polygon", "coordinates": [[[139.704477924, 35.704929378], [139.704477801, 35.705005934], [139.704440424, 35.705007604], [139.704440247, 35.704924943], [139.704477924, 35.704929378]]]}}, {"id": "22818", "type": "Feature", "properties": {"現象の種類": "急傾斜地の崩壊", "区域区分": "土砂災害特別警戒区域", "区域名": "-", "所在地": "新宿区大久保2　3", "告示日": "2017/3/13"}, "geometry": {"type": "Polygon", "coordinates": [[[139.70417199, 35.704744681], [139.704127891, 35.704697909], [139.704127914, 35.704644994], [139.704146629, 35.704642375], [139.70417199, 35.704744681]]]}}, {"id": "22819", "type": "Feature", "properties": {"現象の種類": "急傾斜地の崩壊", "区域区分": "土砂災害特別警戒区域", "区域名": "-", "所在地": "新宿区本塩町　千代田区五番町先", "告示日": "2017/3/13"}, "geometry": {"type": "Polygon", "coordinates": [[[139.730254369, 35.687350485], [139.730691692, 35.688215682], [139.730705055, 35.688602251], [139.730794815, 35.689024173], [139.730724989, 35.689037954], [139.730669416, 35.688882003], [139.730622668, 35.688398615], [139.730552648, 35.688150816], [139.730391056, 35.687866967], [139.730204312, 35.687361802], [139.730254369, 35.687350485]]]}}, {"id": "22820", "type": "Feature", "properties": {"現象の種類": "急傾斜地の崩壊", "区域区分": "土砂災害特別警戒区域", "区域名": "-", "所在地": "文京区大塚5", "告示日": "2017/3/13"}, "geometry": {"type": "Polygon", "coordinates": [[[139.726145128, 35.720823955], [139.726113718, 35.720884534], [139.725982546, 35.72085283], [139.725991065, 35.720818411], [139.726145128, 35.720823955]]]}}, {"id": "22821", "type": "Feature", "properties": {"現象の種類": "急傾斜地の崩壊", "区域区分": "土砂災害特別警戒区域", "区域名": "-", "所在地": "文京区大塚5", "告示日": "2017/3/13"}, "geometry": {"type": "Polygon", "coordinates": [[[139.729053311, 35.721343809], [139.729290874, 35.721581089], [139.729351523, 35.721806998], [139.72930123, 35.72180975], [139.729054997, 35.721530271], [139.729010614, 35.721368555], [139.729053311, 35.721343809]]]}}, {"id": "22822", "type": "Feature", "properties": {"現象の種類": "急傾斜地の崩壊", "区域区分": "土砂災害特別警戒区域", "区域名": "-", "所在地": "文京区大塚1　2　音羽1　2", "告示日": "2017/3/13"}, "geometry": {"type": "Polygon", "coordinates": [[[139.729715569, 35.717162514], [139.72920055, 35.71731894], [139.729227735, 35.717433015], [139.729044286, 35.717415514], [139.729061317, 35.717250396], [139.72969826, 35.717117482], [139.729715569, 35.717162514]]]}}, {"id": "22823", "type": "Feature", "properties": {"現象の種類": "急傾斜地の崩壊", "区域区分": "土砂災害特別警戒区域", "区域名": "-", "所在地": "文京区大塚1　2　音羽1　2", "告示日": "2017/3/13"}, "geometry": {"type": "Polygon", "coordinates": [[[139.729898241, 35.717082374], [139.729895898, 35.717147034], [139.729881352, 35.717133988], [139.729898241, 35.717082374]]]}}, {"id": "22824", "type": "Feature", "properties": {"現象の種類": "急傾斜地の崩壊", "区域区分": "土砂災害特別警戒区域", "区域名": "-", "所在地": "文京区大塚1　2", "告示日": "2017/3/13"}, "geometry": {"type": "Polygon", "coordinates": [[[139.730731186, 35.717091001], [139.730715919, 35.717142993], [139.730143613, 35.71707634], [139.729756514, 35.717118976], [139.729724228, 35.717003926], [139.729759863, 35.71696801], [139.730150866, 35.716959197], [139.730731186, 35.717091001]]]}}, {"id": "22825", "type": "Feature", "properties": {"現象の種類": "急傾斜地の崩壊", "区域区分": "土砂災害特別警戒区域", "区域名": "-", "所在地": "文京区目白台1", "告示日": "2017/3/13"}, "geometry": {"type": "Polygon", "coordinates": [[[139.721697533, 35.714434824], [139.720997626, 35.714564749], [139.720962587, 35.71447043], [139.721825192, 35.714217212], [139.721897829, 35.714146235], [139.722008547, 35.714125242], [139.722032538, 35.714178308], [139.721923307, 35.714188036], [139.721697533, 35.714434824]]]}}, {"id": "22826", "type": "Feature", "properties": {"現象の種類": "急傾斜地の崩壊", "区域区分": "土砂災害特別警戒区域", "区域名": "-", "所在地": "文京区関口2", "告示日": "2017/3/13"}, "geometry": {"type": "Polygon", "coordinates": [[[139.7235394, 35.712498297], [139.7234562, 35.712337795], [139.723648086, 35.712294079], [139.723955905, 35.712061497], [139.724122376, 35.712041548], [139.724317724, 35.711849249], [139.724533172, 35.711799633], [139.724664993, 35.71171716], [139.724687244, 35.711756107], [139.724377206, 35.712008828], [139.724141959, 35.712082316], [139.724037548, 35.71217228], [139.724084804, 35.712270503], [139.723874269, 35.712467785], [139.7235394, 35.712498297]]]}}, {"id": "22827", "type": "Feature", "properties": {"現象の種類": "急傾斜地の崩壊", "区域区分": "土砂災害特別警戒区域", "区域名": "-", "所在地": "文京区関口2", "告示日": "2017/3/13"}, "geometry": {"type": "Polygon", "coordinates": [[[139.724422936, 35.712157166], [139.72435652, 35.712245981], [139.724109653, 35.712289317], [139.724067531, 35.712220947], [139.724316264, 35.71219028], [139.72438873, 35.712125081], [139.724422936, 35.712157166]]]}}, {"id": "22828", "type": "Feature", "properties": {"現象の種類": "急傾斜地の崩壊", "区域区分": "土砂災害特別警戒区域", "区域名": "-", "所在地": "文京区関口2", "告示日": "2017/3/13"}, "geometry": {"type": "Polygon", "coordinates": [[[139.724957344, 35.711831507], [139.725204366, 35.712169825], [139.72513255, 35.712377075], [139.725177216, 35.712513422], [139.72515317, 35.712697313], [139.72492573, 35.712788315], [139.724898852, 35.712751892], [139.725022776, 35.712645635], [139.724921289, 35.711859703], [139.724957344, 35.711831507]]]}}, {"id": "22829", "type": "Feature", "properties": {"現象の種類": "急傾斜地の崩壊", "区域区分": "土砂災害特別警戒区域", "区域名": "-", "所在地": "文京区音羽1", "告示日": "2017/3/13"}, "geometry": {"type": "Polygon", "coordinates": [[[139.730574054, 35.71360044], [139.730830369, 35.713640139], [139.730661164, 35.713998265], [139.730610368, 35.713986701], [139.730574054, 35.71360044]]]}}, {"id": "22830", "type": "Feature", "properties": {"現象の種類": "急傾斜地の崩壊", "区域区分": "土砂災害特別警戒区域", "区域名": "-", "所在地": "文京区音羽1", "告示日": "2017/3/13"}, "geometry": {"type": "Polygon", "coordinates": [[[139.731233014, 35.712723243], [139.731126899, 35.712981173], [139.731068559, 35.712959614], [139.731233014, 35.712723243]]]}}, {"id": "22831", "type": "Feature", "properties": {"現象の種類": "急傾斜地の崩壊", "区域区分": "土砂災害特別警戒区域", "区域名": "-", "所在地": "文京区小日向1　春日2", "告示日": "2017/3/13"}, "geometry": {"type": "Polygon", "coordinates": [[[139.740921436, 35.710897662], [139.740500759, 35.711085733], [139.740714068, 35.711400168], [139.740865865, 35.71173276], [139.740789596, 35.712193012], [139.740691284, 35.712179771], [139.740742239, 35.711751857], [139.7403993, 35.711060316], [139.740429391, 35.711013009], [139.740977787, 35.710803016], [139.741008171, 35.710890884], [139.741070122, 35.710918865], [139.741004215, 35.710950218], [139.740921436, 35.710897662]]]}}, {"id": "22832", "type": "Feature", "properties": {"現象の種類": "急傾斜地の崩壊", "区域区分": "土砂災害特別警戒区域", "区域名": "-", "所在地": "文京区湯島3", "告示日": "2017/3/13"}, "geometry": {"type": "Polygon", "coordinates": [[[139.768510149, 35.707482306], [139.768638471, 35.707485193], [139.768616039, 35.707659037], [139.768529858, 35.707653583], [139.768510149, 35.707482306]]]}}, {"id": "22833", "type": "Feature", "properties": {"現象の種類": "急傾斜地の崩壊", "区域区分": "土砂災害特別警戒区域", "区域名": "-", "所在地": "大田区田園調布4", "告示日": "2017/3/13"}, "geometry": {"type": "Polygon", "coordinates": [[[139.662915357, 35.59273704], [139.662851578, 35.592809027], [139.66271132, 35.592830184], [139.662655877, 35.59279638], [139.662787112, 35.592709227], [139.662750389, 35.592613936], [139.662809622, 35.592603414], [139.662915357, 35.59273704]]]}}, {"id": "22834", "type": "Feature", "properties": {"現象の種類": "急傾斜地の崩壊", "区域区分": "土砂災害特別警戒区域", "区域名": "-", "所在地": "大田区田園調布4", "告示日": "2017/3/13"}, "geometry": {"type": "Polygon", "coordinates": [[[139.663565885, 35.591825247], [139.663614006, 35.591904621], [139.663544146, 35.591848422], [139.663565885, 35.591825247]]]}}, {"id": "22835", "type": "Feature", "properties": {"現象の種類": "急傾斜地の崩壊", "区域区分": "土砂災害特別警戒区域", "区域名": "-", "所在地": "大田区田園調布1", "告示日": "2017/3/13"}, "geometry": {"type": "Polygon", "coordinates": [[[139.667159155, 35.588967433], [139.667104761, 35.589127453], [139.666910014, 35.589152616], [139.666953023, 35.589046215], [139.667110255, 35.588928084], [139.667159155, 35.588967433]]]}}, {"id": "22836", "type": "Feature", "properties": {"現象の種類": "急傾斜地の崩壊", "区域区分": "土砂災害特別警戒区域", "区域名": "-", "所在地": "大田区田園調布1", "告示日": "2017/3/13"}, "geometry": {"type": "Polygon", "coordinates": [[[139.668081948, 35.587686308], [139.668162817, 35.587751511], [139.66779723, 35.588034996], [139.667526342, 35.588384255], [139.667489587, 35.588353461], [139.667506204, 35.58822774], [139.667660974, 35.587963122], [139.668008994, 35.587776075], [139.668081948, 35.587686308]]]}}, {"id": "22837", "type": "Feature", "properties": {"現象の種類": "急傾斜地の崩壊", "区域区分": "土砂災害特別警戒区域", "区域名": "-", "所在地": "大田区田園調布1", "告示日": "2017/3/13"}, "geometry": {"type": "Polygon", "coordinates": [[[139.668260421, 35.58854599], [139.668048731, 35.588792756], [139.667958491, 35.588740369], [139.668128696, 35.588496311], [139.668260421, 35.58854599]]]}}, {"id": "22838", "type": "Feature", "properties": {"現象の種類": "急傾斜地の崩壊", "区域区分": "土砂災害特別警戒区域", "区域名": "-", "所在地": "大田区田園調布1", "告示日": "2017/3/13"}, "geometry": {"type": "Polygon", "coordinates": [[[139.667953976, 35.588815708], [139.668013858, 35.588882891], [139.66789549, 35.589047752], [139.667745177, 35.588960224], [139.667854648, 35.588811346], [139.667953976, 35.588815708]]]}}, {"id": "22839", "type": "Feature", "properties": {"現象の種類": "急傾斜地の崩壊", "区域区分": "土砂災害特別警戒区域", "区域名": "-", "所在地": "大田区田園調布1　2", "告示日": "2017/3/13"}, "geometry": {"type": "Polygon", "coordinates": [[[139.669058453, 35.590771581], [139.669136933, 35.59080762], [139.669140521, 35.590811341], [139.669058453, 35.590771581]]]}}, {"id": "22840", "type": "Feature", "properties": {"現象の種類": "急傾斜地の崩壊", "区域区分": "土砂災害特別警戒区域", "区域名": "-", "所在地": "大田区田園調布1　2", "告示日": "2017/3/13"}, "geometry": {"type": "Polygon", "coordinates": [[[139.669813967, 35.590764245], [139.669324687, 35.590687057], [139.669300235, 35.590617305], [139.669564005, 35.590645944], [139.669832828, 35.590587985], [139.669638062, 35.59043167], [139.669695629, 35.59033822], [139.670013082, 35.590557803], [139.669813967, 35.590764245]]]}}, {"id": "22841", "type": "Feature", "properties": {"現象の種類": "急傾斜地の崩壊", "区域区分": "土砂災害特別警戒区域", "区域名": "-", "所在地": "大田区田園調布1", "告示日": "2017/3/13"}, "geometry": {"type": "Polygon", "coordinates": [[[139.670000662, 35.589191686], [139.67009169, 35.589245781], [139.669944299, 35.589347871], [139.669948016, 35.589495526], [139.669788231, 35.589599138], [139.66959593, 35.589620645], [139.669557334, 35.589727932], [139.669621832, 35.589873858], [139.669585533, 35.590019994], [139.669619089, 35.590256175], [139.669412807, 35.590161089], [139.669319147, 35.590028129], [139.669415072, 35.589685828], [139.669529213, 35.589558371], [139.669721726, 35.589508689], [139.669797823, 35.589298928], [139.670000662, 35.589191686]]]}}, {"id": "22842", "type": "Feature", "properties": {"現象の種類": "急傾斜地の崩壊", "区域区分": "土砂災害特別警戒区域", "区域名": "-", "所在地": "大田区田園調布1", "告示日": "2017/3/13"}, "geometry": {"type": "Polygon", "coordinates": [[[139.670456613, 35.589458228], [139.670293688, 35.589398667], [139.670212006, 35.58922524], [139.670234397, 35.589179329], [139.670469967, 35.589309199], [139.670427291, 35.589280479], [139.670421636, 35.589107949], [139.670209017, 35.588961987], [139.670240711, 35.588928798], [139.670433997, 35.588965797], [139.670565572, 35.589058676], [139.670532627, 35.589188308], [139.670589912, 35.589383162], [139.670456613, 35.589458228]]]}}, {"id": "22843", "type": "Feature", "properties": {"現象の種類": "急傾斜地の崩壊", "区域区分": "土砂災害特別警戒区域", "区域名": "-", "所在地": "大田区田園調布1", "告示日": "2017/3/13"}, "geometry": {"type": "Polygon", "coordinates": [[[139.670070058, 35.588406986], [139.670218168, 35.588482365], [139.670138324, 35.588673418], [139.67002411, 35.588565391], [139.670070058, 35.588406986]]]}}, {"id": "22844", "type": "Feature", "properties": {"現象の種類": "急傾斜地の崩壊", "区域区分": "土砂災害特別警戒区域", "区域名": "-", "所在地": "大田区田園調布1", "告示日": "2017/3/13"}, "geometry": {"type": "Polygon", "coordinates": [[[139.671009441, 35.587698504], [139.671104379, 35.587810506], [139.671056356, 35.58782802], [139.67096188, 35.587716231], [139.671009441, 35.587698504]]]}}, {"id": "22845", "type": "Feature", "properties": {"現象の種類": "急傾斜地の崩壊", "区域区分": "土砂災害特別警戒区域", "区域名": "-", "所在地": "大田区西嶺町", "告示日": "2017/3/13"}, "geometry": {"type": "Polygon", "coordinates": [[[139.677684271, 35.581042068], [139.677720671, 35.58122254], [139.677681405, 35.581250627], [139.677612934, 35.581186402], [139.677620686, 35.581075513], [139.677684271, 35.581042068]]]}}, {"id": "22846", "type": "Feature", "properties": {"現象の種類": "急傾斜地の崩壊", "区域区分": "土砂災害特別警戒区域", "区域名": "-", "所在地": "大田区西嶺町", "告示日": "2017/3/13"}, "geometry": {"type": "Polygon", "coordinates": [[[139.678035756, 35.581573519], [139.678034513, 35.58164925], [139.677890553, 35.581634588], [139.677794084, 35.581585327], [139.677694075, 35.581423508], [139.677740415, 35.581406887], [139.677905471, 35.581571446], [139.678035756, 35.581573519]]]}}, {"id": "22847", "type": "Feature", "properties": {"現象の種類": "急傾斜地の崩壊", "区域区分": "土砂災害特別警戒区域", "区域名": "-", "所在地": "大田区千鳥3", "告示日": "2017/3/13"}, "geometry": {"type": "Polygon", "coordinates": [[[139.688249091, 35.573133794], [139.688097523, 35.573154893], [139.687786798, 35.573075075], [139.687085779, 35.573077102], [139.686920312, 35.573033261], [139.686918937, 35.572990268], [139.687086187, 35.573026825], [139.687804494, 35.573016256], [139.688014149, 35.573094497], [139.688257096, 35.573092223], [139.688249091, 35.573133794]]]}}, {"id": "22848", "type": "Feature", "properties": {"現象の種類": "急傾斜地の崩壊", "区域区分": "土砂災害特別警戒区域", "区域名": "-", "所在地": "大田区南馬込2", "告示日": "2017/3/13"}, "geometry": {"type": "Polygon", "coordinates": [[[139.71553895, 35.590385199], [139.715613984, 35.590358742], [139.715563356, 35.590407979], [139.71553895, 35.590385199]]]}}, {"id": "22849", "type": "Feature", "properties": {"現象の種類": "急傾斜地の崩壊", "区域区分": "土砂災害特別警戒区域", "区域名": "-", "所在地": "練馬区桜台6", "告示日": "2017/3/13"}, "geometry": {"type": "Polygon", "coordinates": [[[139.658836812, 35.748605118], [139.658873973, 35.748644879], [139.658677101, 35.748801086], [139.658580876, 35.748748328], [139.658836812, 35.748605118]]]}}, {"id": "22850", "type": "Feature", "properties": {"現象の種類": "急傾斜地の崩壊", "区域区分": "土砂災害特別警戒区域", "区域名": "-", "所在地": "練馬区桜台6", "告示日": "2017/3/13"}, "geometry": {"type": "Polygon", "coordinates": [[[139.65721757, 35.748453288], [139.657357813, 35.748522899], [139.657328305, 35.748600366], [139.657187304, 35.748524759], [139.65721757, 35.748453288]]]}}, {"id": "22851", "type": "Feature", "properties": {"現象の種類": "急傾斜地の崩壊", "区域区分": "土砂災害特別警戒区域", "区域名": "-", "所在地": "練馬区桜台6", "告示日": "2017/3/13"}, "geometry": {"type": "Polygon", "coordinates": [[[139.656901895, 35.748459416], [139.656966065, 35.748493928], [139.656862739, 35.748491158], [139.656901895, 35.748459416]]]}}, {"id": "22852", "type": "Feature", "properties": {"現象の種類": "急傾斜地の崩壊", "区域区分": "土砂災害特別警戒区域", "区域名": "-", "所在地": "練馬区南田中5", "告示日": "2017/3/13"}, "geometry": {"type": "Polygon", "coordinates": [[[139.612045131, 35.738534045], [139.612171351, 35.738595461], [139.612011581, 35.738564747], [139.612045131, 35.738534045]]]}}, {"id": "24009", "type": "Feature", "properties": {"現象の種類": "急傾斜地の崩壊", "区域区分": "土砂災害特別警戒区域", "区域名": "-", "所在地": "荒川区西日暮里4", "告示日": "2018/1/30"}, "geometry": {"type": "Polygon", "coordinates": [[[139.763405862, 35.733226163], [139.763293128, 35.733354788], [139.763262126, 35.733335438], [139.763405862, 35.733226163]]]}}, {"id": "24010", "type": "Feature", "properties": {"現象の種類": "急傾斜地の崩壊", "区域区分": "土砂災害特別警戒区域", "区域名": "-", "所在地": "荒川区西日暮里4　西日暮里5", "告示日": "2018/1/30"}, "geometry": {"type": "Polygon", "coordinates": [[[139.7658577, 35.7328503], [139.765987326, 35.732932464], [139.7658628, 35.733143555], [139.765743859, 35.733084625], [139.7658577, 35.7328503]]]}}, {"id": "24011", "type": "Feature", "properties": {"現象の種類": "急傾斜地の崩壊", "区域区分": "土砂災害特別警戒区域", "区域名": "-", "所在地": "荒川区西日暮里4　西日暮里5", "告示日": "2018/1/30"}, "geometry": {"type": "Polygon", "coordinates": [[[139.7658577, 35.7328503], [139.765987326, 35.732932464], [139.7658628, 35.733143555], [139.765743859, 35.733084625], [139.7658577, 35.7328503]]]}}, {"id": "24012", "type": "Feature", "properties": {"現象の種類": "急傾斜地の崩壊", "区域区分": "土砂災害特別警戒区域", "区域名": "-", "所在地": "荒川区西日暮里4　西日暮里5", "告示日": "2018/1/30"}, "geometry": {"type": "Polygon", "coordinates": [[[139.766439732, 35.732232286], [139.766204218, 35.732555086], [139.766094473, 35.732500603], [139.766248479, 35.732241486], [139.766439732, 35.732232286]]]}}, {"id": "24013", "type": "Feature", "properties": {"現象の種類": "急傾斜地の崩壊", "区域区分": "土砂災害特別警戒区域", "区域名": "-", "所在地": "荒川区西日暮里4　西日暮里5", "告示日": "2018/1/30"}, "geometry": {"type": "Polygon", "coordinates": [[[139.766439732, 35.732232286], [139.766204218, 35.732555086], [139.766094473, 35.732500603], [139.766248479, 35.732241486], [139.766439732, 35.732232286]]]}}, {"id": "24014", "type": "Feature", "properties": {"現象の種類": "急傾斜地の崩壊", "区域区分": "土砂災害特別警戒区域", "区域名": "-", "所在地": "荒川区西日暮里3", "告示日": "2018/1/30"}, "geometry": {"type": "Polygon", "coordinates": [[[139.766344275, 35.731007556], [139.766229267, 35.731335953], [139.766120351, 35.731303979], [139.766291839, 35.730976748], [139.766344275, 35.731007556]]]}}, {"id": "24015", "type": "Feature", "properties": {"現象の種類": "急傾斜地の崩壊", "区域区分": "土砂災害特別警戒区域", "区域名": "-", "所在地": "荒川区西日暮里3", "告示日": "2018/1/30"}, "geometry": {"type": "Polygon", "coordinates": [[[139.766497977, 35.730777051], [139.766415383, 35.730728238], [139.766474672, 35.730589354], [139.766594691, 35.730582912], [139.766497977, 35.730777051]]]}}, {"id": "24016", "type": "Feature", "properties": {"現象の種類": "急傾斜地の崩壊", "区域区分": "土砂災害特別警戒区域", "区域名": "-", "所在地": "荒川区西日暮里3", "告示日": "2018/1/30"}, "geometry": {"type": "Polygon", "coordinates": [[[139.766782661, 35.730080233], [139.766819236, 35.730094547], [139.766788133, 35.730134559], [139.766672859, 35.730084064], [139.766748737, 35.730002317], [139.766814886, 35.730022709], [139.766782661, 35.730080233]]]}}, {"id": "24017", "type": "Feature", "properties": {"現象の種類": "急傾斜地の崩壊", "区域区分": "土砂災害特別警戒区域", "区域名": "-", "所在地": "荒川区西日暮里3", "告示日": "2018/1/30"}, "geometry": {"type": "Polygon", "coordinates": [[[139.767258548, 35.728523911], [139.767373021, 35.728556349], [139.767291844, 35.728776893], [139.767220843, 35.728751923], [139.767233126, 35.72862417], [139.767258548, 35.728523911]]]}}, {"id": "24018", "type": "Feature", "properties": {"現象の種類": "急傾斜地の崩壊", "区域区分": "土砂災害特別警戒区域", "区域名": "-", "所在地": "杉並区高井戸東1　高井戸東2", "告示日": "2018/1/30"}, "geometry": {"type": "Polygon", "coordinates": [[[139.61917208, 35.680834483], [139.619217927, 35.680864583], [139.618988969, 35.681190864], [139.618921888, 35.681399973], [139.618844399, 35.681412004], [139.618934257, 35.681170303], [139.61917208, 35.680834483]]]}}, {"id": "24019", "type": "Feature", "properties": {"現象の種類": "急傾斜地の崩壊", "区域区分": "土砂災害特別警戒区域", "区域名": "-", "所在地": "杉並区高井戸東1", "告示日": "2018/1/30"}, "geometry": {"type": "Polygon", "coordinates": [[[139.619799393, 35.680488897], [139.619417011, 35.68066851], [139.619372162, 35.680640214], [139.619778264, 35.680450277], [139.619799393, 35.680488897]]]}}, {"id": "24020", "type": "Feature", "properties": {"現象の種類": "急傾斜地の崩壊", "区域区分": "土砂災害特別警戒区域", "区域名": "-", "所在地": "杉並区和泉4", "告示日": "2018/1/30"}, "geometry": {"type": "Polygon", "coordinates": [[[139.653271403, 35.680122178], [139.653513656, 35.680224134], [139.653491223, 35.680312353], [139.653252991, 35.680205535], [139.653271403, 35.680122178]]]}}, {"id": "24021", "type": "Feature", "properties": {"現象の種類": "急傾斜地の崩壊", "区域区分": "土砂災害特別警戒区域", "区域名": "-", "所在地": "杉並区和泉4", "告示日": "2018/1/30"}, "geometry": {"type": "Polygon", "coordinates": [[[139.654268469, 35.680331991], [139.654278971, 35.680281165], [139.654346303, 35.680285141], [139.654341267, 35.680336787], [139.654268469, 35.680331991]]]}}, {"id": "24022", "type": "Feature", "properties": {"現象の種類": "急傾斜地の崩壊", "区域区分": "土砂災害特別警戒区域", "区域名": "-", "所在地": "杉並区久我山2", "告示日": "2018/1/30"}, "geometry": {"type": "Polygon", "coordinates": [[[139.60227123, 35.685648832], [139.602303654, 35.685686755], [139.602166568, 35.68579061], [139.60204185, 35.685871772], [139.601999091, 35.685846539], [139.60227123, 35.685648832]]]}}, {"id": "24023", "type": "Feature", "properties": {"現象の種類": "急傾斜地の崩壊", "区域区分": "土砂災害特別警戒区域", "区域名": "-", "所在地": "杉並区久我山2", "告示日": "2018/1/30"}, "geometry": {"type": "Polygon", "coordinates": [[[139.600687311, 35.686742132], [139.600700568, 35.686790115], [139.600351418, 35.686892656], [139.600336769, 35.686853324], [139.600687311, 35.686742132]]]}}, {"id": "24024", "type": "Feature", "properties": {"現象の種類": "急傾斜地の崩壊", "区域区分": "土砂災害特別警戒区域", "区域名": "-", "所在地": "世田谷区代田4", "告示日": "2018/1/30"}, "geometry": {"type": "Polygon", "coordinates": [[[139.654583868, 35.657559886], [139.654594225, 35.657613358], [139.654435319, 35.657626734], [139.654438749, 35.657518293], [139.654583868, 35.657559886]]]}}, {"id": "24025", "type": "Feature", "properties": {"現象の種類": "急傾斜地の崩壊", "区域区分": "土砂災害特別警戒区域", "区域名": "-", "所在地": "世田谷区北沢1　目黒区駒場4", "告示日": "2018/1/30"}, "geometry": {"type": "Polygon", "coordinates": [[[139.676316021, 35.661196115], [139.676317629, 35.6613518], [139.676228836, 35.661660885], [139.676141552, 35.661664557], [139.676277314, 35.661190205], [139.676316021, 35.661196115]]]}}, {"id": "24026", "type": "Feature", "properties": {"現象の種類": "急傾斜地の崩壊", "区域区分": "土砂災害特別警戒区域", "区域名": "-", "所在地": "世田谷区池尻4", "告示日": "2018/1/30"}, "geometry": {"type": "Polygon", "coordinates": [[[139.679003591, 35.652507698], [139.679183913, 35.652387133], [139.6791615, 35.652342031], [139.679245844, 35.652393613], [139.679260163, 35.652431853], [139.679092958, 35.652552525], [139.679140663, 35.652661933], [139.679030117, 35.652640517], [139.679003591, 35.652507698]]]}}, {"id": "24027", "type": "Feature", "properties": {"現象の種類": "急傾斜地の崩壊", "区域区分": "土砂災害特別警戒区域", "区域名": "-", "所在地": "世田谷区池尻4", "告示日": "2018/1/30"}, "geometry": {"type": "Polygon", "coordinates": [[[139.680003131, 35.6523276], [139.680197088, 35.652412404], [139.680135057, 35.652505987], [139.67999937, 35.65248427], [139.680003131, 35.6523276]]]}}, {"id": "24028", "type": "Feature", "properties": {"現象の種類": "急傾斜地の崩壊", "区域区分": "土砂災害特別警戒区域", "区域名": "-", "所在地": "世田谷区池尻4", "告示日": "2018/1/30"}, "geometry": {"type": "Polygon", "coordinates": [[[139.680357724, 35.652438931], [139.68114217, 35.652510149], [139.681137446, 35.652599748], [139.68034048, 35.652549248], [139.680357724, 35.652438931]]]}}, {"id": "24029", "type": "Feature", "properties": {"現象の種類": "急傾斜地の崩壊", "区域区分": "土砂災害特別警戒区域", "区域名": "-", "所在地": "世田谷区成城4", "告示日": "2018/1/30"}, "geometry": {"type": "Polygon", "coordinates": [[[139.592721293, 35.639048125], [139.592804832, 35.638828245], [139.592866748, 35.638773109], [139.592933343, 35.638828051], [139.5928771, 35.638935213], [139.592762791, 35.639059296], [139.592721293, 35.639048125]]]}}, {"id": "24030", "type": "Feature", "properties": {"現象の種類": "急傾斜地の崩壊", "区域区分": "土砂災害特別警戒区域", "区域名": "-", "所在地": "世田谷区成城3", "告示日": "2018/1/30"}, "geometry": {"type": "Polygon", "coordinates": [[[139.593537188, 35.637759308], [139.593700828, 35.637797586], [139.593700018, 35.637886017], [139.593576582, 35.637925707], [139.593513581, 35.63782642], [139.593537188, 35.637759308]]]}}, {"id": "24031", "type": "Feature", "properties": {"現象の種類": "急傾斜地の崩壊", "区域区分": "土砂災害特別警戒区域", "区域名": "-", "所在地": "世田谷区成城3", "告示日": "2018/1/30"}, "geometry": {"type": "Polygon", "coordinates": [[[139.593586481, 35.637599848], [139.593604293, 35.637551925], [139.593633975, 35.637554689], [139.593633199, 35.637601293], [139.593586481, 35.637599848]]]}}, {"id": "24032", "type": "Feature", "properties": {"現象の種類": "急傾斜地の崩壊", "区域区分": "土砂災害特別警戒区域", "区域名": "-", "所在地": "世田谷区成城3", "告示日": "2018/1/30"}, "geometry": {"type": "Polygon", "coordinates": [[[139.593611028, 35.637431503], [139.593656734, 35.637405632], [139.593667419, 35.637426387], [139.593611028, 35.637431503]]]}}, {"id": "24033", "type": "Feature", "properties": {"現象の種類": "急傾斜地の崩壊", "区域区分": "土砂災害特別警戒区域", "区域名": "-", "所在地": "世田谷区成城3", "告示日": "2018/1/30"}, "geometry": {"type": "Polygon", "coordinates": [[[139.596767993, 35.635323994], [139.59673295, 35.635286244], [139.596762107, 35.635312714], [139.59688322, 35.635255528], [139.596767993, 35.635323994]]]}}, {"id": "24034", "type": "Feature", "properties": {"現象の種類": "急傾斜地の崩壊", "区域区分": "土砂災害特別警戒区域", "区域名": "-", "所在地": "世田谷区成城1", "告示日": "2018/1/30"}, "geometry": {"type": "Polygon", "coordinates": [[[139.601180024, 35.632711121], [139.601219673, 35.632794042], [139.60116106, 35.632813221], [139.601123781, 35.632729493], [139.601180024, 35.632711121]]]}}, {"id": "24035", "type": "Feature", "properties": {"現象の種類": "急傾斜地の崩壊", "区域区分": "土砂災害特別警戒区域", "区域名": "-", "所在地": "世田谷区喜多見6", "告示日": "2018/1/30"}, "geometry": {"type": "Polygon", "coordinates": [[[139.604862501, 35.631058927], [139.604893922, 35.631089907], [139.604622583, 35.631330173], [139.604572893, 35.631286358], [139.604862501, 35.631058927]]]}}, {"id": "24036", "type": "Feature", "properties": {"現象の種類": "急傾斜地の崩壊", "区域区分": "土砂災害特別警戒区域", "区域名": "-", "所在地": "世田谷区大蔵6", "告示日": "2018/1/30"}, "geometry": {"type": "Polygon", "coordinates": [[[139.609653742, 35.625548431], [139.609778767, 35.625484389], [139.60980229, 35.625539242], [139.609675035, 35.625586693], [139.609653742, 35.625548431]]]}}, {"id": "24037", "type": "Feature", "properties": {"現象の種類": "急傾斜地の崩壊", "区域区分": "土砂災害特別警戒区域", "区域名": "-", "所在地": "世田谷区大蔵6", "告示日": "2018/1/30"}, "geometry": {"type": "Polygon", "coordinates": [[[139.61000565, 35.625401604], [139.610079182, 35.625352791], [139.610101933, 35.625390605], [139.610032773, 35.625439336], [139.61000565, 35.625401604]]]}}, {"id": "24038", "type": "Feature", "properties": {"現象の種類": "急傾斜地の崩壊", "区域区分": "土砂災害特別警戒区域", "区域名": "-", "所在地": "世田谷区岡本3", "告示日": "2018/1/30"}, "geometry": {"type": "Polygon", "coordinates": [[[139.612848719, 35.627812851], [139.613066083, 35.627848586], [139.613071186, 35.627947125], [139.61298558, 35.627982216], [139.61295779, 35.627888233], [139.612848719, 35.627812851]]]}}, {"id": "24039", "type": "Feature", "properties": {"現象の種類": "急傾斜地の崩壊", "区域区分": "土砂災害特別警戒区域", "区域名": "-", "所在地": "世田谷区岡本3", "告示日": "2018/1/30"}, "geometry": {"type": "Polygon", "coordinates": [[[139.61333046, 35.626645974], [139.613220547, 35.626811823], [139.613034817, 35.626764337], [139.613098425, 35.626581636], [139.613059214, 35.626568133], [139.613326145, 35.626492627], [139.61333046, 35.626645974]]]}}, {"id": "24040", "type": "Feature", "properties": {"現象の種類": "急傾斜地の崩壊", "区域区分": "土砂災害特別警戒区域", "区域名": "-", "所在地": "世田谷区岡本3", "告示日": "2018/1/30"}, "geometry": {"type": "Polygon", "coordinates": [[[139.613234653, 35.626416376], [139.613297263, 35.626431635], [139.613372795, 35.626450073], [139.613182801, 35.626529686], [139.613234653, 35.626416376]]]}}, {"id": "24041", "type": "Feature", "properties": {"現象の種類": "急傾斜地の崩壊", "区域区分": "土砂災害特別警戒区域", "区域名": "-", "所在地": "世田谷区岡本1", "告示日": "2018/1/30"}, "geometry": {"type": "Polygon", "coordinates": [[[139.61867756, 35.625231305], [139.618751921, 35.625210794], [139.618887058, 35.625278554], [139.61876305, 35.625305828], [139.61867756, 35.625231305]]]}}, {"id": "24042", "type": "Feature", "properties": {"現象の種類": "急傾斜地の崩壊", "区域区分": "土砂災害特別警戒区域", "区域名": "-", "所在地": "世田谷区岡本1", "告示日": "2018/1/30"}, "geometry": {"type": "Polygon", "coordinates": [[[139.619670996, 35.624769448], [139.619600876, 35.624770765], [139.61958034, 35.624651736], [139.619631881, 35.624651286], [139.619670996, 35.624769448]]]}}, {"id": "24043", "type": "Feature", "properties": {"現象の種類": "急傾斜地の崩壊", "区域区分": "土砂災害特別警戒区域", "区域名": "-", "所在地": "世田谷区岡本1", "告示日": "2018/1/30"}, "geometry": {"type": "Polygon", "coordinates": [[[139.619722968, 35.624059636], [139.619666781, 35.624129219], [139.619618143, 35.624099295], [139.619697899, 35.624035612], [139.619722968, 35.624059636]]]}}, {"id": "24044", "type": "Feature", "properties": {"現象の種類": "急傾斜地の崩壊", "区域区分": "土砂災害特別警戒区域", "区域名": "-", "所在地": "世田谷区岡本1", "告示日": "2018/1/30"}, "geometry": {"type": "Polygon", "coordinates": [[[139.620578457, 35.623586979], [139.619970339, 35.623868783], [139.619934447, 35.623840233], [139.620254556, 35.623621563], [139.620414958, 35.623570103], [139.620578457, 35.623586979]]]}}, {"id": "24045", "type": "Feature", "properties": {"現象の種類": "急傾斜地の崩壊", "区域区分": "土砂災害特別警戒区域", "区域名": "-", "所在地": "世田谷区岡本2", "告示日": "2018/1/30"}, "geometry": {"type": "Polygon", "coordinates": [[[139.6185475, 35.622481964], [139.618286635, 35.62254352], [139.618184348, 35.622452109], [139.618246168, 35.622387134], [139.618318647, 35.62242251], [139.618325864, 35.622379704], [139.618446448, 35.62233746], [139.618722109, 35.622292968], [139.618741131, 35.622330773], [139.6185475, 35.622481964]]]}}, {"id": "24046", "type": "Feature", "properties": {"現象の種類": "急傾斜地の崩壊", "区域区分": "土砂災害特別警戒区域", "区域名": "-", "所在地": "世田谷区瀬田4", "告示日": "2018/1/30"}, "geometry": {"type": "Polygon", "coordinates": [[[139.62552864, 35.620247124], [139.625633667, 35.62023198], [139.625654973, 35.620513815], [139.625550653, 35.620537344], [139.62552864, 35.620247124]]]}}, {"id": "24047", "type": "Feature", "properties": {"現象の種類": "急傾斜地の崩壊", "区域区分": "土砂災害特別警戒区域", "区域名": "-", "所在地": "世田谷区瀬田4", "告示日": "2018/1/30"}, "geometry": {"type": "Polygon", "coordinates": [[[139.625423705, 35.619839841], [139.625471101, 35.619821442], [139.625486872, 35.619884752], [139.625432383, 35.619899442], [139.625423705, 35.619839841]]]}}, {"id": "24048", "type": "Feature", "properties": {"現象の種類": "急傾斜地の崩壊", "区域区分": "土砂災害特別警戒区域", "区域名": "-", "所在地": "世田谷区瀬田4", "告示日": "2018/1/30"}, "geometry": {"type": "Polygon", "coordinates": [[[139.625959334, 35.619542018], [139.62593502, 35.619613282], [139.62581323, 35.619632273], [139.625959334, 35.619542018]]]}}, {"id": "24049", "type": "Feature", "properties": {"現象の種類": "急傾斜地の崩壊", "区域区分": "土砂災害特別警戒区域", "区域名": "-", "所在地": "世田谷区瀬田4", "告示日": "2018/1/30"}, "geometry": {"type": "Polygon", "coordinates": [[[139.626888327, 35.619771324], [139.626841367, 35.619797386], [139.626684538, 35.619738882], [139.626806715, 35.619710876], [139.626888327, 35.619771324]]]}}, {"id": "24050", "type": "Feature", "properties": {"現象の種類": "急傾斜地の崩壊", "区域区分": "土砂災害特別警戒区域", "区域名": "-", "所在地": "世田谷区瀬田4", "告示日": "2018/1/30"}, "geometry": {"type": "Polygon", "coordinates": [[[139.627414403, 35.61946834], [139.627283182, 35.619543478], [139.627258876, 35.619505755], [139.62739817, 35.61944262], [139.627414403, 35.61946834]]]}}, {"id": "24051", "type": "Feature", "properties": {"現象の種類": "急傾斜地の崩壊", "区域区分": "土砂災害特別警戒区域", "区域名": "-", "所在地": "世田谷区瀬田4", "告示日": "2018/1/30"}, "geometry": {"type": "Polygon", "coordinates": [[[139.628175867, 35.619016832], [139.628468272, 35.619326713], [139.628495996, 35.619559879], [139.628445008, 35.619558801], [139.628383231, 35.619360824], [139.627994218, 35.618979022], [139.628011256, 35.618939386], [139.628175867, 35.619016832]]]}}, {"id": "24052", "type": "Feature", "properties": {"現象の種類": "急傾斜地の崩壊", "区域区分": "土砂災害特別警戒区域", "区域名": "-", "所在地": "世田谷区瀬田1", "告示日": "2018/1/30"}, "geometry": {"type": "Polygon", "coordinates": [[[139.63039134, 35.614250022], [139.630437555, 35.614300853], [139.630345358, 35.614358842], [139.630199072, 35.614275029], [139.6302243, 35.614235948], [139.63039134, 35.614250022]]]}}, {"id": "24053", "type": "Feature", "properties": {"現象の種類": "急傾斜地の崩壊", "区域区分": "土砂災害特別警戒区域", "区域名": "-", "所在地": "世田谷区瀬田1", "告示日": "2018/1/30"}, "geometry": {"type": "Polygon", "coordinates": [[[139.631889873, 35.613287967], [139.631821937, 35.613184545], [139.632052582, 35.613103889], [139.632101286, 35.613178972], [139.631889873, 35.613287967]]]}}, {"id": "24054", "type": "Feature", "properties": {"現象の種類": "急傾斜地の崩壊", "区域区分": "土砂災害特別警戒区域", "区域名": "-", "所在地": "世田谷区瀬田1", "告示日": "2018/1/30"}, "geometry": {"type": "Polygon", "coordinates": [[[139.632314844, 35.61297713], [139.632339611, 35.613012689], [139.632330507, 35.613048822], [139.632314844, 35.61297713]]]}}, {"id": "24055", "type": "Feature", "properties": {"現象の種類": "急傾斜地の崩壊", "区域区分": "土砂災害特別警戒区域", "区域名": "-", "所在地": "世田谷区瀬田1", "告示日": "2018/1/30"}, "geometry": {"type": "Polygon", "coordinates": [[[139.632842207, 35.613044356], [139.632592984, 35.613163566], [139.632532734, 35.613081252], [139.632441682, 35.613082903], [139.632551623, 35.612991587], [139.632575475, 35.613029038], [139.632682625, 35.612961246], [139.632838096, 35.612976739], [139.632842207, 35.613044356]]]}}, {"id": "24056", "type": "Feature", "properties": {"現象の種類": "急傾斜地の崩壊", "区域区分": "土砂災害特別警戒区域", "区域名": "-", "所在地": "世田谷区瀬田1", "告示日": "2018/1/30"}, "geometry": {"type": "Polygon", "coordinates": [[[139.632830805, 35.612760736], [139.632776501, 35.612813111], [139.632690999, 35.612743465], [139.63280629, 35.612733471], [139.632830805, 35.612760736]]]}}, {"id": "24057", "type": "Feature", "properties": {"現象の種類": "急傾斜地の崩壊", "区域区分": "土砂災害特別警戒区域", "区域名": "-", "所在地": "世田谷区上野毛2　上野毛3", "告示日": "2018/1/30"}, "geometry": {"type": "Polygon", "coordinates": [[[139.636094982, 35.610411219], [139.636315621, 35.610507677], [139.636471268, 35.610598348], [139.636438954, 35.610632281], [139.636056599, 35.610469932], [139.636094982, 35.610411219]]]}}, {"id": "24058", "type": "Feature", "properties": {"現象の種類": "急傾斜地の崩壊", "区域区分": "土砂災害特別警戒区域", "区域名": "-", "所在地": "世田谷区上野毛2", "告示日": "2018/1/30"}, "geometry": {"type": "Polygon", "coordinates": [[[139.636788583, 35.609062495], [139.636897306, 35.608943768], [139.63703513, 35.608987444], [139.636944199, 35.609090514], [139.637020858, 35.609127509], [139.637003758, 35.609158491], [139.636788583, 35.609062495]]]}}, {"id": "24059", "type": "Feature", "properties": {"現象の種類": "急傾斜地の崩壊", "区域区分": "土砂災害特別警戒区域", "区域名": "-", "所在地": "世田谷区上野毛2", "告示日": "2018/1/30"}, "geometry": {"type": "Polygon", "coordinates": [[[139.637172893, 35.607676302], [139.637269961, 35.608079597], [139.637027602, 35.608081276], [139.637154729, 35.607844577], [139.636997119, 35.607664838], [139.637172893, 35.607676302]]]}}, {"id": "24060", "type": "Feature", "properties": {"現象の種類": "急傾斜地の崩壊", "区域区分": "土砂災害特別警戒区域", "区域名": "-", "所在地": "世田谷区野毛3　上野毛2", "告示日": "2018/1/30"}, "geometry": {"type": "Polygon", "coordinates": [[[139.637228049, 35.607048339], [139.637322833, 35.607044076], [139.637336687, 35.6071493], [139.637289412, 35.60715959], [139.637228049, 35.607048339]]]}}, {"id": "24061", "type": "Feature", "properties": {"現象の種類": "急傾斜地の崩壊", "区域区分": "土砂災害特別警戒区域", "区域名": "-", "所在地": "世田谷区野毛3", "告示日": "2018/1/30"}, "geometry": {"type": "Polygon", "coordinates": [[[139.638441055, 35.605144152], [139.638501917, 35.605236922], [139.638279884, 35.605382059], [139.638150299, 35.605284671], [139.638272887, 35.605189224], [139.638441055, 35.605144152]]]}}, {"id": "24062", "type": "Feature", "properties": {"現象の種類": "急傾斜地の崩壊", "区域区分": "土砂災害特別警戒区域", "区域名": "-", "所在地": "世田谷区野毛2", "告示日": "2018/1/30"}, "geometry": {"type": "Polygon", "coordinates": [[[139.638960904, 35.604835878], [139.638935658, 35.60492301], [139.63883046, 35.604829808], [139.638917752, 35.604798308], [139.638960904, 35.604835878]]]}}, {"id": "24063", "type": "Feature", "properties": {"現象の種類": "急傾斜地の崩壊", "区域区分": "土砂災害特別警戒区域", "区域名": "-", "所在地": "世田谷区野毛2", "告示日": "2018/1/30"}, "geometry": {"type": "Polygon", "coordinates": [[[139.639746742, 35.604422918], [139.639575027, 35.604505487], [139.63955846, 35.604467238], [139.639746742, 35.604422918]]]}}, {"id": "24064", "type": "Feature", "properties": {"現象の種類": "急傾斜地の崩壊", "区域区分": "土砂災害特別警戒区域", "区域名": "-", "所在地": "世田谷区野毛2", "告示日": "2018/1/30"}, "geometry": {"type": "Polygon", "coordinates": [[[139.640786303, 35.603930218], [139.640874189, 35.603953797], [139.640759973, 35.604166812], [139.640601912, 35.604288708], [139.640629579, 35.604368082], [139.640586809, 35.60455038], [139.640442397, 35.604598829], [139.640555786, 35.604352008], [139.640518839, 35.604270005], [139.640663893, 35.604143581], [139.640786303, 35.603930218]]]}}, {"id": "24065", "type": "Feature", "properties": {"現象の種類": "急傾斜地の崩壊", "区域区分": "土砂災害特別警戒区域", "区域名": "-", "所在地": "世田谷区野毛2", "告示日": "2018/1/30"}, "geometry": {"type": "Polygon", "coordinates": [[[139.641465138, 35.603219051], [139.641448285, 35.603300156], [139.641252913, 35.603226916], [139.64123095, 35.603160172], [139.64124122, 35.603014962], [139.641416749, 35.602819983], [139.64127045, 35.603012124], [139.641465138, 35.603219051]]]}}, {"id": "24066", "type": "Feature", "properties": {"現象の種類": "急傾斜地の崩壊", "区域区分": "土砂災害特別警戒区域", "区域名": "-", "所在地": "世田谷区等々力1", "告示日": "2018/1/30"}, "geometry": {"type": "Polygon", "coordinates": [[[139.649915895, 35.602542135], [139.64996319, 35.602681033], [139.649838577, 35.602714198], [139.649780987, 35.602578799], [139.649723294, 35.602568435], [139.649915895, 35.602542135]]]}}, {"id": "24067", "type": "Feature", "properties": {"現象の種類": "急傾斜地の崩壊", "区域区分": "土砂災害特別警戒区域", "区域名": "-", "所在地": "世田谷区尾山台2", "告示日": "2018/1/30"}, "geometry": {"type": "Polygon", "coordinates": [[[139.654812775, 35.600263813], [139.654783117, 35.600419272], [139.654738779, 35.60042155], [139.654741356, 35.600244776], [139.654812775, 35.600263813]]]}}, {"id": "24068", "type": "Feature", "properties": {"現象の種類": "急傾斜地の崩壊", "区域区分": "土砂災害特別警戒区域", "区域名": "-", "所在地": "世田谷区尾山台2", "告示日": "2018/1/30"}, "geometry": {"type": "Polygon", "coordinates": [[[139.658283271, 35.60079401], [139.658319734, 35.600729788], [139.6584247, 35.600686219], [139.658436396, 35.600833266], [139.658283271, 35.60079401]]]}}, {"id": "24069", "type": "Feature", "properties": {"現象の種類": "急傾斜地の崩壊", "区域区分": "土砂災害特別警戒区域", "区域名": "-", "所在地": "世田谷区成城1", "告示日": "2018/1/30"}, "geometry": {"type": "Polygon", "coordinates": [[[139.603003091, 35.631971995], [139.603090468, 35.631925827], [139.603108456, 35.632004739], [139.603009699, 35.632049714], [139.603003091, 35.631971995]]]}}, {"id": "24070", "type": "Feature", "properties": {"現象の種類": "急傾斜地の崩壊", "区域区分": "土砂災害特別警戒区域", "区域名": "-", "所在地": "世田谷区上野毛3", "告示日": "2018/1/30"}, "geometry": {"type": "Polygon", "coordinates": [[[139.635380749, 35.610812193], [139.635514572, 35.610780771], [139.635582765, 35.610780613], [139.635479106, 35.610837866], [139.635380749, 35.610812193]]]}}, {"id": "24073", "type": "Feature", "properties": {"現象の種類": "急傾斜地の崩壊", "区域区分": "土砂災害特別警戒区域", "区域名": "-", "所在地": "中野区弥生町6", "告示日": "2018/1/30"}, "geometry": {"type": "Polygon", "coordinates": [[[139.66303259, 35.686240153], [139.663183166, 35.686648089], [139.663067905, 35.686677709], [139.662905377, 35.68627144], [139.66303259, 35.686240153]]]}}, {"id": "24080", "type": "Feature", "properties": {"現象の種類": "急傾斜地の崩壊", "区域区分": "土砂災害特別警戒区域", "区域名": "-", "所在地": "中野区松が丘2", "告示日": "2018/1/30"}, "geometry": {"type": "Polygon", "coordinates": [[[139.67084439, 35.722920262], [139.670760857, 35.723090522], [139.670700906, 35.723083008], [139.670802083, 35.722895533], [139.67084439, 35.722920262]]]}}, {"id": "24081", "type": "Feature", "properties": {"現象の種類": "急傾斜地の崩壊", "区域区分": "土砂災害特別警戒区域", "区域名": "-", "所在地": "中野区上高田5", "告示日": "2018/1/30"}, "geometry": {"type": "Polygon", "coordinates": [[[139.677274693, 35.719026744], [139.677369063, 35.719106403], [139.67737397, 35.719120002], [139.677274693, 35.719026744]]]}}, {"id": "24082", "type": "Feature", "properties": {"現象の種類": "急傾斜地の崩壊", "区域区分": "土砂災害特別警戒区域", "区域名": "-", "所在地": "中野区上高田5", "告示日": "2018/1/30"}, "geometry": {"type": "Polygon", "coordinates": [[[139.67685452, 35.71846607], [139.676810551, 35.718511967], [139.676812546, 35.718469032], [139.67685452, 35.71846607]]]}}, {"id": "24083", "type": "Feature", "properties": {"現象の種類": "急傾斜地の崩壊", "区域区分": "土砂災害特別警戒区域", "区域名": "-", "所在地": "中野区上高田4", "告示日": "2018/1/30"}, "geometry": {"type": "Polygon", "coordinates": [[[139.678032162, 35.7135538], [139.678038196, 35.713624978], [139.677967716, 35.713621791], [139.677950447, 35.713537648], [139.678032162, 35.7135538]]]}}, {"id": "24084", "type": "Feature", "properties": {"現象の種類": "急傾斜地の崩壊", "区域区分": "土砂災害特別警戒区域", "区域名": "-", "所在地": "中野区上高田4", "告示日": "2018/1/30"}, "geometry": {"type": "Polygon", "coordinates": [[[139.678990622, 35.713489005], [139.678940607, 35.713553576], [139.678355626, 35.713624807], [139.67827197, 35.713615861], [139.678263689, 35.713562916], [139.678559852, 35.713472766], [139.678931079, 35.713446104], [139.678944253, 35.713409898], [139.678990622, 35.713489005]]]}}, {"id": "24085", "type": "Feature", "properties": {"現象の種類": "急傾斜地の崩壊", "区域区分": "土砂災害特別警戒区域", "区域名": "-", "所在地": "中野区上高田4", "告示日": "2018/1/30"}, "geometry": {"type": "Polygon", "coordinates": [[[139.680251634, 35.713212728], [139.680251509, 35.713278271], [139.680138549, 35.713294368], [139.680150514, 35.713201086], [139.680251634, 35.713212728]]]}}, {"id": "24086", "type": "Feature", "properties": {"現象の種類": "急傾斜地の崩壊", "区域区分": "土砂災害特別警戒区域", "区域名": "-", "所在地": "中野区上高田4", "告示日": "2018/1/30"}, "geometry": {"type": "Polygon", "coordinates": [[[139.680808777, 35.713126591], [139.680831479, 35.713143418], [139.680835784, 35.713176892], [139.680808777, 35.713126591]]]}}, {"id": "24087", "type": "Feature", "properties": {"現象の種類": "急傾斜地の崩壊", "区域区分": "土砂災害特別警戒区域", "区域名": "-", "所在地": "中野区上高田4", "告示日": "2018/1/30"}, "geometry": {"type": "Polygon", "coordinates": [[[139.680037804, 35.71185267], [139.680099205, 35.711888761], [139.680061221, 35.711938101], [139.680037804, 35.71185267]]]}}, {"id": "24088", "type": "Feature", "properties": {"現象の種類": "急傾斜地の崩壊", "区域区分": "土砂災害特別警戒区域", "区域名": "-", "所在地": "中野区上高田4", "告示日": "2018/1/30"}, "geometry": {"type": "Polygon", "coordinates": [[[139.68053702, 35.712247143], [139.680506497, 35.712271484], [139.680384833, 35.712186129], [139.680499217, 35.712065572], [139.68054394, 35.712084211], [139.680442242, 35.712195126], [139.68053702, 35.712247143]]]}}, {"id": "24089", "type": "Feature", "properties": {"現象の種類": "急傾斜地の崩壊", "区域区分": "土砂災害特別警戒区域", "区域名": "-", "所在地": "中野区弥生町6", "告示日": "2018/1/30"}, "geometry": {"type": "Polygon", "coordinates": [[[139.662133656, 35.687054864], [139.662135114, 35.687107256], [139.661877107, 35.68708399], [139.661938798, 35.68703238], [139.662133656, 35.687054864]]]}}, {"id": "24787", "type": "Feature", "properties": {"現象の種類": "急傾斜地の崩壊", "区域区分": "土砂災害特別警戒区域", "区域名": "-", "所在地": "板橋区前野町5　前野町6", "告示日": "2018/5/31"}, "geometry": {"type": "Polygon", "coordinates": [[[139.684071778, 35.769822423], [139.683816062, 35.769906853], [139.683698587, 35.76983571], [139.684059766, 35.769785702], [139.684071778, 35.769822423]]]}}, {"id": "24814", "type": "Feature", "properties": {"現象の種類": "急傾斜地の崩壊", "区域区分": "土砂災害特別警戒区域", "区域名": "-", "所在地": "板橋区中台3", "告示日": "2018/5/31"}, "geometry": {"type": "Polygon", "coordinates": [[[139.681084537, 35.774636834], [139.680997288, 35.774723622], [139.680945812, 35.774677573], [139.681040494, 35.774617538], [139.681084537, 35.774636834]]]}}, {"id": "24853", "type": "Feature", "properties": {"現象の種類": "急傾斜地の崩壊", "区域区分": "土砂災害特別警戒区域", "区域名": "-", "所在地": "大田区田園調布1", "告示日": "2018/5/31"}, "geometry": {"type": "Polygon", "coordinates": [[[139.665464138, 35.590339853], [139.665419074, 35.590487409], [139.665184947, 35.590775278], [139.665092558, 35.590867268], [139.665016832, 35.590815906], [139.665352829, 35.590277654], [139.665401202, 35.590267037], [139.665464138, 35.590339853]]]}}, {"id": "24854", "type": "Feature", "properties": {"現象の種類": "急傾斜地の崩壊", "区域区分": "土砂災害特別警戒区域", "区域名": "-", "所在地": "大田区田園調布5", "告示日": "2018/5/31"}, "geometry": {"type": "Polygon", "coordinates": [[[139.658295344, 35.596780766], [139.658074204, 35.596756641], [139.658026669, 35.596661181], [139.658334584, 35.596688103], [139.658295344, 35.596780766]]]}}, {"id": "24865", "type": "Feature", "properties": {"現象の種類": "急傾斜地の崩壊", "区域区分": "土砂災害特別警戒区域", "区域名": "-", "所在地": "大田区田園調布5", "告示日": "2018/5/31"}, "geometry": {"type": "Polygon", "coordinates": [[[139.657182548, 35.595434744], [139.657158135, 35.595519195], [139.657055835, 35.595576839], [139.657076182, 35.595544948], [139.657182548, 35.595434744]]]}}, {"id": "24866", "type": "Feature", "properties": {"現象の種類": "急傾斜地の崩壊", "区域区分": "土砂災害特別警戒区域", "区域名": "-", "所在地": "大田区田園調布5", "告示日": "2018/5/31"}, "geometry": {"type": "Polygon", "coordinates": [[[139.659020533, 35.59567905], [139.659089465, 35.595725251], [139.659052563, 35.595815535], [139.65923457, 35.596098567], [139.659181785, 35.596122844], [139.658999768, 35.595875318], [139.658902093, 35.595826049], [139.658928314, 35.595703148], [139.659020533, 35.59567905]]]}}, {"id": "24867", "type": "Feature", "properties": {"現象の種類": "急傾斜地の崩壊", "区域区分": "土砂災害特別警戒区域", "区域名": "-", "所在地": "大田区田園調布5", "告示日": "2018/5/31"}, "geometry": {"type": "Polygon", "coordinates": [[[139.658975766, 35.595370874], [139.659089368, 35.595382239], [139.659088794, 35.595516004], [139.658983423, 35.595505173], [139.658975766, 35.595370874]]]}}, {"id": "24868", "type": "Feature", "properties": {"現象の種類": "急傾斜地の崩壊", "区域区分": "土砂災害特別警戒区域", "区域名": "-", "所在地": "大田区田園調布5", "告示日": "2018/5/31"}, "geometry": {"type": "Polygon", "coordinates": [[[139.659027126, 35.595202812], [139.659082211, 35.595301048], [139.658996836, 35.595291426], [139.659027126, 35.595202812]]]}}, {"id": "24869", "type": "Feature", "properties": {"現象の種類": "急傾斜地の崩壊", "区域区分": "土砂災害特別警戒区域", "区域名": "-", "所在地": "大田区田園調布4", "告示日": "2018/5/31"}, "geometry": {"type": "Polygon", "coordinates": [[[139.664425029, 35.592666644], [139.664462029, 35.592686777], [139.66441238, 35.592747456], [139.664351654, 35.592737116], [139.664425029, 35.592666644]]]}}, {"id": "24870", "type": "Feature", "properties": {"現象の種類": "急傾斜地の崩壊", "区域区分": "土砂災害特別警戒区域", "区域名": "-", "所在地": "大田区田園調布4", "告示日": "2018/5/31"}, "geometry": {"type": "Polygon", "coordinates": [[[139.664305746, 35.592801767], [139.664346391, 35.592821903], [139.664279804, 35.59293507], [139.664204046, 35.592946043], [139.664305746, 35.592801767]]]}}, {"id": "24871", "type": "Feature", "properties": {"現象の種類": "急傾斜地の崩壊", "区域区分": "土砂災害特別警戒区域", "区域名": "-", "所在地": "大田区田園調布3", "告示日": "2018/5/31"}, "geometry": {"type": "Polygon", "coordinates": [[[139.666455782, 35.591298005], [139.666412962, 35.591239488], [139.666519269, 35.591167851], [139.666856588, 35.591010429], [139.666899, 35.591067428], [139.66660833, 35.591274607], [139.666579227, 35.591243146], [139.666455782, 35.591298005]]]}}, {"id": "24872", "type": "Feature", "properties": {"現象の種類": "急傾斜地の崩壊", "区域区分": "土砂災害特別警戒区域", "区域名": "-", "所在地": "大田区田園調布3", "告示日": "2018/5/31"}, "geometry": {"type": "Polygon", "coordinates": [[[139.667726469, 35.590900964], [139.667331545, 35.590902185], [139.667325769, 35.590846962], [139.667716399, 35.590797206], [139.667753534, 35.590805219], [139.667726469, 35.590900964]]]}}, {"id": "24873", "type": "Feature", "properties": {"現象の種類": "急傾斜地の崩壊", "区域区分": "土砂災害特別警戒区域", "区域名": "-", "所在地": "大田区田園調布3", "告示日": "2018/5/31"}, "geometry": {"type": "Polygon", "coordinates": [[[139.667825617, 35.591005267], [139.667944264, 35.591005997], [139.667876135, 35.591160718], [139.667799321, 35.591138335], [139.667825617, 35.591005267]]]}}, {"id": "24874", "type": "Feature", "properties": {"現象の種類": "急傾斜地の崩壊", "区域区分": "土砂災害特別警戒区域", "区域名": "-", "所在地": "大田区田園調布2", "告示日": "2018/5/31"}, "geometry": {"type": "Polygon", "coordinates": [[[139.668809453, 35.59305056], [139.66881959, 35.593230246], [139.668748141, 35.593232943], [139.668727985, 35.593032926], [139.668809453, 35.59305056]]]}}, {"id": "24875", "type": "Feature", "properties": {"現象の種類": "急傾斜地の崩壊", "区域区分": "土砂災害特別警戒区域", "区域名": "-", "所在地": "大田区田園調布2", "告示日": "2018/5/31"}, "geometry": {"type": "Polygon", "coordinates": [[[139.668809729, 35.592744045], [139.668696134, 35.592755612], [139.668681072, 35.592598843], [139.668779525, 35.592588788], [139.668809729, 35.592744045]]]}}, {"id": "24876", "type": "Feature", "properties": {"現象の種類": "急傾斜地の崩壊", "区域区分": "土砂災害特別警戒区域", "区域名": "-", "所在地": "大田区田園調布2", "告示日": "2018/5/31"}, "geometry": {"type": "Polygon", "coordinates": [[[139.668737569, 35.592284542], [139.668722708, 35.592495859], [139.668610874, 35.592463603], [139.668621342, 35.5922904], [139.668737569, 35.592284542]]]}}, {"id": "24877", "type": "Feature", "properties": {"現象の種類": "急傾斜地の崩壊", "区域区分": "土砂災害特別警戒区域", "区域名": "-", "所在地": "大田区田園調布2", "告示日": "2018/5/31"}, "geometry": {"type": "Polygon", "coordinates": [[[139.668568167, 35.59170611], [139.668620488, 35.591712303], [139.668538149, 35.592148378], [139.668417211, 35.592145501], [139.668568167, 35.59170611]]]}}, {"id": "24878", "type": "Feature", "properties": {"現象の種類": "急傾斜地の崩壊", "区域区分": "土砂災害特別警戒区域", "区域名": "-", "所在地": "大田区田園調布2", "告示日": "2018/5/31"}, "geometry": {"type": "Polygon", "coordinates": [[[139.668677985, 35.591307211], [139.668700765, 35.591379712], [139.66864796, 35.591557425], [139.668574153, 35.591547886], [139.668634746, 35.591488491], [139.668677985, 35.591307211]]]}}, {"id": "24879", "type": "Feature", "properties": {"現象の種類": "急傾斜地の崩壊", "区域区分": "土砂災害特別警戒区域", "区域名": "-", "所在地": "大田区池上1", "告示日": "2018/5/31"}, "geometry": {"type": "Polygon", "coordinates": [[[139.706710539, 35.577175513], [139.706655177, 35.577360725], [139.706515564, 35.577195469], [139.706535014, 35.57703885], [139.706663496, 35.577026668], [139.706710539, 35.577175513]]]}}, {"id": "24880", "type": "Feature", "properties": {"現象の種類": "急傾斜地の崩壊", "区域区分": "土砂災害特別警戒区域", "区域名": "-", "所在地": "大田区田園調布1", "告示日": "2018/5/31"}, "geometry": {"type": "Polygon", "coordinates": [[[139.667362407, 35.588203895], [139.667391892, 35.588232356], [139.667349853, 35.588352338], [139.66658638, 35.589103578], [139.666416444, 35.589184876], [139.666298586, 35.58945695], [139.666183875, 35.58948972], [139.666129486, 35.589423868], [139.666134557, 35.589294079], [139.66620924, 35.589129107], [139.667096298, 35.58834159], [139.667362407, 35.588203895]]]}}, {"id": "24881", "type": "Feature", "properties": {"現象の種類": "急傾斜地の崩壊", "区域区分": "土砂災害特別警戒区域", "区域名": "-", "所在地": "大田区田園調布1", "告示日": "2018/5/31"}, "geometry": {"type": "Polygon", "coordinates": [[[139.667501347, 35.589528865], [139.667283079, 35.589544791], [139.667174155, 35.589505099], [139.667170642, 35.589464318], [139.667425451, 35.589426714], [139.667483391, 35.589372933], [139.667546562, 35.589158315], [139.667745148, 35.588960207], [139.667895487, 35.58904775], [139.667711822, 35.589174092], [139.667620404, 35.58943399], [139.667501347, 35.589528865]]]}}, {"id": "24882", "type": "Feature", "properties": {"現象の種類": "急傾斜地の崩壊", "区域区分": "土砂災害特別警戒区域", "区域名": "-", "所在地": "大田区田園調布本町", "告示日": "2018/5/31"}, "geometry": {"type": "Polygon", "coordinates": [[[139.674500376, 35.582802335], [139.674366842, 35.582895079], [139.674303328, 35.582875685], [139.674447829, 35.582744317], [139.674500376, 35.582802335]]]}}, {"id": "24883", "type": "Feature", "properties": {"現象の種類": "急傾斜地の崩壊", "区域区分": "土砂災害特別警戒区域", "区域名": "-", "所在地": "大田区田園調布南", "告示日": "2018/5/31"}, "geometry": {"type": "Polygon", "coordinates": [[[139.676604572, 35.580912926], [139.676291917, 35.581138442], [139.675942457, 35.58151061], [139.675847929, 35.581501475], [139.675841729, 35.581415325], [139.675891248, 35.581354171], [139.67622702, 35.581062308], [139.676568382, 35.580862043], [139.676604572, 35.580912926]]]}}, {"id": "24884", "type": "Feature", "properties": {"現象の種類": "急傾斜地の崩壊", "区域区分": "土砂災害特別警戒区域", "区域名": "-", "所在地": "大田区鵜の木1", "告示日": "2018/5/31"}, "geometry": {"type": "Polygon", "coordinates": [[[139.680933462, 35.57694162], [139.681028228, 35.576976476], [139.680963957, 35.577089499], [139.680879788, 35.577060497], [139.680933462, 35.57694162]]]}}, {"id": "24885", "type": "Feature", "properties": {"現象の種類": "急傾斜地の崩壊", "区域区分": "土砂災害特別警戒区域", "区域名": "-", "所在地": "大田区鵜の木1", "告示日": "2018/5/31"}, "geometry": {"type": "Polygon", "coordinates": [[[139.68126508, 35.576560176], [139.681213387, 35.57665816], [139.681156129, 35.576627685], [139.681223424, 35.576538359], [139.68126508, 35.576560176]]]}}, {"id": "24886", "type": "Feature", "properties": {"現象の種類": "急傾斜地の崩壊", "区域区分": "土砂災害特別警戒区域", "区域名": "-", "所在地": "大田区鵜の木1", "告示日": "2018/5/31"}, "geometry": {"type": "Polygon", "coordinates": [[[139.681515148, 35.576117009], [139.681608782, 35.576148814], [139.681578334, 35.576211359], [139.681494919, 35.576186629], [139.681515148, 35.576117009]]]}}, {"id": "24887", "type": "Feature", "properties": {"現象の種類": "急傾斜地の崩壊", "区域区分": "土砂災害特別警戒区域", "区域名": "-", "所在地": "大田区鵜の木1", "告示日": "2018/5/31"}, "geometry": {"type": "Polygon", "coordinates": [[[139.681673042, 35.5760183], [139.681656876, 35.576101325], [139.681621134, 35.576077621], [139.681673042, 35.5760183]]]}}, {"id": "24888", "type": "Feature", "properties": {"現象の種類": "急傾斜地の崩壊", "区域区分": "土砂災害特別警戒区域", "区域名": "-", "所在地": "大田区石川町1", "告示日": "2018/5/31"}, "geometry": {"type": "Polygon", "coordinates": [[[139.682991898, 35.602689183], [139.682847621, 35.602942051], [139.682817596, 35.603069751], [139.68287825, 35.60312092], [139.68284322, 35.603185987], [139.682859073, 35.603123254], [139.682797921, 35.603074411], [139.682827819, 35.602938189], [139.682991898, 35.602689183]]]}}, {"id": "24889", "type": "Feature", "properties": {"現象の種類": "急傾斜地の崩壊", "区域区分": "土砂災害特別警戒区域", "区域名": "-", "所在地": "大田区東雪谷5", "告示日": "2018/5/31"}, "geometry": {"type": "Polygon", "coordinates": [[[139.692223173, 35.590133371], [139.692229538, 35.59018383], [139.692187265, 35.590196485], [139.692137548, 35.590128584], [139.692223173, 35.590133371]]]}}, {"id": "24890", "type": "Feature", "properties": {"現象の種類": "急傾斜地の崩壊", "区域区分": "土砂災害特別警戒区域", "区域名": "-", "所在地": "大田区東雪谷5", "告示日": "2018/5/31"}, "geometry": {"type": "Polygon", "coordinates": [[[139.692571488, 35.589787606], [139.692595111, 35.589833542], [139.692499519, 35.589781349], [139.692571488, 35.589787606]]]}}, {"id": "24891", "type": "Feature", "properties": {"現象の種類": "急傾斜地の崩壊", "区域区分": "土砂災害特別警戒区域", "区域名": "-", "所在地": "大田区上池台5", "告示日": "2018/5/31"}, "geometry": {"type": "Polygon", "coordinates": [[[139.700058134, 35.594072591], [139.699949362, 35.594110088], [139.699917528, 35.59407874], [139.699952318, 35.594046592], [139.700058134, 35.594072591]]]}}, {"id": "24892", "type": "Feature", "properties": {"現象の種類": "急傾斜地の崩壊", "区域区分": "土砂災害特別警戒区域", "区域名": "-", "所在地": "大田区池上1", "告示日": "2018/5/31"}, "geometry": {"type": "Polygon", "coordinates": [[[139.705290616, 35.577255159], [139.705261288, 35.577294776], [139.705224545, 35.57724483], [139.705290616, 35.577255159]]]}}, {"id": "24893", "type": "Feature", "properties": {"現象の種類": "急傾斜地の崩壊", "区域区分": "土砂災害特別警戒区域", "区域名": "-", "所在地": "大田区池上1", "告示日": "2018/5/31"}, "geometry": {"type": "Polygon", "coordinates": [[[139.70590268, 35.576984712], [139.705936528, 35.577015686], [139.705930431, 35.577047663], [139.70590268, 35.576984712]]]}}, {"id": "24894", "type": "Feature", "properties": {"現象の種類": "急傾斜地の崩壊", "区域区分": "土砂災害特別警戒区域", "区域名": "-", "所在地": "大田区池上1", "告示日": "2018/5/31"}, "geometry": {"type": "Polygon", "coordinates": [[[139.706156599, 35.577091026], [139.706162984, 35.577204202], [139.706043517, 35.577218609], [139.705985064, 35.577072359], [139.706068728, 35.576963312], [139.706156599, 35.577091026]]]}}, {"id": "24895", "type": "Feature", "properties": {"現象の種類": "急傾斜地の崩壊", "区域区分": "土砂災害特別警戒区域", "区域名": "-", "所在地": "大田区池上1", "告示日": "2018/5/31"}, "geometry": {"type": "Polygon", "coordinates": [[[139.707372924, 35.576194391], [139.707195383, 35.576221713], [139.706550493, 35.576707236], [139.706390279, 35.576708543], [139.706369548, 35.576650141], [139.706657553, 35.576462267], [139.706695407, 35.576369241], [139.707035629, 35.576039775], [139.707434663, 35.575957047], [139.70782529, 35.576022579], [139.707759875, 35.576259851], [139.707372924, 35.576194391]]]}}, {"id": "24896", "type": "Feature", "properties": {"現象の種類": "急傾斜地の崩壊", "区域区分": "土砂災害特別警戒区域", "区域名": "-", "所在地": "大田区池上1", "告示日": "2018/5/31"}, "geometry": {"type": "Polygon", "coordinates": [[[139.708543311, 35.576383929], [139.708719474, 35.576446249], [139.708696006, 35.576477979], [139.708260609, 35.576338956], [139.708187493, 35.576355551], [139.708265015, 35.576166881], [139.708450551, 35.576261748], [139.708543311, 35.576383929]]]}}, {"id": "24897", "type": "Feature", "properties": {"現象の種類": "急傾斜地の崩壊", "区域区分": "土砂災害特別警戒区域", "区域名": "-", "所在地": "大田区南馬込4", "告示日": "2018/5/31"}, "geometry": {"type": "Polygon", "coordinates": [[[139.710118568, 35.585435812], [139.71024806, 35.58563526], [139.710101014, 35.585451062], [139.709986687, 35.585443064], [139.709986412, 35.585398469], [139.710118568, 35.585435812]]]}}, {"id": "24898", "type": "Feature", "properties": {"現象の種類": "急傾斜地の崩壊", "区域区分": "土砂災害特別警戒区域", "区域名": "-", "所在地": "大田区中央5　南馬込6", "告示日": "2018/5/31"}, "geometry": {"type": "Polygon", "coordinates": [[[139.712351629, 35.582807518], [139.711865387, 35.582764446], [139.711869878, 35.58270792], [139.712273787, 35.582741128], [139.712318852, 35.582376542], [139.712133088, 35.582292761], [139.711789596, 35.582283706], [139.711767345, 35.582318614], [139.711756192, 35.582172027], [139.7117788, 35.582239829], [139.712025465, 35.582263859], [139.712039189, 35.582199957], [139.712356152, 35.582258604], [139.712341188, 35.582305279], [139.712403356, 35.582332621], [139.712351629, 35.582807518]]]}}, {"id": "24899", "type": "Feature", "properties": {"現象の種類": "急傾斜地の崩壊", "区域区分": "土砂災害特別警戒区域", "区域名": "-", "所在地": "大田区中央5", "告示日": "2018/5/31"}, "geometry": {"type": "Polygon", "coordinates": [[[139.711964676, 35.581652382], [139.711966253, 35.58150673], [139.711445104, 35.581468328], [139.71146338, 35.581406167], [139.711991722, 35.581490623], [139.711980339, 35.581530593], [139.712054152, 35.581546747], [139.712033919, 35.58163609], [139.711964676, 35.581652382]]]}}, {"id": "24900", "type": "Feature", "properties": {"現象の種類": "急傾斜地の崩壊", "区域区分": "土砂災害特別警戒区域", "区域名": "-", "所在地": "大田区中央5", "告示日": "2018/5/31"}, "geometry": {"type": "Polygon", "coordinates": [[[139.712655448, 35.58141945], [139.712636296, 35.581506916], [139.712285677, 35.581463273], [139.712232118, 35.581426449], [139.712237769, 35.58134122], [139.712296756, 35.581390776], [139.712655448, 35.58141945]]]}}, {"id": "24901", "type": "Feature", "properties": {"現象の種類": "急傾斜地の崩壊", "区域区分": "土砂災害特別警戒区域", "区域名": "-", "所在地": "大田区中央5", "告示日": "2018/5/31"}, "geometry": {"type": "Polygon", "coordinates": [[[139.712566106, 35.580280489], [139.712625227, 35.580325314], [139.712689117, 35.580373756], [139.712656591, 35.580399643], [139.712535535, 35.580309797], [139.712566106, 35.580280489]]]}}, {"id": "24902", "type": "Feature", "properties": {"現象の種類": "急傾斜地の崩壊", "区域区分": "土砂災害特別警戒区域", "区域名": "-", "所在地": "大田区中央5　中央4", "告示日": "2018/5/31"}, "geometry": {"type": "Polygon", "coordinates": [[[139.714298843, 35.580156891], [139.714361648, 35.580148429], [139.714336191, 35.580202675], [139.714298843, 35.580156891]]]}}, {"id": "24903", "type": "Feature", "properties": {"現象の種類": "急傾斜地の崩壊", "区域区分": "土砂災害特別警戒区域", "区域名": "-", "所在地": "大田区中央6", "告示日": "2018/5/31"}, "geometry": {"type": "Polygon", "coordinates": [[[139.711387551, 35.578383991], [139.711262168, 35.578460781], [139.71124828, 35.578659286], [139.711131282, 35.578834337], [139.71108494, 35.578814149], [139.711123949, 35.578678979], [139.7110577, 35.578574669], [139.71121983, 35.578282786], [139.711533077, 35.578251779], [139.711935006, 35.578364099], [139.711971652, 35.578465847], [139.711917714, 35.578506559], [139.712024417, 35.578607778], [139.71187606, 35.578660254], [139.711800198, 35.578463738], [139.711387551, 35.578383991]]]}}, {"id": "24904", "type": "Feature", "properties": {"現象の種類": "急傾斜地の崩壊", "区域区分": "土砂災害特別警戒区域", "区域名": "-", "所在地": "大田区東馬込1", "告示日": "2018/5/31"}, "geometry": {"type": "Polygon", "coordinates": [[[139.716165306, 35.595907274], [139.71618444, 35.595951836], [139.716101004, 35.595978777], [139.716075162, 35.595916355], [139.716165306, 35.595907274]]]}}, {"id": "24905", "type": "Feature", "properties": {"現象の種類": "急傾斜地の崩壊", "区域区分": "土砂災害特別警戒区域", "区域名": "-", "所在地": "大田区南馬込1", "告示日": "2018/5/31"}, "geometry": {"type": "Polygon", "coordinates": [[[139.714090433, 35.591742715], [139.714189656, 35.591730998], [139.71419557, 35.591836622], [139.714090433, 35.591742715]]]}}, {"id": "24906", "type": "Feature", "properties": {"現象の種類": "急傾斜地の崩壊", "区域区分": "土砂災害特別警戒区域", "区域名": "-", "所在地": "大田区南馬込2", "告示日": "2018/5/31"}, "geometry": {"type": "Polygon", "coordinates": [[[139.7157825, 35.589138081], [139.715762678, 35.589203116], [139.715721516, 35.589153943], [139.7157825, 35.589138081]]]}}, {"id": "24907", "type": "Feature", "properties": {"現象の種類": "急傾斜地の崩壊", "区域区分": "土砂災害特別警戒区域", "区域名": "-", "所在地": "大田区山王4", "告示日": "2018/5/31"}, "geometry": {"type": "Polygon", "coordinates": [[[139.721101007, 35.587486203], [139.721114634, 35.587612346], [139.720972962, 35.587573961], [139.720965044, 35.587463337], [139.721101007, 35.587486203]]]}}, {"id": "24908", "type": "Feature", "properties": {"現象の種類": "急傾斜地の崩壊", "区域区分": "土砂災害特別警戒区域", "区域名": "-", "所在地": "大田区山王4", "告示日": "2018/5/31"}, "geometry": {"type": "Polygon", "coordinates": [[[139.721196049, 35.585914345], [139.721137283, 35.586166742], [139.721027441, 35.586169929], [139.721070873, 35.585943607], [139.721196049, 35.585914345]]]}}, {"id": "24909", "type": "Feature", "properties": {"現象の種類": "急傾斜地の崩壊", "区域区分": "土砂災害特別警戒区域", "区域名": "-", "所在地": "大田区山王3　山王4", "告示日": "2018/5/31"}, "geometry": {"type": "Polygon", "coordinates": [[[139.721127531, 35.585237987], [139.721020148, 35.585305853], [139.721010671, 35.585297033], [139.721127531, 35.585237987]]]}}, {"id": "24910", "type": "Feature", "properties": {"現象の種類": "急傾斜地の崩壊", "区域区分": "土砂災害特別警戒区域", "区域名": "-", "所在地": "大田区山王3　山王4", "告示日": "2018/5/31"}, "geometry": {"type": "Polygon", "coordinates": [[[139.7208559, 35.58515165], [139.721074588, 35.585144798], [139.720914491, 35.585211564], [139.7208559, 35.58515165]]]}}, {"id": "24911", "type": "Feature", "properties": {"現象の種類": "急傾斜地の崩壊", "区域区分": "土砂災害特別警戒区域", "区域名": "-", "所在地": "大田区山王3　山王4", "告示日": "2018/5/31"}, "geometry": {"type": "Polygon", "coordinates": [[[139.720687962, 35.58418245], [139.720802837, 35.58421027], [139.720788316, 35.584259047], [139.720860505, 35.584296308], [139.720857227, 35.584342075], [139.720691049, 35.584335583], [139.720687962, 35.58418245]]]}}, {"id": "24912", "type": "Feature", "properties": {"現象の種類": "急傾斜地の崩壊", "区域区分": "土砂災害特別警戒区域", "区域名": "-", "所在地": "大田区山王3", "告示日": "2018/5/31"}, "geometry": {"type": "Polygon", "coordinates": [[[139.722038156, 35.58436557], [139.72199368, 35.584325559], [139.721841652, 35.584342546], [139.721651872, 35.584294519], [139.721553931, 35.584221698], [139.721533506, 35.584100935], [139.721583226, 35.584000124], [139.721637898, 35.584012471], [139.72163557, 35.584110371], [139.722001099, 35.584270026], [139.722023159, 35.584235274], [139.722102408, 35.584271576], [139.722038156, 35.58436557]]]}}, {"id": "24913", "type": "Feature", "properties": {"現象の種類": "急傾斜地の崩壊", "区域区分": "土砂災害特別警戒区域", "区域名": "-", "所在地": "大田区南馬込3", "告示日": "2018/5/31"}, "geometry": {"type": "Polygon", "coordinates": [[[139.717899219, 35.58328614], [139.717292011, 35.583196906], [139.717265334, 35.583070111], [139.717765321, 35.583143635], [139.71778973, 35.58307379], [139.717922413, 35.583110825], [139.717899219, 35.58328614]]]}}, {"id": "24914", "type": "Feature", "properties": {"現象の種類": "急傾斜地の崩壊", "区域区分": "土砂災害特別警戒区域", "区域名": "-", "所在地": "大田区南馬込3", "告示日": "2018/5/31"}, "geometry": {"type": "Polygon", "coordinates": [[[139.718504424, 35.583184621], [139.71852983, 35.58326186], [139.718068313, 35.583238152], [139.718090502, 35.583115546], [139.718504424, 35.583184621]]]}}, {"id": "24915", "type": "Feature", "properties": {"現象の種類": "急傾斜地の崩壊", "区域区分": "土砂災害特別警戒区域", "区域名": "-", "所在地": "大田区山王3　山王2", "告示日": "2018/5/31"}, "geometry": {"type": "Polygon", "coordinates": [[[139.725417253, 35.587371695], [139.726020121, 35.587206336], [139.725787086, 35.587309302], [139.725417253, 35.587371695]]]}}, {"id": "24916", "type": "Feature", "properties": {"現象の種類": "急傾斜地の崩壊", "区域区分": "土砂災害特別警戒区域", "区域名": "-", "所在地": "大田区山王2", "告示日": "2018/5/31"}, "geometry": {"type": "Polygon", "coordinates": [[[139.727242118, 35.588215459], [139.7273062, 35.588336306], [139.727237533, 35.588361302], [139.727262337, 35.588433059], [139.727138948, 35.588498513], [139.727106666, 35.588474289], [139.727153026, 35.58834945], [139.727067581, 35.588269563], [139.727103378, 35.588212437], [139.727242118, 35.588215459]]]}}, {"id": "24917", "type": "Feature", "properties": {"現象の種類": "急傾斜地の崩壊", "区域区分": "土砂災害特別警戒区域", "区域名": "-", "所在地": "目黒区大橋2", "告示日": "2018/5/31"}, "geometry": {"type": "Polygon", "coordinates": [[[139.685772621, 35.652708792], [139.685333247, 35.652708318], [139.685305097, 35.652620014], [139.685720746, 35.652572956], [139.685772621, 35.652708792]]]}}, {"id": "24918", "type": "Feature", "properties": {"現象の種類": "急傾斜地の崩壊", "区域区分": "土砂災害特別警戒区域", "区域名": "-", "所在地": "目黒区大橋2", "告示日": "2018/5/31"}, "geometry": {"type": "Polygon", "coordinates": [[[139.686233643, 35.652672369], [139.686052985, 35.652671579], [139.686027196, 35.652565328], [139.686251611, 35.652591633], [139.686233643, 35.652672369]]]}}, {"id": "24919", "type": "Feature", "properties": {"現象の種類": "急傾斜地の崩壊", "区域区分": "土砂災害特別警戒区域", "区域名": "-", "所在地": "目黒区大橋2", "告示日": "2018/5/31"}, "geometry": {"type": "Polygon", "coordinates": [[[139.687131804, 35.652463251], [139.687141364, 35.652576639], [139.687126556, 35.652590613], [139.687087135, 35.652529444], [139.687131804, 35.652463251]]]}}, {"id": "24920", "type": "Feature", "properties": {"現象の種類": "急傾斜地の崩壊", "区域区分": "土砂災害特別警戒区域", "区域名": "-", "所在地": "目黒区大橋2", "告示日": "2018/5/31"}, "geometry": {"type": "Polygon", "coordinates": [[[139.687783317, 35.652511062], [139.687730069, 35.652599081], [139.687459289, 35.652569321], [139.687459941, 35.652436861], [139.687783317, 35.652511062]]]}}, {"id": "24921", "type": "Feature", "properties": {"現象の種類": "急傾斜地の崩壊", "区域区分": "土砂災害特別警戒区域", "区域名": "-", "所在地": "目黒区青葉台3", "告示日": "2018/5/31"}, "geometry": {"type": "Polygon", "coordinates": [[[139.692373702, 35.652078404], [139.692386176, 35.652084242], [139.69246512, 35.652187712], [139.692373702, 35.652078404]]]}}, {"id": "24922", "type": "Feature", "properties": {"現象の種類": "急傾斜地の崩壊", "区域区分": "土砂災害特別警戒区域", "区域名": "-", "所在地": "目黒区青葉台3", "告示日": "2018/5/31"}, "geometry": {"type": "Polygon", "coordinates": [[[139.693234566, 35.651249945], [139.69309031, 35.651377802], [139.693078673, 35.651368573], [139.693234566, 35.651249945]]]}}, {"id": "24923", "type": "Feature", "properties": {"現象の種類": "急傾斜地の崩壊", "区域区分": "土砂災害特別警戒区域", "区域名": "-", "所在地": "目黒区青葉台2", "告示日": "2018/5/31"}, "geometry": {"type": "Polygon", "coordinates": [[[139.695907823, 35.650108128], [139.695718372, 35.650253992], [139.69532328, 35.650319828], [139.695292517, 35.650274737], [139.695805729, 35.649940884], [139.695989962, 35.64991101], [139.696045156, 35.65008282], [139.695907823, 35.650108128]]]}}, {"id": "24924", "type": "Feature", "properties": {"現象の種類": "急傾斜地の崩壊", "区域区分": "土砂災害特別警戒区域", "区域名": "-", "所在地": "目黒区青葉台2　青葉台1", "告示日": "2018/5/31"}, "geometry": {"type": "Polygon", "coordinates": [[[139.696136387, 35.649950212], [139.696320856, 35.650047468], [139.696238082, 35.650161005], [139.696094681, 35.650087097], [139.696136387, 35.649950212]]]}}, {"id": "24925", "type": "Feature", "properties": {"現象の種類": "急傾斜地の崩壊", "区域区分": "土砂災害特別警戒区域", "区域名": "-", "所在地": "目黒区上目黒1", "告示日": "2018/5/31"}, "geometry": {"type": "Polygon", "coordinates": [[[139.700385478, 35.645852663], [139.70058763, 35.645953651], [139.70057685, 35.64603509], [139.700460682, 35.64610336], [139.700463594, 35.646194908], [139.700309176, 35.646168487], [139.700240017, 35.646038311], [139.700385478, 35.645852663]]]}}, {"id": "24926", "type": "Feature", "properties": {"現象の種類": "急傾斜地の崩壊", "区域区分": "土砂災害特別警戒区域", "区域名": "-", "所在地": "目黒区中目黒1", "告示日": "2018/5/31"}, "geometry": {"type": "Polygon", "coordinates": [[[139.702628313, 35.645441514], [139.702493473, 35.645534036], [139.702505221, 35.645481333], [139.702628313, 35.645441514]]]}}, {"id": "24927", "type": "Feature", "properties": {"現象の種類": "急傾斜地の崩壊", "区域区分": "土砂災害特別警戒区域", "区域名": "-", "所在地": "目黒区中目黒1", "告示日": "2018/5/31"}, "geometry": {"type": "Polygon", "coordinates": [[[139.702548638, 35.644853004], [139.702567492, 35.64499337], [139.702249249, 35.645190401], [139.702199958, 35.645175492], [139.70241136, 35.644895085], [139.702499073, 35.64481803], [139.702548638, 35.644853004]]]}}, {"id": "24928", "type": "Feature", "properties": {"現象の種類": "急傾斜地の崩壊", "区域区分": "土砂災害特別警戒区域", "区域名": "-", "所在地": "目黒区目黒1", "告示日": "2018/5/31"}, "geometry": {"type": "Polygon", "coordinates": [[[139.713211416, 35.636154022], [139.713148389, 35.636208355], [139.71308322, 35.636235948], [139.713211416, 35.636154022]]]}}, {"id": "24929", "type": "Feature", "properties": {"現象の種類": "急傾斜地の崩壊", "区域区分": "土砂災害特別警戒区域", "区域名": "-", "所在地": "目黒区目黒1", "告示日": "2018/5/31"}, "geometry": {"type": "Polygon", "coordinates": [[[139.713305011, 35.635570042], [139.713412036, 35.635623163], [139.713299184, 35.635596498], [139.713305011, 35.635570042]]]}}, {"id": "24930", "type": "Feature", "properties": {"現象の種類": "急傾斜地の崩壊", "区域区分": "土砂災害特別警戒区域", "区域名": "-", "所在地": "目黒区下目黒1", "告示日": "2018/5/31"}, "geometry": {"type": "Polygon", "coordinates": [[[139.713508815, 35.632555658], [139.713444578, 35.632608213], [139.713401372, 35.632597021], [139.713475182, 35.632538291], [139.713508815, 35.632555658]]]}}, {"id": "24931", "type": "Feature", "properties": {"現象の種類": "急傾斜地の崩壊", "区域区分": "土砂災害特別警戒区域", "区域名": "-", "所在地": "目黒区下目黒1　品川区上大崎4", "告示日": "2018/5/31"}, "geometry": {"type": "Polygon", "coordinates": [[[139.713993621, 35.632711273], [139.714044128, 35.632823441], [139.713962245, 35.632943025], [139.713793318, 35.63288914], [139.713861143, 35.632820012], [139.713809111, 35.632719903], [139.713910474, 35.63268302], [139.713993621, 35.632711273]]]}}, {"id": "24932", "type": "Feature", "properties": {"現象の種類": "急傾斜地の崩壊", "区域区分": "土砂災害特別警戒区域", "区域名": "-", "所在地": "目黒区下目黒1", "告示日": "2018/5/31"}, "geometry": {"type": "Polygon", "coordinates": [[[139.714171585, 35.630960171], [139.714380504, 35.631045493], [139.714315793, 35.631131651], [139.714103672, 35.631038037], [139.714171585, 35.630960171]]]}}, {"id": "24933", "type": "Feature", "properties": {"現象の種類": "急傾斜地の崩壊", "区域区分": "土砂災害特別警戒区域", "区域名": "-", "所在地": "目黒区下目黒1", "告示日": "2018/5/31"}, "geometry": {"type": "Polygon", "coordinates": [[[139.714428795, 35.629846116], [139.714556528, 35.629873011], [139.714637244, 35.629916378], [139.714428795, 35.629846116]]]}}, {"id": "24934", "type": "Feature", "properties": {"現象の種類": "急傾斜地の崩壊", "区域区分": "土砂災害特別警戒区域", "区域名": "-", "所在地": "目黒区中目黒4", "告示日": "2018/5/31"}, "geometry": {"type": "Polygon", "coordinates": [[[139.702873361, 35.636282915], [139.702949342, 35.636365377], [139.702975429, 35.636418365], [139.702873361, 35.636282915]]]}}, {"id": "24935", "type": "Feature", "properties": {"現象の種類": "急傾斜地の崩壊", "区域区分": "土砂災害特別警戒区域", "区域名": "-", "所在地": "目黒区目黒4", "告示日": "2018/5/31"}, "geometry": {"type": "Polygon", "coordinates": [[[139.70402421, 35.632607327], [139.703510495, 35.632609058], [139.703510545, 35.632533973], [139.703598053, 35.632489191], [139.704037705, 35.632546344], [139.70402421, 35.632607327]]]}}, {"id": "24936", "type": "Feature", "properties": {"現象の種類": "急傾斜地の崩壊", "区域区分": "土砂災害特別警戒区域", "区域名": "-", "所在地": "北区赤羽西1", "告示日": "2018/5/31"}, "geometry": {"type": "Polygon", "coordinates": [[[139.7198025, 35.775420112], [139.71975973, 35.775582441], [139.719731095, 35.775574904], [139.7198025, 35.775420112]]]}}, {"id": "24937", "type": "Feature", "properties": {"現象の種類": "急傾斜地の崩壊", "区域区分": "土砂災害特別警戒区域", "区域名": "-", "所在地": "北区赤羽北2　赤羽台4", "告示日": "2018/5/31"}, "geometry": {"type": "Polygon", "coordinates": [[[139.709093606, 35.784505317], [139.709068112, 35.784543003], [139.709007071, 35.784514045], [139.70903191, 35.78447694], [139.709093606, 35.784505317]]]}}, {"id": "24938", "type": "Feature", "properties": {"現象の種類": "急傾斜地の崩壊", "区域区分": "土砂災害特別警戒区域", "区域名": "-", "所在地": "北区赤羽北2　赤羽台4", "告示日": "2018/5/31"}, "geometry": {"type": "Polygon", "coordinates": [[[139.709220777, 35.784531972], [139.709158125, 35.784604875], [139.709172424, 35.784568007], [139.709097744, 35.784499202], [139.709220777, 35.784531972]]]}}, {"id": "24939", "type": "Feature", "properties": {"現象の種類": "急傾斜地の崩壊", "区域区分": "土砂災害特別警戒区域", "区域名": "-", "所在地": "北区赤羽北2　赤羽台4", "告示日": "2018/5/31"}, "geometry": {"type": "Polygon", "coordinates": [[[139.710127248, 35.78471905], [139.71058034, 35.78487974], [139.710524034, 35.785074528], [139.710100125, 35.78497902], [139.710115011, 35.784939463], [139.709281175, 35.784655059], [139.709322802, 35.784575834], [139.710127248, 35.78471905]]]}}, {"id": "24940", "type": "Feature", "properties": {"現象の種類": "急傾斜地の崩壊", "区域区分": "土砂災害特別警戒区域", "区域名": "-", "所在地": "北区赤羽台4　赤羽北2　赤羽北3", "告示日": "2018/5/31"}, "geometry": {"type": "Polygon", "coordinates": [[[139.709008715, 35.784244231], [139.709054229, 35.784344427], [139.709322452, 35.784430324], [139.709292452, 35.7845163], [139.708892543, 35.784373995], [139.708854409, 35.784292993], [139.708889256, 35.784244222], [139.709008715, 35.784244231]]]}}, {"id": "24941", "type": "Feature", "properties": {"現象の種類": "急傾斜地の崩壊", "区域区分": "土砂災害特別警戒区域", "区域名": "-", "所在地": "北区赤羽台4　赤羽北1", "告示日": "2018/5/31"}, "geometry": {"type": "Polygon", "coordinates": [[[139.715922508, 35.785296573], [139.716043731, 35.785408852], [139.71591321, 35.785304206], [139.715922508, 35.785296573]]]}}, {"id": "24942", "type": "Feature", "properties": {"現象の種類": "急傾斜地の崩壊", "区域区分": "土砂災害特別警戒区域", "区域名": "-", "所在地": "北区赤羽台3", "告示日": "2018/5/31"}, "geometry": {"type": "Polygon", "coordinates": [[[139.712742791, 35.779954981], [139.712766716, 35.779972108], [139.712745137, 35.779976696], [139.712742791, 35.779954981]]]}}, {"id": "24943", "type": "Feature", "properties": {"現象の種類": "急傾斜地の崩壊", "区域区分": "土砂災害特別警戒区域", "区域名": "-", "所在地": "北区赤羽台3", "告示日": "2018/5/31"}, "geometry": {"type": "Polygon", "coordinates": [[[139.713109935, 35.780105809], [139.712952356, 35.780164051], [139.712886925, 35.780049329], [139.712986448, 35.779983675], [139.713109935, 35.780105809]]]}}, {"id": "24944", "type": "Feature", "properties": {"現象の種類": "急傾斜地の崩壊", "区域区分": "土砂災害特別警戒区域", "区域名": "-", "所在地": "北区赤羽台3", "告示日": "2018/5/31"}, "geometry": {"type": "Polygon", "coordinates": [[[139.714620282, 35.781415474], [139.714367878, 35.781320837], [139.713839502, 35.781027972], [139.71387947, 35.780990688], [139.714650862, 35.781323349], [139.714620282, 35.781415474]]]}}, {"id": "24945", "type": "Feature", "properties": {"現象の種類": "急傾斜地の崩壊", "区域区分": "土砂災害特別警戒区域", "区域名": "-", "所在地": "北区赤羽台2　赤羽西5", "告示日": "2018/5/31"}, "geometry": {"type": "Polygon", "coordinates": [[[139.712439342, 35.774423439], [139.711701222, 35.774716189], [139.711681798, 35.774676175], [139.712205413, 35.774420832], [139.712419004, 35.774371348], [139.712439342, 35.774423439]]]}}, {"id": "24946", "type": "Feature", "properties": {"現象の種類": "急傾斜地の崩壊", "区域区分": "土砂災害特別警戒区域", "区域名": "-", "所在地": "北区赤羽台2　赤羽西5", "告示日": "2018/5/31"}, "geometry": {"type": "Polygon", "coordinates": [[[139.712731193, 35.774332468], [139.712704086, 35.774467702], [139.71264109, 35.774454434], [139.712626935, 35.774349722], [139.712731193, 35.774332468]]]}}, {"id": "24947", "type": "Feature", "properties": {"現象の種類": "急傾斜地の崩壊", "区域区分": "土砂災害特別警戒区域", "区域名": "-", "所在地": "北区赤羽台1　赤羽台3", "告示日": "2018/5/31"}, "geometry": {"type": "Polygon", "coordinates": [[[139.718337929, 35.780708257], [139.717900135, 35.780769208], [139.717924588, 35.780643035], [139.717856634, 35.780604013], [139.717694041, 35.780635229], [139.717336258, 35.780305733], [139.717433457, 35.780254583], [139.717721645, 35.78050185], [139.717884596, 35.780477394], [139.717975189, 35.780523407], [139.718008749, 35.780649846], [139.718299393, 35.78060724], [139.718337929, 35.780708257]]]}}, {"id": "24948", "type": "Feature", "properties": {"現象の種類": "急傾斜地の崩壊", "区域区分": "土砂災害特別警戒区域", "区域名": "-", "所在地": "北区赤羽西1", "告示日": "2018/5/31"}, "geometry": {"type": "Polygon", "coordinates": [[[139.719148738, 35.774504107], [139.719191304, 35.774585405], [139.719127089, 35.774611551], [139.719076411, 35.77450554], [139.719148738, 35.774504107]]]}}, {"id": "24949", "type": "Feature", "properties": {"現象の種類": "急傾斜地の崩壊", "区域区分": "土砂災害特別警戒区域", "区域名": "-", "所在地": "北区赤羽西1", "告示日": "2018/5/31"}, "geometry": {"type": "Polygon", "coordinates": [[[139.718842182, 35.775225966], [139.718785397, 35.775183492], [139.719114705, 35.774939024], [139.71915107, 35.774964977], [139.718842182, 35.775225966]]]}}, {"id": "24950", "type": "Feature", "properties": {"現象の種類": "急傾斜地の崩壊", "区域区分": "土砂災害特別警戒区域", "区域名": "-", "所在地": "北区赤羽西1", "告示日": "2018/5/31"}, "geometry": {"type": "Polygon", "coordinates": [[[139.718224775, 35.775748181], [139.718216082, 35.776000864], [139.718180036, 35.776001088], [139.718181139, 35.775743862], [139.718224775, 35.775748181]]]}}, {"id": "24951", "type": "Feature", "properties": {"現象の種類": "急傾斜地の崩壊", "区域区分": "土砂災害特別警戒区域", "区域名": "-", "所在地": "北区赤羽西1", "告示日": "2018/5/31"}, "geometry": {"type": "Polygon", "coordinates": [[[139.720012568, 35.774989975], [139.719971194, 35.775060388], [139.719999712, 35.774996228], [139.719964066, 35.774973336], [139.720012568, 35.774989975]]]}}, {"id": "24952", "type": "Feature", "properties": {"現象の種類": "急傾斜地の崩壊", "区域区分": "土砂災害特別警戒区域", "区域名": "-", "所在地": "北区赤羽西1", "告示日": "2018/5/31"}, "geometry": {"type": "Polygon", "coordinates": [[[139.719982588, 35.774923523], [139.719977905, 35.774962946], [139.71996556, 35.774959395], [139.719982588, 35.774923523]]]}}, {"id": "24953", "type": "Feature", "properties": {"現象の種類": "急傾斜地の崩壊", "区域区分": "土砂災害特別警戒区域", "区域名": "-", "所在地": "北区赤羽西1", "告示日": "2018/5/31"}, "geometry": {"type": "Polygon", "coordinates": [[[139.719926072, 35.775508946], [139.720005428, 35.775506607], [139.719994937, 35.77552815], [139.719926072, 35.775508946]]]}}, {"id": "24954", "type": "Feature", "properties": {"現象の種類": "急傾斜地の崩壊", "区域区分": "土砂災害特別警戒区域", "区域名": "-", "所在地": "北区赤羽西2　赤羽西3", "告示日": "2018/5/31"}, "geometry": {"type": "Polygon", "coordinates": [[[139.720699998, 35.770961306], [139.720634519, 35.771070412], [139.720556192, 35.771074114], [139.720699998, 35.770961306]]]}}, {"id": "24955", "type": "Feature", "properties": {"現象の種類": "急傾斜地の崩壊", "区域区分": "土砂災害特別警戒区域", "区域名": "-", "所在地": "北区西が丘2", "告示日": "2018/5/31"}, "geometry": {"type": "Polygon", "coordinates": [[[139.714664815, 35.767627272], [139.715135893, 35.767690335], [139.715099692, 35.767797253], [139.714667402, 35.767716319], [139.714664815, 35.767627272]]]}}, {"id": "24956", "type": "Feature", "properties": {"現象の種類": "急傾斜地の崩壊", "区域区分": "土砂災害特別警戒区域", "区域名": "-", "所在地": "北区西が丘2", "告示日": "2018/5/31"}, "geometry": {"type": "Polygon", "coordinates": [[[139.715535795, 35.767834171], [139.715318676, 35.767850706], [139.715328179, 35.767750665], [139.715546872, 35.767759388], [139.715535795, 35.767834171]]]}}, {"id": "24957", "type": "Feature", "properties": {"現象の種類": "急傾斜地の崩壊", "区域区分": "土砂災害特別警戒区域", "区域名": "-", "所在地": "北区西が丘2", "告示日": "2018/5/31"}, "geometry": {"type": "Polygon", "coordinates": [[[139.716109779, 35.767874915], [139.716087995, 35.767947939], [139.715952027, 35.76792648], [139.716014978, 35.767847985], [139.716109779, 35.767874915]]]}}, {"id": "24958", "type": "Feature", "properties": {"現象の種類": "急傾斜地の崩壊", "区域区分": "土砂災害特別警戒区域", "区域名": "-", "所在地": "北区西が丘2", "告示日": "2018/5/31"}, "geometry": {"type": "Polygon", "coordinates": [[[139.716244346, 35.767895434], [139.716499537, 35.768068892], [139.716453387, 35.768114488], [139.716291811, 35.767992663], [139.716136139, 35.767955026], [139.716244346, 35.767895434]]]}}, {"id": "24959", "type": "Feature", "properties": {"現象の種類": "急傾斜地の崩壊", "区域区分": "土砂災害特別警戒区域", "区域名": "-", "所在地": "北区西が丘2", "告示日": "2018/5/31"}, "geometry": {"type": "Polygon", "coordinates": [[[139.71652812, 35.768066907], [139.716634236, 35.768160683], [139.716550875, 35.768224288], [139.716458744, 35.768134444], [139.71652812, 35.768066907]]]}}, {"id": "24960", "type": "Feature", "properties": {"現象の種類": "急傾斜地の崩壊", "区域区分": "土砂災害特別警戒区域", "区域名": "-", "所在地": "北区赤羽西3　西が丘2", "告示日": "2018/5/31"}, "geometry": {"type": "Polygon", "coordinates": [[[139.716918144, 35.768577626], [139.717155053, 35.768714414], [139.71708579, 35.76879025], [139.716830907, 35.768641552], [139.716918144, 35.768577626]]]}}, {"id": "24961", "type": "Feature", "properties": {"現象の種類": "急傾斜地の崩壊", "区域区分": "土砂災害特別警戒区域", "区域名": "-", "所在地": "北区上十条5　西が丘2", "告示日": "2018/5/31"}, "geometry": {"type": "Polygon", "coordinates": [[[139.715862723, 35.767505021], [139.715451328, 35.767506505], [139.715457592, 35.767378725], [139.715798472, 35.767395797], [139.715951809, 35.767348502], [139.715943869, 35.767396971], [139.71587598, 35.767399372], [139.715862723, 35.767505021]]]}}, {"id": "24962", "type": "Feature", "properties": {"現象の種類": "急傾斜地の崩壊", "区域区分": "土砂災害特別警戒区域", "区域名": "-", "所在地": "北区十条仲原4　赤羽西3", "告示日": "2018/5/31"}, "geometry": {"type": "Polygon", "coordinates": [[[139.7182796, 35.768315104], [139.718004033, 35.768366713], [139.717813693, 35.76834728], [139.717676884, 35.768302816], [139.717480365, 35.768121312], [139.71761494, 35.768102039], [139.717728748, 35.768183461], [139.717986497, 35.768232806], [139.718233751, 35.768170377], [139.718571162, 35.768237445], [139.718603632, 35.76828701], [139.71851206, 35.768357144], [139.7182796, 35.768315104]]]}}, {"id": "24963", "type": "Feature", "properties": {"現象の種類": "急傾斜地の崩壊", "区域区分": "土砂災害特別警戒区域", "区域名": "-", "所在地": "北区十条仲原4", "告示日": "2018/5/31"}, "geometry": {"type": "Polygon", "coordinates": [[[139.719578036, 35.768389282], [139.719526492, 35.768625735], [139.71938849, 35.76860242], [139.719499611, 35.76836123], [139.719578036, 35.768389282]]]}}, {"id": "24964", "type": "Feature", "properties": {"現象の種類": "急傾斜地の崩壊", "区域区分": "土砂災害特別警戒区域", "区域名": "-", "所在地": "北区十条仲原4　赤羽西3", "告示日": "2018/5/31"}, "geometry": {"type": "Polygon", "coordinates": [[[139.720129776, 35.768366629], [139.720229532, 35.768801614], [139.720051446, 35.768834632], [139.720045279, 35.768670925], [139.72012298, 35.768654567], [139.720114017, 35.768596684], [139.720034885, 35.768613541], [139.720107142, 35.768584235], [139.720096185, 35.768510633], [139.720021882, 35.768525555], [139.719995262, 35.768364223], [139.720129776, 35.768366629]]]}}, {"id": "24965", "type": "Feature", "properties": {"現象の種類": "急傾斜地の崩壊", "区域区分": "土砂災害特別警戒区域", "区域名": "-", "所在地": "北区中十条4", "告示日": "2018/5/31"}, "geometry": {"type": "Polygon", "coordinates": [[[139.722954324, 35.768537738], [139.722947793, 35.768652826], [139.72289468, 35.7686495], [139.722846905, 35.76854966], [139.722600159, 35.768466849], [139.722614885, 35.768412249], [139.722869234, 35.768478983], [139.722954324, 35.768537738]]]}}, {"id": "24966", "type": "Feature", "properties": {"現象の種類": "急傾斜地の崩壊", "区域区分": "土砂災害特別警戒区域", "区域名": "-", "所在地": "北区中十条4　東十条5", "告示日": "2018/5/31"}, "geometry": {"type": "Polygon", "coordinates": [[[139.723884415, 35.768038985], [139.723932317, 35.768053953], [139.723780512, 35.768203279], [139.723753377, 35.76813805], [139.723884415, 35.768038985]]]}}, {"id": "24967", "type": "Feature", "properties": {"現象の種類": "急傾斜地の崩壊", "区域区分": "土砂災害特別警戒区域", "区域名": "-", "所在地": "北区中十条4　東十条5", "告示日": "2018/5/31"}, "geometry": {"type": "Polygon", "coordinates": [[[139.724228435, 35.767540569], [139.724360308, 35.767569796], [139.724250666, 35.767763621], [139.724126921, 35.767721172], [139.724228435, 35.767540569]]]}}, {"id": "24968", "type": "Feature", "properties": {"現象の種類": "急傾斜地の崩壊", "区域区分": "土砂災害特別警戒区域", "区域名": "-", "所在地": "北区岸町2　中十条1", "告示日": "2018/5/31"}, "geometry": {"type": "Polygon", "coordinates": [[[139.727941232, 35.761760056], [139.727858477, 35.761728119], [139.727980631, 35.761552287], [139.728070727, 35.761590671], [139.727941232, 35.761760056]]]}}, {"id": "24969", "type": "Feature", "properties": {"現象の種類": "急傾斜地の崩壊", "区域区分": "土砂災害特別警戒区域", "区域名": "-", "所在地": "北区岸町2　中十条1", "告示日": "2018/5/31"}, "geometry": {"type": "Polygon", "coordinates": [[[139.728090017, 35.761410957], [139.728212612, 35.761485284], [139.728158193, 35.761525978], [139.728032495, 35.761469699], [139.728090017, 35.761410957]]]}}, {"id": "24970", "type": "Feature", "properties": {"現象の種類": "急傾斜地の崩壊", "区域区分": "土砂災害特別警戒区域", "区域名": "-", "所在地": "北区岸町2　中十条1", "告示日": "2018/5/31"}, "geometry": {"type": "Polygon", "coordinates": [[[139.72854506, 35.761063729], [139.728437902, 35.761006402], [139.728472047, 35.760905747], [139.728522092, 35.760905887], [139.728546545, 35.760816727], [139.728739385, 35.760628965], [139.728838049, 35.760674581], [139.728613695, 35.760868532], [139.728659945, 35.760907593], [139.72854506, 35.761063729]]]}}, {"id": "24971", "type": "Feature", "properties": {"現象の種類": "急傾斜地の崩壊", "区域区分": "土砂災害特別警戒区域", "区域名": "-", "所在地": "北区岸町2　中十条1", "告示日": "2018/5/31"}, "geometry": {"type": "Polygon", "coordinates": [[[139.72905736, 35.760360996], [139.729164621, 35.760401338], [139.728982723, 35.760494137], [139.728971657, 35.760452087], [139.72905736, 35.760360996]]]}}, {"id": "24972", "type": "Feature", "properties": {"現象の種類": "急傾斜地の崩壊", "区域区分": "土砂災害特別警戒区域", "区域名": "-", "所在地": "北区岸町2　中十条1", "告示日": "2018/5/31"}, "geometry": {"type": "Polygon", "coordinates": [[[139.730645833, 35.758946009], [139.730519903, 35.759111863], [139.730331082, 35.759016405], [139.730465523, 35.758855643], [139.730645833, 35.758946009]]]}}, {"id": "24973", "type": "Feature", "properties": {"現象の種類": "急傾斜地の崩壊", "区域区分": "土砂災害特別警戒区域", "区域名": "-", "所在地": "北区岸町1　王子本町2", "告示日": "2018/5/31"}, "geometry": {"type": "Polygon", "coordinates": [[[139.732741228, 35.756527519], [139.732861497, 35.756674849], [139.732841933, 35.756717645], [139.732652669, 35.756583845], [139.732741228, 35.756527519]]]}}, {"id": "24974", "type": "Feature", "properties": {"現象の種類": "急傾斜地の崩壊", "区域区分": "土砂災害特別警戒区域", "区域名": "-", "所在地": "北区王子本町2　岸町1　王子本町1", "告示日": "2018/5/31"}, "geometry": {"type": "Polygon", "coordinates": [[[139.733348738, 35.755811923], [139.733503351, 35.755825684], [139.733288721, 35.75598491], [139.733097975, 35.7562643], [139.733011309, 35.75632362], [139.732939983, 35.756284794], [139.733196972, 35.755946296], [139.733348738, 35.755811923]]]}}, {"id": "24975", "type": "Feature", "properties": {"現象の種類": "急傾斜地の崩壊", "区域区分": "土砂災害特別警戒区域", "区域名": "-", "所在地": "北区王子本町1　岸町1　王子1", "告示日": "2018/5/31"}, "geometry": {"type": "Polygon", "coordinates": [[[139.736464216, 35.753223744], [139.736017371, 35.753724997], [139.736068444, 35.753781465], [139.736031988, 35.753807517], [139.735927215, 35.75369131], [139.736302978, 35.753233205], [139.736158099, 35.752964481], [139.736245101, 35.752903119], [139.736464216, 35.753223744]]]}}, {"id": "24976", "type": "Feature", "properties": {"現象の種類": "急傾斜地の崩壊", "区域区分": "土砂災害特別警戒区域", "区域名": "-", "所在地": "北区王子本町1", "告示日": "2018/5/31"}, "geometry": {"type": "Polygon", "coordinates": [[[139.73594709, 35.752711851], [139.735815243, 35.752742285], [139.735960267, 35.752654852], [139.73594709, 35.752711851]]]}}, {"id": "24977", "type": "Feature", "properties": {"現象の種類": "急傾斜地の崩壊", "区域区分": "土砂災害特別警戒区域", "区域名": "-", "所在地": "北区滝野川4", "告示日": "2018/5/31"}, "geometry": {"type": "Polygon", "coordinates": [[[139.723659283, 35.7513456], [139.723511615, 35.751409979], [139.723496782, 35.751390473], [139.723659283, 35.7513456]]]}}, {"id": "24978", "type": "Feature", "properties": {"現象の種類": "急傾斜地の崩壊", "区域区分": "土砂災害特別警戒区域", "区域名": "-", "所在地": "北区滝野川4　滝野川5", "告示日": "2018/5/31"}, "geometry": {"type": "Polygon", "coordinates": [[[139.723768498, 35.751444585], [139.723744358, 35.751327803], [139.723866043, 35.751225587], [139.723932628, 35.751334134], [139.723768498, 35.751444585]]]}}, {"id": "24979", "type": "Feature", "properties": {"現象の種類": "急傾斜地の崩壊", "区域区分": "土砂災害特別警戒区域", "区域名": "-", "所在地": "北区滝野川4　滝野川5", "告示日": "2018/5/31"}, "geometry": {"type": "Polygon", "coordinates": [[[139.724123666, 35.751347753], [139.724055869, 35.751359325], [139.72402432, 35.751338074], [139.724123666, 35.751347753]]]}}, {"id": "24980", "type": "Feature", "properties": {"現象の種類": "急傾斜地の崩壊", "区域区分": "土砂災害特別警戒区域", "区域名": "-", "所在地": "北区滝野川2", "告示日": "2018/5/31"}, "geometry": {"type": "Polygon", "coordinates": [[[139.731444359, 35.751603276], [139.731199757, 35.751777064], [139.731160665, 35.751756048], [139.731289704, 35.751650643], [139.731444359, 35.751603276]]]}}, {"id": "24981", "type": "Feature", "properties": {"現象の種類": "急傾斜地の崩壊", "区域区分": "土砂災害特別警戒区域", "区域名": "-", "所在地": "北区滝野川2　王子本町1", "告示日": "2018/5/31"}, "geometry": {"type": "Polygon", "coordinates": [[[139.73160856, 35.751637559], [139.731627742, 35.751716846], [139.731586105, 35.751706467], [139.73160856, 35.751637559]]]}}, {"id": "24982", "type": "Feature", "properties": {"現象の種類": "急傾斜地の崩壊", "区域区分": "土砂災害特別警戒区域", "区域名": "-", "所在地": "北区田端1", "告示日": "2018/5/31"}, "geometry": {"type": "Polygon", "coordinates": [[[139.762055561, 35.734721602], [139.76211829, 35.734795018], [139.761920897, 35.734932204], [139.761846562, 35.734845073], [139.762055561, 35.734721602]]]}}, {"id": "24983", "type": "Feature", "properties": {"現象の種類": "急傾斜地の崩壊", "区域区分": "土砂災害特別警戒区域", "区域名": "-", "所在地": "北区岸町2　中十条1", "告示日": "2018/5/31"}, "geometry": {"type": "Polygon", "coordinates": [[[139.729388228, 35.759809568], [139.729435303, 35.759830474], [139.729344744, 35.75991608], [139.729388228, 35.759809568]]]}}, {"id": "24984", "type": "Feature", "properties": {"現象の種類": "急傾斜地の崩壊", "区域区分": "土砂災害特別警戒区域", "区域名": "-", "所在地": "北区赤羽西4", "告示日": "2018/5/31"}, "geometry": {"type": "Polygon", "coordinates": [[[139.718445705, 35.774302485], [139.718504925, 35.774395891], [139.71846863, 35.774429372], [139.718375879, 35.774344877], [139.718445705, 35.774302485]]]}}, {"id": "24985", "type": "Feature", "properties": {"現象の種類": "急傾斜地の崩壊", "区域区分": "土砂災害特別警戒区域", "区域名": "-", "所在地": "北区赤羽西4", "告示日": "2018/5/31"}, "geometry": {"type": "Polygon", "coordinates": [[[139.71826707, 35.77440384], [139.718349531, 35.774471794], [139.718319726, 35.774525013], [139.718226032, 35.774447249], [139.71826707, 35.77440384]]]}}, {"id": "24986", "type": "Feature", "properties": {"現象の種類": "急傾斜地の崩壊", "区域区分": "土砂災害特別警戒区域", "区域名": "-", "所在地": "北区中十条3　東十条3", "告示日": "2018/5/31"}, "geometry": {"type": "Polygon", "coordinates": [[[139.72620417, 35.764205658], [139.726002952, 35.764496266], [139.725866588, 35.764461627], [139.726105354, 35.764105805], [139.726188579, 35.764144211], [139.72620417, 35.764205658]]]}}, {"id": "24987", "type": "Feature", "properties": {"現象の種類": "急傾斜地の崩壊", "区域区分": "土砂災害特別警戒区域", "区域名": "-", "所在地": "北区中十条3　中十条2　東十条3", "告示日": "2018/5/31"}, "geometry": {"type": "Polygon", "coordinates": [[[139.726753633, 35.763225376], [139.726550451, 35.763589016], [139.726591945, 35.763706125], [139.726415026, 35.763675456], [139.726511432, 35.763375557], [139.726857549, 35.762931644], [139.727018604, 35.762985384], [139.726753633, 35.763225376]]]}}, {"id": "24988", "type": "Feature", "properties": {"現象の種類": "急傾斜地の崩壊", "区域区分": "土砂災害特別警戒区域", "区域名": "-", "所在地": "北区中十条3　東十条4", "告示日": "2018/5/31"}, "geometry": {"type": "Polygon", "coordinates": [[[139.724882001, 35.766168902], [139.724829308, 35.766129801], [139.725008403, 35.765953127], [139.725103578, 35.765894439], [139.725186692, 35.76592607], [139.725166595, 35.766013437], [139.725063722, 35.765988539], [139.725030058, 35.766044327], [139.725064436, 35.766072961], [139.725016611, 35.766051807], [139.724882001, 35.766168902]]]}}, {"id": "24989", "type": "Feature", "properties": {"現象の種類": "急傾斜地の崩壊", "区域区分": "土砂災害特別警戒区域", "区域名": "-", "所在地": "北区中十条3　東十条4", "告示日": "2018/5/31"}, "geometry": {"type": "Polygon", "coordinates": [[[139.725563963, 35.764931141], [139.725665725, 35.764963248], [139.725614169, 35.765065183], [139.725516818, 35.765025074], [139.725563963, 35.764931141]]]}}, {"id": "24990", "type": "Feature", "properties": {"現象の種類": "急傾斜地の崩壊", "区域区分": "土砂災害特別警戒区域", "区域名": "-", "所在地": "板橋区大谷口2　向原1", "告示日": "2018/5/31"}, "geometry": {"type": "Polygon", "coordinates": [[[139.686455634, 35.74310667], [139.686546572, 35.743163741], [139.686478161, 35.74318435], [139.686455634, 35.74310667]]]}}, {"id": "24991", "type": "Feature", "properties": {"現象の種類": "急傾斜地の崩壊", "区域区分": "土砂災害特別警戒区域", "区域名": "-", "所在地": "板橋区向原1　向原3", "告示日": "2018/5/31"}, "geometry": {"type": "Polygon", "coordinates": [[[139.682518092, 35.742650627], [139.682603195, 35.742692603], [139.682556057, 35.742711817], [139.682518092, 35.742650627]]]}}, {"id": "24992", "type": "Feature", "properties": {"現象の種類": "急傾斜地の崩壊", "区域区分": "土砂災害特別警戒区域", "区域名": "-", "所在地": "板橋区泉町　前野町1", "告示日": "2018/5/31"}, "geometry": {"type": "Polygon", "coordinates": [[[139.698534613, 35.765745778], [139.698513976, 35.765820821], [139.698413981, 35.765813724], [139.698374334, 35.765734204], [139.698534613, 35.765745778]]]}}, {"id": "24993", "type": "Feature", "properties": {"現象の種類": "急傾斜地の崩壊", "区域区分": "土砂災害特別警戒区域", "区域名": "-", "所在地": "板橋区大原町", "告示日": "2018/5/31"}, "geometry": {"type": "Polygon", "coordinates": [[[139.696663999, 35.769651374], [139.696040363, 35.769584415], [139.696020095, 35.76953633], [139.696522292, 35.769583351], [139.696671096, 35.769610664], [139.696663999, 35.769651374]]]}}, {"id": "24994", "type": "Feature", "properties": {"現象の種類": "急傾斜地の崩壊", "区域区分": "土砂災害特別警戒区域", "区域名": "-", "所在地": "板橋区前野町4", "告示日": "2018/5/31"}, "geometry": {"type": "Polygon", "coordinates": [[[139.693879467, 35.772684074], [139.693952668, 35.772743418], [139.693893189, 35.772834745], [139.693793361, 35.772819592], [139.693879467, 35.772684074]]]}}, {"id": "24995", "type": "Feature", "properties": {"現象の種類": "急傾斜地の崩壊", "区域区分": "土砂災害特別警戒区域", "区域名": "-", "所在地": "板橋区前野町4", "告示日": "2018/5/31"}, "geometry": {"type": "Polygon", "coordinates": [[[139.693868879, 35.773062326], [139.694045017, 35.773042728], [139.694047204, 35.773098077], [139.693930822, 35.773580783], [139.693820574, 35.773567259], [139.693793198, 35.773443809], [139.693864252, 35.773340374], [139.693868879, 35.773062326]]]}}, {"id": "24996", "type": "Feature", "properties": {"現象の種類": "急傾斜地の崩壊", "区域区分": "土砂災害特別警戒区域", "区域名": "-", "所在地": "板橋区小豆沢4", "告示日": "2018/5/31"}, "geometry": {"type": "Polygon", "coordinates": [[[139.700316177, 35.781096772], [139.700248012, 35.781052622], [139.700316292, 35.780904358], [139.700380613, 35.780943338], [139.700316177, 35.781096772]]]}}, {"id": "24997", "type": "Feature", "properties": {"現象の種類": "急傾斜地の崩壊", "区域区分": "土砂災害特別警戒区域", "区域名": "-", "所在地": "板橋区小豆沢4", "告示日": "2018/5/31"}, "geometry": {"type": "Polygon", "coordinates": [[[139.698362422, 35.779358777], [139.698279171, 35.779318914], [139.69836782, 35.779181641], [139.698446007, 35.779206708], [139.698362422, 35.779358777]]]}}, {"id": "24998", "type": "Feature", "properties": {"現象の種類": "急傾斜地の崩壊", "区域区分": "土砂災害特別警戒区域", "区域名": "-", "所在地": "板橋区小豆沢3", "告示日": "2018/5/31"}, "geometry": {"type": "Polygon", "coordinates": [[[139.698073274, 35.778539328], [139.698139028, 35.778553592], [139.698008732, 35.778733274], [139.697924728, 35.7786819], [139.698073274, 35.778539328]]]}}, {"id": "24999", "type": "Feature", "properties": {"現象の種類": "急傾斜地の崩壊", "区域区分": "土砂災害特別警戒区域", "区域名": "-", "所在地": "板橋区小豆沢3", "告示日": "2018/5/31"}, "geometry": {"type": "Polygon", "coordinates": [[[139.693754104, 35.777584624], [139.693543781, 35.777802087], [139.693479654, 35.777765199], [139.693720834, 35.777564117], [139.693754104, 35.777584624]]]}}, {"id": "25000", "type": "Feature", "properties": {"現象の種類": "急傾斜地の崩壊", "区域区分": "土砂災害特別警戒区域", "区域名": "-", "所在地": "板橋区志村2", "告示日": "2018/5/31"}, "geometry": {"type": "Polygon", "coordinates": [[[139.691953424, 35.777895889], [139.692226161, 35.777955526], [139.692235016, 35.778023773], [139.691908089, 35.777995742], [139.691953424, 35.777895889]]]}}, {"id": "25001", "type": "Feature", "properties": {"現象の種類": "急傾斜地の崩壊", "区域区分": "土砂災害特別警戒区域", "区域名": "-", "所在地": "板橋区志村2", "告示日": "2018/5/31"}, "geometry": {"type": "Polygon", "coordinates": [[[139.691652321, 35.777849469], [139.691780177, 35.777892608], [139.691764123, 35.777946876], [139.691611726, 35.77791735], [139.691652321, 35.777849469]]]}}, {"id": "25002", "type": "Feature", "properties": {"現象の種類": "急傾斜地の崩壊", "区域区分": "土砂災害特別警戒区域", "区域名": "-", "所在地": "板橋区志村2", "告示日": "2018/5/31"}, "geometry": {"type": "Polygon", "coordinates": [[[139.691598325, 35.777791348], [139.691550308, 35.777888892], [139.691388621, 35.777849201], [139.691431228, 35.777745811], [139.691598325, 35.777791348]]]}}, {"id": "25003", "type": "Feature", "properties": {"現象の種類": "急傾斜地の崩壊", "区域区分": "土砂災害特別警戒区域", "区域名": "-", "所在地": "板橋区志村2", "告示日": "2018/5/31"}, "geometry": {"type": "Polygon", "coordinates": [[[139.690191986, 35.77755056], [139.690183651, 35.777591023], [139.690065041, 35.777583513], [139.690089714, 35.777507411], [139.690191986, 35.77755056]]]}}, {"id": "25004", "type": "Feature", "properties": {"現象の種類": "急傾斜地の崩壊", "区域区分": "土砂災害特別警戒区域", "区域名": "-", "所在地": "板橋区志村2", "告示日": "2018/5/31"}, "geometry": {"type": "Polygon", "coordinates": [[[139.689443121, 35.777253353], [139.689382381, 35.777367566], [139.689307671, 35.777340375], [139.689355325, 35.777238212], [139.689443121, 35.777253353]]]}}, {"id": "25005", "type": "Feature", "properties": {"現象の種類": "急傾斜地の崩壊", "区域区分": "土砂災害特別警戒区域", "区域名": "-", "所在地": "板橋区志村2", "告示日": "2018/5/31"}, "geometry": {"type": "Polygon", "coordinates": [[[139.688730511, 35.777100594], [139.688723919, 35.777165717], [139.68865362, 35.777159063], [139.68867033, 35.777090627], [139.688730511, 35.777100594]]]}}, {"id": "25006", "type": "Feature", "properties": {"現象の種類": "急傾斜地の崩壊", "区域区分": "土砂災害特別警戒区域", "区域名": "-", "所在地": "板橋区志村2", "告示日": "2018/5/31"}, "geometry": {"type": "Polygon", "coordinates": [[[139.685536968, 35.775566737], [139.685588458, 35.77558763], [139.68545982, 35.775718317], [139.685386864, 35.775673212], [139.685536968, 35.775566737]]]}}, {"id": "25007", "type": "Feature", "properties": {"現象の種類": "急傾斜地の崩壊", "区域区分": "土砂災害特別警戒区域", "区域名": "-", "所在地": "板橋区志村2　志村3", "告示日": "2018/5/31"}, "geometry": {"type": "Polygon", "coordinates": [[[139.685180106, 35.775715796], [139.685462849, 35.775752731], [139.685454014, 35.775820759], [139.685264828, 35.775791289], [139.685180106, 35.775715796]]]}}, {"id": "25008", "type": "Feature", "properties": {"現象の種類": "急傾斜地の崩壊", "区域区分": "土砂災害特別警戒区域", "区域名": "-", "所在地": "板橋区前野町5　前野町6", "告示日": "2018/5/31"}, "geometry": {"type": "Polygon", "coordinates": [[[139.68381911, 35.770094453], [139.68397499, 35.770381894], [139.68379878, 35.770458218], [139.683647667, 35.770167552], [139.68381911, 35.770094453]]]}}, {"id": "25009", "type": "Feature", "properties": {"現象の種類": "急傾斜地の崩壊", "区域区分": "土砂災害特別警戒区域", "区域名": "-", "所在地": "板橋区中台3", "告示日": "2018/5/31"}, "geometry": {"type": "Polygon", "coordinates": [[[139.680725721, 35.772477268], [139.680916387, 35.772767058], [139.680924714, 35.772958025], [139.68078456, 35.773002358], [139.6807877, 35.772651206], [139.680678101, 35.772511656], [139.680725721, 35.772477268]]]}}, {"id": "25010", "type": "Feature", "properties": {"現象の種類": "急傾斜地の崩壊", "区域区分": "土砂災害特別警戒区域", "区域名": "-", "所在地": "板橋区中台3", "告示日": "2018/5/31"}, "geometry": {"type": "Polygon", "coordinates": [[[139.678883811, 35.773536086], [139.679000046, 35.773539502], [139.678994073, 35.773610929], [139.678885313, 35.773609946], [139.678883811, 35.773536086]]]}}, {"id": "25011", "type": "Feature", "properties": {"現象の種類": "急傾斜地の崩壊", "区域区分": "土砂災害特別警戒区域", "区域名": "-", "所在地": "板橋区中台3", "告示日": "2018/5/31"}, "geometry": {"type": "Polygon", "coordinates": [[[139.678887729, 35.77361776], [139.67889832, 35.773566063], [139.678932543, 35.77356558], [139.678922103, 35.773615583], [139.678887729, 35.77361776]]]}}, {"id": "25012", "type": "Feature", "properties": {"現象の種類": "急傾斜地の崩壊", "区域区分": "土砂災害特別警戒区域", "区域名": "-", "所在地": "板橋区中台3", "告示日": "2018/5/31"}, "geometry": {"type": "Polygon", "coordinates": [[[139.67946886, 35.772957359], [139.679543007, 35.773143823], [139.679369375, 35.773168632], [139.679285495, 35.772969748], [139.67946886, 35.772957359]]]}}, {"id": "25013", "type": "Feature", "properties": {"現象の種類": "急傾斜地の崩壊", "区域区分": "土砂災害特別警戒区域", "区域名": "-", "所在地": "板橋区中台3", "告示日": "2018/5/31"}, "geometry": {"type": "Polygon", "coordinates": [[[139.678483602, 35.770885776], [139.678595316, 35.77101171], [139.678541587, 35.771067198], [139.678482199, 35.77105288], [139.67840848, 35.770926828], [139.678483602, 35.770885776]]]}}, {"id": "25014", "type": "Feature", "properties": {"現象の種類": "急傾斜地の崩壊", "区域区分": "土砂災害特別警戒区域", "区域名": "-", "所在地": "板橋区中台3", "告示日": "2018/5/31"}, "geometry": {"type": "Polygon", "coordinates": [[[139.676235632, 35.770724974], [139.676334681, 35.770767767], [139.676275948, 35.770834608], [139.676154219, 35.770836624], [139.676235632, 35.770724974]]]}}, {"id": "25015", "type": "Feature", "properties": {"現象の種類": "急傾斜地の崩壊", "区域区分": "土砂災害特別警戒区域", "区域名": "-", "所在地": "板橋区中台3　若木3", "告示日": "2018/5/31"}, "geometry": {"type": "Polygon", "coordinates": [[[139.677052214, 35.77560699], [139.67717052, 35.775689122], [139.677075554, 35.77576805], [139.677013861, 35.775673189], [139.677052214, 35.77560699]]]}}, {"id": "25016", "type": "Feature", "properties": {"現象の種類": "急傾斜地の崩壊", "区域区分": "土砂災害特別警戒区域", "区域名": "-", "所在地": "板橋区若木3", "告示日": "2018/5/31"}, "geometry": {"type": "Polygon", "coordinates": [[[139.675874837, 35.774661259], [139.67578939, 35.774771657], [139.675557, 35.774563239], [139.675635808, 35.77448432], [139.675874837, 35.774661259]]]}}, {"id": "25017", "type": "Feature", "properties": {"現象の種類": "急傾斜地の崩壊", "区域区分": "土砂災害特別警戒区域", "区域名": "-", "所在地": "板橋区若木2　若木3", "告示日": "2018/5/31"}, "geometry": {"type": "Polygon", "coordinates": [[[139.674943864, 35.77150726], [139.674990773, 35.771626808], [139.674904796, 35.771716585], [139.674854812, 35.771547292], [139.674880597, 35.771485992], [139.674943864, 35.77150726]]]}}, {"id": "25018", "type": "Feature", "properties": {"現象の種類": "急傾斜地の崩壊", "区域区分": "土砂災害特別警戒区域", "区域名": "-", "所在地": "板橋区若木2", "告示日": "2018/5/31"}, "geometry": {"type": "Polygon", "coordinates": [[[139.674092839, 35.770388852], [139.674046708, 35.770413434], [139.674035621, 35.770395073], [139.674092839, 35.770388852]]]}}, {"id": "25019", "type": "Feature", "properties": {"現象の種類": "急傾斜地の崩壊", "区域区分": "土砂災害特別警戒区域", "区域名": "-", "所在地": "板橋区若木2", "告示日": "2018/5/31"}, "geometry": {"type": "Polygon", "coordinates": [[[139.672425546, 35.770257836], [139.672511168, 35.770247536], [139.67244729, 35.77028711], [139.672425546, 35.770257836]]]}}, {"id": "25020", "type": "Feature", "properties": {"現象の種類": "急傾斜地の崩壊", "区域区分": "土砂災害特別警戒区域", "区域名": "-", "所在地": "板橋区西台1　若木3", "告示日": "2018/5/31"}, "geometry": {"type": "Polygon", "coordinates": [[[139.673741398, 35.773820602], [139.673801748, 35.773826809], [139.673745068, 35.773914241], [139.673693645, 35.773875007], [139.673741398, 35.773820602]]]}}, {"id": "25021", "type": "Feature", "properties": {"現象の種類": "急傾斜地の崩壊", "区域区分": "土砂災害特別警戒区域", "区域名": "-", "所在地": "板橋区西台1　若木3", "告示日": "2018/5/31"}, "geometry": {"type": "Polygon", "coordinates": [[[139.673611933, 35.773908173], [139.673638286, 35.773944202], [139.673573574, 35.774005021], [139.673289516, 35.774093665], [139.673265265, 35.774036475], [139.673376604, 35.773959358], [139.673611933, 35.773908173]]]}}, {"id": "25022", "type": "Feature", "properties": {"現象の種類": "急傾斜地の崩壊", "区域区分": "土砂災害特別警戒区域", "区域名": "-", "所在地": "板橋区西台1　若木3", "告示日": "2018/5/31"}, "geometry": {"type": "Polygon", "coordinates": [[[139.672891564, 35.774123816], [139.672927932, 35.774160424], [139.67290921, 35.77416747], [139.672891564, 35.774123816]]]}}, {"id": "25023", "type": "Feature", "properties": {"現象の種類": "急傾斜地の崩壊", "区域区分": "土砂災害特別警戒区域", "区域名": "-", "所在地": "板橋区西台1", "告示日": "2018/5/31"}, "geometry": {"type": "Polygon", "coordinates": [[[139.674386948, 35.775314859], [139.674359628, 35.775341993], [139.674244563, 35.775313239], [139.674307817, 35.775251135], [139.674386948, 35.775314859]]]}}, {"id": "25024", "type": "Feature", "properties": {"現象の種類": "急傾斜地の崩壊", "区域区分": "土砂災害特別警戒区域", "区域名": "-", "所在地": "板橋区西台1　蓮根1　相生町", "告示日": "2018/5/31"}, "geometry": {"type": "Polygon", "coordinates": [[[139.675720262, 35.7769227], [139.675777907, 35.776951129], [139.675754463, 35.777006452], [139.675824608, 35.777077817], [139.675721056, 35.777189753], [139.675615052, 35.777090451], [139.675653377, 35.777026255], [139.675579964, 35.776965839], [139.675720262, 35.7769227]]]}}, {"id": "25025", "type": "Feature", "properties": {"現象の種類": "急傾斜地の崩壊", "区域区分": "土砂災害特別警戒区域", "区域名": "-", "所在地": "板橋区西台2", "告示日": "2018/5/31"}, "geometry": {"type": "Polygon", "coordinates": [[[139.671439922, 35.778602294], [139.671551013, 35.77868428], [139.671602353, 35.778752999], [139.671566428, 35.778774009], [139.671373783, 35.778612261], [139.671439922, 35.778602294]]]}}, {"id": "25026", "type": "Feature", "properties": {"現象の種類": "急傾斜地の崩壊", "区域区分": "土砂災害特別警戒区域", "区域名": "-", "所在地": "板橋区西台2", "告示日": "2018/5/31"}, "geometry": {"type": "Polygon", "coordinates": [[[139.669421276, 35.779338238], [139.669446842, 35.779547955], [139.669380583, 35.779554621], [139.669356385, 35.779340603], [139.669317561, 35.779337157], [139.669421276, 35.779338238]]]}}, {"id": "25027", "type": "Feature", "properties": {"現象の種類": "急傾斜地の崩壊", "区域区分": "土砂災害特別警戒区域", "区域名": "-", "所在地": "板橋区徳丸1", "告示日": "2018/5/31"}, "geometry": {"type": "Polygon", "coordinates": [[[139.664552319, 35.774684824], [139.664416161, 35.77471207], [139.664263816, 35.774682811], [139.664255359, 35.774646545], [139.664537, 35.774612443], [139.664552319, 35.774684824]]]}}, {"id": "25028", "type": "Feature", "properties": {"現象の種類": "急傾斜地の崩壊", "区域区分": "土砂災害特別警戒区域", "区域名": "-", "所在地": "板橋区徳丸1", "告示日": "2018/5/31"}, "geometry": {"type": "Polygon", "coordinates": [[[139.664582437, 35.773062544], [139.664629355, 35.773138336], [139.664507079, 35.773276378], [139.664446132, 35.773221834], [139.664582437, 35.773062544]]]}}, {"id": "25029", "type": "Feature", "properties": {"現象の種類": "急傾斜地の崩壊", "区域区分": "土砂災害特別警戒区域", "区域名": "-", "所在地": "板橋区徳丸1", "告示日": "2018/5/31"}, "geometry": {"type": "Polygon", "coordinates": [[[139.664081027, 35.772969392], [139.664037374, 35.772917548], [139.664128986, 35.772884614], [139.664146455, 35.772898261], [139.664081027, 35.772969392]]]}}, {"id": "25030", "type": "Feature", "properties": {"現象の種類": "急傾斜地の崩壊", "区域区分": "土砂災害特別警戒区域", "区域名": "-", "所在地": "板橋区徳丸1", "告示日": "2018/5/31"}, "geometry": {"type": "Polygon", "coordinates": [[[139.663983434, 35.772826382], [139.663939208, 35.772857524], [139.663928989, 35.77286472], [139.663953935, 35.772831826], [139.663983434, 35.772826382]]]}}, {"id": "25031", "type": "Feature", "properties": {"現象の種類": "急傾斜地の崩壊", "区域区分": "土砂災害特別警戒区域", "区域名": "-", "所在地": "板橋区徳丸1", "告示日": "2018/5/31"}, "geometry": {"type": "Polygon", "coordinates": [[[139.664205305, 35.772534825], [139.664140283, 35.772570156], [139.66412012, 35.7724146], [139.664171277, 35.772404227], [139.664205305, 35.772534825]]]}}, {"id": "25032", "type": "Feature", "properties": {"現象の種類": "急傾斜地の崩壊", "区域区分": "土砂災害特別警戒区域", "区域名": "-", "所在地": "板橋区徳丸1", "告示日": "2018/5/31"}, "geometry": {"type": "Polygon", "coordinates": [[[139.665473573, 35.771979781], [139.665441415, 35.772013882], [139.665357097, 35.771961389], [139.665244401, 35.771973169], [139.665244976, 35.771932291], [139.665368766, 35.771917574], [139.665473573, 35.771979781]]]}}, {"id": "25033", "type": "Feature", "properties": {"現象の種類": "急傾斜地の崩壊", "区域区分": "土砂災害特別警戒区域", "区域名": "-", "所在地": "板橋区徳丸1", "告示日": "2018/5/31"}, "geometry": {"type": "Polygon", "coordinates": [[[139.66361268, 35.769505734], [139.66352482, 35.769607891], [139.663471793, 35.769564224], [139.663577324, 35.769476981], [139.66361268, 35.769505734]]]}}, {"id": "25034", "type": "Feature", "properties": {"現象の種類": "急傾斜地の崩壊", "区域区分": "土砂災害特別警戒区域", "区域名": "-", "所在地": "板橋区徳丸6", "告示日": "2018/5/31"}, "geometry": {"type": "Polygon", "coordinates": [[[139.66393743, 35.777775763], [139.663992798, 35.778174596], [139.663941314, 35.778180122], [139.66388549, 35.777777971], [139.66393743, 35.777775763]]]}}, {"id": "25035", "type": "Feature", "properties": {"現象の種類": "急傾斜地の崩壊", "区域区分": "土砂災害特別警戒区域", "区域名": "-", "所在地": "板橋区徳丸6", "告示日": "2018/5/31"}, "geometry": {"type": "Polygon", "coordinates": [[[139.660971244, 35.777351361], [139.661036944, 35.777422242], [139.661061462, 35.777463473], [139.660971244, 35.777351361]]]}}, {"id": "25036", "type": "Feature", "properties": {"現象の種類": "急傾斜地の崩壊", "区域区分": "土砂災害特別警戒区域", "区域名": "-", "所在地": "板橋区徳丸3", "告示日": "2018/5/31"}, "geometry": {"type": "Polygon", "coordinates": [[[139.658104251, 35.774190826], [139.658219123, 35.774139052], [139.658123733, 35.774230683], [139.658104251, 35.774190826]]]}}, {"id": "25037", "type": "Feature", "properties": {"現象の種類": "急傾斜地の崩壊", "区域区分": "土砂災害特別警戒区域", "区域名": "-", "所在地": "板橋区徳丸3", "告示日": "2018/5/31"}, "geometry": {"type": "Polygon", "coordinates": [[[139.656962472, 35.774505424], [139.656915447, 35.774520464], [139.656882769, 35.774459851], [139.656918614, 35.774448824], [139.656962472, 35.774505424]]]}}, {"id": "25038", "type": "Feature", "properties": {"現象の種類": "急傾斜地の崩壊", "区域区分": "土砂災害特別警戒区域", "区域名": "-", "所在地": "板橋区徳丸7　徳丸8", "告示日": "2018/5/31"}, "geometry": {"type": "Polygon", "coordinates": [[[139.660758527, 35.781701703], [139.66071734, 35.781752101], [139.660645123, 35.781679467], [139.660758527, 35.781701703]]]}}, {"id": "25039", "type": "Feature", "properties": {"現象の種類": "急傾斜地の崩壊", "区域区分": "土砂災害特別警戒区域", "区域名": "-", "所在地": "板橋区徳丸8　徳丸7", "告示日": "2018/5/31"}, "geometry": {"type": "Polygon", "coordinates": [[[139.660483274, 35.781367601], [139.660547409, 35.781544506], [139.66047911, 35.781550951], [139.660407415, 35.781385325], [139.660483274, 35.781367601]]]}}, {"id": "25040", "type": "Feature", "properties": {"現象の種類": "急傾斜地の崩壊", "区域区分": "土砂災害特別警戒区域", "区域名": "-", "所在地": "板橋区徳丸8", "告示日": "2018/5/31"}, "geometry": {"type": "Polygon", "coordinates": [[[139.660428934, 35.781637688], [139.660480017, 35.78167419], [139.66041057, 35.78178561], [139.660313942, 35.781685062], [139.660428934, 35.781637688]]]}}, {"id": "25041", "type": "Feature", "properties": {"現象の種類": "急傾斜地の崩壊", "区域区分": "土砂災害特別警戒区域", "区域名": "-", "所在地": "板橋区徳丸8", "告示日": "2018/5/31"}, "geometry": {"type": "Polygon", "coordinates": [[[139.659263629, 35.781917829], [139.659379895, 35.781831215], [139.659399551, 35.781711034], [139.659679769, 35.781643129], [139.659871941, 35.781764743], [139.659799016, 35.781925333], [139.659670866, 35.78175731], [139.659506591, 35.781800746], [139.659512955, 35.781911475], [139.659426816, 35.782021322], [139.659263629, 35.781917829]]]}}, {"id": "25042", "type": "Feature", "properties": {"現象の種類": "急傾斜地の崩壊", "区域区分": "土砂災害特別警戒区域", "区域名": "-", "所在地": "板橋区徳丸8", "告示日": "2018/5/31"}, "geometry": {"type": "Polygon", "coordinates": [[[139.658430812, 35.782180277], [139.658078916, 35.782245988], [139.657703237, 35.782095818], [139.657647851, 35.781944099], [139.657685493, 35.781919071], [139.657781617, 35.781996812], [139.658242557, 35.782141712], [139.658382043, 35.782006637], [139.658440374, 35.782026715], [139.658430812, 35.782180277]]]}}, {"id": "25043", "type": "Feature", "properties": {"現象の種類": "急傾斜地の崩壊", "区域区分": "土砂災害特別警戒区域", "区域名": "-", "所在地": "板橋区四葉2", "告示日": "2018/5/31"}, "geometry": {"type": "Polygon", "coordinates": [[[139.654386952, 35.783041462], [139.654442563, 35.78311208], [139.654310524, 35.783173936], [139.654264323, 35.783101198], [139.654386952, 35.783041462]]]}}, {"id": "25044", "type": "Feature", "properties": {"現象の種類": "急傾斜地の崩壊", "区域区分": "土砂災害特別警戒区域", "区域名": "-", "所在地": "板橋区大門", "告示日": "2018/5/31"}, "geometry": {"type": "Polygon", "coordinates": [[[139.650370151, 35.784622753], [139.649877778, 35.784869823], [139.649612417, 35.784942303], [139.649415178, 35.78470355], [139.649766038, 35.784717352], [139.650179041, 35.784608178], [139.650296564, 35.784561831], [139.650307378, 35.784471479], [139.650381828, 35.784443471], [139.650370151, 35.784622753]]]}}, {"id": "25045", "type": "Feature", "properties": {"現象の種類": "急傾斜地の崩壊", "区域区分": "土砂災害特別警戒区域", "区域名": "-", "所在地": "板橋区大門", "告示日": "2018/5/31"}, "geometry": {"type": "Polygon", "coordinates": [[[139.646637041, 35.78532035], [139.646602863, 35.785455394], [139.646540568, 35.785439454], [139.646572586, 35.785319798], [139.646637041, 35.78532035]]]}}, {"id": "25046", "type": "Feature", "properties": {"現象の種類": "急傾斜地の崩壊", "区域区分": "土砂災害特別警戒区域", "区域名": "-", "所在地": "板橋区赤塚8", "告示日": "2018/5/31"}, "geometry": {"type": "Polygon", "coordinates": [[[139.645346491, 35.782818369], [139.645606668, 35.782878524], [139.645594792, 35.782919481], [139.645326075, 35.782873358], [139.645346491, 35.782818369]]]}}, {"id": "25047", "type": "Feature", "properties": {"現象の種類": "急傾斜地の崩壊", "区域区分": "土砂災害特別警戒区域", "区域名": "-", "所在地": "板橋区赤塚5", "告示日": "2018/5/31"}, "geometry": {"type": "Polygon", "coordinates": [[[139.644661232, 35.782555599], [139.644713511, 35.782579478], [139.644591749, 35.782719069], [139.644305888, 35.782912033], [139.644284968, 35.782852183], [139.644426729, 35.782786163], [139.644525036, 35.782643419], [139.644661232, 35.782555599]]]}}, {"id": "25048", "type": "Feature", "properties": {"現象の種類": "急傾斜地の崩壊", "区域区分": "土砂災害特別警戒区域", "区域名": "-", "所在地": "板橋区赤塚5", "告示日": "2018/5/31"}, "geometry": {"type": "Polygon", "coordinates": [[[139.643518884, 35.782760801], [139.643602023, 35.782922711], [139.643486237, 35.782934013], [139.643447226, 35.782840576], [139.643297048, 35.782712064], [139.64335316, 35.782662242], [139.643518884, 35.782760801]]]}}, {"id": "25049", "type": "Feature", "properties": {"現象の種類": "急傾斜地の崩壊", "区域区分": "土砂災害特別警戒区域", "区域名": "-", "所在地": "板橋区赤塚4", "告示日": "2018/5/31"}, "geometry": {"type": "Polygon", "coordinates": [[[139.640340541, 35.785645715], [139.640415804, 35.785683147], [139.64034886, 35.785770112], [139.640248277, 35.785789658], [139.640202647, 35.785716823], [139.640340541, 35.785645715]]]}}, {"id": "25050", "type": "Feature", "properties": {"現象の種類": "急傾斜地の崩壊", "区域区分": "土砂災害特別警戒区域", "区域名": "-", "所在地": "板橋区成増4", "告示日": "2018/5/31"}, "geometry": {"type": "Polygon", "coordinates": [[[139.636429374, 35.787638128], [139.636431191, 35.787690101], [139.636386695, 35.78772256], [139.636429374, 35.787638128]]]}}, {"id": "25051", "type": "Feature", "properties": {"現象の種類": "急傾斜地の崩壊", "区域区分": "土砂災害特別警戒区域", "区域名": "-", "所在地": "板橋区成増4", "告示日": "2018/5/31"}, "geometry": {"type": "Polygon", "coordinates": [[[139.63632796, 35.787552472], [139.636269851, 35.787629156], [139.63622879, 35.787606681], [139.636293383, 35.78751617], [139.63632796, 35.787552472]]]}}, {"id": "25052", "type": "Feature", "properties": {"現象の種類": "急傾斜地の崩壊", "区域区分": "土砂災害特別警戒区域", "区域名": "-", "所在地": "板橋区成増4", "告示日": "2018/5/31"}, "geometry": {"type": "Polygon", "coordinates": [[[139.63543325, 35.786937466], [139.635738478, 35.787016585], [139.635661167, 35.78726535], [139.635505064, 35.78711275], [139.635316729, 35.787042948], [139.63543325, 35.786937466]]]}}, {"id": "25053", "type": "Feature", "properties": {"現象の種類": "急傾斜地の崩壊", "区域区分": "土砂災害特別警戒区域", "区域名": "-", "所在地": "板橋区成増5", "告示日": "2018/5/31"}, "geometry": {"type": "Polygon", "coordinates": [[[139.633350424, 35.785524262], [139.633379825, 35.785667612], [139.633238061, 35.785718871], [139.633222565, 35.785607084], [139.633338498, 35.785588158], [139.633350424, 35.785524262]]]}}, {"id": "25054", "type": "Feature", "properties": {"現象の種類": "急傾斜地の崩壊", "区域区分": "土砂災害特別警戒区域", "区域名": "-", "所在地": "板橋区成増3", "告示日": "2018/5/31"}, "geometry": {"type": "Polygon", "coordinates": [[[139.631282696, 35.781448674], [139.631383216, 35.781476042], [139.631359259, 35.78151412], [139.631282696, 35.781448674]]]}}, {"id": "25055", "type": "Feature", "properties": {"現象の種類": "急傾斜地の崩壊", "区域区分": "土砂災害特別警戒区域", "区域名": "-", "所在地": "板橋区成増2", "告示日": "2018/5/31"}, "geometry": {"type": "Polygon", "coordinates": [[[139.634585701, 35.776081087], [139.634505553, 35.776107644], [139.63448048, 35.775936114], [139.634549286, 35.775926572], [139.634585701, 35.776081087]]]}}, {"id": "25056", "type": "Feature", "properties": {"現象の種類": "急傾斜地の崩壊", "区域区分": "土砂災害特別警戒区域", "区域名": "-", "所在地": "板橋区成増2", "告示日": "2018/5/31"}, "geometry": {"type": "Polygon", "coordinates": [[[139.626076419, 35.779634788], [139.62610712, 35.779605047], [139.626206262, 35.779661538], [139.626175475, 35.779700642], [139.626076419, 35.779634788]]]}}, {"id": "25057", "type": "Feature", "properties": {"現象の種類": "急傾斜地の崩壊", "区域区分": "土砂災害特別警戒区域", "区域名": "-", "所在地": "練馬区旭町3", "告示日": "2018/5/31"}, "geometry": {"type": "Polygon", "coordinates": [[[139.626677053, 35.77391071], [139.626601822, 35.773931688], [139.626578946, 35.773836204], [139.62669996, 35.773830213], [139.626677053, 35.77391071]]]}}, {"id": "25058", "type": "Feature", "properties": {"現象の種類": "急傾斜地の崩壊", "区域区分": "土砂災害特別警戒区域", "区域名": "-", "所在地": "練馬区旭町2", "告示日": "2018/5/31"}, "geometry": {"type": "Polygon", "coordinates": [[[139.626386976, 35.771059794], [139.626410479, 35.771100653], [139.626131512, 35.771179747], [139.626105552, 35.771136566], [139.626386976, 35.771059794]]]}}, {"id": "25059", "type": "Feature", "properties": {"現象の種類": "急傾斜地の崩壊", "区域区分": "土砂災害特別警戒区域", "区域名": "-", "所在地": "練馬区土支田4", "告示日": "2018/5/31"}, "geometry": {"type": "Polygon", "coordinates": [[[139.610774539, 35.766547865], [139.610501337, 35.766521607], [139.610398132, 35.76649188], [139.610420007, 35.766410974], [139.61078923, 35.76645595], [139.610877411, 35.766376242], [139.610890432, 35.766417402], [139.610774539, 35.766547865]]]}}, {"id": "25060", "type": "Feature", "properties": {"現象の種類": "急傾斜地の崩壊", "区域区分": "土砂災害特別警戒区域", "区域名": "-", "所在地": "練馬区大泉町1", "告示日": "2018/5/31"}, "geometry": {"type": "Polygon", "coordinates": [[[139.606680502, 35.767449764], [139.606444844, 35.767471777], [139.606305757, 35.767385609], [139.606296221, 35.767279822], [139.606353467, 35.767188802], [139.606626528, 35.767165365], [139.606719725, 35.767260195], [139.606680502, 35.767449764]]]}}, {"id": "25061", "type": "Feature", "properties": {"現象の種類": "急傾斜地の崩壊", "区域区分": "土砂災害特別警戒区域", "区域名": "-", "所在地": "練馬区大泉町3　大泉町1", "告示日": "2018/5/31"}, "geometry": {"type": "Polygon", "coordinates": [[[139.601971198, 35.767112208], [139.602100004, 35.767143353], [139.602019477, 35.767280592], [139.601908665, 35.767241667], [139.601873323, 35.767173459], [139.601971198, 35.767112208]]]}}, {"id": "25062", "type": "Feature", "properties": {"現象の種類": "急傾斜地の崩壊", "区域区分": "土砂災害特別警戒区域", "区域名": "-", "所在地": "練馬区上石神井3", "告示日": "2018/5/31"}, "geometry": {"type": "Polygon", "coordinates": [[[139.59328638, 35.733299214], [139.59265725, 35.733385987], [139.59263175, 35.733350761], [139.592832431, 35.733260334], [139.593289865, 35.733232724], [139.593504579, 35.733155323], [139.593523826, 35.733193063], [139.59328638, 35.733299214]]]}}, {"id": "25063", "type": "Feature", "properties": {"現象の種類": "急傾斜地の崩壊", "区域区分": "土砂災害特別警戒区域", "区域名": "-", "所在地": "練馬区関町北3", "告示日": "2018/5/31"}, "geometry": {"type": "Polygon", "coordinates": [[[139.566593411, 35.724652357], [139.566694141, 35.724650658], [139.566837132, 35.724724266], [139.566767116, 35.724783048], [139.566593411, 35.724652357]]]}}, {"id": "25438", "type": "Feature", "properties": {"現象の種類": "急傾斜地の崩壊", "区域区分": "土砂災害特別警戒区域", "区域名": "-", "所在地": "渋谷区恵比寿4", "告示日": "2019/1/9"}, "geometry": {"type": "Polygon", "coordinates": [[[139.713550183, 35.64515862], [139.713581103, 35.645252132], [139.713436154, 35.645274795], [139.713404956, 35.645184167], [139.713550183, 35.64515862]]]}}, {"id": "25589", "type": "Feature", "properties": {"現象の種類": "急傾斜地の崩壊", "区域区分": "土砂災害特別警戒区域", "区域名": "-", "所在地": "台東区谷中2", "告示日": "2019/3/15"}, "geometry": {"type": "Polygon", "coordinates": [[[139.766143333, 35.720789012], [139.766171552, 35.720811453], [139.765788967, 35.721180847], [139.766002025, 35.720898417], [139.766143333, 35.720789012]]]}}, {"id": "25590", "type": "Feature", "properties": {"現象の種類": "急傾斜地の崩壊", "区域区分": "土砂災害特別警戒区域", "区域名": "-", "所在地": "豊島区駒込2", "告示日": "2019/3/15"}, "geometry": {"type": "Polygon", "coordinates": [[[139.74709409, 35.738128201], [139.747044183, 35.738218826], [139.747023456, 35.738206418], [139.74701172, 35.738189145], [139.74709409, 35.738128201]]]}}, {"id": "25591", "type": "Feature", "properties": {"現象の種類": "急傾斜地の崩壊", "区域区分": "土砂災害特別警戒区域", "区域名": "-", "所在地": "豊島区駒込2", "告示日": "2019/3/15"}, "geometry": {"type": "Polygon", "coordinates": [[[139.747530384, 35.73771796], [139.747565933, 35.737730518], [139.747516961, 35.737833811], [139.747469836, 35.737819161], [139.747530384, 35.73771796]]]}}, {"id": "25592", "type": "Feature", "properties": {"現象の種類": "急傾斜地の崩壊", "区域区分": "土砂災害特別警戒区域", "区域名": "-", "所在地": "豊島区駒込1", "告示日": "2019/3/15"}, "geometry": {"type": "Polygon", "coordinates": [[[139.750117939, 35.735911164], [139.750014012, 35.735947683], [139.750007833, 35.735925175], [139.750117939, 35.735911164]]]}}, {"id": "25593", "type": "Feature", "properties": {"現象の種類": "急傾斜地の崩壊", "区域区分": "土砂災害特別警戒区域", "区域名": "-", "所在地": "豊島区南池袋4", "告示日": "2019/3/15"}, "geometry": {"type": "Polygon", "coordinates": [[[139.717548884, 35.721438568], [139.717425114, 35.721561333], [139.717429762, 35.72160823], [139.717385673, 35.721586006], [139.717449263, 35.721458457], [139.717548884, 35.721438568]]]}}, {"id": "25594", "type": "Feature", "properties": {"現象の種類": "急傾斜地の崩壊", "区域区分": "土砂災害特別警戒区域", "区域名": "-", "所在地": "豊島区南大塚1", "告示日": "2019/3/15"}, "geometry": {"type": "Polygon", "coordinates": [[[139.736366968, 35.726820348], [139.736322789, 35.726877664], [139.735930968, 35.726738399], [139.735880707, 35.726764691], [139.735894701, 35.726817461], [139.735808322, 35.726752248], [139.735922521, 35.726727484], [139.736107954, 35.726755645], [139.736334804, 35.726857003], [139.736366968, 35.726820348]]]}}, {"id": "25595", "type": "Feature", "properties": {"現象の種類": "急傾斜地の崩壊", "区域区分": "土砂災害特別警戒区域", "区域名": "-", "所在地": "豊島区目白1", "告示日": "2019/3/15"}, "geometry": {"type": "Polygon", "coordinates": [[[139.711075516, 35.717195099], [139.711482559, 35.717281884], [139.711531826, 35.717417702], [139.711444509, 35.717484703], [139.711431449, 35.717374773], [139.710936561, 35.717250187], [139.710789664, 35.71715686], [139.710529769, 35.717130711], [139.710232893, 35.717033392], [139.710256432, 35.716855246], [139.710303442, 35.716763815], [139.711085017, 35.717028058], [139.711075516, 35.717195099]]]}}, {"id": "25596", "type": "Feature", "properties": {"現象の種類": "急傾斜地の崩壊", "区域区分": "土砂災害特別警戒区域", "区域名": "-", "所在地": "豊島区高田2", "告示日": "2019/3/15"}, "geometry": {"type": "Polygon", "coordinates": [[[139.714955609, 35.716895573], [139.7149131, 35.716895517], [139.714904755, 35.716776888], [139.714945177, 35.716776152], [139.714955609, 35.716895573]]]}}, {"id": "25597", "type": "Feature", "properties": {"現象の種類": "急傾斜地の崩壊", "区域区分": "土砂災害特別警戒区域", "区域名": "-", "所在地": "豊島区雑司が谷1", "告示日": "2019/3/15"}, "geometry": {"type": "Polygon", "coordinates": [[[139.720796529, 35.71877423], [139.720990035, 35.718930647], [139.720933913, 35.71899217], [139.720765148, 35.718808743], [139.720796529, 35.71877423]]]}}, {"id": "25598", "type": "Feature", "properties": {"現象の種類": "急傾斜地の崩壊", "区域区分": "土砂災害特別警戒区域", "区域名": "-", "所在地": "豊島区雑司が谷1", "告示日": "2019/3/15"}, "geometry": {"type": "Polygon", "coordinates": [[[139.721341053, 35.719163177], [139.721178046, 35.719007583], [139.721366968, 35.719135249], [139.721341053, 35.719163177]]]}}, {"id": "25599", "type": "Feature", "properties": {"現象の種類": "急傾斜地の崩壊", "区域区分": "土砂災害特別警戒区域", "区域名": "-", "所在地": "豊島区雑司が谷1", "告示日": "2019/3/15"}, "geometry": {"type": "Polygon", "coordinates": [[[139.720170804, 35.718985123], [139.720024914, 35.719160642], [139.719959813, 35.719100532], [139.720132324, 35.718957086], [139.720170804, 35.718985123]]]}}, {"id": "26864", "type": "Feature", "properties": {"現象の種類": "急傾斜地の崩壊", "区域区分": "土砂災害特別警戒区域", "区域名": "-", "所在地": "千代田区永田町2", "告示日": "2019/1/9"}, "geometry": {"type": "Polygon", "coordinates": [[[139.7374082, 35.677925141], [139.737438062, 35.678121493], [139.737655571, 35.678324943], [139.7375949, 35.678398695], [139.737315735, 35.678062003], [139.7374082, 35.677925141]]]}}, {"id": "26865", "type": "Feature", "properties": {"現象の種類": "急傾斜地の崩壊", "区域区分": "土砂災害特別警戒区域", "区域名": "-", "所在地": "港区六本木3", "告示日": "2019/1/9"}, "geometry": {"type": "Polygon", "coordinates": [[[139.736688545, 35.664235284], [139.736615903, 35.664246464], [139.7366279, 35.664219437], [139.736688545, 35.664235284]]]}}, {"id": "26866", "type": "Feature", "properties": {"現象の種類": "急傾斜地の崩壊", "区域区分": "土砂災害特別警戒区域", "区域名": "-", "所在地": "文京区西片1", "告示日": "2019/1/9"}, "geometry": {"type": "Polygon", "coordinates": [[[139.752868348, 35.71438541], [139.752743851, 35.714424376], [139.752703026, 35.714344827], [139.75284854, 35.714341281], [139.752868348, 35.71438541]]]}}, {"id": "27021", "type": "Feature", "properties": {"現象の種類": "急傾斜地の崩壊", "区域区分": "土砂災害特別警戒区域", "区域名": "-", "所在地": "品川区北品川5", "告示日": "2021/5/7"}, "geometry": {"type": "Polygon", "coordinates": [[[139.732629146, 35.623082105], [139.732559979, 35.623261673], [139.732515618, 35.62325247], [139.732498458, 35.623158637], [139.73256484, 35.623081669], [139.732629146, 35.623082105]]]}}, {"id": "27022", "type": "Feature", "properties": {"現象の種類": "急傾斜地の崩壊", "区域区分": "土砂災害特別警戒区域", "区域名": "-", "所在地": "品川区北品川5", "告示日": "2021/5/7"}, "geometry": {"type": "Polygon", "coordinates": [[[139.732645959, 35.62258712], [139.732653081, 35.622778706], [139.732574276, 35.622778433], [139.732500043, 35.622434761], [139.732438064, 35.622448281], [139.732415069, 35.622360254], [139.732493466, 35.622343144], [139.732475346, 35.622279166], [139.73239979, 35.622291185], [139.732341451, 35.622116037], [139.73248327, 35.622121126], [139.732645959, 35.62258712]]]}}, {"id": "27130", "type": "Feature", "properties": {"現象の種類": "急傾斜地の崩壊", "区域区分": "土砂災害特別警戒区域", "区域名": "-", "所在地": "文京区関口2", "告示日": "2019/1/9"}, "geometry": {"type": "Polygon", "coordinates": [[[139.725971468, 35.710688049], [139.726013215, 35.710726612], [139.725989423, 35.710766126], [139.725930602, 35.710719352], [139.725971468, 35.710688049]]]}}, {"id": "27134", "type": "Feature", "properties": {"現象の種類": "急傾斜地の崩壊", "区域区分": "土砂災害特別警戒区域", "区域名": "-", "所在地": "港区西麻布3", "告示日": "2019/1/9"}, "geometry": {"type": "Polygon", "coordinates": [[[139.724307211, 35.657228844], [139.724294876, 35.65744562], [139.724280611, 35.657444668], [139.724307211, 35.657228844]]]}}, {"id": "27136", "type": "Feature", "properties": {"現象の種類": "急傾斜地の崩壊", "区域区分": "土砂災害特別警戒区域", "区域名": "-", "所在地": "港区三田3", "告示日": "2019/1/9"}, "geometry": {"type": "Polygon", "coordinates": [[[139.742252943, 35.647176251], [139.742355269, 35.647332495], [139.742311238, 35.647351706], [139.74220568, 35.647195267], [139.742252943, 35.647176251]]]}}, {"id": "27141", "type": "Feature", "properties": {"現象の種類": "急傾斜地の崩壊", "区域区分": "土砂災害特別警戒区域", "区域名": "-", "所在地": "文京区関口2", "告示日": "2019/1/9"}, "geometry": {"type": "Polygon", "coordinates": [[[139.726693659, 35.710799494], [139.726520816, 35.710871145], [139.726398418, 35.710860885], [139.726436875, 35.710708396], [139.726524931, 35.710713498], [139.726640203, 35.710596124], [139.726693659, 35.710799494]]]}}, {"id": "27227", "type": "Feature", "properties": {"現象の種類": "急傾斜地の崩壊", "区域区分": "土砂災害特別警戒区域", "区域名": "-", "所在地": "新宿区筑土八幡町", "告示日": "2019/1/9"}, "geometry": {"type": "Polygon", "coordinates": [[[139.740845958, 35.703964234], [139.740899862, 35.703971488], [139.740886781, 35.704077982], [139.740806653, 35.704061753], [139.740845958, 35.703964234]]]}}, {"id": "27291", "type": "Feature", "properties": {"現象の種類": "急傾斜地の崩壊", "区域区分": "土砂災害特別警戒区域", "区域名": "-", "所在地": "品川区上大崎4", "告示日": "2019/1/9"}, "geometry": {"type": "Polygon", "coordinates": [[[139.715216265, 35.629088048], [139.715323903, 35.629151437], [139.715300978, 35.629197389], [139.715181189, 35.629160943], [139.715216265, 35.629088048]]]}}, {"id": "27483", "type": "Feature", "properties": {"現象の種類": "急傾斜地の崩壊", "区域区分": "土砂災害特別警戒区域", "区域名": "-", "所在地": "港区高輪4", "告示日": "2019/1/9"}, "geometry": {"type": "Polygon", "coordinates": [[[139.734045879, 35.626243101], [139.73408433, 35.626259761], [139.734041169, 35.626328728], [139.733991225, 35.626310524], [139.734045879, 35.626243101]]]}}, {"id": "27484", "type": "Feature", "properties": {"現象の種類": "急傾斜地の崩壊", "区域区分": "土砂災害特別警戒区域", "区域名": "-", "所在地": "港区高輪4", "告示日": "2019/1/9"}, "geometry": {"type": "Polygon", "coordinates": [[[139.734368313, 35.62575787], [139.734429981, 35.62578088], [139.734392578, 35.625822058], [139.734324369, 35.625794306], [139.734368313, 35.62575787]]]}}, {"id": "27485", "type": "Feature", "properties": {"現象の種類": "急傾斜地の崩壊", "区域区分": "土砂災害特別警戒区域", "区域名": "-", "所在地": "文京区目白台1", "告示日": "2019/1/9"}, "geometry": {"type": "Polygon", "coordinates": [[[139.720013988, 35.714793382], [139.719834304, 35.714866683], [139.719816713, 35.714807932], [139.720001184, 35.714756205], [139.720013988, 35.714793382]]]}}, {"id": "27486", "type": "Feature", "properties": {"現象の種類": "急傾斜地の崩壊", "区域区分": "土砂災害特別警戒区域", "区域名": "-", "所在地": "文京区目白台1", "告示日": "2019/1/9"}, "geometry": {"type": "Polygon", "coordinates": [[[139.720614574, 35.714850798], [139.720751782, 35.71496376], [139.720735739, 35.715002516], [139.72056716, 35.714884972], [139.720614574, 35.714850798]]]}}, {"id": "27487", "type": "Feature", "properties": {"現象の種類": "急傾斜地の崩壊", "区域区分": "土砂災害特別警戒区域", "区域名": "-", "所在地": "文京区西片1", "告示日": "2019/1/9"}, "geometry": {"type": "Polygon", "coordinates": [[[139.752799335, 35.71419388], [139.752726506, 35.71420532], [139.752641519, 35.714218667], [139.752646026, 35.714161362], [139.752799004, 35.714144283], [139.752799335, 35.71419388]]]}}, {"id": "27489", "type": "Feature", "properties": {"現象の種類": "急傾斜地の崩壊", "区域区分": "土砂災害特別警戒区域", "区域名": "-", "所在地": "渋谷区恵比寿4", "告示日": "2019/1/9"}, "geometry": {"type": "Polygon", "coordinates": [[[139.713575965, 35.64515513], [139.713635208, 35.645251916], [139.713602598, 35.645252965], [139.713575965, 35.64515513]]]}}, {"id": "27490", "type": "Feature", "properties": {"現象の種類": "急傾斜地の崩壊", "区域区分": "土砂災害特別警戒区域", "区域名": "-", "所在地": "港区赤坂7", "告示日": "2019/1/9"}, "geometry": {"type": "Polygon", "coordinates": [[[139.72938676, 35.671601759], [139.729383836, 35.671774642], [139.729293843, 35.671791443], [139.729327564, 35.671775428], [139.729330318, 35.671603332], [139.72938676, 35.671601759]]]}}, {"id": "27491", "type": "Feature", "properties": {"現象の種類": "急傾斜地の崩壊", "区域区分": "土砂災害特別警戒区域", "区域名": "-", "所在地": "港区赤坂7", "告示日": "2019/1/9"}, "geometry": {"type": "Polygon", "coordinates": [[[139.729323112, 35.671912114], [139.729279721, 35.671909237], [139.729276538, 35.671806873], [139.729311145, 35.671807896], [139.729323112, 35.671912114]]]}}, {"id": "27492", "type": "Feature", "properties": {"現象の種類": "急傾斜地の崩壊", "区域区分": "土砂災害特別警戒区域", "区域名": "-", "所在地": "千代田区紀尾井町", "告示日": "2019/1/9"}, "geometry": {"type": "Polygon", "coordinates": [[[139.736295383, 35.68112194], [139.736474586, 35.681134383], [139.736356251, 35.681357502], [139.736307757, 35.681346332], [139.736295383, 35.68112194]]]}}, {"id": "27493", "type": "Feature", "properties": {"現象の種類": "急傾斜地の崩壊", "区域区分": "土砂災害特別警戒区域", "区域名": "-", "所在地": "港区南麻布3", "告示日": "2019/1/9"}, "geometry": {"type": "Polygon", "coordinates": [[[139.729355483, 35.648421482], [139.729334956, 35.648492193], [139.729267084, 35.648473689], [139.729288519, 35.648415911], [139.729355483, 35.648421482]]]}}, {"id": "27494", "type": "Feature", "properties": {"現象の種類": "急傾斜地の崩壊", "区域区分": "土砂災害特別警戒区域", "区域名": "-", "所在地": "千代田区紀尾井町", "告示日": "2019/1/9"}, "geometry": {"type": "Polygon", "coordinates": [[[139.736371877, 35.682142628], [139.736358404, 35.682301286], [139.736353923, 35.682362399], [139.736265251, 35.682294257], [139.736301168, 35.682150018], [139.736371877, 35.682142628]]]}}, {"id": "27495", "type": "Feature", "properties": {"現象の種類": "急傾斜地の崩壊", "区域区分": "土砂災害特別警戒区域", "区域名": "-", "所在地": "千代田区永田町2", "告示日": "2019/1/9"}, "geometry": {"type": "Polygon", "coordinates": [[[139.738325305, 35.676714427], [139.738523142, 35.676855], [139.738398246, 35.676980839], [139.738199072, 35.676848237], [139.738325305, 35.676714427]]]}}, {"id": "27496", "type": "Feature", "properties": {"現象の種類": "急傾斜地の崩壊", "区域区分": "土砂災害特別警戒区域", "区域名": "-", "所在地": "千代田区永田町2", "告示日": "2019/1/9"}, "geometry": {"type": "Polygon", "coordinates": [[[139.738733934, 35.677120183], [139.738699491, 35.677154321], [139.738694478, 35.677145169], [139.738733934, 35.677120183]]]}}, {"id": "27497", "type": "Feature", "properties": {"現象の種類": "急傾斜地の崩壊", "区域区分": "土砂災害特別警戒区域", "区域名": "-", "所在地": "千代田区永田町2", "告示日": "2019/1/9"}, "geometry": {"type": "Polygon", "coordinates": [[[139.738760405, 35.677257744], [139.738791726, 35.677213996], [139.738801434, 35.677232006], [139.738760405, 35.677257744]]]}}, {"id": "27498", "type": "Feature", "properties": {"現象の種類": "急傾斜地の崩壊", "区域区分": "土砂災害特別警戒区域", "区域名": "-", "所在地": "千代田区富士見1　飯田橋1", "告示日": "2019/1/9"}, "geometry": {"type": "Polygon", "coordinates": [[[139.748194892, 35.69880245], [139.748252696, 35.698847722], [139.748219173, 35.698861778], [139.748194892, 35.69880245]]]}}, {"id": "27499", "type": "Feature", "properties": {"現象の種類": "急傾斜地の崩壊", "区域区分": "土砂災害特別警戒区域", "区域名": "-", "所在地": "千代田区三番町", "告示日": "2019/1/9"}, "geometry": {"type": "Polygon", "coordinates": [[[139.741300336, 35.689735216], [139.741326439, 35.689760849], [139.741295352, 35.689747621], [139.741300336, 35.689735216]]]}}, {"id": "27500", "type": "Feature", "properties": {"現象の種類": "急傾斜地の崩壊", "区域区分": "土砂災害特別警戒区域", "区域名": "-", "所在地": "千代田区三番町", "告示日": "2019/1/9"}, "geometry": {"type": "Polygon", "coordinates": [[[139.741647261, 35.68998143], [139.741379681, 35.689895141], [139.741642954, 35.689966433], [139.741722483, 35.689913669], [139.741820959, 35.689898794], [139.742079531, 35.689955168], [139.74182125, 35.689912752], [139.741647261, 35.68998143]]]}}, {"id": "27501", "type": "Feature", "properties": {"現象の種類": "急傾斜地の崩壊", "区域区分": "土砂災害特別警戒区域", "区域名": "-", "所在地": "千代田区紀尾井町", "告示日": "2019/1/9"}, "geometry": {"type": "Polygon", "coordinates": [[[139.736957229, 35.679080202], [139.736594722, 35.679038254], [139.736995639, 35.679051268], [139.737904296, 35.678914248], [139.737931254, 35.679053749], [139.737330464, 35.67902472], [139.736957229, 35.679080202]]]}}, {"id": "27502", "type": "Feature", "properties": {"現象の種類": "急傾斜地の崩壊", "区域区分": "土砂災害特別警戒区域", "区域名": "-", "所在地": "千代田区紀尾井町", "告示日": "2019/1/9"}, "geometry": {"type": "Polygon", "coordinates": [[[139.732975484, 35.680888712], [139.732607211, 35.681223553], [139.732544582, 35.68095146], [139.732656021, 35.680951955], [139.732982021, 35.680613762], [139.733415322, 35.679540949], [139.733523497, 35.679347425], [139.733681308, 35.679216496], [139.734891153, 35.679007111], [139.736070602, 35.678987905], [139.736038026, 35.679078543], [139.735183055, 35.679087915], [139.73378503, 35.67926384], [139.733612496, 35.679402877], [139.733418646, 35.680073753], [139.733165231, 35.680624372], [139.732975484, 35.680888712]]]}}, {"id": "27503", "type": "Feature", "properties": {"現象の種類": "急傾斜地の崩壊", "区域区分": "土砂災害特別警戒区域", "区域名": "-", "所在地": "千代田区紀尾井町", "告示日": "2019/1/9"}, "geometry": {"type": "Polygon", "coordinates": [[[139.732975484, 35.680888712], [139.732607211, 35.681223553], [139.732544582, 35.68095146], [139.732656021, 35.680951955], [139.732982021, 35.680613762], [139.733415322, 35.679540949], [139.733523497, 35.679347425], [139.733681308, 35.679216496], [139.734891153, 35.679007111], [139.736070602, 35.678987905], [139.736038026, 35.679078543], [139.735183055, 35.679087915], [139.73378503, 35.67926384], [139.733612496, 35.679402877], [139.733418646, 35.680073753], [139.733165231, 35.680624372], [139.732975484, 35.680888712]]]}}, {"id": "27504", "type": "Feature", "properties": {"現象の種類": "急傾斜地の崩壊", "区域区分": "土砂災害特別警戒区域", "区域名": "-", "所在地": "千代田区神田駿河台1　神田猿楽町1", "告示日": "2019/1/9"}, "geometry": {"type": "Polygon", "coordinates": [[[139.760920717, 35.697910065], [139.760924927, 35.69797144], [139.760874961, 35.697972731], [139.760862014, 35.697908027], [139.760920717, 35.697910065]]]}}, {"id": "27505", "type": "Feature", "properties": {"現象の種類": "急傾斜地の崩壊", "区域区分": "土砂災害特別警戒区域", "区域名": "-", "所在地": "千代田区神田駿河台2", "告示日": "2019/1/9"}, "geometry": {"type": "Polygon", "coordinates": [[[139.760865765, 35.701235797], [139.760763011, 35.701266857], [139.760758458, 35.701222647], [139.760822447, 35.701202598], [139.760865765, 35.701235797]]]}}, {"id": "27506", "type": "Feature", "properties": {"現象の種類": "急傾斜地の崩壊", "区域区分": "土砂災害特別警戒区域", "区域名": "-", "所在地": "千代田区神田駿河台2", "告示日": "2019/1/9"}, "geometry": {"type": "Polygon", "coordinates": [[[139.760655382, 35.70133197], [139.760694044, 35.701207831], [139.760796019, 35.70121383], [139.760841119, 35.701303359], [139.760655382, 35.70133197]]]}}, {"id": "27507", "type": "Feature", "properties": {"現象の種類": "急傾斜地の崩壊", "区域区分": "土砂災害特別警戒区域", "区域名": "-", "所在地": "千代田区神田猿楽町2　神田駿河台2", "告示日": "2019/1/9"}, "geometry": {"type": "Polygon", "coordinates": [[[139.759570305, 35.699565125], [139.759658747, 35.699602871], [139.759734363, 35.699676077], [139.75970682, 35.69969531], [139.759570305, 35.699565125]]]}}, {"id": "27508", "type": "Feature", "properties": {"現象の種類": "急傾斜地の崩壊", "区域区分": "土砂災害特別警戒区域", "区域名": "-", "所在地": "千代田区神田猿楽町1　神田猿楽町2　神田駿河台1", "告示日": "2019/1/9"}, "geometry": {"type": "Polygon", "coordinates": [[[139.759758367, 35.699451205], [139.759860373, 35.69955229], [139.759763293, 35.699633909], [139.759652734, 35.699524648], [139.759758367, 35.699451205]]]}}, {"id": "27509", "type": "Feature", "properties": {"現象の種類": "急傾斜地の崩壊", "区域区分": "土砂災害特別警戒区域", "区域名": "-", "所在地": "千代田区神田猿楽町1　神田猿楽町2　神田駿河台1", "告示日": "2019/1/9"}, "geometry": {"type": "Polygon", "coordinates": [[[139.760048949, 35.699373259], [139.760085047, 35.699408889], [139.759949669, 35.699493538], [139.75983795, 35.699387907], [139.760220156, 35.699077795], [139.760371491, 35.699149043], [139.760182824, 35.69932764], [139.76014282, 35.699292687], [139.760048949, 35.699373259]]]}}, {"id": "27510", "type": "Feature", "properties": {"現象の種類": "急傾斜地の崩壊", "区域区分": "土砂災害特別警戒区域", "区域名": "-", "所在地": "千代田区神田猿楽町1　神田猿楽町2　神田駿河台1", "告示日": "2019/1/9"}, "geometry": {"type": "Polygon", "coordinates": [[[139.760577224, 35.698729034], [139.760710974, 35.698819488], [139.760472981, 35.699004106], [139.760305212, 35.698982857], [139.760332823, 35.698899076], [139.76050294, 35.698756285], [139.760577224, 35.698729034]]]}}, {"id": "27511", "type": "Feature", "properties": {"現象の種類": "急傾斜地の崩壊", "区域区分": "土砂災害特別警戒区域", "区域名": "-", "所在地": "千代田区永田町2", "告示日": "2019/1/9"}, "geometry": {"type": "Polygon", "coordinates": [[[139.739993859, 35.67540367], [139.740007396, 35.675483943], [139.739684232, 35.675541743], [139.739672351, 35.675367464], [139.739800894, 35.675342745], [139.739920424, 35.675246311], [139.740056718, 35.675290169], [139.739993859, 35.67540367]]]}}, {"id": "27512", "type": "Feature", "properties": {"現象の種類": "急傾斜地の崩壊", "区域区分": "土砂災害特別警戒区域", "区域名": "-", "所在地": "千代田区神田駿河台4", "告示日": "2019/1/9"}, "geometry": {"type": "Polygon", "coordinates": [[[139.765137948, 35.697998988], [139.764542022, 35.698193135], [139.764546651, 35.698155395], [139.765113555, 35.697983825], [139.765052492, 35.697887353], [139.765214707, 35.697835679], [139.765230282, 35.697866473], [139.765320934, 35.697813396], [139.765645456, 35.697746786], [139.765752557, 35.697862646], [139.765642639, 35.69775777], [139.765459041, 35.697792799], [139.765098001, 35.697910391], [139.765137948, 35.697998988]]]}}, {"id": "27513", "type": "Feature", "properties": {"現象の種類": "急傾斜地の崩壊", "区域区分": "土砂災害特別警戒区域", "区域名": "-", "所在地": "千代田区富士見1　飯田橋1", "告示日": "2019/1/9"}, "geometry": {"type": "Polygon", "coordinates": [[[139.749415006, 35.6978259], [139.749359844, 35.697884869], [139.749346102, 35.697872102], [139.749415006, 35.6978259]]]}}, {"id": "27514", "type": "Feature", "properties": {"現象の種類": "急傾斜地の崩壊", "区域区分": "土砂災害特別警戒区域", "区域名": "-", "所在地": "千代田区富士見1　飯田橋1", "告示日": "2019/1/9"}, "geometry": {"type": "Polygon", "coordinates": [[[139.749200229, 35.698033539], [139.749160562, 35.698127168], [139.749063107, 35.698045767], [139.749165532, 35.698003031], [139.749200229, 35.698033539]]]}}, {"id": "27515", "type": "Feature", "properties": {"現象の種類": "急傾斜地の崩壊", "区域区分": "土砂災害特別警戒区域", "区域名": "-", "所在地": "千代田区富士見2", "告示日": "2019/1/9"}, "geometry": {"type": "Polygon", "coordinates": [[[139.743040461, 35.696606989], [139.742958892, 35.69670737], [139.742564667, 35.696537424], [139.742599679, 35.696466399], [139.742748445, 35.696492636], [139.743040461, 35.696606989]]]}}, {"id": "27516", "type": "Feature", "properties": {"現象の種類": "急傾斜地の崩壊", "区域区分": "土砂災害特別警戒区域", "区域名": "-", "所在地": "千代田区三番町", "告示日": "2019/1/9"}, "geometry": {"type": "Polygon", "coordinates": [[[139.741562539, 35.690829911], [139.741565581, 35.690874155], [139.741358235, 35.690808263], [139.741362346, 35.690794843], [139.741562539, 35.690829911]]]}}, {"id": "27517", "type": "Feature", "properties": {"現象の種類": "急傾斜地の崩壊", "区域区分": "土砂災害特別警戒区域", "区域名": "-", "所在地": "千代田区一番町", "告示日": "2019/1/9"}, "geometry": {"type": "Polygon", "coordinates": [[[139.743567224, 35.687831876], [139.74364559, 35.688093959], [139.74357141, 35.688146717], [139.743467908, 35.68784848], [139.743567224, 35.687831876]]]}}, {"id": "27518", "type": "Feature", "properties": {"現象の種類": "急傾斜地の崩壊", "区域区分": "土砂災害特別警戒区域", "区域名": "-", "所在地": "千代田区一番町", "告示日": "2019/1/9"}, "geometry": {"type": "Polygon", "coordinates": [[[139.743465027, 35.687477665], [139.743584789, 35.687813317], [139.743457231, 35.68783485], [139.743374499, 35.687507006], [139.743465027, 35.687477665]]]}}, {"id": "27519", "type": "Feature", "properties": {"現象の種類": "急傾斜地の崩壊", "区域区分": "土砂災害特別警戒区域", "区域名": "-", "所在地": "千代田区紀尾井町", "告示日": "2019/1/9"}, "geometry": {"type": "Polygon", "coordinates": [[[139.735148871, 35.680839623], [139.734946637, 35.680798626], [139.73507622, 35.680545266], [139.735304961, 35.680614833], [139.735171001, 35.680612424], [139.73511269, 35.680766842], [139.735196151, 35.680811822], [139.735148871, 35.680839623]]]}}, {"id": "27520", "type": "Feature", "properties": {"現象の種類": "急傾斜地の崩壊", "区域区分": "土砂災害特別警戒区域", "区域名": "-", "所在地": "千代田区紀尾井町", "告示日": "2019/1/9"}, "geometry": {"type": "Polygon", "coordinates": [[[139.734594852, 35.679548955], [139.734501099, 35.679590977], [139.734478481, 35.679523205], [139.734526953, 35.679508812], [139.734594852, 35.679548955]]]}}, {"id": "27521", "type": "Feature", "properties": {"現象の種類": "急傾斜地の崩壊", "区域区分": "土砂災害特別警戒区域", "区域名": "-", "所在地": "千代田区永田町2", "告示日": "2019/1/9"}, "geometry": {"type": "Polygon", "coordinates": [[[139.738820826, 35.677137919], [139.738718539, 35.67709513], [139.73871344, 35.677044311], [139.738735612, 35.676985615], [139.738861408, 35.676946491], [139.738897228, 35.676874443], [139.738825905, 35.676838694], [139.73897462, 35.67667237], [139.73895066, 35.676597446], [139.738991162, 35.676548016], [139.739160922, 35.67653442], [139.73921161, 35.676623201], [139.73906694, 35.676640898], [139.738963499, 35.676969083], [139.738807857, 35.677099209], [139.738820826, 35.677137919]]]}}, {"id": "27522", "type": "Feature", "properties": {"現象の種類": "急傾斜地の崩壊", "区域区分": "土砂災害特別警戒区域", "区域名": "-", "所在地": "千代田区永田町2", "告示日": "2019/1/9"}, "geometry": {"type": "Polygon", "coordinates": [[[139.740749947, 35.676427103], [139.740681121, 35.67660983], [139.740480339, 35.676627946], [139.740465677, 35.676531405], [139.740547318, 35.676512601], [139.740612673, 35.676398008], [139.740749947, 35.676427103]]]}}, {"id": "27523", "type": "Feature", "properties": {"現象の種類": "急傾斜地の崩壊", "区域区分": "土砂災害特別警戒区域", "区域名": "-", "所在地": "千代田区永田町2", "告示日": "2019/1/9"}, "geometry": {"type": "Polygon", "coordinates": [[[139.740510227, 35.674790211], [139.740513841, 35.674992423], [139.740288082, 35.675148821], [139.740051911, 35.67519143], [139.740026676, 35.675154156], [139.74038057, 35.674953168], [139.740375278, 35.674886109], [139.740510227, 35.674790211]]]}}, {"id": "27524", "type": "Feature", "properties": {"現象の種類": "急傾斜地の崩壊", "区域区分": "土砂災害特別警戒区域", "区域名": "-", "所在地": "港区赤坂7", "告示日": "2019/1/9"}, "geometry": {"type": "Polygon", "coordinates": [[[139.730662792, 35.672481456], [139.730602726, 35.672478903], [139.730566915, 35.672473553], [139.730604304, 35.672446618], [139.730662792, 35.672481456]]]}}, {"id": "27525", "type": "Feature", "properties": {"現象の種類": "急傾斜地の崩壊", "区域区分": "土砂災害特別警戒区域", "区域名": "-", "所在地": "千代田区永田町2　港区赤坂3", "告示日": "2019/1/9"}, "geometry": {"type": "Polygon", "coordinates": [[[139.738916273, 35.674470365], [139.739135933, 35.674607375], [139.739140469, 35.674652799], [139.739073884, 35.675191734], [139.739110196, 35.675358631], [139.738980088, 35.675407886], [139.738856585, 35.675215202], [139.73882427, 35.674898738], [139.738916273, 35.674470365]]]}}, {"id": "27526", "type": "Feature", "properties": {"現象の種類": "急傾斜地の崩壊", "区域区分": "土砂災害特別警戒区域", "区域名": "-", "所在地": "千代田区永田町2", "告示日": "2019/1/9"}, "geometry": {"type": "Polygon", "coordinates": [[[139.740242366, 35.6739193], [139.739917198, 35.673956837], [139.739920984, 35.674014208], [139.73986306, 35.674040761], [139.739793808, 35.67401653], [139.739746928, 35.673899929], [139.740279839, 35.673729859], [139.740242366, 35.6739193]]]}}, {"id": "27527", "type": "Feature", "properties": {"現象の種類": "急傾斜地の崩壊", "区域区分": "土砂災害特別警戒区域", "区域名": "-", "所在地": "千代田区永田町1", "告示日": "2019/1/9"}, "geometry": {"type": "Polygon", "coordinates": [[[139.745721867, 35.673268535], [139.745906057, 35.673304569], [139.745882325, 35.673369973], [139.745729763, 35.673344267], [139.745721867, 35.673268535]]]}}, {"id": "27528", "type": "Feature", "properties": {"現象の種類": "急傾斜地の崩壊", "区域区分": "土砂災害特別警戒区域", "区域名": "-", "所在地": "千代田区永田町1", "告示日": "2019/1/9"}, "geometry": {"type": "Polygon", "coordinates": [[[139.748038299, 35.677950057], [139.748155352, 35.678029893], [139.747707336, 35.67850589], [139.747596778, 35.678437879], [139.748038299, 35.677950057]]]}}, {"id": "27529", "type": "Feature", "properties": {"現象の種類": "急傾斜地の崩壊", "区域区分": "土砂災害特別警戒区域", "区域名": "-", "所在地": "千代田区隼町", "告示日": "2019/1/9"}, "geometry": {"type": "Polygon", "coordinates": [[[139.74487255, 35.680713636], [139.744937975, 35.680777362], [139.744864144, 35.680721231], [139.74487255, 35.680713636]]]}}, {"id": "27530", "type": "Feature", "properties": {"現象の種類": "急傾斜地の崩壊", "区域区分": "土砂災害特別警戒区域", "区域名": "-", "所在地": "港区赤坂1", "告示日": "2019/1/9"}, "geometry": {"type": "Polygon", "coordinates": [[[139.742618775, 35.668220321], [139.74265752, 35.668307451], [139.742327016, 35.668400772], [139.74212639, 35.668398541], [139.742111518, 35.668351273], [139.742618775, 35.668220321]]]}}, {"id": "27531", "type": "Feature", "properties": {"現象の種類": "急傾斜地の崩壊", "区域区分": "土砂災害特別警戒区域", "区域名": "-", "所在地": "港区赤坂4", "告示日": "2019/1/9"}, "geometry": {"type": "Polygon", "coordinates": [[[139.735284831, 35.674919736], [139.735195938, 35.675022874], [139.73498175, 35.674831234], [139.735112134, 35.674749968], [139.735073445, 35.674795894], [139.73524523, 35.674939747], [139.735284831, 35.674919736]]]}}, {"id": "27532", "type": "Feature", "properties": {"現象の種類": "急傾斜地の崩壊", "区域区分": "土砂災害特別警戒区域", "区域名": "-", "所在地": "港区赤坂4", "告示日": "2019/1/9"}, "geometry": {"type": "Polygon", "coordinates": [[[139.73555363, 35.675181292], [139.735523899, 35.675210665], [139.735289253, 35.675080475], [139.735396762, 35.674986115], [139.735408108, 35.675101774], [139.735472131, 35.675100549], [139.73555363, 35.675181292]]]}}, {"id": "27533", "type": "Feature", "properties": {"現象の種類": "急傾斜地の崩壊", "区域区分": "土砂災害特別警戒区域", "区域名": "-", "所在地": "港区赤坂5　赤坂7　赤坂6", "告示日": "2019/1/9"}, "geometry": {"type": "Polygon", "coordinates": [[[139.734691179, 35.670886313], [139.734818613, 35.671105094], [139.734724825, 35.671289018], [139.73454939, 35.671161368], [139.734594111, 35.671113647], [139.734486492, 35.670967504], [139.733942109, 35.670676771], [139.733881052, 35.670690585], [139.733529612, 35.670532141], [139.73322556, 35.670796898], [139.733244899, 35.670854732], [139.733169582, 35.670921501], [139.733062899, 35.670821121], [139.733084601, 35.670715074], [139.733427902, 35.670338165], [139.73372395, 35.67041786], [139.733948775, 35.6705417], [139.733986035, 35.670482094], [139.734220428, 35.670639451], [139.734263823, 35.670612709], [139.734691179, 35.670886313]]]}}, {"id": "27534", "type": "Feature", "properties": {"現象の種類": "急傾斜地の崩壊", "区域区分": "土砂災害特別警戒区域", "区域名": "-", "所在地": "港区赤坂6", "告示日": "2019/1/9"}, "geometry": {"type": "Polygon", "coordinates": [[[139.735792803, 35.6687848], [139.73556408, 35.668860087], [139.735331384, 35.668726368], [139.735061078, 35.668395642], [139.735129353, 35.668352562], [139.735403214, 35.668647128], [139.735649395, 35.668759981], [139.735964694, 35.668338929], [139.736007947, 35.66836303], [139.735792803, 35.6687848]]]}}, {"id": "27535", "type": "Feature", "properties": {"現象の種類": "急傾斜地の崩壊", "区域区分": "土砂災害特別警戒区域", "区域名": "-", "所在地": "港区赤坂7", "告示日": "2019/1/9"}, "geometry": {"type": "Polygon", "coordinates": [[[139.732627489, 35.671212833], [139.732742629, 35.671322475], [139.732667543, 35.671359028], [139.732549473, 35.671260882], [139.732627489, 35.671212833]]]}}, {"id": "27536", "type": "Feature", "properties": {"現象の種類": "急傾斜地の崩壊", "区域区分": "土砂災害特別警戒区域", "区域名": "-", "所在地": "港区赤坂7", "告示日": "2019/1/9"}, "geometry": {"type": "Polygon", "coordinates": [[[139.731942143, 35.671629224], [139.7318775, 35.671679119], [139.731869145, 35.671667846], [139.731942143, 35.671629224]]]}}, {"id": "27537", "type": "Feature", "properties": {"現象の種類": "急傾斜地の崩壊", "区域区分": "土砂災害特別警戒区域", "区域名": "-", "所在地": "港区赤坂7", "告示日": "2019/1/9"}, "geometry": {"type": "Polygon", "coordinates": [[[139.732365176, 35.671439226], [139.732214348, 35.671523982], [139.732186567, 35.671487079], [139.732343389, 35.671413028], [139.732365176, 35.671439226]]]}}, {"id": "27538", "type": "Feature", "properties": {"現象の種類": "急傾斜地の崩壊", "区域区分": "土砂災害特別警戒区域", "区域名": "-", "所在地": "港区赤坂8", "告示日": "2019/1/9"}, "geometry": {"type": "Polygon", "coordinates": [[[139.728812091, 35.671505753], [139.728485428, 35.671551389], [139.728469804, 35.671479285], [139.728812091, 35.671505753]]]}}, {"id": "27539", "type": "Feature", "properties": {"現象の種類": "急傾斜地の崩壊", "区域区分": "土砂災害特別警戒区域", "区域名": "-", "所在地": "港区赤坂9", "告示日": "2019/1/9"}, "geometry": {"type": "Polygon", "coordinates": [[[139.727966028, 35.667758736], [139.72797502, 35.667800059], [139.727945685, 35.667786424], [139.727966028, 35.667758736]]]}}, {"id": "27540", "type": "Feature", "properties": {"現象の種類": "急傾斜地の崩壊", "区域区分": "土砂災害特別警戒区域", "区域名": "-", "所在地": "港区赤坂9", "告示日": "2019/1/9"}, "geometry": {"type": "Polygon", "coordinates": [[[139.727784622, 35.667662608], [139.727856452, 35.667732606], [139.727765884, 35.667683488], [139.727784622, 35.667662608]]]}}, {"id": "27541", "type": "Feature", "properties": {"現象の種類": "急傾斜地の崩壊", "区域区分": "土砂災害特別警戒区域", "区域名": "-", "所在地": "港区赤坂9", "告示日": "2019/1/9"}, "geometry": {"type": "Polygon", "coordinates": [[[139.728515504, 35.66746593], [139.728385305, 35.667512472], [139.728287575, 35.667484127], [139.728310616, 35.667431508], [139.728380543, 35.667469751], [139.728458526, 35.667439062], [139.728515504, 35.66746593]]]}}, {"id": "27542", "type": "Feature", "properties": {"現象の種類": "急傾斜地の崩壊", "区域区分": "土砂災害特別警戒区域", "区域名": "-", "所在地": "港区赤坂9", "告示日": "2019/1/9"}, "geometry": {"type": "Polygon", "coordinates": [[[139.732167685, 35.668689187], [139.731985595, 35.668687488], [139.731899135, 35.668642607], [139.732130775, 35.668625185], [139.732167685, 35.668689187]]]}}, {"id": "27543", "type": "Feature", "properties": {"現象の種類": "急傾斜地の崩壊", "区域区分": "土砂災害特別警戒区域", "区域名": "-", "所在地": "港区愛宕1　虎ノ門3", "告示日": "2019/1/9"}, "geometry": {"type": "Polygon", "coordinates": [[[139.74838821, 35.665350701], [139.748316547, 35.665372598], [139.748185701, 35.665229388], [139.748018676, 35.665135587], [139.747905467, 35.664845324], [139.748066327, 35.664818891], [139.748100789, 35.665020879], [139.748317901, 35.665212497], [139.74838821, 35.665350701]]]}}, {"id": "27544", "type": "Feature", "properties": {"現象の種類": "急傾斜地の崩壊", "区域区分": "土砂災害特別警戒区域", "区域名": "-", "所在地": "港区愛宕1　虎ノ門3", "告示日": "2019/1/9"}, "geometry": {"type": "Polygon", "coordinates": [[[139.748171444, 35.664370062], [139.748049001, 35.664652745], [139.747899167, 35.664644334], [139.747881919, 35.664478802], [139.747961332, 35.664384678], [139.748171444, 35.664370062]]]}}, {"id": "27545", "type": "Feature", "properties": {"現象の種類": "急傾斜地の崩壊", "区域区分": "土砂災害特別警戒区域", "区域名": "-", "所在地": "港区愛宕2　愛宕1　虎ノ門3", "告示日": "2019/1/9"}, "geometry": {"type": "Polygon", "coordinates": [[[139.748127947, 35.664232766], [139.747959331, 35.664290402], [139.747945033, 35.664253862], [139.748127947, 35.664232766]]]}}, {"id": "27546", "type": "Feature", "properties": {"現象の種類": "急傾斜地の崩壊", "区域区分": "土砂災害特別警戒区域", "区域名": "-", "所在地": "港区愛宕2　愛宕1　虎ノ門3", "告示日": "2019/1/9"}, "geometry": {"type": "Polygon", "coordinates": [[[139.747888801, 35.663669846], [139.747978543, 35.663895705], [139.74785938, 35.663925189], [139.747775165, 35.663751984], [139.747798812, 35.663695459], [139.747888801, 35.663669846]]]}}, {"id": "27547", "type": "Feature", "properties": {"現象の種類": "急傾斜地の崩壊", "区域区分": "土砂災害特別警戒区域", "区域名": "-", "所在地": "港区愛宕2　虎ノ門3", "告示日": "2019/1/9"}, "geometry": {"type": "Polygon", "coordinates": [[[139.747396936, 35.663297343], [139.747771387, 35.663496807], [139.747632664, 35.663546399], [139.747551638, 35.663432664], [139.747439615, 35.663503137], [139.747317154, 35.663408068], [139.747396936, 35.663297343]]]}}, {"id": "27548", "type": "Feature", "properties": {"現象の種類": "急傾斜地の崩壊", "区域区分": "土砂災害特別警戒区域", "区域名": "-", "所在地": "港区虎ノ門3　芝公園3　虎ノ門5", "告示日": "2019/1/9"}, "geometry": {"type": "Polygon", "coordinates": [[[139.745544302, 35.662085013], [139.744982293, 35.662195405], [139.744968563, 35.662130015], [139.745608872, 35.661997486], [139.745544302, 35.662085013]]]}}, {"id": "27549", "type": "Feature", "properties": {"現象の種類": "急傾斜地の崩壊", "区域区分": "土砂災害特別警戒区域", "区域名": "-", "所在地": "港区虎ノ門4", "告示日": "2019/1/9"}, "geometry": {"type": "Polygon", "coordinates": [[[139.744521409, 35.664917192], [139.744581023, 35.664965766], [139.744460104, 35.665043794], [139.744433029, 35.66494149], [139.744521409, 35.664917192]]]}}, {"id": "27550", "type": "Feature", "properties": {"現象の種類": "急傾斜地の崩壊", "区域区分": "土砂災害特別警戒区域", "区域名": "-", "所在地": "港区虎ノ門5　芝公園3", "告示日": "2019/1/9"}, "geometry": {"type": "Polygon", "coordinates": [[[139.744399704, 35.661562476], [139.744273893, 35.661608105], [139.744249292, 35.661551228], [139.744353899, 35.661510093], [139.744399704, 35.661562476]]]}}, {"id": "27551", "type": "Feature", "properties": {"現象の種類": "急傾斜地の崩壊", "区域区分": "土砂災害特別警戒区域", "区域名": "-", "所在地": "港区芝公園3", "告示日": "2019/1/9"}, "geometry": {"type": "Polygon", "coordinates": [[[139.748649657, 35.660948788], [139.748721602, 35.660982316], [139.748636812, 35.660997055], [139.748649657, 35.660948788]]]}}, {"id": "27552", "type": "Feature", "properties": {"現象の種類": "急傾斜地の崩壊", "区域区分": "土砂災害特別警戒区域", "区域名": "-", "所在地": "港区芝公園3", "告示日": "2019/1/9"}, "geometry": {"type": "Polygon", "coordinates": [[[139.748698641, 35.661295207], [139.748725175, 35.661371033], [139.748814756, 35.661398008], [139.748774915, 35.661544908], [139.74871766, 35.661573252], [139.748685357, 35.661573385], [139.748657474, 35.661301027], [139.748756391, 35.661266481], [139.748698641, 35.661295207]]]}}, {"id": "27553", "type": "Feature", "properties": {"現象の種類": "急傾斜地の崩壊", "区域区分": "土砂災害特別警戒区域", "区域名": "-", "所在地": "港区芝公園4　東麻布1", "告示日": "2019/1/9"}, "geometry": {"type": "Polygon", "coordinates": [[[139.744620989, 35.658374145], [139.744669371, 35.658422159], [139.744643772, 35.658453734], [139.744421869, 35.658557049], [139.744386591, 35.658442248], [139.744620989, 35.658374145]]]}}, {"id": "27554", "type": "Feature", "properties": {"現象の種類": "急傾斜地の崩壊", "区域区分": "土砂災害特別警戒区域", "区域名": "-", "所在地": "港区麻布台1　芝公園3", "告示日": "2019/1/9"}, "geometry": {"type": "Polygon", "coordinates": [[[139.74401683, 35.660728906], [139.743883359, 35.660791104], [139.743874452, 35.660781177], [139.74401683, 35.660728906]]]}}, {"id": "27555", "type": "Feature", "properties": {"現象の種類": "急傾斜地の崩壊", "区域区分": "土砂災害特別警戒区域", "区域名": "-", "所在地": "港区麻布台1　芝公園3", "告示日": "2019/1/9"}, "geometry": {"type": "Polygon", "coordinates": [[[139.743795761, 35.660595056], [139.743671813, 35.660680087], [139.743399164, 35.660453416], [139.743366003, 35.660300826], [139.74328414, 35.660225248], [139.743264421, 35.66003656], [139.743319472, 35.660041059], [139.743398117, 35.660284864], [139.743795761, 35.660595056]]]}}, {"id": "27556", "type": "Feature", "properties": {"現象の種類": "急傾斜地の崩壊", "区域区分": "土砂災害特別警戒区域", "区域名": "-", "所在地": "港区麻布狸穴町　麻布永坂町", "告示日": "2019/1/9"}, "geometry": {"type": "Polygon", "coordinates": [[[139.739313212, 35.659283565], [139.739262339, 35.65929425], [139.739346819, 35.659435467], [139.739275178, 35.659448055], [139.739220098, 35.659302318], [139.739313212, 35.659283565]]]}}, {"id": "27557", "type": "Feature", "properties": {"現象の種類": "急傾斜地の崩壊", "区域区分": "土砂災害特別警戒区域", "区域名": "-", "所在地": "港区麻布狸穴町　麻布永坂町", "告示日": "2019/1/9"}, "geometry": {"type": "Polygon", "coordinates": [[[139.739260133, 35.659530613], [139.7392888, 35.659533524], [139.739344366, 35.659539167], [139.739330564, 35.659559857], [139.739260133, 35.659530613]]]}}, {"id": "27558", "type": "Feature", "properties": {"現象の種類": "急傾斜地の崩壊", "区域区分": "土砂災害特別警戒区域", "区域名": "-", "所在地": "港区麻布永坂町　麻布狸穴町", "告示日": "2019/1/9"}, "geometry": {"type": "Polygon", "coordinates": [[[139.739021099, 35.658949184], [139.73910114, 35.65899998], [139.738815569, 35.658941811], [139.738829049, 35.658901922], [139.739009179, 35.658864227], [139.739021099, 35.658949184]]]}}, {"id": "27559", "type": "Feature", "properties": {"現象の種類": "急傾斜地の崩壊", "区域区分": "土砂災害特別警戒区域", "区域名": "-", "所在地": "港区麻布永坂町　麻布狸穴町", "告示日": "2019/1/9"}, "geometry": {"type": "Polygon", "coordinates": [[[139.73891547, 35.658484858], [139.738839513, 35.658500643], [139.738854638, 35.658593859], [139.738743083, 35.658580958], [139.738684659, 35.658393832], [139.738897459, 35.65833534], [139.73891547, 35.658484858]]]}}, {"id": "27560", "type": "Feature", "properties": {"現象の種類": "急傾斜地の崩壊", "区域区分": "土砂災害特別警戒区域", "区域名": "-", "所在地": "港区麻布永坂町", "告示日": "2019/1/9"}, "geometry": {"type": "Polygon", "coordinates": [[[139.738333796, 35.658003185], [139.7384246, 35.658073102], [139.738404522, 35.65810075], [139.738261815, 35.658024259], [139.738333796, 35.658003185]]]}}, {"id": "27561", "type": "Feature", "properties": {"現象の種類": "急傾斜地の崩壊", "区域区分": "土砂災害特別警戒区域", "区域名": "-", "所在地": "港区麻布永坂町　東麻布3", "告示日": "2019/1/9"}, "geometry": {"type": "Polygon", "coordinates": [[[139.738234857, 35.657572654], [139.738184663, 35.657623444], [139.737813682, 35.657567083], [139.737580165, 35.657583967], [139.737562087, 35.657429788], [139.737983926, 35.657443723], [139.738133755, 35.657481117], [139.738234857, 35.657572654]]]}}, {"id": "27562", "type": "Feature", "properties": {"現象の種類": "急傾斜地の崩壊", "区域区分": "土砂災害特別警戒区域", "区域名": "-", "所在地": "港区麻布永坂町", "告示日": "2019/1/9"}, "geometry": {"type": "Polygon", "coordinates": [[[139.73720583, 35.657755259], [139.737253989, 35.657766026], [139.737288465, 35.657844599], [139.737181666, 35.657826951], [139.73720583, 35.657755259]]]}}, {"id": "27563", "type": "Feature", "properties": {"現象の種類": "急傾斜地の崩壊", "区域区分": "土砂災害特別警戒区域", "区域名": "-", "所在地": "港区六本木3", "告示日": "2019/1/9"}, "geometry": {"type": "Polygon", "coordinates": [[[139.736459527, 35.664775157], [139.736248096, 35.66483874], [139.735996597, 35.664832729], [139.73579857, 35.664712699], [139.735817864, 35.664596735], [139.735919939, 35.664564395], [139.735895029, 35.664676429], [139.736036887, 35.664730385], [139.736207538, 35.664733877], [139.736382938, 35.664643451], [139.736552365, 35.664670458], [139.736459527, 35.664775157]]]}}, {"id": "27564", "type": "Feature", "properties": {"現象の種類": "急傾斜地の崩壊", "区域区分": "土砂災害特別警戒区域", "区域名": "-", "所在地": "港区六本木3", "告示日": "2019/1/9"}, "geometry": {"type": "Polygon", "coordinates": [[[139.736700303, 35.664056686], [139.736736257, 35.664027993], [139.736777574, 35.66403412], [139.736700303, 35.664056686]]]}}, {"id": "27565", "type": "Feature", "properties": {"現象の種類": "急傾斜地の崩壊", "区域区分": "土砂災害特別警戒区域", "区域名": "-", "所在地": "港区六本木4", "告示日": "2019/1/9"}, "geometry": {"type": "Polygon", "coordinates": [[[139.734488053, 35.665663962], [139.734649922, 35.665952835], [139.734636172, 35.665959819], [139.734455998, 35.665679416], [139.734488053, 35.665663962]]]}}, {"id": "27566", "type": "Feature", "properties": {"現象の種類": "急傾斜地の崩壊", "区域区分": "土砂災害特別警戒区域", "区域名": "-", "所在地": "港区六本木4", "告示日": "2019/1/9"}, "geometry": {"type": "Polygon", "coordinates": [[[139.734108565, 35.66492763], [139.734060589, 35.664950877], [139.733920933, 35.664780713], [139.733977329, 35.664752122], [139.734108565, 35.66492763]]]}}, {"id": "27567", "type": "Feature", "properties": {"現象の種類": "急傾斜地の崩壊", "区域区分": "土砂災害特別警戒区域", "区域名": "-", "所在地": "港区六本木5　六本木6", "告示日": "2019/1/9"}, "geometry": {"type": "Polygon", "coordinates": [[[139.733027791, 35.660544136], [139.733085111, 35.660574674], [139.733043902, 35.660603497], [139.733047968, 35.660801904], [139.733103959, 35.661293771], [139.73294033, 35.661314497], [139.732880522, 35.660597035], [139.733027791, 35.660544136]]]}}, {"id": "27568", "type": "Feature", "properties": {"現象の種類": "急傾斜地の崩壊", "区域区分": "土砂災害特別警戒区域", "区域名": "-", "所在地": "港区六本木5", "告示日": "2019/1/9"}, "geometry": {"type": "Polygon", "coordinates": [[[139.732918508, 35.659652303], [139.732985063, 35.659799992], [139.733185824, 35.660420051], [139.733030819, 35.660407736], [139.732929513, 35.660190298], [139.732771154, 35.659693971], [139.732918508, 35.659652303]]]}}, {"id": "27569", "type": "Feature", "properties": {"現象の種類": "急傾斜地の崩壊", "区域区分": "土砂災害特別警戒区域", "区域名": "-", "所在地": "港区六本木5", "告示日": "2019/1/9"}, "geometry": {"type": "Polygon", "coordinates": [[[139.73285761, 35.659642034], [139.732786815, 35.65966151], [139.732630102, 35.659154291], [139.73268713, 35.659142753], [139.732645183, 35.659152092], [139.73285761, 35.659642034]]]}}, {"id": "27570", "type": "Feature", "properties": {"現象の種類": "急傾斜地の崩壊", "区域区分": "土砂災害特別警戒区域", "区域名": "-", "所在地": "港区六本木5　六本木6", "告示日": "2019/1/9"}, "geometry": {"type": "Polygon", "coordinates": [[[139.732596105, 35.65831137], [139.732792431, 35.658380709], [139.732738701, 35.658534192], [139.732520743, 35.658542107], [139.732596105, 35.65831137]]]}}, {"id": "27571", "type": "Feature", "properties": {"現象の種類": "急傾斜地の崩壊", "区域区分": "土砂災害特別警戒区域", "区域名": "-", "所在地": "港区六本木5　六本木6", "告示日": "2019/1/9"}, "geometry": {"type": "Polygon", "coordinates": [[[139.733051742, 35.657827836], [139.733207795, 35.657941384], [139.733084518, 35.657985106], [139.732905327, 35.658256633], [139.732730165, 35.658163207], [139.733051742, 35.657827836]]]}}, {"id": "27572", "type": "Feature", "properties": {"現象の種類": "急傾斜地の崩壊", "区域区分": "土砂災害特別警戒区域", "区域名": "-", "所在地": "港区六本木5　麻布十番1", "告示日": "2019/1/9"}, "geometry": {"type": "Polygon", "coordinates": [[[139.734775658, 35.657013063], [139.734706363, 35.657128223], [139.734533158, 35.657134112], [139.734230179, 35.657236054], [139.734165315, 35.657101291], [139.734775658, 35.657013063]]]}}, {"id": "27573", "type": "Feature", "properties": {"現象の種類": "急傾斜地の崩壊", "区域区分": "土砂災害特別警戒区域", "区域名": "-", "所在地": "港区六本木5", "告示日": "2019/1/9"}, "geometry": {"type": "Polygon", "coordinates": [[[139.734839956, 35.658194152], [139.73486702, 35.658227046], [139.734703814, 35.6583348], [139.734655337, 35.658279489], [139.734839956, 35.658194152]]]}}, {"id": "27574", "type": "Feature", "properties": {"現象の種類": "急傾斜地の崩壊", "区域区分": "土砂災害特別警戒区域", "区域名": "-", "所在地": "港区南青山4", "告示日": "2019/1/9"}, "geometry": {"type": "Polygon", "coordinates": [[[139.717988313, 35.664867156], [139.717890299, 35.664916492], [139.717883094, 35.664898628], [139.717988313, 35.664867156]]]}}, {"id": "27575", "type": "Feature", "properties": {"現象の種類": "急傾斜地の崩壊", "区域区分": "土砂災害特別警戒区域", "区域名": "-", "所在地": "港区南青山4", "告示日": "2019/1/9"}, "geometry": {"type": "Polygon", "coordinates": [[[139.718702916, 35.664776347], [139.718064742, 35.664870147], [139.718301559, 35.66476575], [139.718682101, 35.664700488], [139.718702916, 35.664776347]]]}}, {"id": "27576", "type": "Feature", "properties": {"現象の種類": "急傾斜地の崩壊", "区域区分": "土砂災害特別警戒区域", "区域名": "-", "所在地": "港区南青山4", "告示日": "2019/1/9"}, "geometry": {"type": "Polygon", "coordinates": [[[139.719330219, 35.664691709], [139.718853285, 35.664733148], [139.718836445, 35.664692004], [139.719321535, 35.664624735], [139.719330219, 35.664691709]]]}}, {"id": "27577", "type": "Feature", "properties": {"現象の種類": "急傾斜地の崩壊", "区域区分": "土砂災害特別警戒区域", "区域名": "-", "所在地": "港区南青山4", "告示日": "2019/1/9"}, "geometry": {"type": "Polygon", "coordinates": [[[139.719812579, 35.664835504], [139.719772462, 35.664864311], [139.719729397, 35.664822948], [139.719767516, 35.664799342], [139.719812579, 35.664835504]]]}}, {"id": "27578", "type": "Feature", "properties": {"現象の種類": "急傾斜地の崩壊", "区域区分": "土砂災害特別警戒区域", "区域名": "-", "所在地": "港区南青山4", "告示日": "2019/1/9"}, "geometry": {"type": "Polygon", "coordinates": [[[139.718260979, 35.664382006], [139.718340324, 35.664432661], [139.718283612, 35.664446319], [139.718260979, 35.664382006]]]}}, {"id": "27579", "type": "Feature", "properties": {"現象の種類": "急傾斜地の崩壊", "区域区分": "土砂災害特別警戒区域", "区域名": "-", "所在地": "港区南青山4", "告示日": "2019/1/9"}, "geometry": {"type": "Polygon", "coordinates": [[[139.718953287, 35.664301895], [139.718840634, 35.664245798], [139.718894274, 35.664228505], [139.718881425, 35.664185399], [139.718999092, 35.664224973], [139.718953287, 35.664301895]]]}}, {"id": "27580", "type": "Feature", "properties": {"現象の種類": "急傾斜地の崩壊", "区域区分": "土砂災害特別警戒区域", "区域名": "-", "所在地": "港区南青山4", "告示日": "2019/1/9"}, "geometry": {"type": "Polygon", "coordinates": [[[139.718601688, 35.664325768], [139.718615838, 35.664385923], [139.718369582, 35.664449418], [139.718358795, 35.664403397], [139.718601688, 35.664325768]]]}}, {"id": "27581", "type": "Feature", "properties": {"現象の種類": "急傾斜地の崩壊", "区域区分": "土砂災害特別警戒区域", "区域名": "-", "所在地": "港区南青山4　西麻布2", "告示日": "2019/1/9"}, "geometry": {"type": "Polygon", "coordinates": [[[139.719272585, 35.662556429], [139.71955921, 35.66266348], [139.719677874, 35.662715354], [139.719272585, 35.662556429]]]}}, {"id": "27582", "type": "Feature", "properties": {"現象の種類": "急傾斜地の崩壊", "区域区分": "土砂災害特別警戒区域", "区域名": "-", "所在地": "港区元麻布1", "告示日": "2019/1/9"}, "geometry": {"type": "Polygon", "coordinates": [[[139.733829945, 35.655059064], [139.733631634, 35.655140081], [139.733632258, 35.655074604], [139.733388479, 35.655063508], [139.7333909, 35.654988614], [139.733797021, 35.655020879], [139.733784956, 35.654972239], [139.733829945, 35.655059064]]]}}, {"id": "27583", "type": "Feature", "properties": {"現象の種類": "急傾斜地の崩壊", "区域区分": "土砂災害特別警戒区域", "区域名": "-", "所在地": "港区元麻布1", "告示日": "2019/1/9"}, "geometry": {"type": "Polygon", "coordinates": [[[139.734126335, 35.654885977], [139.733963745, 35.654940638], [139.733931862, 35.654873024], [139.734086782, 35.654814733], [139.734126335, 35.654885977]]]}}, {"id": "27584", "type": "Feature", "properties": {"現象の種類": "急傾斜地の崩壊", "区域区分": "土砂災害特別警戒区域", "区域名": "-", "所在地": "港区元麻布1", "告示日": "2019/1/9"}, "geometry": {"type": "Polygon", "coordinates": [[[139.733965922, 35.65410276], [139.733906418, 35.654123416], [139.73389196, 35.654082374], [139.733939567, 35.654064875], [139.733965922, 35.65410276]]]}}, {"id": "27585", "type": "Feature", "properties": {"現象の種類": "急傾斜地の崩壊", "区域区分": "土砂災害特別警戒区域", "区域名": "-", "所在地": "港区元麻布1", "告示日": "2019/1/9"}, "geometry": {"type": "Polygon", "coordinates": [[[139.733469783, 35.653822423], [139.733548435, 35.653887347], [139.733535731, 35.653941543], [139.733469783, 35.653822423]]]}}, {"id": "27586", "type": "Feature", "properties": {"現象の種類": "急傾斜地の崩壊", "区域区分": "土砂災害特別警戒区域", "区域名": "-", "所在地": "港区元麻布1", "告示日": "2019/1/9"}, "geometry": {"type": "Polygon", "coordinates": [[[139.733959153, 35.653670234], [139.73390612, 35.653687346], [139.733883015, 35.653664353], [139.733942487, 35.653640204], [139.733959153, 35.653670234]]]}}, {"id": "27587", "type": "Feature", "properties": {"現象の種類": "急傾斜地の崩壊", "区域区分": "土砂災害特別警戒区域", "区域名": "-", "所在地": "港区元麻布1", "告示日": "2019/1/9"}, "geometry": {"type": "Polygon", "coordinates": [[[139.733710988, 35.653645771], [139.733611867, 35.653739967], [139.733568189, 35.653716419], [139.733622689, 35.653637219], [139.733710988, 35.653645771]]]}}, {"id": "27588", "type": "Feature", "properties": {"現象の種類": "急傾斜地の崩壊", "区域区分": "土砂災害特別警戒区域", "区域名": "-", "所在地": "港区元麻布1", "告示日": "2019/1/9"}, "geometry": {"type": "Polygon", "coordinates": [[[139.73254681, 35.653468773], [139.732643221, 35.653641242], [139.732601606, 35.65367585], [139.732551695, 35.653665314], [139.732453157, 35.653477542], [139.732662548, 35.653350708], [139.732708107, 35.653440368], [139.73254681, 35.653468773]]]}}, {"id": "27589", "type": "Feature", "properties": {"現象の種類": "急傾斜地の崩壊", "区域区分": "土砂災害特別警戒区域", "区域名": "-", "所在地": "港区元麻布1", "告示日": "2019/1/9"}, "geometry": {"type": "Polygon", "coordinates": [[[139.732625185, 35.652751715], [139.73276357, 35.652825337], [139.732836232, 35.65287329], [139.732625185, 35.652751715]]]}}, {"id": "27590", "type": "Feature", "properties": {"現象の種類": "急傾斜地の崩壊", "区域区分": "土砂災害特別警戒区域", "区域名": "-", "所在地": "港区元麻布1", "告示日": "2019/1/9"}, "geometry": {"type": "Polygon", "coordinates": [[[139.73170145, 35.652780407], [139.731570736, 35.65278803], [139.731566293, 35.652766455], [139.731697437, 35.65274931], [139.73170145, 35.652780407]]]}}, {"id": "27591", "type": "Feature", "properties": {"現象の種類": "急傾斜地の崩壊", "区域区分": "土砂災害特別警戒区域", "区域名": "-", "所在地": "港区元麻布2", "告示日": "2019/1/9"}, "geometry": {"type": "Polygon", "coordinates": [[[139.729011884, 35.654312913], [139.729061248, 35.654323674], [139.729083124, 35.654405807], [139.729011884, 35.654312913]]]}}, {"id": "27592", "type": "Feature", "properties": {"現象の種類": "急傾斜地の崩壊", "区域区分": "土砂災害特別警戒区域", "区域名": "-", "所在地": "港区元麻布3", "告示日": "2019/1/9"}, "geometry": {"type": "Polygon", "coordinates": [[[139.728879598, 35.657428911], [139.728793231, 35.657511194], [139.728778607, 35.657495375], [139.728879598, 35.657428911]]]}}, {"id": "27593", "type": "Feature", "properties": {"現象の種類": "急傾斜地の崩壊", "区域区分": "土砂災害特別警戒区域", "区域名": "-", "所在地": "港区元麻布3　元麻布2", "告示日": "2019/1/9"}, "geometry": {"type": "Polygon", "coordinates": [[[139.729490863, 35.655972039], [139.729075278, 35.656413735], [139.729065546, 35.656408067], [139.729473524, 35.655962334], [139.729791641, 35.655749375], [139.72997588, 35.655854042], [139.7297928, 35.655760357], [139.729490863, 35.655972039]]]}}, {"id": "27594", "type": "Feature", "properties": {"現象の種類": "急傾斜地の崩壊", "区域区分": "土砂災害特別警戒区域", "区域名": "-", "所在地": "港区元麻布3", "告示日": "2019/1/9"}, "geometry": {"type": "Polygon", "coordinates": [[[139.730274635, 35.65600622], [139.730242797, 35.656036513], [139.730200423, 35.656009217], [139.730231873, 35.655978654], [139.730274635, 35.65600622]]]}}, {"id": "27595", "type": "Feature", "properties": {"現象の種類": "急傾斜地の崩壊", "区域区分": "土砂災害特別警戒区域", "区域名": "-", "所在地": "港区元麻布3", "告示日": "2019/1/9"}, "geometry": {"type": "Polygon", "coordinates": [[[139.732120249, 35.656378116], [139.732021504, 35.656353349], [139.731893002, 35.656328594], [139.731901642, 35.656309532], [139.732120249, 35.656378116]]]}}, {"id": "27596", "type": "Feature", "properties": {"現象の種類": "急傾斜地の崩壊", "区域区分": "土砂災害特別警戒区域", "区域名": "-", "所在地": "港区南麻布1", "告示日": "2019/1/9"}, "geometry": {"type": "Polygon", "coordinates": [[[139.733242154, 35.64996509], [139.733177919, 35.649911065], [139.733282257, 35.649875493], [139.733318706, 35.649904556], [139.733242154, 35.64996509]]]}}, {"id": "27597", "type": "Feature", "properties": {"現象の種類": "急傾斜地の崩壊", "区域区分": "土砂災害特別警戒区域", "区域名": "-", "所在地": "港区三田4　三田3", "告示日": "2019/1/9"}, "geometry": {"type": "Polygon", "coordinates": [[[139.740454756, 35.641955788], [139.739850478, 35.642154562], [139.739805394, 35.642091777], [139.739884379, 35.642103649], [139.740381316, 35.641937124], [139.740454756, 35.641955788]]]}}, {"id": "27598", "type": "Feature", "properties": {"現象の種類": "急傾斜地の崩壊", "区域区分": "土砂災害特別警戒区域", "区域名": "-", "所在地": "港区南麻布2", "告示日": "2019/1/9"}, "geometry": {"type": "Polygon", "coordinates": [[[139.733906207, 35.648352276], [139.733810451, 35.648397491], [139.733768084, 35.648353763], [139.733762002, 35.648136203], [139.733828673, 35.648131015], [139.733846299, 35.648321923], [139.733906207, 35.648352276]]]}}, {"id": "27599", "type": "Feature", "properties": {"現象の種類": "急傾斜地の崩壊", "区域区分": "土砂災害特別警戒区域", "区域名": "-", "所在地": "港区南麻布3", "告示日": "2019/1/9"}, "geometry": {"type": "Polygon", "coordinates": [[[139.728894257, 35.648337329], [139.728880398, 35.64843236], [139.728746274, 35.648361339], [139.728894257, 35.648337329]]]}}, {"id": "27600", "type": "Feature", "properties": {"現象の種類": "急傾斜地の崩壊", "区域区分": "土砂災害特別警戒区域", "区域名": "-", "所在地": "港区南麻布3", "告示日": "2019/1/9"}, "geometry": {"type": "Polygon", "coordinates": [[[139.729216506, 35.648412086], [139.729179766, 35.648443887], [139.729010426, 35.648432147], [139.729029048, 35.648372288], [139.729216506, 35.648412086]]]}}, {"id": "27601", "type": "Feature", "properties": {"現象の種類": "急傾斜地の崩壊", "区域区分": "土砂災害特別警戒区域", "区域名": "-", "所在地": "港区南麻布3", "告示日": "2019/1/9"}, "geometry": {"type": "Polygon", "coordinates": [[[139.730014775, 35.648529591], [139.729787414, 35.648537779], [139.72984073, 35.648396598], [139.730067011, 35.648425288], [139.730014775, 35.648529591]]]}}, {"id": "27602", "type": "Feature", "properties": {"現象の種類": "急傾斜地の崩壊", "区域区分": "土砂災害特別警戒区域", "区域名": "-", "所在地": "港区南麻布4", "告示日": "2019/1/9"}, "geometry": {"type": "Polygon", "coordinates": [[[139.724717695, 35.650078221], [139.72492436, 35.6504771], [139.724958077, 35.650560544], [139.724717695, 35.650078221]]]}}, {"id": "27603", "type": "Feature", "properties": {"現象の種類": "急傾斜地の崩壊", "区域区分": "土砂災害特別警戒区域", "区域名": "-", "所在地": "港区南麻布4", "告示日": "2019/1/9"}, "geometry": {"type": "Polygon", "coordinates": [[[139.724525887, 35.649465562], [139.724680481, 35.649478637], [139.724539747, 35.6498964], [139.724564727, 35.649958954], [139.724441171, 35.650033033], [139.724379801, 35.649930349], [139.724401074, 35.649816553], [139.724525887, 35.649465562]]]}}, {"id": "27604", "type": "Feature", "properties": {"現象の種類": "急傾斜地の崩壊", "区域区分": "土砂災害特別警戒区域", "区域名": "-", "所在地": "港区南麻布4", "告示日": "2019/1/9"}, "geometry": {"type": "Polygon", "coordinates": [[[139.725077359, 35.648224137], [139.725151018, 35.648248163], [139.725086596, 35.648374987], [139.725039177, 35.648358846], [139.725077359, 35.648224137]]]}}, {"id": "27605", "type": "Feature", "properties": {"現象の種類": "急傾斜地の崩壊", "区域区分": "土砂災害特別警戒区域", "区域名": "-", "所在地": "港区南麻布4", "告示日": "2019/1/9"}, "geometry": {"type": "Polygon", "coordinates": [[[139.728066208, 35.648215734], [139.728086166, 35.648271933], [139.728054635, 35.648268558], [139.728066208, 35.648215734]]]}}, {"id": "27606", "type": "Feature", "properties": {"現象の種類": "急傾斜地の崩壊", "区域区分": "土砂災害特別警戒区域", "区域名": "-", "所在地": "港区南麻布4", "告示日": "2019/1/9"}, "geometry": {"type": "Polygon", "coordinates": [[[139.728274331, 35.64829612], [139.728131801, 35.648276786], [139.728141745, 35.648228114], [139.728331958, 35.648244812], [139.728274331, 35.64829612]]]}}, {"id": "27607", "type": "Feature", "properties": {"現象の種類": "急傾斜地の崩壊", "区域区分": "土砂災害特別警戒区域", "区域名": "-", "所在地": "港区三田1", "告示日": "2019/1/9"}, "geometry": {"type": "Polygon", "coordinates": [[[139.738661557, 35.653339958], [139.738601456, 35.653387688], [139.7385858, 35.65335076], [139.738661557, 35.653339958]]]}}, {"id": "27608", "type": "Feature", "properties": {"現象の種類": "急傾斜地の崩壊", "区域区分": "土砂災害特別警戒区域", "区域名": "-", "所在地": "港区三田1", "告示日": "2019/1/9"}, "geometry": {"type": "Polygon", "coordinates": [[[139.740173139, 35.652817553], [139.74031168, 35.653192652], [139.740391788, 35.653273501], [139.740374705, 35.653297105], [139.740219793, 35.653211252], [139.740093649, 35.652833188], [139.740173139, 35.652817553]]]}}, {"id": "27609", "type": "Feature", "properties": {"現象の種類": "急傾斜地の崩壊", "区域区分": "土砂災害特別警戒区域", "区域名": "-", "所在地": "港区三田1", "告示日": "2019/1/9"}, "geometry": {"type": "Polygon", "coordinates": [[[139.741870925, 35.653362061], [139.741907797, 35.653498426], [139.741121823, 35.653648837], [139.741055467, 35.65351961], [139.741736228, 35.65337547], [139.741870925, 35.653362061]]]}}, {"id": "27610", "type": "Feature", "properties": {"現象の種類": "急傾斜地の崩壊", "区域区分": "土砂災害特別警戒区域", "区域名": "-", "所在地": "港区三田2", "告示日": "2019/1/9"}, "geometry": {"type": "Polygon", "coordinates": [[[139.744256726, 35.649842451], [139.743813574, 35.649840392], [139.743636848, 35.649781953], [139.744246681, 35.649747402], [139.744256726, 35.649842451]]]}}, {"id": "27611", "type": "Feature", "properties": {"現象の種類": "急傾斜地の崩壊", "区域区分": "土砂災害特別警戒区域", "区域名": "-", "所在地": "港区三田2", "告示日": "2019/1/9"}, "geometry": {"type": "Polygon", "coordinates": [[[139.744293611, 35.649453403], [139.74425759, 35.649514157], [139.744189945, 35.649399405], [139.744230901, 35.649388555], [139.744293611, 35.649453403]]]}}, {"id": "27612", "type": "Feature", "properties": {"現象の種類": "急傾斜地の崩壊", "区域区分": "土砂災害特別警戒区域", "区域名": "-", "所在地": "港区三田3　三田4", "告示日": "2019/1/9"}, "geometry": {"type": "Polygon", "coordinates": [[[139.741944678, 35.647517903], [139.741989598, 35.647536865], [139.741983414, 35.647568785], [139.741944678, 35.647517903]]]}}, {"id": "27613", "type": "Feature", "properties": {"現象の種類": "急傾斜地の崩壊", "区域区分": "土砂災害特別警戒区域", "区域名": "-", "所在地": "港区三田3　三田4", "告示日": "2019/1/9"}, "geometry": {"type": "Polygon", "coordinates": [[[139.740598223, 35.64199919], [139.740734046, 35.642136773], [139.7407638, 35.642367599], [139.740585496, 35.642460924], [139.740623157, 35.642435321], [139.740615678, 35.642306973], [139.740521443, 35.641960044], [139.740610191, 35.641941811], [139.740598223, 35.64199919]]]}}, {"id": "27614", "type": "Feature", "properties": {"現象の種類": "急傾斜地の崩壊", "区域区分": "土砂災害特別警戒区域", "区域名": "-", "所在地": "港区三田3　三田4", "告示日": "2019/1/9"}, "geometry": {"type": "Polygon", "coordinates": [[[139.741007377, 35.642761448], [139.740762421, 35.642838506], [139.740694972, 35.642645169], [139.740897459, 35.642578289], [139.741007377, 35.642761448]]]}}, {"id": "27615", "type": "Feature", "properties": {"現象の種類": "急傾斜地の崩壊", "区域区分": "土砂災害特別警戒区域", "区域名": "-", "所在地": "港区三田4　三田3", "告示日": "2019/1/9"}, "geometry": {"type": "Polygon", "coordinates": [[[139.741473083, 35.64722796], [139.741514653, 35.647279744], [139.741482731, 35.647275964], [139.741473083, 35.64722796]]]}}, {"id": "27616", "type": "Feature", "properties": {"現象の種類": "急傾斜地の崩壊", "区域区分": "土砂災害特別警戒区域", "区域名": "-", "所在地": "港区三田4　三田3", "告示日": "2019/1/9"}, "geometry": {"type": "Polygon", "coordinates": [[[139.741331875, 35.647111308], [139.741407065, 35.647301148], [139.741269167, 35.647129944], [139.741331875, 35.647111308]]]}}, {"id": "27617", "type": "Feature", "properties": {"現象の種類": "急傾斜地の崩壊", "区域区分": "土砂災害特別警戒区域", "区域名": "-", "所在地": "港区三田4　三田3", "告示日": "2019/1/9"}, "geometry": {"type": "Polygon", "coordinates": [[[139.741322769, 35.647091263], [139.741260051, 35.647109892], [139.74125227, 35.647052879], [139.74130758, 35.647032652], [139.741322769, 35.647091263]]]}}, {"id": "27618", "type": "Feature", "properties": {"現象の種類": "急傾斜地の崩壊", "区域区分": "土砂災害特別警戒区域", "区域名": "-", "所在地": "港区三田4", "告示日": "2019/1/9"}, "geometry": {"type": "Polygon", "coordinates": [[[139.740877491, 35.646342217], [139.740998374, 35.646558973], [139.74099314, 35.646617216], [139.740922041, 35.646646418], [139.7408294, 35.646418917], [139.740864719, 35.646400654], [139.740821814, 35.646324781], [139.740877491, 35.646342217]]]}}, {"id": "27619", "type": "Feature", "properties": {"現象の種類": "急傾斜地の崩壊", "区域区分": "土砂災害特別警戒区域", "区域名": "-", "所在地": "港区三田4", "告示日": "2019/1/9"}, "geometry": {"type": "Polygon", "coordinates": [[[139.740429595, 35.645398234], [139.74082867, 35.646062823], [139.740671454, 35.646145066], [139.740520868, 35.645925404], [139.740592568, 35.645893359], [139.740348388, 35.645428827], [139.740429595, 35.645398234]]]}}, {"id": "27620", "type": "Feature", "properties": {"現象の種類": "急傾斜地の崩壊", "区域区分": "土砂災害特別警戒区域", "区域名": "-", "所在地": "港区三田4", "告示日": "2019/1/9"}, "geometry": {"type": "Polygon", "coordinates": [[[139.740338436, 35.645241782], [139.740260029, 35.645295793], [139.740241803, 35.645225507], [139.740338436, 35.645241782]]]}}, {"id": "27621", "type": "Feature", "properties": {"現象の種類": "急傾斜地の崩壊", "区域区分": "土砂災害特別警戒区域", "区域名": "-", "所在地": "港区三田4", "告示日": "2019/1/9"}, "geometry": {"type": "Polygon", "coordinates": [[[139.740213579, 35.645540701], [139.740293758, 35.645689014], [139.740227995, 35.645712293], [139.740122209, 35.645572047], [139.740213579, 35.645540701]]]}}, {"id": "27622", "type": "Feature", "properties": {"現象の種類": "急傾斜地の崩壊", "区域区分": "土砂災害特別警戒区域", "区域名": "-", "所在地": "港区三田4", "告示日": "2019/1/9"}, "geometry": {"type": "Polygon", "coordinates": [[[139.740286128, 35.645124724], [139.740411032, 35.645170317], [139.740373836, 35.645220701], [139.740286128, 35.645124724]]]}}, {"id": "27623", "type": "Feature", "properties": {"現象の種類": "急傾斜地の崩壊", "区域区分": "土砂災害特別警戒区域", "区域名": "-", "所在地": "港区三田4", "告示日": "2019/1/9"}, "geometry": {"type": "Polygon", "coordinates": [[[139.739732142, 35.644266908], [139.739667805, 35.644302545], [139.739599169, 35.644211162], [139.739652225, 35.644182167], [139.739732142, 35.644266908]]]}}, {"id": "27624", "type": "Feature", "properties": {"現象の種類": "急傾斜地の崩壊", "区域区分": "土砂災害特別警戒区域", "区域名": "-", "所在地": "港区三田4", "告示日": "2019/1/9"}, "geometry": {"type": "Polygon", "coordinates": [[[139.73930731, 35.643906037], [139.739179846, 35.643800439], [139.739208052, 35.643776952], [139.739110287, 35.64370225], [139.739388356, 35.643860744], [139.73930731, 35.643906037]]]}}, {"id": "27625", "type": "Feature", "properties": {"現象の種類": "急傾斜地の崩壊", "区域区分": "土砂災害特別警戒区域", "区域名": "-", "所在地": "港区三田4", "告示日": "2019/1/9"}, "geometry": {"type": "Polygon", "coordinates": [[[139.738688812, 35.643649252], [139.738685066, 35.643698349], [139.73866572, 35.643696097], [139.738688812, 35.643649252]]]}}, {"id": "27626", "type": "Feature", "properties": {"現象の種類": "急傾斜地の崩壊", "区域区分": "土砂災害特別警戒区域", "区域名": "-", "所在地": "港区三田4", "告示日": "2019/1/9"}, "geometry": {"type": "Polygon", "coordinates": [[[139.737933617, 35.644086147], [139.738054067, 35.64413011], [139.738036604, 35.644170669], [139.737855625, 35.644130104], [139.737933617, 35.644086147]]]}}, {"id": "27627", "type": "Feature", "properties": {"現象の種類": "急傾斜地の崩壊", "区域区分": "土砂災害特別警戒区域", "区域名": "-", "所在地": "港区三田4", "告示日": "2019/1/9"}, "geometry": {"type": "Polygon", "coordinates": [[[139.737230198, 35.643229297], [139.737110734, 35.643406211], [139.737186727, 35.643470135], [139.737161127, 35.643493286], [139.737052844, 35.643410726], [139.7371883, 35.643226924], [139.737230198, 35.643229297]]]}}, {"id": "27628", "type": "Feature", "properties": {"現象の種類": "急傾斜地の崩壊", "区域区分": "土砂災害特別警戒区域", "区域名": "-", "所在地": "港区三田4", "告示日": "2019/1/9"}, "geometry": {"type": "Polygon", "coordinates": [[[139.737556385, 35.64288064], [139.737473371, 35.642994582], [139.73742222, 35.642982049], [139.737556385, 35.64288064]]]}}, {"id": "27629", "type": "Feature", "properties": {"現象の種類": "急傾斜地の崩壊", "区域区分": "土砂災害特別警戒区域", "区域名": "-", "所在地": "港区三田4", "告示日": "2019/1/9"}, "geometry": {"type": "Polygon", "coordinates": [[[139.739438969, 35.640576511], [139.73947759, 35.640697505], [139.739419989, 35.640724649], [139.73933282, 35.640619993], [139.739438969, 35.640576511]]]}}, {"id": "27630", "type": "Feature", "properties": {"現象の種類": "急傾斜地の崩壊", "区域区分": "土砂災害特別警戒区域", "区域名": "-", "所在地": "港区三田4", "告示日": "2019/1/9"}, "geometry": {"type": "Polygon", "coordinates": [[[139.739044585, 35.64031762], [139.739050413, 35.640361163], [139.738979647, 35.640390454], [139.738970752, 35.640296803], [139.739044585, 35.64031762]]]}}, {"id": "27631", "type": "Feature", "properties": {"現象の種類": "急傾斜地の崩壊", "区域区分": "土砂災害特別警戒区域", "区域名": "-", "所在地": "港区白金台4　白金4", "告示日": "2019/1/9"}, "geometry": {"type": "Polygon", "coordinates": [[[139.72610339, 35.640428204], [139.726149686, 35.640613837], [139.726078004, 35.640586573], [139.726052846, 35.640440333], [139.72610339, 35.640428204]]]}}, {"id": "27632", "type": "Feature", "properties": {"現象の種類": "急傾斜地の崩壊", "区域区分": "土砂災害特別警戒区域", "区域名": "-", "所在地": "港区高輪1", "告示日": "2019/1/9"}, "geometry": {"type": "Polygon", "coordinates": [[[139.736544016, 35.642779936], [139.736453454, 35.643203387], [139.736309848, 35.64316579], [139.736431572, 35.64274082], [139.736544016, 35.642779936]]]}}, {"id": "27633", "type": "Feature", "properties": {"現象の種類": "急傾斜地の崩壊", "区域区分": "土砂災害特別警戒区域", "区域名": "-", "所在地": "港区高輪1", "告示日": "2019/1/9"}, "geometry": {"type": "Polygon", "coordinates": [[[139.734654921, 35.640242276], [139.734791885, 35.640338391], [139.734801575, 35.640488177], [139.734873599, 35.640628113], [139.734860432, 35.640777664], [139.73479422, 35.640835125], [139.734809685, 35.640953107], [139.734660192, 35.641350906], [139.734561043, 35.641347681], [139.734557937, 35.641166899], [139.73465612, 35.640836032], [139.73469089, 35.64083479], [139.734664152, 35.640632666], [139.734702916, 35.640454625], [139.734568703, 35.640404946], [139.734569969, 35.640344201], [139.734487813, 35.640323831], [139.734444234, 35.640211883], [139.734303396, 35.640205782], [139.734265383, 35.640152141], [139.734288731, 35.640088475], [139.73442428, 35.640084044], [139.734523669, 35.640164099], [139.734526932, 35.640281903], [139.734654921, 35.640242276]]]}}, {"id": "27634", "type": "Feature", "properties": {"現象の種類": "急傾斜地の崩壊", "区域区分": "土砂災害特別警戒区域", "区域名": "-", "所在地": "港区高輪1", "告示日": "2019/1/9"}, "geometry": {"type": "Polygon", "coordinates": [[[139.734190444, 35.640300873], [139.734281386, 35.640332653], [139.734183811, 35.640457246], [139.734103365, 35.640411429], [139.734190444, 35.640300873]]]}}, {"id": "27635", "type": "Feature", "properties": {"現象の種類": "急傾斜地の崩壊", "区域区分": "土砂災害特別警戒区域", "区域名": "-", "所在地": "港区高輪2", "告示日": "2019/1/9"}, "geometry": {"type": "Polygon", "coordinates": [[[139.738976199, 35.638238864], [139.738943831, 35.638277466], [139.738979453, 35.63849879], [139.738901011, 35.638257505], [139.738976199, 35.638238864]]]}}, {"id": "27636", "type": "Feature", "properties": {"現象の種類": "急傾斜地の崩壊", "区域区分": "土砂災害特別警戒区域", "区域名": "-", "所在地": "港区高輪2", "告示日": "2019/1/9"}, "geometry": {"type": "Polygon", "coordinates": [[[139.737267488, 35.635938159], [139.737239164, 35.636168938], [139.737226488, 35.636167864], [139.737267488, 35.635938159]]]}}, {"id": "27637", "type": "Feature", "properties": {"現象の種類": "急傾斜地の崩壊", "区域区分": "土砂災害特別警戒区域", "区域名": "-", "所在地": "港区高輪2　高輪3", "告示日": "2019/1/9"}, "geometry": {"type": "Polygon", "coordinates": [[[139.736549309, 35.634637489], [139.736461643, 35.63467294], [139.736447153, 35.634611941], [139.736539568, 35.634575267], [139.736549309, 35.634637489]]]}}, {"id": "27638", "type": "Feature", "properties": {"現象の種類": "急傾斜地の崩壊", "区域区分": "土砂災害特別警戒区域", "区域名": "-", "所在地": "港区高輪2　高輪3", "告示日": "2019/1/9"}, "geometry": {"type": "Polygon", "coordinates": [[[139.736942389, 35.634936021], [139.737041784, 35.634954445], [139.737109343, 35.635156401], [139.737021864, 35.635161801], [139.73699789, 35.634976042], [139.736679682, 35.634922812], [139.736617149, 35.63487058], [139.736636516, 35.634781885], [139.736714946, 35.634750739], [139.736871495, 35.634811291], [139.73696471, 35.63486831], [139.736942389, 35.634936021]]]}}, {"id": "27639", "type": "Feature", "properties": {"現象の種類": "急傾斜地の崩壊", "区域区分": "土砂災害特別警戒区域", "区域名": "-", "所在地": "港区高輪3　高輪2", "告示日": "2019/1/9"}, "geometry": {"type": "Polygon", "coordinates": [[[139.73644971, 35.63409079], [139.736368735, 35.634119086], [139.73632771, 35.63406614], [139.736351133, 35.63398162], [139.73644971, 35.63409079]]]}}, {"id": "27640", "type": "Feature", "properties": {"現象の種類": "急傾斜地の崩壊", "区域区分": "土砂災害特別警戒区域", "区域名": "-", "所在地": "港区高輪3", "告示日": "2019/1/9"}, "geometry": {"type": "Polygon", "coordinates": [[[139.735873755, 35.634049039], [139.735877531, 35.634082637], [139.735857932, 35.634060696], [139.735873755, 35.634049039]]]}}, {"id": "27641", "type": "Feature", "properties": {"現象の種類": "急傾斜地の崩壊", "区域区分": "土砂災害特別警戒区域", "区域名": "-", "所在地": "港区高輪3", "告示日": "2019/1/9"}, "geometry": {"type": "Polygon", "coordinates": [[[139.73617493, 35.633896255], [139.736052593, 35.633976631], [139.736045187, 35.633968749], [139.73617493, 35.633896255]]]}}, {"id": "27642", "type": "Feature", "properties": {"現象の種類": "急傾斜地の崩壊", "区域区分": "土砂災害特別警戒区域", "区域名": "-", "所在地": "港区高輪3", "告示日": "2019/1/9"}, "geometry": {"type": "Polygon", "coordinates": [[[139.73432973, 35.63430468], [139.734383579, 35.634324127], [139.7342774, 35.634391648], [139.73432973, 35.63430468]]]}}, {"id": "27643", "type": "Feature", "properties": {"現象の種類": "急傾斜地の崩壊", "区域区分": "土砂災害特別警戒区域", "区域名": "-", "所在地": "港区高輪3", "告示日": "2019/1/9"}, "geometry": {"type": "Polygon", "coordinates": [[[139.734645735, 35.633988904], [139.734665449, 35.634032972], [139.734581591, 35.634077599], [139.734592515, 35.63399948], [139.734645735, 35.633988904]]]}}, {"id": "27644", "type": "Feature", "properties": {"現象の種類": "急傾斜地の崩壊", "区域区分": "土砂災害特別警戒区域", "区域名": "-", "所在地": "港区高輪4", "告示日": "2019/1/9"}, "geometry": {"type": "Polygon", "coordinates": [[[139.733754209, 35.626763299], [139.733816137, 35.626759403], [139.733810749, 35.6267716], [139.733754209, 35.626763299]]]}}, {"id": "27645", "type": "Feature", "properties": {"現象の種類": "急傾斜地の崩壊", "区域区分": "土砂災害特別警戒区域", "区域名": "-", "所在地": "港区高輪4", "告示日": "2019/1/9"}, "geometry": {"type": "Polygon", "coordinates": [[[139.733953743, 35.626383654], [139.7338913, 35.626542365], [139.733876491, 35.626538262], [139.73390339, 35.626475597], [139.733953743, 35.626383654]]]}}, {"id": "27646", "type": "Feature", "properties": {"現象の種類": "急傾斜地の崩壊", "区域区分": "土砂災害特別警戒区域", "区域名": "-", "所在地": "文京区目白台1", "告示日": "2019/1/9"}, "geometry": {"type": "Polygon", "coordinates": [[[139.723110968, 35.712421075], [139.723218834, 35.71250304], [139.723010371, 35.712791012], [139.722889004, 35.712772482], [139.722983317, 35.712495904], [139.723110968, 35.712421075]]]}}, {"id": "27647", "type": "Feature", "properties": {"現象の種類": "急傾斜地の崩壊", "区域区分": "土砂災害特別警戒区域", "区域名": "-", "所在地": "港区高輪4", "告示日": "2019/1/9"}, "geometry": {"type": "Polygon", "coordinates": [[[139.737006834, 35.62497756], [139.736813923, 35.624994223], [139.736569801, 35.625099893], [139.736375247, 35.625071731], [139.736256238, 35.624969158], [139.735726952, 35.625044416], [139.73533396, 35.625000804], [139.73533929, 35.624938327], [139.735691638, 35.624958178], [139.736252593, 35.62488903], [139.736778285, 35.624958083], [139.736866232, 35.624923494], [139.736901843, 35.624742725], [139.736987977, 35.624623162], [139.73714386, 35.624610243], [139.737209857, 35.624506823], [139.737406533, 35.624448286], [139.737454951, 35.624326042], [139.737680458, 35.624288208], [139.737709927, 35.624322532], [139.737487467, 35.624361448], [139.737335017, 35.624585525], [139.73708962, 35.624710941], [139.737006834, 35.62497756]]]}}, {"id": "27648", "type": "Feature", "properties": {"現象の種類": "急傾斜地の崩壊", "区域区分": "土砂災害特別警戒区域", "区域名": "-", "所在地": "港区白金2", "告示日": "2019/1/9"}, "geometry": {"type": "Polygon", "coordinates": [[[139.730955623, 35.64320927], [139.731027531, 35.643253817], [139.730943491, 35.643239475], [139.730955623, 35.64320927]]]}}, {"id": "27649", "type": "Feature", "properties": {"現象の種類": "急傾斜地の崩壊", "区域区分": "土砂災害特別警戒区域", "区域名": "-", "所在地": "港区白金2", "告示日": "2019/1/9"}, "geometry": {"type": "Polygon", "coordinates": [[[139.731486341, 35.642987142], [139.731150125, 35.643132742], [139.731082792, 35.64302713], [139.731463726, 35.642896704], [139.731486341, 35.642987142]]]}}, {"id": "27650", "type": "Feature", "properties": {"現象の種類": "急傾斜地の崩壊", "区域区分": "土砂災害特別警戒区域", "区域名": "-", "所在地": "港区白金2", "告示日": "2019/1/9"}, "geometry": {"type": "Polygon", "coordinates": [[[139.732742528, 35.640946223], [139.732638966, 35.640984041], [139.732620925, 35.640943668], [139.732706464, 35.64089102], [139.732742528, 35.640946223]]]}}, {"id": "27651", "type": "Feature", "properties": {"現象の種類": "急傾斜地の崩壊", "区域区分": "土砂災害特別警戒区域", "区域名": "-", "所在地": "港区白金4", "告示日": "2019/1/9"}, "geometry": {"type": "Polygon", "coordinates": [[[139.72524638, 35.641200168], [139.725445062, 35.64129326], [139.72543537, 35.641349967], [139.725332441, 35.641353837], [139.725209618, 35.641227977], [139.72524638, 35.641200168]]]}}, {"id": "27652", "type": "Feature", "properties": {"現象の種類": "急傾斜地の崩壊", "区域区分": "土砂災害特別警戒区域", "区域名": "-", "所在地": "港区白金4", "告示日": "2019/1/9"}, "geometry": {"type": "Polygon", "coordinates": [[[139.726729731, 35.64145612], [139.726720574, 35.641200897], [139.72673966, 35.641442628], [139.727058038, 35.641417778], [139.726729731, 35.64145612]]]}}, {"id": "27653", "type": "Feature", "properties": {"現象の種類": "急傾斜地の崩壊", "区域区分": "土砂災害特別警戒区域", "区域名": "-", "所在地": "港区白金6", "告示日": "2019/1/9"}, "geometry": {"type": "Polygon", "coordinates": [[[139.724827109, 35.642846075], [139.724615387, 35.642912897], [139.724606967, 35.642861906], [139.724827109, 35.642846075]]]}}, {"id": "27654", "type": "Feature", "properties": {"現象の種類": "急傾斜地の崩壊", "区域区分": "土砂災害特別警戒区域", "区域名": "-", "所在地": "港区白金6", "告示日": "2019/1/9"}, "geometry": {"type": "Polygon", "coordinates": [[[139.724486339, 35.642865912], [139.724496155, 35.642903173], [139.724365783, 35.642880016], [139.724486339, 35.642865912]]]}}, {"id": "27655", "type": "Feature", "properties": {"現象の種類": "急傾斜地の崩壊", "区域区分": "土砂災害特別警戒区域", "区域名": "-", "所在地": "港区白金台1", "告示日": "2019/1/9"}, "geometry": {"type": "Polygon", "coordinates": [[[139.731084181, 35.639171646], [139.731090181, 35.639221494], [139.730993368, 35.639226027], [139.73099177, 35.639169317], [139.731084181, 35.639171646]]]}}, {"id": "27656", "type": "Feature", "properties": {"現象の種類": "急傾斜地の崩壊", "区域区分": "土砂災害特別警戒区域", "区域名": "-", "所在地": "港区白金台1", "告示日": "2019/1/9"}, "geometry": {"type": "Polygon", "coordinates": [[[139.730480922, 35.638546884], [139.730507253, 35.638739015], [139.730650002, 35.638851253], [139.73071604, 35.639069467], [139.730669463, 35.639084889], [139.730579348, 35.638869791], [139.730425062, 35.638809811], [139.730402823, 35.638592445], [139.730251255, 35.638543061], [139.730376491, 35.638481876], [139.730480922, 35.638546884]]]}}, {"id": "27657", "type": "Feature", "properties": {"現象の種類": "急傾斜地の崩壊", "区域区分": "土砂災害特別警戒区域", "区域名": "-", "所在地": "港区白金台1", "告示日": "2019/1/9"}, "geometry": {"type": "Polygon", "coordinates": [[[139.730301812, 35.637889553], [139.730321024, 35.638194941], [139.730271542, 35.638201439], [139.730203378, 35.638113259], [139.730211458, 35.637899231], [139.730301812, 35.637889553]]]}}, {"id": "27658", "type": "Feature", "properties": {"現象の種類": "急傾斜地の崩壊", "区域区分": "土砂災害特別警戒区域", "区域名": "-", "所在地": "港区白金台2", "告示日": "2019/1/9"}, "geometry": {"type": "Polygon", "coordinates": [[[139.728874365, 35.634687718], [139.728681951, 35.634731904], [139.728672504, 35.634706694], [139.728863026, 35.634653354], [139.728874365, 35.634687718]]]}}, {"id": "27659", "type": "Feature", "properties": {"現象の種類": "急傾斜地の崩壊", "区域区分": "土砂災害特別警戒区域", "区域名": "-", "所在地": "港区白金台2", "告示日": "2019/1/9"}, "geometry": {"type": "Polygon", "coordinates": [[[139.728748434, 35.63178716], [139.728763489, 35.631889568], [139.728694825, 35.631845057], [139.728748434, 35.63178716]]]}}, {"id": "27660", "type": "Feature", "properties": {"現象の種類": "急傾斜地の崩壊", "区域区分": "土砂災害特別警戒区域", "区域名": "-", "所在地": "港区白金台2", "告示日": "2019/1/9"}, "geometry": {"type": "Polygon", "coordinates": [[[139.728779453, 35.631607787], [139.728828674, 35.631649311], [139.72872729, 35.631641952], [139.728779453, 35.631607787]]]}}, {"id": "27661", "type": "Feature", "properties": {"現象の種類": "急傾斜地の崩壊", "区域区分": "土砂災害特別警戒区域", "区域名": "-", "所在地": "港区白金台3", "告示日": "2019/1/9"}, "geometry": {"type": "Polygon", "coordinates": [[[139.724883183, 35.635520412], [139.724751402, 35.635568736], [139.724798239, 35.635547987], [139.724748388, 35.635461299], [139.724695366, 35.63546513], [139.724835595, 35.635423239], [139.724883183, 35.635520412]]]}}, {"id": "27662", "type": "Feature", "properties": {"現象の種類": "急傾斜地の崩壊", "区域区分": "土砂災害特別警戒区域", "区域名": "-", "所在地": "文京区関口2", "告示日": "2019/1/9"}, "geometry": {"type": "Polygon", "coordinates": [[[139.727100779, 35.710665367], [139.726845782, 35.71074693], [139.726798829, 35.710595152], [139.726930826, 35.710456215], [139.727871143, 35.710318566], [139.727872747, 35.710546941], [139.727100779, 35.710665367]]]}}, {"id": "27663", "type": "Feature", "properties": {"現象の種類": "急傾斜地の崩壊", "区域区分": "土砂災害特別警戒区域", "区域名": "-", "所在地": "文京区関口2", "告示日": "2019/1/9"}, "geometry": {"type": "Polygon", "coordinates": [[[139.728302988, 35.71032076], [139.728932828, 35.710375447], [139.728937025, 35.710622079], [139.728192106, 35.710517495], [139.728226587, 35.710351395], [139.728284529, 35.710361156], [139.728302988, 35.71032076]]]}}, {"id": "27664", "type": "Feature", "properties": {"現象の種類": "急傾斜地の崩壊", "区域区分": "土砂災害特別警戒区域", "区域名": "-", "所在地": "文京区目白台3", "告示日": "2019/1/9"}, "geometry": {"type": "Polygon", "coordinates": [[[139.726116376, 35.718924101], [139.72619154, 35.719072665], [139.725927463, 35.719026915], [139.726023036, 35.718917874], [139.726116376, 35.718924101]]]}}, {"id": "27665", "type": "Feature", "properties": {"現象の種類": "急傾斜地の崩壊", "区域区分": "土砂災害特別警戒区域", "区域名": "-", "所在地": "文京区大塚2", "告示日": "2019/1/9"}, "geometry": {"type": "Polygon", "coordinates": [[[139.729286266, 35.718719522], [139.729291032, 35.718793183], [139.729270465, 35.718794741], [139.729225376, 35.718716406], [139.729286266, 35.718719522]]]}}, {"id": "27666", "type": "Feature", "properties": {"現象の種類": "急傾斜地の崩壊", "区域区分": "土砂災害特別警戒区域", "区域名": "-", "所在地": "文京区大塚2", "告示日": "2019/1/9"}, "geometry": {"type": "Polygon", "coordinates": [[[139.729200715, 35.718489352], [139.729304526, 35.718501806], [139.729288352, 35.718568692], [139.729161025, 35.718555431], [139.729200715, 35.718489352]]]}}, {"id": "27667", "type": "Feature", "properties": {"現象の種類": "急傾斜地の崩壊", "区域区分": "土砂災害特別警戒区域", "区域名": "-", "所在地": "文京区大塚2", "告示日": "2019/1/9"}, "geometry": {"type": "Polygon", "coordinates": [[[139.729491821, 35.718100034], [139.729434529, 35.718217498], [139.729380994, 35.718207507], [139.729441933, 35.718092661], [139.729491821, 35.718100034]]]}}, {"id": "27668", "type": "Feature", "properties": {"現象の種類": "急傾斜地の崩壊", "区域区分": "土砂災害特別警戒区域", "区域名": "-", "所在地": "文京区大塚2", "告示日": "2019/1/9"}, "geometry": {"type": "Polygon", "coordinates": [[[139.730145824, 35.717051835], [139.730151711, 35.717139357], [139.730024346, 35.717200261], [139.729918699, 35.717142228], [139.729956374, 35.71707929], [139.730145824, 35.717051835]]]}}, {"id": "27669", "type": "Feature", "properties": {"現象の種類": "急傾斜地の崩壊", "区域区分": "土砂災害特別警戒区域", "区域名": "-", "所在地": "文京区目白台3　音羽1　小日向3", "告示日": "2019/1/9"}, "geometry": {"type": "Polygon", "coordinates": [[[139.726858827, 35.715742622], [139.72683252, 35.715873214], [139.726735147, 35.715861562], [139.726756833, 35.715742854], [139.726858827, 35.715742622]]]}}, {"id": "27670", "type": "Feature", "properties": {"現象の種類": "急傾斜地の崩壊", "区域区分": "土砂災害特別警戒区域", "区域名": "-", "所在地": "文京区目白台3　音羽1　小日向3", "告示日": "2019/1/9"}, "geometry": {"type": "Polygon", "coordinates": [[[139.72670954, 35.715985445], [139.726815118, 35.715948567], [139.726807956, 35.715995214], [139.72670954, 35.715985445]]]}}, {"id": "27671", "type": "Feature", "properties": {"現象の種類": "急傾斜地の崩壊", "区域区分": "土砂災害特別警戒区域", "区域名": "-", "所在地": "文京区関口3", "告示日": "2019/1/9"}, "geometry": {"type": "Polygon", "coordinates": [[[139.728610579, 35.71357585], [139.728685723, 35.713620568], [139.728514475, 35.713675244], [139.728518675, 35.713589679], [139.728610579, 35.71357585]]]}}, {"id": "27672", "type": "Feature", "properties": {"現象の種類": "急傾斜地の崩壊", "区域区分": "土砂災害特別警戒区域", "区域名": "-", "所在地": "文京区小日向3", "告示日": "2019/1/9"}, "geometry": {"type": "Polygon", "coordinates": [[[139.736943037, 35.715435462], [139.736818596, 35.715714898], [139.736708164, 35.715685323], [139.736871819, 35.715429724], [139.736943037, 35.715435462]]]}}, {"id": "27673", "type": "Feature", "properties": {"現象の種類": "急傾斜地の崩壊", "区域区分": "土砂災害特別警戒区域", "区域名": "-", "所在地": "文京区小日向2", "告示日": "2019/1/9"}, "geometry": {"type": "Polygon", "coordinates": [[[139.731828195, 35.712225981], [139.731723255, 35.712184141], [139.731863051, 35.712053028], [139.731947388, 35.712109084], [139.731828195, 35.712225981]]]}}, {"id": "27674", "type": "Feature", "properties": {"現象の種類": "急傾斜地の崩壊", "区域区分": "土砂災害特別警戒区域", "区域名": "-", "所在地": "文京区小日向2", "告示日": "2019/1/9"}, "geometry": {"type": "Polygon", "coordinates": [[[139.734060631, 35.711261809], [139.733987627, 35.711448126], [139.733832873, 35.71148422], [139.733832706, 35.711572048], [139.733700767, 35.711550468], [139.733706646, 35.711426528], [139.733867603, 35.711390847], [139.733925165, 35.71120247], [139.734060631, 35.711261809]]]}}, {"id": "27675", "type": "Feature", "properties": {"現象の種類": "急傾斜地の崩壊", "区域区分": "土砂災害特別警戒区域", "区域名": "-", "所在地": "文京区小日向1", "告示日": "2019/1/9"}, "geometry": {"type": "Polygon", "coordinates": [[[139.738205754, 35.711332711], [139.738257683, 35.71159065], [139.738213579, 35.711611008], [139.738083897, 35.711454476], [139.737763064, 35.711469995], [139.737741187, 35.711338326], [139.73811239, 35.711307202], [139.738205754, 35.711332711]]]}}, {"id": "27676", "type": "Feature", "properties": {"現象の種類": "急傾斜地の崩壊", "区域区分": "土砂災害特別警戒区域", "区域名": "-", "所在地": "文京区小日向1", "告示日": "2019/1/9"}, "geometry": {"type": "Polygon", "coordinates": [[[139.738338818, 35.711433458], [139.738281949, 35.711380865], [139.73848382, 35.711341452], [139.738494586, 35.711422668], [139.738338818, 35.711433458]]]}}, {"id": "27677", "type": "Feature", "properties": {"現象の種類": "急傾斜地の崩壊", "区域区分": "土砂災害特別警戒区域", "区域名": "-", "所在地": "文京区小日向1", "告示日": "2019/1/9"}, "geometry": {"type": "Polygon", "coordinates": [[[139.738595107, 35.711314655], [139.738599194, 35.711383977], [139.738532664, 35.711313154], [139.738595107, 35.711314655]]]}}, {"id": "27678", "type": "Feature", "properties": {"現象の種類": "急傾斜地の崩壊", "区域区分": "土砂災害特別警戒区域", "区域名": "-", "所在地": "文京区春日2　小日向1", "告示日": "2019/1/9"}, "geometry": {"type": "Polygon", "coordinates": [[[139.740436534, 35.712790605], [139.740527255, 35.712840235], [139.740453642, 35.712961278], [139.740403128, 35.712994756], [139.740307939, 35.712948369], [139.740436534, 35.712790605]]]}}, {"id": "27679", "type": "Feature", "properties": {"現象の種類": "急傾斜地の崩壊", "区域区分": "土砂災害特別警戒区域", "区域名": "-", "所在地": "文京区春日2　小日向1", "告示日": "2019/1/9"}, "geometry": {"type": "Polygon", "coordinates": [[[139.740680348, 35.712607685], [139.740726809, 35.712645956], [139.740616681, 35.71272004], [139.740680348, 35.712607685]]]}}, {"id": "27680", "type": "Feature", "properties": {"現象の種類": "急傾斜地の崩壊", "区域区分": "土砂災害特別警戒区域", "区域名": "-", "所在地": "文京区春日2", "告示日": "2019/1/9"}, "geometry": {"type": "Polygon", "coordinates": [[[139.742583811, 35.711500551], [139.74250188, 35.711498932], [139.742440346, 35.711396393], [139.74250039, 35.711372436], [139.742583811, 35.711500551]]]}}, {"id": "27681", "type": "Feature", "properties": {"現象の種類": "急傾斜地の崩壊", "区域区分": "土砂災害特別警戒区域", "区域名": "-", "所在地": "文京区春日1", "告示日": "2019/1/9"}, "geometry": {"type": "Polygon", "coordinates": [[[139.746570793, 35.707775964], [139.74662163, 35.70792424], [139.746555645, 35.707944535], [139.746481261, 35.707804458], [139.746570793, 35.707775964]]]}}, {"id": "27682", "type": "Feature", "properties": {"現象の種類": "急傾斜地の崩壊", "区域区分": "土砂災害特別警戒区域", "区域名": "-", "所在地": "文京区春日1", "告示日": "2019/1/9"}, "geometry": {"type": "Polygon", "coordinates": [[[139.747173014, 35.707141389], [139.747337531, 35.707244172], [139.747204526, 35.70734419], [139.747154351, 35.707304226], [139.747173014, 35.707141389]]]}}, {"id": "27683", "type": "Feature", "properties": {"現象の種類": "急傾斜地の崩壊", "区域区分": "土砂災害特別警戒区域", "区域名": "-", "所在地": "文京区春日1", "告示日": "2019/1/9"}, "geometry": {"type": "Polygon", "coordinates": [[[139.747483427, 35.707347833], [139.747469359, 35.707500232], [139.747439487, 35.707497299], [139.747483427, 35.707347833]]]}}, {"id": "27684", "type": "Feature", "properties": {"現象の種類": "急傾斜地の崩壊", "区域区分": "土砂災害特別警戒区域", "区域名": "-", "所在地": "文京区白山2", "告示日": "2019/1/9"}, "geometry": {"type": "Polygon", "coordinates": [[[139.750689385, 35.716735], [139.750743101, 35.716745515], [139.750715116, 35.716866774], [139.750617756, 35.716869847], [139.750777772, 35.716388079], [139.750689385, 35.716735]]]}}, {"id": "27685", "type": "Feature", "properties": {"現象の種類": "急傾斜地の崩壊", "区域区分": "土砂災害特別警戒区域", "区域名": "-", "所在地": "文京区白山2　小石川1", "告示日": "2019/1/9"}, "geometry": {"type": "Polygon", "coordinates": [[[139.750751824, 35.715676911], [139.750849786, 35.715688481], [139.750805403, 35.715850915], [139.750719838, 35.715861511], [139.750751824, 35.715676911]]]}}, {"id": "27686", "type": "Feature", "properties": {"現象の種類": "急傾斜地の崩壊", "区域区分": "土砂災害特別警戒区域", "区域名": "-", "所在地": "文京区小石川3", "告示日": "2019/1/9"}, "geometry": {"type": "Polygon", "coordinates": [[[139.747393605, 35.712811912], [139.747273788, 35.712917647], [139.747151402, 35.712912528], [139.747341447, 35.712780444], [139.747393605, 35.712811912]]]}}, {"id": "27687", "type": "Feature", "properties": {"現象の種類": "急傾斜地の崩壊", "区域区分": "土砂災害特別警戒区域", "区域名": "-", "所在地": "文京区小石川3", "告示日": "2019/1/9"}, "geometry": {"type": "Polygon", "coordinates": [[[139.748251942, 35.712822642], [139.748200988, 35.712760026], [139.748544314, 35.712597411], [139.748668527, 35.71256255], [139.748702646, 35.712592725], [139.748694501, 35.71263839], [139.748251942, 35.712822642]]]}}, {"id": "27688", "type": "Feature", "properties": {"現象の種類": "急傾斜地の崩壊", "区域区分": "土砂災害特別警戒区域", "区域名": "-", "所在地": "文京区小石川2", "告示日": "2019/1/9"}, "geometry": {"type": "Polygon", "coordinates": [[[139.750427402, 35.711075648], [139.750409233, 35.711157765], [139.750219586, 35.711162245], [139.750219587, 35.711111335], [139.750427402, 35.711075648]]]}}, {"id": "27689", "type": "Feature", "properties": {"現象の種類": "急傾斜地の崩壊", "区域区分": "土砂災害特別警戒区域", "区域名": "-", "所在地": "文京区白山1", "告示日": "2019/1/9"}, "geometry": {"type": "Polygon", "coordinates": [[[139.752728044, 35.720417815], [139.752696013, 35.720496808], [139.75267807, 35.720492206], [139.752684556, 35.72040585], [139.752728044, 35.720417815]]]}}, {"id": "27690", "type": "Feature", "properties": {"現象の種類": "急傾斜地の崩壊", "区域区分": "土砂災害特別警戒区域", "区域名": "-", "所在地": "文京区西片2　白山1", "告示日": "2019/1/9"}, "geometry": {"type": "Polygon", "coordinates": [[[139.753695959, 35.715675042], [139.753563677, 35.715721192], [139.753585445, 35.715682323], [139.753452118, 35.715566816], [139.753396334, 35.715369227], [139.753436737, 35.715353197], [139.753503575, 35.715463634], [139.753607267, 35.715513813], [139.753578712, 35.715524898], [139.753632669, 35.715630786], [139.753695959, 35.715675042]]]}}, {"id": "27691", "type": "Feature", "properties": {"現象の種類": "急傾斜地の崩壊", "区域区分": "土砂災害特別警戒区域", "区域名": "-", "所在地": "文京区西片1", "告示日": "2019/1/9"}, "geometry": {"type": "Polygon", "coordinates": [[[139.752669222, 35.713854008], [139.752822445, 35.71385745], [139.752803214, 35.714067145], [139.752649939, 35.714086356], [139.752669222, 35.713854008]]]}}, {"id": "27692", "type": "Feature", "properties": {"現象の種類": "急傾斜地の崩壊", "区域区分": "土砂災害特別警戒区域", "区域名": "-", "所在地": "文京区西片1", "告示日": "2019/1/9"}, "geometry": {"type": "Polygon", "coordinates": [[[139.753224445, 35.712895023], [139.753176302, 35.71315686], [139.753224832, 35.713234419], [139.753204842, 35.713348657], [139.753128761, 35.713386162], [139.753012031, 35.713359606], [139.75304403, 35.712895044], [139.753224445, 35.712895023]]]}}, {"id": "27693", "type": "Feature", "properties": {"現象の種類": "急傾斜地の崩壊", "区域区分": "土砂災害特別警戒区域", "区域名": "-", "所在地": "文京区西片1", "告示日": "2019/1/9"}, "geometry": {"type": "Polygon", "coordinates": [[[139.753699575, 35.711845309], [139.753526915, 35.711899697], [139.753463539, 35.711850447], [139.753611385, 35.711765758], [139.753699575, 35.711845309]]]}}, {"id": "27694", "type": "Feature", "properties": {"現象の種類": "急傾斜地の崩壊", "区域区分": "土砂災害特別警戒区域", "区域名": "-", "所在地": "文京区西片1", "告示日": "2019/1/9"}, "geometry": {"type": "Polygon", "coordinates": [[[139.756026807, 35.712868486], [139.75613661, 35.712959936], [139.756160989, 35.71302019], [139.756088269, 35.713047959], [139.755934045, 35.712806191], [139.756013322, 35.712772813], [139.756026807, 35.712868486]]]}}, {"id": "27695", "type": "Feature", "properties": {"現象の種類": "急傾斜地の崩壊", "区域区分": "土砂災害特別警戒区域", "区域名": "-", "所在地": "文京区本郷6", "告示日": "2019/1/9"}, "geometry": {"type": "Polygon", "coordinates": [[[139.756665304, 35.712623549], [139.756578072, 35.712647013], [139.756565559, 35.712612326], [139.756651222, 35.712589228], [139.756665304, 35.712623549]]]}}, {"id": "27696", "type": "Feature", "properties": {"現象の種類": "急傾斜地の崩壊", "区域区分": "土砂災害特別警戒区域", "区域名": "-", "所在地": "文京区本郷5", "告示日": "2019/1/9"}, "geometry": {"type": "Polygon", "coordinates": [[[139.756004828, 35.710800649], [139.756013686, 35.710945312], [139.755913356, 35.710926715], [139.755962608, 35.710898515], [139.755958379, 35.710797678], [139.756004828, 35.710800649]]]}}, {"id": "27697", "type": "Feature", "properties": {"現象の種類": "急傾斜地の崩壊", "区域区分": "土砂災害特別警戒区域", "区域名": "-", "所在地": "文京区本郷4", "告示日": "2019/1/9"}, "geometry": {"type": "Polygon", "coordinates": [[[139.756157008, 35.709420622], [139.756188873, 35.70947271], [139.756157101, 35.709522622], [139.75611589, 35.709477298], [139.756157008, 35.709420622]]]}}, {"id": "27698", "type": "Feature", "properties": {"現象の種類": "急傾斜地の崩壊", "区域区分": "土砂災害特別警戒区域", "区域名": "-", "所在地": "文京区本郷4", "告示日": "2019/1/9"}, "geometry": {"type": "Polygon", "coordinates": [[[139.75620646, 35.709316926], [139.756246263, 35.709381852], [139.756178746, 35.709349199], [139.756209613, 35.709219842], [139.756244732, 35.709225572], [139.756266748, 35.709272288], [139.75620646, 35.709316926]]]}}, {"id": "27699", "type": "Feature", "properties": {"現象の種類": "急傾斜地の崩壊", "区域区分": "土砂災害特別警戒区域", "区域名": "-", "所在地": "文京区本郷4", "告示日": "2019/1/9"}, "geometry": {"type": "Polygon", "coordinates": [[[139.756457282, 35.709263432], [139.756359652, 35.70924804], [139.75635026, 35.709181416], [139.756485589, 35.70917811], [139.756457282, 35.709263432]]]}}, {"id": "27700", "type": "Feature", "properties": {"現象の種類": "急傾斜地の崩壊", "区域区分": "土砂災害特別警戒区域", "区域名": "-", "所在地": "文京区本郷1", "告示日": "2019/1/9"}, "geometry": {"type": "Polygon", "coordinates": [[[139.754818571, 35.706622059], [139.754849661, 35.706678916], [139.754754724, 35.706653954], [139.754818571, 35.706622059]]]}}, {"id": "27701", "type": "Feature", "properties": {"現象の種類": "急傾斜地の崩壊", "区域区分": "土砂災害特別警戒区域", "区域名": "-", "所在地": "文京区本郷1", "告示日": "2019/1/9"}, "geometry": {"type": "Polygon", "coordinates": [[[139.754920888, 35.706416325], [139.755053158, 35.706458866], [139.754964512, 35.706605432], [139.754917928, 35.706561987], [139.75495784, 35.706535127], [139.754920888, 35.706416325]]]}}, {"id": "27702", "type": "Feature", "properties": {"現象の種類": "急傾斜地の崩壊", "区域区分": "土砂災害特別警戒区域", "区域名": "-", "所在地": "文京区本郷1", "告示日": "2019/1/9"}, "geometry": {"type": "Polygon", "coordinates": [[[139.755080376, 35.706319625], [139.7551073, 35.706381372], [139.755001121, 35.706368991], [139.755012541, 35.706311197], [139.755080376, 35.706319625]]]}}, {"id": "27703", "type": "Feature", "properties": {"現象の種類": "急傾斜地の崩壊", "区域区分": "土砂災害特別警戒区域", "区域名": "-", "所在地": "文京区千駄木1", "告示日": "2019/1/9"}, "geometry": {"type": "Polygon", "coordinates": [[[139.759657449, 35.72296161], [139.759631933, 35.722993314], [139.75962221, 35.722967084], [139.759657449, 35.72296161]]]}}, {"id": "27704", "type": "Feature", "properties": {"現象の種類": "急傾斜地の崩壊", "区域区分": "土砂災害特別警戒区域", "区域名": "-", "所在地": "文京区千駄木1", "告示日": "2019/1/9"}, "geometry": {"type": "Polygon", "coordinates": [[[139.759116035, 35.722696471], [139.759231572, 35.722774077], [139.759275103, 35.722867389], [139.759372693, 35.722878143], [139.759400874, 35.722957107], [139.759235465, 35.722973081], [139.758956394, 35.722711392], [139.758949714, 35.722608374], [139.759100913, 35.722601741], [139.759116035, 35.722696471]]]}}, {"id": "27705", "type": "Feature", "properties": {"現象の種類": "急傾斜地の崩壊", "区域区分": "土砂災害特別警戒区域", "区域名": "-", "所在地": "文京区千駄木1", "告示日": "2019/1/9"}, "geometry": {"type": "Polygon", "coordinates": [[[139.759224252, 35.722290599], [139.759286832, 35.722306243], [139.75922293, 35.722384181], [139.759118925, 35.722357947], [139.759224252, 35.722290599]]]}}, {"id": "27706", "type": "Feature", "properties": {"現象の種類": "急傾斜地の崩壊", "区域区分": "土砂災害特別警戒区域", "区域名": "-", "所在地": "文京区千駄木1", "告示日": "2019/1/9"}, "geometry": {"type": "Polygon", "coordinates": [[[139.759232515, 35.722200647], [139.759199565, 35.722194877], [139.759318617, 35.721800415], [139.759402572, 35.72181159], [139.759380103, 35.722059719], [139.759269322, 35.722043833], [139.759232515, 35.722200647]]]}}, {"id": "27707", "type": "Feature", "properties": {"現象の種類": "急傾斜地の崩壊", "区域区分": "土砂災害特別警戒区域", "区域名": "-", "所在地": "文京区根津1", "告示日": "2019/1/9"}, "geometry": {"type": "Polygon", "coordinates": [[[139.761061679, 35.719420401], [139.760988636, 35.719336312], [139.761104672, 35.719287689], [139.761160873, 35.719333852], [139.761061679, 35.719420401]]]}}, {"id": "27708", "type": "Feature", "properties": {"現象の種類": "急傾斜地の崩壊", "区域区分": "土砂災害特別警戒区域", "区域名": "-", "所在地": "文京区弥生2", "告示日": "2019/1/9"}, "geometry": {"type": "Polygon", "coordinates": [[[139.762847673, 35.717941391], [139.76289695, 35.718006505], [139.762860633, 35.718101352], [139.762694234, 35.71816331], [139.762660752, 35.718100431], [139.762813747, 35.718029652], [139.762847673, 35.717941391]]]}}, {"id": "27709", "type": "Feature", "properties": {"現象の種類": "急傾斜地の崩壊", "区域区分": "土砂災害特別警戒区域", "区域名": "-", "所在地": "文京区弥生2　台東区池之端2", "告示日": "2019/1/9"}, "geometry": {"type": "Polygon", "coordinates": [[[139.764969143, 35.71643254], [139.7649996, 35.716521049], [139.764925673, 35.716565069], [139.76490269, 35.716489079], [139.764969143, 35.71643254]]]}}, {"id": "27710", "type": "Feature", "properties": {"現象の種類": "急傾斜地の崩壊", "区域区分": "土砂災害特別警戒区域", "区域名": "-", "所在地": "文京区弥生2　台東区池之端2", "告示日": "2019/1/9"}, "geometry": {"type": "Polygon", "coordinates": [[[139.764743001, 35.716548079], [139.764883745, 35.71660116], [139.764862172, 35.716640044], [139.764476455, 35.716893088], [139.764482122, 35.716686305], [139.764743001, 35.716548079]]]}}, {"id": "27711", "type": "Feature", "properties": {"現象の種類": "急傾斜地の崩壊", "区域区分": "土砂災害特別警戒区域", "区域名": "-", "所在地": "文京区弥生2", "告示日": "2019/1/9"}, "geometry": {"type": "Polygon", "coordinates": [[[139.765041322, 35.716141131], [139.765142525, 35.716160001], [139.76513174, 35.716200932], [139.765034334, 35.71619507], [139.765041322, 35.716141131]]]}}, {"id": "27712", "type": "Feature", "properties": {"現象の種類": "急傾斜地の崩壊", "区域区分": "土砂災害特別警戒区域", "区域名": "-", "所在地": "文京区弥生2", "告示日": "2019/1/9"}, "geometry": {"type": "Polygon", "coordinates": [[[139.765775535, 35.715469761], [139.765885585, 35.71547797], [139.765839944, 35.715636257], [139.765735342, 35.715607812], [139.765775535, 35.715469761]]]}}, {"id": "27713", "type": "Feature", "properties": {"現象の種類": "急傾斜地の崩壊", "区域区分": "土砂災害特別警戒区域", "区域名": "-", "所在地": "文京区弥生2", "告示日": "2019/1/9"}, "geometry": {"type": "Polygon", "coordinates": [[[139.765601992, 35.71496504], [139.765562135, 35.715000652], [139.765556653, 35.715003581], [139.765601992, 35.71496504]]]}}, {"id": "27714", "type": "Feature", "properties": {"現象の種類": "急傾斜地の崩壊", "区域区分": "土砂災害特別警戒区域", "区域名": "-", "所在地": "文京区弥生2", "告示日": "2019/1/9"}, "geometry": {"type": "Polygon", "coordinates": [[[139.765560908, 35.715023061], [139.765686675, 35.715016154], [139.765767544, 35.715044821], [139.765716698, 35.715091467], [139.765641177, 35.715081123], [139.765560908, 35.715023061]]]}}, {"id": "27715", "type": "Feature", "properties": {"現象の種類": "急傾斜地の崩壊", "区域区分": "土砂災害特別警戒区域", "区域名": "-", "所在地": "文京区弥生2", "告示日": "2019/1/9"}, "geometry": {"type": "Polygon", "coordinates": [[[139.765916277, 35.715079413], [139.765892261, 35.715228151], [139.765837903, 35.715232178], [139.765812764, 35.715137899], [139.765736282, 35.71509282], [139.765784689, 35.715055252], [139.765916277, 35.715079413]]]}}, {"id": "27716", "type": "Feature", "properties": {"現象の種類": "急傾斜地の崩壊", "区域区分": "土砂災害特別警戒区域", "区域名": "-", "所在地": "文京区本郷7　台東区池之端1", "告示日": "2019/1/9"}, "geometry": {"type": "Polygon", "coordinates": [[[139.767388584, 35.712561993], [139.767515838, 35.712579404], [139.767482765, 35.712613714], [139.767525377, 35.712723754], [139.767416832, 35.712734567], [139.767388584, 35.712561993]]]}}, {"id": "27717", "type": "Feature", "properties": {"現象の種類": "急傾斜地の崩壊", "区域区分": "土砂災害特別警戒区域", "区域名": "-", "所在地": "文京区湯島3", "告示日": "2019/1/9"}, "geometry": {"type": "Polygon", "coordinates": [[[139.76787032, 35.705410809], [139.768006153, 35.705412023], [139.767987555, 35.705515317], [139.767880786, 35.70551473], [139.76787032, 35.705410809]]]}}, {"id": "27718", "type": "Feature", "properties": {"現象の種類": "急傾斜地の崩壊", "区域区分": "土砂災害特別警戒区域", "区域名": "-", "所在地": "文京区春日1", "告示日": "2019/1/9"}, "geometry": {"type": "Polygon", "coordinates": [[[139.746751549, 35.70814629], [139.746616549, 35.708148172], [139.746537435, 35.708005463], [139.746684502, 35.707988394], [139.746751549, 35.70814629]]]}}, {"id": "27797", "type": "Feature", "properties": {"現象の種類": "急傾斜地の崩壊", "区域区分": "土砂災害特別警戒区域", "区域名": "-", "所在地": "新宿区筑土八幡町", "告示日": "2019/1/9"}, "geometry": {"type": "Polygon", "coordinates": [[[139.740519065, 35.704326413], [139.740506517, 35.704286635], [139.740685616, 35.704244076], [139.740723377, 35.704306435], [139.740519065, 35.704326413]]]}}, {"id": "27803", "type": "Feature", "properties": {"現象の種類": "急傾斜地の崩壊", "区域区分": "土砂災害特別警戒区域", "区域名": "-", "所在地": "調布市入間町3　世田谷区成城4", "告示日": "2019/1/9"}, "geometry": {"type": "Polygon", "coordinates": [[[139.588646907, 35.645599475], [139.588743804, 35.645667611], [139.588687768, 35.645721476], [139.58858474, 35.645654707], [139.588646907, 35.645599475]]]}}, {"id": "27804", "type": "Feature", "properties": {"現象の種類": "急傾斜地の崩壊", "区域区分": "土砂災害特別警戒区域", "区域名": "-", "所在地": "新宿区中落合2", "告示日": "2019/1/9"}, "geometry": {"type": "Polygon", "coordinates": [[[139.693540579, 35.71962404], [139.693535155, 35.719781337], [139.693451774, 35.719772907], [139.693486581, 35.719637317], [139.693540579, 35.71962404]]]}}, {"id": "27805", "type": "Feature", "properties": {"現象の種類": "急傾斜地の崩壊", "区域区分": "土砂災害特別警戒区域", "区域名": "-", "所在地": "新宿区下落合4", "告示日": "2019/1/9"}, "geometry": {"type": "Polygon", "coordinates": [[[139.696896908, 35.71756449], [139.696781072, 35.717599897], [139.696709185, 35.717545652], [139.696878859, 35.717514462], [139.696896908, 35.71756449]]]}}, {"id": "27806", "type": "Feature", "properties": {"現象の種類": "急傾斜地の崩壊", "区域区分": "土砂災害特別警戒区域", "区域名": "-", "所在地": "新宿区下落合2", "告示日": "2019/1/9"}, "geometry": {"type": "Polygon", "coordinates": [[[139.700758479, 35.717359483], [139.700846174, 35.717413864], [139.700783401, 35.717475405], [139.700758479, 35.717359483]]]}}, {"id": "27807", "type": "Feature", "properties": {"現象の種類": "急傾斜地の崩壊", "区域区分": "土砂災害特別警戒区域", "区域名": "-", "所在地": "新宿区下落合2", "告示日": "2019/1/9"}, "geometry": {"type": "Polygon", "coordinates": [[[139.701689055, 35.717535746], [139.701393518, 35.717496696], [139.70139121, 35.71742666], [139.701701958, 35.717467681], [139.701689055, 35.717535746]]]}}, {"id": "27808", "type": "Feature", "properties": {"現象の種類": "急傾斜地の崩壊", "区域区分": "土砂災害特別警戒区域", "区域名": "-", "所在地": "新宿区西早稲田1", "告示日": "2019/1/9"}, "geometry": {"type": "Polygon", "coordinates": [[[139.718875427, 35.707134627], [139.718757736, 35.7071129], [139.71886979, 35.707123283], [139.718945439, 35.707028247], [139.719037142, 35.707001193], [139.719044106, 35.707033181], [139.718875427, 35.707134627]]]}}, {"id": "27809", "type": "Feature", "properties": {"現象の種類": "急傾斜地の崩壊", "区域区分": "土砂災害特別警戒区域", "区域名": "-", "所在地": "新宿区戸山1　戸山3", "告示日": "2019/1/9"}, "geometry": {"type": "Polygon", "coordinates": [[[139.717369832, 35.704923997], [139.717480085, 35.705004851], [139.716961125, 35.705438267], [139.716877279, 35.705563151], [139.716771881, 35.705448914], [139.717369832, 35.704923997]]]}}, {"id": "27810", "type": "Feature", "properties": {"現象の種類": "急傾斜地の崩壊", "区域区分": "土砂災害特別警戒区域", "区域名": "-", "所在地": "新宿区横寺町　岩戸町", "告示日": "2019/1/9"}, "geometry": {"type": "Polygon", "coordinates": [[[139.735911976, 35.701110815], [139.736477364, 35.701402451], [139.736588853, 35.701430049], [139.736549613, 35.70147592], [139.735911976, 35.701110815]]]}}, {"id": "27811", "type": "Feature", "properties": {"現象の種類": "急傾斜地の崩壊", "区域区分": "土砂災害特別警戒区域", "区域名": "-", "所在地": "新宿区戸山2", "告示日": "2019/1/9"}, "geometry": {"type": "Polygon", "coordinates": [[[139.715665466, 35.70471064], [139.714810878, 35.704706873], [139.714064689, 35.704416871], [139.714110481, 35.70434757], [139.714373066, 35.704368387], [139.714838339, 35.704584883], [139.715001089, 35.704616293], [139.71584989, 35.7046187], [139.715855578, 35.704660519], [139.715665466, 35.70471064]]]}}, {"id": "27812", "type": "Feature", "properties": {"現象の種類": "急傾斜地の崩壊", "区域区分": "土砂災害特別警戒区域", "区域名": "-", "所在地": "新宿区戸山2", "告示日": "2019/1/9"}, "geometry": {"type": "Polygon", "coordinates": [[[139.710372843, 35.702758751], [139.710516469, 35.703108023], [139.710409534, 35.703275245], [139.7103624, 35.703260002], [139.710395652, 35.70312698], [139.710301055, 35.702780625], [139.710372843, 35.702758751]]]}}, {"id": "27813", "type": "Feature", "properties": {"現象の種類": "急傾斜地の崩壊", "区域区分": "土砂災害特別警戒区域", "区域名": "-", "所在地": "新宿区戸山2", "告示日": "2019/1/9"}, "geometry": {"type": "Polygon", "coordinates": [[[139.711929986, 35.70157143], [139.712069655, 35.701696472], [139.712061336, 35.701853211], [139.711984679, 35.701851754], [139.711970445, 35.701737362], [139.711841088, 35.701640825], [139.711860991, 35.701565885], [139.711929986, 35.70157143]]]}}, {"id": "27814", "type": "Feature", "properties": {"現象の種類": "急傾斜地の崩壊", "区域区分": "土砂災害特別警戒区域", "区域名": "-", "所在地": "新宿区新宿6", "告示日": "2019/1/9"}, "geometry": {"type": "Polygon", "coordinates": [[[139.711106403, 35.696697932], [139.711179908, 35.696835806], [139.711137582, 35.696852001], [139.711048254, 35.696698176], [139.711106403, 35.696697932]]]}}, {"id": "27815", "type": "Feature", "properties": {"現象の種類": "急傾斜地の崩壊", "区域区分": "土砂災害特別警戒区域", "区域名": "-", "所在地": "新宿区河田町　住吉町", "告示日": "2019/1/9"}, "geometry": {"type": "Polygon", "coordinates": [[[139.720884265, 35.694430288], [139.721052943, 35.694430006], [139.720790154, 35.695010348], [139.720749335, 35.69498735], [139.720751689, 35.694896433], [139.720884265, 35.694430288]]]}}, {"id": "27816", "type": "Feature", "properties": {"現象の種類": "急傾斜地の崩壊", "区域区分": "土砂災害特別警戒区域", "区域名": "-", "所在地": "新宿区市谷仲之町　住吉町", "告示日": "2019/1/9"}, "geometry": {"type": "Polygon", "coordinates": [[[139.723092823, 35.692985936], [139.723081041, 35.69301683], [139.723074922, 35.693017606], [139.723092823, 35.692985936]]]}}, {"id": "27817", "type": "Feature", "properties": {"現象の種類": "急傾斜地の崩壊", "区域区分": "土砂災害特別警戒区域", "区域名": "-", "所在地": "新宿区舟町　住吉町", "告示日": "2019/1/9"}, "geometry": {"type": "Polygon", "coordinates": [[[139.721602179, 35.69170438], [139.72160152, 35.691820828], [139.721468607, 35.691827136], [139.721470251, 35.691702886], [139.721602179, 35.69170438]]]}}, {"id": "27818", "type": "Feature", "properties": {"現象の種類": "急傾斜地の崩壊", "区域区分": "土砂災害特別警戒区域", "区域名": "-", "所在地": "新宿区南元町", "告示日": "2019/1/9"}, "geometry": {"type": "Polygon", "coordinates": [[[139.721888894, 35.680041411], [139.721953601, 35.680043968], [139.721929879, 35.68021703], [139.721839452, 35.680212423], [139.721888894, 35.680041411]]]}}, {"id": "27819", "type": "Feature", "properties": {"現象の種類": "急傾斜地の崩壊", "区域区分": "土砂災害特別警戒区域", "区域名": "-", "所在地": "新宿区若葉3　南元町", "告示日": "2019/1/9"}, "geometry": {"type": "Polygon", "coordinates": [[[139.723749286, 35.682412292], [139.723625881, 35.682365564], [139.723750949, 35.682400375], [139.724019865, 35.682348591], [139.723749286, 35.682412292]]]}}, {"id": "27820", "type": "Feature", "properties": {"現象の種類": "急傾斜地の崩壊", "区域区分": "土砂災害特別警戒区域", "区域名": "-", "所在地": "新宿区若葉1", "告示日": "2019/1/9"}, "geometry": {"type": "Polygon", "coordinates": [[[139.726201079, 35.68315253], [139.726236529, 35.683461605], [139.726216295, 35.683532637], [139.726159468, 35.683536251], [139.726138328, 35.683160914], [139.726201079, 35.68315253]]]}}, {"id": "27821", "type": "Feature", "properties": {"現象の種類": "急傾斜地の崩壊", "区域区分": "土砂災害特別警戒区域", "区域名": "-", "所在地": "新宿区若葉2", "告示日": "2019/1/9"}, "geometry": {"type": "Polygon", "coordinates": [[[139.724493245, 35.685185706], [139.724466507, 35.685248898], [139.724300748, 35.685355469], [139.724263757, 35.685359474], [139.724493245, 35.685185706]]]}}, {"id": "27822", "type": "Feature", "properties": {"現象の種類": "急傾斜地の崩壊", "区域区分": "土砂災害特別警戒区域", "区域名": "-", "所在地": "新宿区須賀町　若葉2", "告示日": "2019/1/9"}, "geometry": {"type": "Polygon", "coordinates": [[[139.722873177, 35.685294686], [139.722581722, 35.685448948], [139.722487369, 35.685652761], [139.722567205, 35.685442104], [139.722873177, 35.685294686]]]}}, {"id": "27823", "type": "Feature", "properties": {"現象の種類": "急傾斜地の崩壊", "区域区分": "土砂災害特別警戒区域", "区域名": "-", "所在地": "新宿区市谷砂土原町3", "告示日": "2019/1/9"}, "geometry": {"type": "Polygon", "coordinates": [[[139.735872357, 35.696525484], [139.735825327, 35.696603063], [139.735812426, 35.696595108], [139.735872357, 35.696525484]]]}}, {"id": "27824", "type": "Feature", "properties": {"現象の種類": "急傾斜地の崩壊", "区域区分": "土砂災害特別警戒区域", "区域名": "-", "所在地": "新宿区市谷船河原町　若宮町", "告示日": "2019/1/9"}, "geometry": {"type": "Polygon", "coordinates": [[[139.740347082, 35.698497011], [139.740528566, 35.698508028], [139.740640146, 35.698687863], [139.740597237, 35.698711476], [139.740330596, 35.698534467], [139.740347082, 35.698497011]]]}}, {"id": "27825", "type": "Feature", "properties": {"現象の種類": "急傾斜地の崩壊", "区域区分": "土砂災害特別警戒区域", "区域名": "-", "所在地": "新宿区赤城元町　西五軒町　築地町", "告示日": "2019/1/9"}, "geometry": {"type": "Polygon", "coordinates": [[[139.736907328, 35.705303598], [139.736957659, 35.705483548], [139.736768898, 35.705491777], [139.73670032, 35.705304014], [139.736907328, 35.705303598]]]}}, {"id": "27826", "type": "Feature", "properties": {"現象の種類": "急傾斜地の崩壊", "区域区分": "土砂災害特別警戒区域", "区域名": "-", "所在地": "新宿区市谷鷹匠町", "告示日": "2019/1/9"}, "geometry": {"type": "Polygon", "coordinates": [[[139.733376996, 35.695937046], [139.733049745, 35.696036449], [139.733027394, 35.69600123], [139.733303242, 35.69586733], [139.733365633, 35.695922737], [139.733589114, 35.69579297], [139.733376996, 35.695937046]]]}}, {"id": "27827", "type": "Feature", "properties": {"現象の種類": "急傾斜地の崩壊", "区域区分": "土砂災害特別警戒区域", "区域名": "-", "所在地": "品川区上大崎1", "告示日": "2019/1/9"}, "geometry": {"type": "Polygon", "coordinates": [[[139.722778437, 35.634749669], [139.722739434, 35.634766671], [139.722733796, 35.634760446], [139.722778437, 35.634749669]]]}}, {"id": "27828", "type": "Feature", "properties": {"現象の種類": "急傾斜地の崩壊", "区域区分": "土砂災害特別警戒区域", "区域名": "-", "所在地": "品川区上大崎1", "告示日": "2019/1/9"}, "geometry": {"type": "Polygon", "coordinates": [[[139.722561645, 35.634249968], [139.722649449, 35.634440348], [139.722616743, 35.634448161], [139.722561645, 35.634249968]]]}}, {"id": "27829", "type": "Feature", "properties": {"現象の種類": "急傾斜地の崩壊", "区域区分": "土砂災害特別警戒区域", "区域名": "-", "所在地": "品川区上大崎1", "告示日": "2019/1/9"}, "geometry": {"type": "Polygon", "coordinates": [[[139.725122335, 35.633966441], [139.72517475, 35.634200418], [139.725153616, 35.634204636], [139.725061103, 35.633989824], [139.725122335, 35.633966441]]]}}, {"id": "27830", "type": "Feature", "properties": {"現象の種類": "急傾斜地の崩壊", "区域区分": "土砂災害特別警戒区域", "区域名": "-", "所在地": "品川区上大崎1", "告示日": "2019/1/9"}, "geometry": {"type": "Polygon", "coordinates": [[[139.725277401, 35.634732375], [139.725200986, 35.634736543], [139.725164816, 35.634611568], [139.725227848, 35.634604232], [139.725277401, 35.634732375]]]}}, {"id": "27831", "type": "Feature", "properties": {"現象の種類": "急傾斜地の崩壊", "区域区分": "土砂災害特別警戒区域", "区域名": "-", "所在地": "品川区上大崎1", "告示日": "2019/1/9"}, "geometry": {"type": "Polygon", "coordinates": [[[139.725047116, 35.634839713], [139.725057267, 35.634876051], [139.724900421, 35.634890243], [139.724892911, 35.634853637], [139.725047116, 35.634839713]]]}}, {"id": "27832", "type": "Feature", "properties": {"現象の種類": "急傾斜地の崩壊", "区域区分": "土砂災害特別警戒区域", "区域名": "-", "所在地": "品川区上大崎1　港区白金台2", "告示日": "2019/1/9"}, "geometry": {"type": "Polygon", "coordinates": [[[139.72632312, 35.633007002], [139.726421892, 35.633241831], [139.726573203, 35.633689273], [139.726495766, 35.633709307], [139.726203144, 35.633033308], [139.72632312, 35.633007002]]]}}, {"id": "27833", "type": "Feature", "properties": {"現象の種類": "急傾斜地の崩壊", "区域区分": "土砂災害特別警戒区域", "区域名": "-", "所在地": "品川区上大崎3", "告示日": "2019/1/9"}, "geometry": {"type": "Polygon", "coordinates": [[[139.719838493, 35.630389521], [139.719888574, 35.630393625], [139.719728345, 35.630616046], [139.719624411, 35.63095553], [139.719648592, 35.631179206], [139.719465436, 35.631190933], [139.719576696, 35.630951789], [139.719476578, 35.63078321], [139.719621373, 35.630463777], [139.719745705, 35.630382041], [139.719813432, 35.630014848], [139.719863332, 35.630018591], [139.719881595, 35.630177176], [139.719838493, 35.630389521]]]}}, {"id": "27834", "type": "Feature", "properties": {"現象の種類": "急傾斜地の崩壊", "区域区分": "土砂災害特別警戒区域", "区域名": "-", "所在地": "品川区上大崎3　東五反田5", "告示日": "2019/1/9"}, "geometry": {"type": "Polygon", "coordinates": [[[139.720637965, 35.63072129], [139.720681724, 35.630818058], [139.720682515, 35.630968784], [139.720634978, 35.630968289], [139.720571436, 35.630821831], [139.720501643, 35.630522118], [139.720650802, 35.63052974], [139.720637965, 35.63072129]]]}}, {"id": "27835", "type": "Feature", "properties": {"現象の種類": "急傾斜地の崩壊", "区域区分": "土砂災害特別警戒区域", "区域名": "-", "所在地": "品川区上大崎3", "告示日": "2019/1/9"}, "geometry": {"type": "Polygon", "coordinates": [[[139.718075176, 35.631830733], [139.717998416, 35.631822366], [139.718003076, 35.63174818], [139.718089218, 35.631627826], [139.718145666, 35.631638067], [139.718075176, 35.631830733]]]}}, {"id": "27836", "type": "Feature", "properties": {"現象の種類": "急傾斜地の崩壊", "区域区分": "土砂災害特別警戒区域", "区域名": "-", "所在地": "品川区上大崎4", "告示日": "2019/1/9"}, "geometry": {"type": "Polygon", "coordinates": [[[139.714711506, 35.629566952], [139.714549043, 35.629813613], [139.714394335, 35.629742065], [139.714509201, 35.629536824], [139.714656972, 35.629433842], [139.714823125, 35.629463484], [139.714929012, 35.629294202], [139.715064622, 35.629224021], [139.715136972, 35.629318025], [139.715125401, 35.62938382], [139.714861891, 35.629544654], [139.714711506, 35.629566952]]]}}, {"id": "27837", "type": "Feature", "properties": {"現象の種類": "急傾斜地の崩壊", "区域区分": "土砂災害特別警戒区域", "区域名": "-", "所在地": "品川区西五反田3", "告示日": "2019/1/9"}, "geometry": {"type": "Polygon", "coordinates": [[[139.717575206, 35.628292991], [139.716755049, 35.628496833], [139.716707023, 35.628395192], [139.717554071, 35.628172084], [139.718219586, 35.628227621], [139.718155142, 35.628333572], [139.717575206, 35.628292991]]]}}, {"id": "27838", "type": "Feature", "properties": {"現象の種類": "急傾斜地の崩壊", "区域区分": "土砂災害特別警戒区域", "区域名": "-", "所在地": "品川区東五反田4", "告示日": "2019/1/9"}, "geometry": {"type": "Polygon", "coordinates": [[[139.727229431, 35.630268249], [139.727223319, 35.630345229], [139.727175377, 35.630306333], [139.727229431, 35.630268249]]]}}, {"id": "27839", "type": "Feature", "properties": {"現象の種類": "急傾斜地の崩壊", "区域区分": "土砂災害特別警戒区域", "区域名": "-", "所在地": "品川区東五反田4", "告示日": "2019/1/9"}, "geometry": {"type": "Polygon", "coordinates": [[[139.72723273, 35.630252206], [139.727199644, 35.630274353], [139.727115923, 35.630158711], [139.727126772, 35.630150067], [139.72723273, 35.630252206]]]}}, {"id": "27840", "type": "Feature", "properties": {"現象の種類": "急傾斜地の崩壊", "区域区分": "土砂災害特別警戒区域", "区域名": "-", "所在地": "品川区東五反田5", "告示日": "2019/1/9"}, "geometry": {"type": "Polygon", "coordinates": [[[139.725324455, 35.63069313], [139.725340741, 35.630840083], [139.725200215, 35.630913427], [139.725214432, 35.630702857], [139.725324455, 35.63069313]]]}}, {"id": "27841", "type": "Feature", "properties": {"現象の種類": "急傾斜地の崩壊", "区域区分": "土砂災害特別警戒区域", "区域名": "-", "所在地": "品川区東五反田5", "告示日": "2019/1/9"}, "geometry": {"type": "Polygon", "coordinates": [[[139.724874021, 35.631982993], [139.72478539, 35.631997788], [139.724737561, 35.631741999], [139.724800293, 35.631483335], [139.724851685, 35.631461836], [139.724941272, 35.631546925], [139.724824806, 35.631741446], [139.724874021, 35.631982993]]]}}, {"id": "27842", "type": "Feature", "properties": {"現象の種類": "急傾斜地の崩壊", "区域区分": "土砂災害特別警戒区域", "区域名": "-", "所在地": "品川区東五反田5", "告示日": "2019/1/9"}, "geometry": {"type": "Polygon", "coordinates": [[[139.720998556, 35.629381778], [139.721037882, 35.629457988], [139.720983395, 35.629543577], [139.720890151, 35.629407639], [139.720902695, 35.629359061], [139.720998556, 35.629381778]]]}}, {"id": "27843", "type": "Feature", "properties": {"現象の種類": "急傾斜地の崩壊", "区域区分": "土砂災害特別警戒区域", "区域名": "-", "所在地": "品川区東五反田5", "告示日": "2019/1/9"}, "geometry": {"type": "Polygon", "coordinates": [[[139.720995397, 35.629166595], [139.720899166, 35.629147935], [139.721032282, 35.629034204], [139.721183488, 35.629008022], [139.721294033, 35.628884173], [139.721287758, 35.628747144], [139.721387572, 35.628743451], [139.721339019, 35.628950112], [139.720995397, 35.629166595]]]}}, {"id": "27844", "type": "Feature", "properties": {"現象の種類": "急傾斜地の崩壊", "区域区分": "土砂災害特別警戒区域", "区域名": "-", "所在地": "品川区東五反田1", "告示日": "2019/1/9"}, "geometry": {"type": "Polygon", "coordinates": [[[139.727270113, 35.62814993], [139.727298415, 35.62823316], [139.727152545, 35.628220862], [139.727270113, 35.62814993]]]}}, {"id": "27845", "type": "Feature", "properties": {"現象の種類": "急傾斜地の崩壊", "区域区分": "土砂災害特別警戒区域", "区域名": "-", "所在地": "品川区東五反田3　東五反田1", "告示日": "2019/1/9"}, "geometry": {"type": "Polygon", "coordinates": [[[139.728221066, 35.628110738], [139.728147008, 35.628127441], [139.728100144, 35.628032205], [139.728205906, 35.628004622], [139.728221066, 35.628110738]]]}}, {"id": "27846", "type": "Feature", "properties": {"現象の種類": "急傾斜地の崩壊", "区域区分": "土砂災害特別警戒区域", "区域名": "-", "所在地": "品川区東五反田3　東五反田1", "告示日": "2019/1/9"}, "geometry": {"type": "Polygon", "coordinates": [[[139.728132186, 35.627903053], [139.727999994, 35.627945937], [139.727994818, 35.627934935], [139.728132186, 35.627903053]]]}}, {"id": "27847", "type": "Feature", "properties": {"現象の種類": "急傾斜地の崩壊", "区域区分": "土砂災害特別警戒区域", "区域名": "-", "所在地": "品川区東五反田3　東五反田1", "告示日": "2019/1/9"}, "geometry": {"type": "Polygon", "coordinates": [[[139.727966516, 35.627504099], [139.7278131, 35.627552193], [139.727809745, 35.627541192], [139.727966516, 35.627504099]]]}}, {"id": "27848", "type": "Feature", "properties": {"現象の種類": "急傾斜地の崩壊", "区域区分": "土砂災害特別警戒区域", "区域名": "-", "所在地": "品川区東五反田3　東五反田1", "告示日": "2019/1/9"}, "geometry": {"type": "Polygon", "coordinates": [[[139.727867244, 35.627235285], [139.727731795, 35.627263473], [139.727697525, 35.627147604], [139.727819308, 35.627124453], [139.727867244, 35.627235285]]]}}, {"id": "27849", "type": "Feature", "properties": {"現象の種類": "急傾斜地の崩壊", "区域区分": "土砂災害特別警戒区域", "区域名": "-", "所在地": "品川区東五反田3　東五反田1", "告示日": "2019/1/9"}, "geometry": {"type": "Polygon", "coordinates": [[[139.727774241, 35.626978376], [139.72770693, 35.626990126], [139.727705076, 35.626945772], [139.727755721, 35.62693563], [139.727774241, 35.626978376]]]}}, {"id": "27850", "type": "Feature", "properties": {"現象の種類": "急傾斜地の崩壊", "区域区分": "土砂災害特別警戒区域", "区域名": "-", "所在地": "品川区東五反田3", "告示日": "2019/1/9"}, "geometry": {"type": "Polygon", "coordinates": [[[139.72824881, 35.626673284], [139.727996572, 35.626667024], [139.727962393, 35.626620658], [139.728739672, 35.62623055], [139.728832331, 35.626403802], [139.72824881, 35.626673284]]]}}, {"id": "27851", "type": "Feature", "properties": {"現象の種類": "急傾斜地の崩壊", "区域区分": "土砂災害特別警戒区域", "区域名": "-", "所在地": "品川区東五反田3", "告示日": "2019/1/9"}, "geometry": {"type": "Polygon", "coordinates": [[[139.729572181, 35.62720846], [139.729587912, 35.627508211], [139.729369702, 35.626960923], [139.729486284, 35.626874122], [139.729466011, 35.626777377], [139.729331805, 35.626409192], [139.729264511, 35.626337468], [139.72910931, 35.626290097], [139.72916569, 35.626140322], [139.729430868, 35.626208792], [139.729503237, 35.626369495], [139.729646482, 35.626931683], [139.729540982, 35.626969093], [139.729463404, 35.627103165], [139.729572181, 35.62720846]]]}}, {"id": "27852", "type": "Feature", "properties": {"現象の種類": "急傾斜地の崩壊", "区域区分": "土砂災害特別警戒区域", "区域名": "-", "所在地": "品川区東五反田3", "告示日": "2019/1/9"}, "geometry": {"type": "Polygon", "coordinates": [[[139.730142067, 35.629258072], [139.730234908, 35.629364795], [139.730173181, 35.629565138], [139.730088141, 35.62962321], [139.73003143, 35.629605042], [139.730011005, 35.629554272], [139.730087283, 35.629511968], [139.730142067, 35.629258072]]]}}, {"id": "27853", "type": "Feature", "properties": {"現象の種類": "急傾斜地の崩壊", "区域区分": "土砂災害特別警戒区域", "区域名": "-", "所在地": "品川区北品川6　東五反田3", "告示日": "2019/1/9"}, "geometry": {"type": "Polygon", "coordinates": [[[139.731211498, 35.628798244], [139.731124648, 35.628776716], [139.731081218, 35.628627125], [139.73116318, 35.628625302], [139.731211498, 35.628798244]]]}}, {"id": "27854", "type": "Feature", "properties": {"現象の種類": "急傾斜地の崩壊", "区域区分": "土砂災害特別警戒区域", "区域名": "-", "所在地": "品川区北品川6", "告示日": "2019/1/9"}, "geometry": {"type": "Polygon", "coordinates": [[[139.731126723, 35.627933576], [139.731141236, 35.628050058], [139.731059554, 35.628047374], [139.731028165, 35.627953865], [139.731126723, 35.627933576]]]}}, {"id": "27855", "type": "Feature", "properties": {"現象の種類": "急傾斜地の崩壊", "区域区分": "土砂災害特別警戒区域", "区域名": "-", "所在地": "品川区北品川5", "告示日": "2019/1/9"}, "geometry": {"type": "Polygon", "coordinates": [[[139.733903516, 35.619513493], [139.734024719, 35.619580842], [139.733998519, 35.619635089], [139.733908509, 35.619746797], [139.733815243, 35.619767183], [139.733705941, 35.619942519], [139.733730041, 35.619966067], [139.733539965, 35.620146564], [139.733480197, 35.620102072], [139.733642166, 35.619897573], [139.733573036, 35.6198391], [139.733763825, 35.619744153], [139.733760655, 35.619656528], [139.733903516, 35.619513493]]]}}, {"id": "27856", "type": "Feature", "properties": {"現象の種類": "急傾斜地の崩壊", "区域区分": "土砂災害特別警戒区域", "区域名": "-", "所在地": "品川区北品川3", "告示日": "2019/1/9"}, "geometry": {"type": "Polygon", "coordinates": [[[139.739471576, 35.619179819], [139.739466512, 35.619227953], [139.739349514, 35.619221191], [139.739355397, 35.619173238], [139.739471576, 35.619179819]]]}}, {"id": "27857", "type": "Feature", "properties": {"現象の種類": "急傾斜地の崩壊", "区域区分": "土砂災害特別警戒区域", "区域名": "-", "所在地": "品川区北品川3", "告示日": "2019/1/9"}, "geometry": {"type": "Polygon", "coordinates": [[[139.739816134, 35.619174768], [139.739803333, 35.619220192], [139.73976535, 35.619231882], [139.739816134, 35.619174768]]]}}, {"id": "27858", "type": "Feature", "properties": {"現象の種類": "急傾斜地の崩壊", "区域区分": "土砂災害特別警戒区域", "区域名": "-", "所在地": "品川区北品川3", "告示日": "2019/1/9"}, "geometry": {"type": "Polygon", "coordinates": [[[139.739230121, 35.618538146], [139.739505619, 35.618799606], [139.739501199, 35.618842062], [139.739366277, 35.618824558], [139.739142155, 35.618544748], [139.739230121, 35.618538146]]]}}, {"id": "27859", "type": "Feature", "properties": {"現象の種類": "急傾斜地の崩壊", "区域区分": "土砂災害特別警戒区域", "区域名": "-", "所在地": "品川区北品川3", "告示日": "2019/1/9"}, "geometry": {"type": "Polygon", "coordinates": [[[139.740040393, 35.618712579], [139.739785185, 35.618775033], [139.739749403, 35.618695135], [139.740033607, 35.618674712], [139.740040393, 35.618712579]]]}}, {"id": "27860", "type": "Feature", "properties": {"現象の種類": "急傾斜地の崩壊", "区域区分": "土砂災害特別警戒区域", "区域名": "-", "所在地": "品川区北品川3　北品川2", "告示日": "2019/1/9"}, "geometry": {"type": "Polygon", "coordinates": [[[139.740671169, 35.618596506], [139.740270755, 35.618717265], [139.740140379, 35.618626296], [139.740320089, 35.618653208], [139.740528482, 35.618522566], [139.740487448, 35.618416071], [139.740698327, 35.618418667], [139.740724224, 35.618464301], [139.740671169, 35.618596506]]]}}, {"id": "27861", "type": "Feature", "properties": {"現象の種類": "急傾斜地の崩壊", "区域区分": "土砂災害特別警戒区域", "区域名": "-", "所在地": "品川区北品川3　北品川2", "告示日": "2019/1/9"}, "geometry": {"type": "Polygon", "coordinates": [[[139.740682701, 35.618388005], [139.740468089, 35.618385947], [139.740541591, 35.618288645], [139.740527868, 35.618186588], [139.740181182, 35.618146386], [139.739625108, 35.618231594], [139.739616076, 35.618168484], [139.740450806, 35.617977298], [139.740777201, 35.618084283], [139.740739569, 35.618343697], [139.740691404, 35.618342037], [139.740682701, 35.618388005]]]}}, {"id": "27862", "type": "Feature", "properties": {"現象の種類": "急傾斜地の崩壊", "区域区分": "土砂災害特別警戒区域", "区域名": "-", "所在地": "品川区南品川6", "告示日": "2019/1/9"}, "geometry": {"type": "Polygon", "coordinates": [[[139.736621741, 35.610856651], [139.736772156, 35.611002089], [139.736819277, 35.611035481], [139.736747855, 35.611070761], [139.73668738, 35.610936484], [139.736581312, 35.610860495], [139.736621741, 35.610856651]]]}}, {"id": "27863", "type": "Feature", "properties": {"現象の種類": "急傾斜地の崩壊", "区域区分": "土砂災害特別警戒区域", "区域名": "-", "所在地": "品川区東大井4", "告示日": "2019/1/9"}, "geometry": {"type": "Polygon", "coordinates": [[[139.741573454, 35.605577192], [139.741433728, 35.605639467], [139.741373923, 35.605632751], [139.74138864, 35.605580206], [139.741549387, 35.60552624], [139.741573454, 35.605577192]]]}}, {"id": "27864", "type": "Feature", "properties": {"現象の種類": "急傾斜地の崩壊", "区域区分": "土砂災害特別警戒区域", "区域名": "-", "所在地": "品川区東大井4", "告示日": "2019/1/9"}, "geometry": {"type": "Polygon", "coordinates": [[[139.741082956, 35.604446284], [139.741209826, 35.604637943], [139.741310282, 35.604761161], [139.741194118, 35.604760802], [139.740954849, 35.604540119], [139.741082956, 35.604446284]]]}}, {"id": "27865", "type": "Feature", "properties": {"現象の種類": "急傾斜地の崩壊", "区域区分": "土砂災害特別警戒区域", "区域名": "-", "所在地": "品川区東大井4", "告示日": "2019/1/9"}, "geometry": {"type": "Polygon", "coordinates": [[[139.740780077, 35.60404652], [139.740658912, 35.604119807], [139.740477427, 35.603924138], [139.740599414, 35.603848418], [139.740780077, 35.60404652]]]}}, {"id": "27866", "type": "Feature", "properties": {"現象の種類": "急傾斜地の崩壊", "区域区分": "土砂災害特別警戒区域", "区域名": "-", "所在地": "品川区東大井3", "告示日": "2019/1/9"}, "geometry": {"type": "Polygon", "coordinates": [[[139.739785061, 35.60324119], [139.739851549, 35.603292986], [139.739776196, 35.603348909], [139.739728398, 35.603274049], [139.739785061, 35.60324119]]]}}, {"id": "27867", "type": "Feature", "properties": {"現象の種類": "急傾斜地の崩壊", "区域区分": "土砂災害特別警戒区域", "区域名": "-", "所在地": "品川区東大井3", "告示日": "2019/1/9"}, "geometry": {"type": "Polygon", "coordinates": [[[139.739331591, 35.602864743], [139.739208684, 35.602948935], [139.739171587, 35.602910233], [139.739314259, 35.602817132], [139.739331591, 35.602864743]]]}}, {"id": "27868", "type": "Feature", "properties": {"現象の種類": "急傾斜地の崩壊", "区域区分": "土砂災害特別警戒区域", "区域名": "-", "所在地": "品川区東大井3", "告示日": "2019/1/9"}, "geometry": {"type": "Polygon", "coordinates": [[[139.739453367, 35.602969229], [139.739333286, 35.603050087], [139.739287997, 35.603009486], [139.739396238, 35.602933576], [139.739453367, 35.602969229]]]}}, {"id": "27869", "type": "Feature", "properties": {"現象の種類": "急傾斜地の崩壊", "区域区分": "土砂災害特別警戒区域", "区域名": "-", "所在地": "品川区東大井3", "告示日": "2019/1/9"}, "geometry": {"type": "Polygon", "coordinates": [[[139.738385268, 35.601708046], [139.738314938, 35.60175063], [139.738301388, 35.601738901], [139.738385268, 35.601708046]]]}}, {"id": "27870", "type": "Feature", "properties": {"現象の種類": "急傾斜地の崩壊", "区域区分": "土砂災害特別警戒区域", "区域名": "-", "所在地": "品川区東大井3", "告示日": "2019/1/9"}, "geometry": {"type": "Polygon", "coordinates": [[[139.738604669, 35.601934398], [139.738852499, 35.602139947], [139.738861075, 35.602201434], [139.738764423, 35.602254906], [139.738481621, 35.601984333], [139.738604669, 35.601934398]]]}}, {"id": "27871", "type": "Feature", "properties": {"現象の種類": "急傾斜地の崩壊", "区域区分": "土砂災害特別警戒区域", "区域名": "-", "所在地": "品川区東五反田5", "告示日": "2019/1/9"}, "geometry": {"type": "Polygon", "coordinates": [[[139.724765276, 35.627896897], [139.724732674, 35.62797419], [139.724603441, 35.627932881], [139.724538465, 35.627959702], [139.724221715, 35.627740299], [139.724115942, 35.627746642], [139.724132215, 35.627615352], [139.724200873, 35.627619314], [139.724600693, 35.627898861], [139.724662344, 35.627843968], [139.724765276, 35.627896897]]]}}, {"id": "27872", "type": "Feature", "properties": {"現象の種類": "急傾斜地の崩壊", "区域区分": "土砂災害特別警戒区域", "区域名": "-", "所在地": "渋谷区本町3　中野区弥生町1", "告示日": "2019/1/9"}, "geometry": {"type": "Polygon", "coordinates": [[[139.683253352, 35.691828951], [139.683365047, 35.69199631], [139.683324176, 35.692018345], [139.683176713, 35.691873657], [139.683253352, 35.691828951]]]}}, {"id": "27873", "type": "Feature", "properties": {"現象の種類": "急傾斜地の崩壊", "区域区分": "土砂災害特別警戒区域", "区域名": "-", "所在地": "渋谷区西原1　元代々木町", "告示日": "2019/1/9"}, "geometry": {"type": "Polygon", "coordinates": [[[139.684875542, 35.674592569], [139.68480554, 35.674506934], [139.684874595, 35.6744642], [139.685093376, 35.674361703], [139.68517768, 35.674449429], [139.684875542, 35.674592569]]]}}, {"id": "27874", "type": "Feature", "properties": {"現象の種類": "急傾斜地の崩壊", "区域区分": "土砂災害特別警戒区域", "区域名": "-", "所在地": "渋谷区元代々木町", "告示日": "2019/1/9"}, "geometry": {"type": "Polygon", "coordinates": [[[139.686069202, 35.673938944], [139.686069377, 35.673992221], [139.685972591, 35.67400274], [139.685752307, 35.673933328], [139.685773154, 35.67389396], [139.686069202, 35.673938944]]]}}, {"id": "27875", "type": "Feature", "properties": {"現象の種類": "急傾斜地の崩壊", "区域区分": "土砂災害特別警戒区域", "区域名": "-", "所在地": "渋谷区西原3", "告示日": "2019/1/9"}, "geometry": {"type": "Polygon", "coordinates": [[[139.681601396, 35.671035476], [139.681592293, 35.671079276], [139.681534723, 35.671071631], [139.681542278, 35.671027469], [139.681601396, 35.671035476]]]}}, {"id": "27876", "type": "Feature", "properties": {"現象の種類": "急傾斜地の崩壊", "区域区分": "土砂災害特別警戒区域", "区域名": "-", "所在地": "渋谷区西原3", "告示日": "2019/1/9"}, "geometry": {"type": "Polygon", "coordinates": [[[139.68176764, 35.671055788], [139.681765167, 35.671111225], [139.681676097, 35.671089929], [139.681687114, 35.671046312], [139.68176764, 35.671055788]]]}}, {"id": "27877", "type": "Feature", "properties": {"現象の種類": "急傾斜地の崩壊", "区域区分": "土砂災害特別警戒区域", "区域名": "-", "所在地": "渋谷区代々木5", "告示日": "2019/1/9"}, "geometry": {"type": "Polygon", "coordinates": [[[139.689104366, 35.672338472], [139.68856608, 35.672376138], [139.688568981, 35.672333592], [139.689076318, 35.672278942], [139.689256911, 35.672176031], [139.68928947, 35.672209604], [139.689104366, 35.672338472]]]}}, {"id": "27878", "type": "Feature", "properties": {"現象の種類": "急傾斜地の崩壊", "区域区分": "土砂災害特別警戒区域", "区域名": "-", "所在地": "渋谷区神宮前6", "告示日": "2019/1/9"}, "geometry": {"type": "Polygon", "coordinates": [[[139.703204164, 35.666844903], [139.703254037, 35.666878761], [139.703181048, 35.666941514], [139.703098981, 35.666871743], [139.703204164, 35.666844903]]]}}, {"id": "27879", "type": "Feature", "properties": {"現象の種類": "急傾斜地の崩壊", "区域区分": "土砂災害特別警戒区域", "区域名": "-", "所在地": "渋谷区神宮前6", "告示日": "2019/1/9"}, "geometry": {"type": "Polygon", "coordinates": [[[139.703332643, 35.666948078], [139.703285243, 35.667018521], [139.703269596, 35.667003991], [139.703332643, 35.666948078]]]}}, {"id": "27880", "type": "Feature", "properties": {"現象の種類": "急傾斜地の崩壊", "区域区分": "土砂災害特別警戒区域", "区域名": "-", "所在地": "渋谷区神山町　富ヶ谷1", "告示日": "2019/1/9"}, "geometry": {"type": "Polygon", "coordinates": [[[139.690621589, 35.665392368], [139.690592484, 35.665466975], [139.690578284, 35.665459476], [139.690621589, 35.665392368]]]}}, {"id": "27881", "type": "Feature", "properties": {"現象の種類": "急傾斜地の崩壊", "区域区分": "土砂災害特別警戒区域", "区域名": "-", "所在地": "渋谷区広尾4　広尾5", "告示日": "2019/1/9"}, "geometry": {"type": "Polygon", "coordinates": [[[139.720579308, 35.650827226], [139.720393449, 35.650786305], [139.720469405, 35.650666392], [139.720638213, 35.650719195], [139.720579308, 35.650827226]]]}}, {"id": "27882", "type": "Feature", "properties": {"現象の種類": "急傾斜地の崩壊", "区域区分": "土砂災害特別警戒区域", "区域名": "-", "所在地": "渋谷区恵比寿4", "告示日": "2019/1/9"}, "geometry": {"type": "Polygon", "coordinates": [[[139.713860628, 35.645261064], [139.713854505, 35.645152792], [139.71397265, 35.645146689], [139.713979232, 35.645252978], [139.713860628, 35.645261064]]]}}, {"id": "27883", "type": "Feature", "properties": {"現象の種類": "急傾斜地の崩壊", "区域区分": "土砂災害特別警戒区域", "区域名": "-", "所在地": "大田区仲池上1", "告示日": "2019/1/10"}, "geometry": {"type": "Polygon", "coordinates": [[[139.698248945, 35.588208651], [139.698038222, 35.588226894], [139.698285512, 35.587991002], [139.698382062, 35.588052188], [139.698248945, 35.588208651]]]}}, {"id": "27884", "type": "Feature", "properties": {"現象の種類": "急傾斜地の崩壊", "区域区分": "土砂災害特別警戒区域", "区域名": "-", "所在地": "大田区久が原2", "告示日": "2019/1/10"}, "geometry": {"type": "Polygon", "coordinates": [[[139.695485263, 35.580040482], [139.695645192, 35.580073067], [139.695682222, 35.580087776], [139.695485263, 35.580040482]]]}}, {"id": "27885", "type": "Feature", "properties": {"現象の種類": "急傾斜地の崩壊", "区域区分": "土砂災害特別警戒区域", "区域名": "-", "所在地": "板橋区赤塚4", "告示日": "2019/1/10"}, "geometry": {"type": "Polygon", "coordinates": [[[139.642020853, 35.786171225], [139.642177983, 35.786181373], [139.642177357, 35.786202367], [139.642020853, 35.786171225]]]}}]}